<?xml version="1.0" encoding="UTF-8"?>
<PublicationDelivery xmlns="http://www.netex.org.uk/netex" xmlns:gis="http://www.opengis.net/gml/3.2" xmlns:siri="http://www.siri.org.uk/siri" version="1.13:NO-NeTEx-networktimetable:1.3">
  <PublicationTimestamp>2022-05-26T00:05:35.012</PublicationTimestamp>
  <ParticipantRef>RB</ParticipantRef>
  <Description>Askim ungdomsskole</Description>
  <dataObjects>
    <CompositeFrame created="2022-04-08T10:32:34.29" id="1520924746" version="1">
      <validityConditions>
        <AvailabilityCondition id="1324727352" version="1">
          <FromDate>2022-05-23T00:00:00</FromDate>
          <ToDate>2023-05-25T00:00:00</ToDate>
        </AvailabilityCondition>
      </validityConditions>
      <codespaces>
        <Codespace id="ost">
          <Xmlns>OST</Xmlns>
          <XmlnsUrl>http://www.rutebanken.org/ns/ost</XmlnsUrl>
        </Codespace>
        <Codespace id="nsr">
          <Xmlns>NSR</Xmlns>
          <XmlnsUrl>http://www.rutebanken.org/ns/nsr</XmlnsUrl>
        </Codespace>
      </codespaces>
      <FrameDefaults>
        <DefaultLocale>
          <TimeZone>Europe/Oslo</TimeZone>
          <DefaultLanguage>no</DefaultLanguage>
        </DefaultLocale>
      </FrameDefaults>
      <frames>
        <ServiceFrame id="2092026327" version="1">
          <routes>
            <Route id="OST:Route:458_Outbound_211210121983272_211210121975025" version="271">
              <Name>1-1</Name>
              <ShortName>1-1</ShortName>
              <LineRef ref="OST:Line:1_458" version="271" />
              <DirectionType>inbound</DirectionType>
              <pointsInSequence>
                <PointOnRoute id="OST:PointOnRoute:7452308" order="9" version="271">
                  <RoutePointRef ref="OST:RoutePoint:1241875_1" />
                </PointOnRoute>
                <PointOnRoute id="OST:PointOnRoute:7452301" order="2" version="271">
                  <RoutePointRef ref="OST:RoutePoint:1243556_1" />
                </PointOnRoute>
                <PointOnRoute id="OST:PointOnRoute:7452305" order="6" version="271">
                  <RoutePointRef ref="OST:RoutePoint:1243570_1" />
                </PointOnRoute>
                <PointOnRoute id="OST:PointOnRoute:7452302" order="3" version="271">
                  <RoutePointRef ref="OST:RoutePoint:1243555_1" />
                </PointOnRoute>
                <PointOnRoute id="OST:PointOnRoute:7452300" order="1" version="271">
                  <RoutePointRef ref="OST:RoutePoint:1241855_2" />
                </PointOnRoute>
                <PointOnRoute id="OST:PointOnRoute:7452306" order="7" version="271">
                  <RoutePointRef ref="OST:RoutePoint:1241865_1" />
                </PointOnRoute>
                <PointOnRoute id="OST:PointOnRoute:7452303" order="4" version="271">
                  <RoutePointRef ref="OST:RoutePoint:1243560_1" />
                </PointOnRoute>
                <PointOnRoute id="OST:PointOnRoute:7452304" order="5" version="271">
                  <RoutePointRef ref="OST:RoutePoint:1243565_1" />
                </PointOnRoute>
                <PointOnRoute id="OST:PointOnRoute:7452310" order="11" version="271">
                  <RoutePointRef ref="OST:RoutePoint:1242300_2" />
                </PointOnRoute>
                <PointOnRoute id="OST:PointOnRoute:7452307" order="8" version="271">
                  <RoutePointRef ref="OST:RoutePoint:1241870_1" />
                </PointOnRoute>
                <PointOnRoute id="OST:PointOnRoute:7452309" order="10" version="271">
                  <RoutePointRef ref="OST:RoutePoint:1241885_1" />
                </PointOnRoute>
                <PointOnRoute id="OST:PointOnRoute:7452311" order="12" version="271">
                  <RoutePointRef ref="OST:RoutePoint:1243226_1" />
                </PointOnRoute>
              </pointsInSequence>
            </Route>
          </routes>
          <lines>
            <Line id="OST:Line:1_458" version="271">
              <Name>Askim ungdomsskole</Name>
              <TransportMode>bus</TransportMode>
              <TransportSubmode>
                <BusSubmode>localBus</BusSubmode>
              </TransportSubmode>
              <PublicCode>458</PublicCode>
              <PrivateCode>458</PrivateCode>
              <OperatorRef ref="OST:Operator:152" />
              <RepresentedByGroupRef ref="OST:GroupOfLines:bus_1" />
            </Line>
          </lines>
          <journeyPatterns>
            <JourneyPattern id="OST:JourneyPattern:458_Outbound_211210121983272_211210121975025" version="271">
              <Name>1-1</Name>
              <RouteRef ref="OST:Route:458_Outbound_211210121983272_211210121975025" version="271" />
              <pointsInSequence>
                <StopPointInJourneyPattern order="9" id="OST:StopPointInJourneyPattern:458_Outbound_211210121983272_9_211210121975025" version="271">
                  <ScheduledStopPointRef ref="OST:ScheduledStopPoint:1241875_1" />
                </StopPointInJourneyPattern>
                <StopPointInJourneyPattern order="8" id="OST:StopPointInJourneyPattern:458_Outbound_211210121983272_8_211210121975025" version="271">
                  <ScheduledStopPointRef ref="OST:ScheduledStopPoint:1241870_1" />
                </StopPointInJourneyPattern>
                <StopPointInJourneyPattern order="2" id="OST:StopPointInJourneyPattern:458_Outbound_211210121983272_2_211210121975025" version="271">
                  <ScheduledStopPointRef ref="OST:ScheduledStopPoint:1243556_1" />
                </StopPointInJourneyPattern>
                <StopPointInJourneyPattern order="6" id="OST:StopPointInJourneyPattern:458_Outbound_211210121983272_6_211210121975025" version="271">
                  <ScheduledStopPointRef ref="OST:ScheduledStopPoint:1243570_1" />
                </StopPointInJourneyPattern>
                <StopPointInJourneyPattern order="5" id="OST:StopPointInJourneyPattern:458_Outbound_211210121983272_5_211210121975025" version="271">
                  <ScheduledStopPointRef ref="OST:ScheduledStopPoint:1243565_1" />
                </StopPointInJourneyPattern>
                <StopPointInJourneyPattern order="10" id="OST:StopPointInJourneyPattern:458_Outbound_211210121983272_10_211210121975025" version="271">
                  <ScheduledStopPointRef ref="OST:ScheduledStopPoint:1241885_1" />
                </StopPointInJourneyPattern>
                <StopPointInJourneyPattern order="3" id="OST:StopPointInJourneyPattern:458_Outbound_211210121983272_3_211210121975025" version="271">
                  <ScheduledStopPointRef ref="OST:ScheduledStopPoint:1243555_1" />
                </StopPointInJourneyPattern>
                <StopPointInJourneyPattern order="4" id="OST:StopPointInJourneyPattern:458_Outbound_211210121983272_4_211210121975025" version="271">
                  <ScheduledStopPointRef ref="OST:ScheduledStopPoint:1243560_1" />
                </StopPointInJourneyPattern>
                <StopPointInJourneyPattern order="11" id="OST:StopPointInJourneyPattern:458_Outbound_211210121983272_11_211210121975025" version="271">
                  <ScheduledStopPointRef ref="OST:ScheduledStopPoint:1242300_2" />
                </StopPointInJourneyPattern>
                <StopPointInJourneyPattern order="7" id="OST:StopPointInJourneyPattern:458_Outbound_211210121983272_7_211210121975025" version="271">
                  <ScheduledStopPointRef ref="OST:ScheduledStopPoint:1241865_1" />
                </StopPointInJourneyPattern>
                <StopPointInJourneyPattern order="1" id="OST:StopPointInJourneyPattern:458_Outbound_211210121983272_1_211210121975025" version="271">
                  <ForAlighting>false</ForAlighting>
                  <DestinationDisplayRef ref="OST:DestinationDisplay:17" />
                  <ScheduledStopPointRef ref="OST:ScheduledStopPoint:1241855_2" />
                </StopPointInJourneyPattern>
                <StopPointInJourneyPattern order="12" id="OST:StopPointInJourneyPattern:458_Outbound_211210121983272_12_211210121975025" version="271">
                  <ForBoarding>false</ForBoarding>
                  <ScheduledStopPointRef ref="OST:ScheduledStopPoint:1243226_1" />
                </StopPointInJourneyPattern>
              </pointsInSequence>
              <linksInSequence>
                <ServiceLinkInJourneyPattern order="7" id="OST:ServiceLinkInJourneyPattern:7452321" version="271">
                  <ServiceLinkRef ref="OST:ServiceLink:200811072689324_1_200811072689329_1_574" />
                </ServiceLinkInJourneyPattern>
                <ServiceLinkInJourneyPattern order="6" id="OST:ServiceLinkInJourneyPattern:7452319" version="271">
                  <ServiceLinkRef ref="OST:ServiceLink:200811072689662_1_200811072689324_1_316" />
                </ServiceLinkInJourneyPattern>
                <ServiceLinkInJourneyPattern order="1" id="OST:ServiceLinkInJourneyPattern:7452312" version="271">
                  <ServiceLinkRef ref="OST:ServiceLink:200811072689318_2_200811072689653_1_945" />
                </ServiceLinkInJourneyPattern>
                <ServiceLinkInJourneyPattern order="2" id="OST:ServiceLinkInJourneyPattern:7452313" version="271">
                  <ServiceLinkRef ref="OST:ServiceLink:200811072689653_1_200811072689650_1_482" />
                </ServiceLinkInJourneyPattern>
                <ServiceLinkInJourneyPattern order="5" id="OST:ServiceLinkInJourneyPattern:7452317" version="271">
                  <ServiceLinkRef ref="OST:ServiceLink:200811072689659_1_200811072689662_1_934" />
                </ServiceLinkInJourneyPattern>
                <ServiceLinkInJourneyPattern order="10" id="OST:ServiceLinkInJourneyPattern:7452324" version="271">
                  <ServiceLinkRef ref="OST:ServiceLink:200811072689342_1_200811072689411_2_129" />
                </ServiceLinkInJourneyPattern>
                <ServiceLinkInJourneyPattern order="8" id="OST:ServiceLinkInJourneyPattern:7452322" version="271">
                  <ServiceLinkRef ref="OST:ServiceLink:200811072689329_1_200811072689334_1_351" />
                </ServiceLinkInJourneyPattern>
                <ServiceLinkInJourneyPattern order="11" id="OST:ServiceLinkInJourneyPattern:7452325" version="271">
                  <ServiceLinkRef ref="OST:ServiceLink:200811072689411_2_200811072689629_1_602" />
                </ServiceLinkInJourneyPattern>
                <ServiceLinkInJourneyPattern order="3" id="OST:ServiceLinkInJourneyPattern:7452314" version="271">
                  <ServiceLinkRef ref="OST:ServiceLink:200811072689650_1_200811072689656_1_300" />
                </ServiceLinkInJourneyPattern>
                <ServiceLinkInJourneyPattern order="4" id="OST:ServiceLinkInJourneyPattern:7452315" version="271">
                  <ServiceLinkRef ref="OST:ServiceLink:200811072689656_1_200811072689659_1_212" />
                </ServiceLinkInJourneyPattern>
                <ServiceLinkInJourneyPattern order="9" id="OST:ServiceLinkInJourneyPattern:7452323" version="271">
                  <ServiceLinkRef ref="OST:ServiceLink:200811072689334_1_200811072689342_1_704" />
                </ServiceLinkInJourneyPattern>
              </linksInSequence>
            </JourneyPattern>
          </journeyPatterns>
        </ServiceFrame>
        <TimetableFrame id="643135861" version="1">
          <vehicleJourneys>
            <ServiceJourney id="OST:ServiceJourney:458_211210122072315_1" publication="public" version="271">
              <Name>Askim u.skole</Name>
              <PrivateCode>1</PrivateCode>
              <dayTypes>
                <DayTypeRef ref="OST:DayType:121" />
              </dayTypes>
              <JourneyPatternRef ref="OST:JourneyPattern:458_Outbound_211210121983272_211210121975025" version="271" />
              <LineRef ref="OST:Line:1_458" version="271" />
              <OperatorRef ref="OST:Operator:152" />
              <passingTimes>
                <TimetabledPassingTime id="OST:TimetabledPassingTime:211210122072315_1_08_10_00" version="271">
                  <DepartureTime>08:10:00</DepartureTime>
                  <StopPointInJourneyPatternRef ref="OST:StopPointInJourneyPattern:458_Outbound_211210121983272_1_211210121975025" version="271" />
                </TimetabledPassingTime>
                <TimetabledPassingTime id="OST:TimetabledPassingTime:211210122072315_2_08_12_00" version="271">
                  <DepartureTime>08:12:00</DepartureTime>
                  <StopPointInJourneyPatternRef ref="OST:StopPointInJourneyPattern:458_Outbound_211210121983272_2_211210121975025" version="271" />
                </TimetabledPassingTime>
                <TimetabledPassingTime id="OST:TimetabledPassingTime:211210122072315_3_08_14_00" version="271">
                  <DepartureTime>08:14:00</DepartureTime>
                  <StopPointInJourneyPatternRef ref="OST:StopPointInJourneyPattern:458_Outbound_211210121983272_3_211210121975025" version="271" />
                </TimetabledPassingTime>
                <TimetabledPassingTime id="OST:TimetabledPassingTime:211210122072315_5_08_15_00" version="271">
                  <DepartureTime>08:15:00</DepartureTime>
                  <StopPointInJourneyPatternRef ref="OST:StopPointInJourneyPattern:458_Outbound_211210121983272_5_211210121975025" version="271" />
                </TimetabledPassingTime>
                <TimetabledPassingTime id="OST:TimetabledPassingTime:211210122072315_4_08_15_00" version="271">
                  <DepartureTime>08:15:00</DepartureTime>
                  <StopPointInJourneyPatternRef ref="OST:StopPointInJourneyPattern:458_Outbound_211210121983272_4_211210121975025" version="271" />
                </TimetabledPassingTime>
                <TimetabledPassingTime id="OST:TimetabledPassingTime:211210122072315_6_08_18_00" version="271">
                  <DepartureTime>08:18:00</DepartureTime>
                  <StopPointInJourneyPatternRef ref="OST:StopPointInJourneyPattern:458_Outbound_211210121983272_6_211210121975025" version="271" />
                </TimetabledPassingTime>
                <TimetabledPassingTime id="OST:TimetabledPassingTime:211210122072315_7_08_18_00" version="271">
                  <DepartureTime>08:18:00</DepartureTime>
                  <StopPointInJourneyPatternRef ref="OST:StopPointInJourneyPattern:458_Outbound_211210121983272_7_211210121975025" version="271" />
                </TimetabledPassingTime>
                <TimetabledPassingTime id="OST:TimetabledPassingTime:211210122072315_8_08_20_00" version="271">
                  <DepartureTime>08:20:00</DepartureTime>
                  <StopPointInJourneyPatternRef ref="OST:StopPointInJourneyPattern:458_Outbound_211210121983272_8_211210121975025" version="271" />
                </TimetabledPassingTime>
                <TimetabledPassingTime id="OST:TimetabledPassingTime:211210122072315_9_08_21_00" version="271">
                  <DepartureTime>08:21:00</DepartureTime>
                  <StopPointInJourneyPatternRef ref="OST:StopPointInJourneyPattern:458_Outbound_211210121983272_9_211210121975025" version="271" />
                </TimetabledPassingTime>
                <TimetabledPassingTime id="OST:TimetabledPassingTime:211210122072315_11_08_23_00" version="271">
                  <DepartureTime>08:23:00</DepartureTime>
                  <StopPointInJourneyPatternRef ref="OST:StopPointInJourneyPattern:458_Outbound_211210121983272_11_211210121975025" version="271" />
                </TimetabledPassingTime>
                <TimetabledPassingTime id="OST:TimetabledPassingTime:211210122072315_10_08_23_00" version="271">
                  <DepartureTime>08:23:00</DepartureTime>
                  <StopPointInJourneyPatternRef ref="OST:StopPointInJourneyPattern:458_Outbound_211210121983272_10_211210121975025" version="271" />
                </TimetabledPassingTime>
                <TimetabledPassingTime id="OST:TimetabledPassingTime:211210122072315_12_08_25_00" version="271">
                  <ArrivalTime>08:25:00</ArrivalTime>
                  <StopPointInJourneyPatternRef ref="OST:StopPointInJourneyPattern:458_Outbound_211210121983272_12_211210121975025" version="271" />
                </TimetabledPassingTime>
              </passingTimes>
            </ServiceJourney>
          </vehicleJourneys>
        </TimetableFrame>
      </frames>
    </CompositeFrame>
  </dataObjects>
</PublicationDelivery>
