<?xml version="1.0" encoding="UTF-8"?>
<PublicationDelivery xmlns="http://www.netex.org.uk/netex" xmlns:gis="http://www.opengis.net/gml/3.2" xmlns:siri="http://www.siri.org.uk/siri" version="1.13:NO-NeTEx-networktimetable:1.3">
  <PublicationTimestamp>2022-05-26T00:05:35.012</PublicationTimestamp>
  <ParticipantRef>RB</ParticipantRef>
  <Description>Halden-Isebakke</Description>
  <dataObjects>
    <CompositeFrame created="2022-04-08T10:32:34.29" id="434326100" version="1">
      <validityConditions>
        <AvailabilityCondition id="377171577" version="1">
          <FromDate>2022-05-23T00:00:00</FromDate>
          <ToDate>2023-05-25T00:00:00</ToDate>
        </AvailabilityCondition>
      </validityConditions>
      <codespaces>
        <Codespace id="ost">
          <Xmlns>OST</Xmlns>
          <XmlnsUrl>http://www.rutebanken.org/ns/ost</XmlnsUrl>
        </Codespace>
        <Codespace id="nsr">
          <Xmlns>NSR</Xmlns>
          <XmlnsUrl>http://www.rutebanken.org/ns/nsr</XmlnsUrl>
        </Codespace>
      </codespaces>
      <FrameDefaults>
        <DefaultLocale>
          <TimeZone>Europe/Oslo</TimeZone>
          <DefaultLanguage>no</DefaultLanguage>
        </DefaultLocale>
      </FrameDefaults>
      <frames>
        <ServiceFrame id="101329490" version="1">
          <routes>
            <Route id="OST:Route:300_Inbound_211210121983026_211210121975025" version="271">
              <Name>2-2</Name>
              <ShortName>2-2</ShortName>
              <LineRef ref="OST:Line:1_300" version="271" />
              <DirectionType>outbound</DirectionType>
              <pointsInSequence>
                <PointOnRoute id="OST:PointOnRoute:7435264" order="11" version="271">
                  <RoutePointRef ref="OST:RoutePoint:1016195_1" />
                </PointOnRoute>
                <PointOnRoute id="OST:PointOnRoute:7435261" order="8" version="271">
                  <RoutePointRef ref="OST:RoutePoint:1016180_1" />
                </PointOnRoute>
                <PointOnRoute id="OST:PointOnRoute:7435255" order="2" version="271">
                  <RoutePointRef ref="OST:RoutePoint:1017845_2" />
                </PointOnRoute>
                <PointOnRoute id="OST:PointOnRoute:7435266" order="13" version="271">
                  <RoutePointRef ref="OST:RoutePoint:1016205_2" />
                </PointOnRoute>
                <PointOnRoute id="OST:PointOnRoute:7435268" order="15" version="271">
                  <RoutePointRef ref="OST:RoutePoint:1016210_1" />
                </PointOnRoute>
                <PointOnRoute id="OST:PointOnRoute:7435259" order="6" version="271">
                  <RoutePointRef ref="OST:RoutePoint:1016165_1" />
                </PointOnRoute>
                <PointOnRoute id="OST:PointOnRoute:7435263" order="10" version="271">
                  <RoutePointRef ref="OST:RoutePoint:1016190_1" />
                </PointOnRoute>
                <PointOnRoute id="OST:PointOnRoute:7435270" order="17" version="271">
                  <RoutePointRef ref="OST:RoutePoint:1016225_1" />
                </PointOnRoute>
                <PointOnRoute id="OST:PointOnRoute:7435254" order="1" version="271">
                  <RoutePointRef ref="OST:RoutePoint:1017850_2" />
                </PointOnRoute>
                <PointOnRoute id="OST:PointOnRoute:7435265" order="12" version="271">
                  <RoutePointRef ref="OST:RoutePoint:1016390_1" />
                </PointOnRoute>
                <PointOnRoute id="OST:PointOnRoute:7435257" order="4" version="271">
                  <RoutePointRef ref="OST:RoutePoint:1017835_2" />
                </PointOnRoute>
                <PointOnRoute id="OST:PointOnRoute:7435256" order="3" version="271">
                  <RoutePointRef ref="OST:RoutePoint:1017840_2" />
                </PointOnRoute>
                <PointOnRoute id="OST:PointOnRoute:7435267" order="14" version="271">
                  <RoutePointRef ref="OST:RoutePoint:1016200_1" />
                </PointOnRoute>
                <PointOnRoute id="OST:PointOnRoute:7435258" order="5" version="271">
                  <RoutePointRef ref="OST:RoutePoint:1016160_1" />
                </PointOnRoute>
                <PointOnRoute id="OST:PointOnRoute:7435269" order="16" version="271">
                  <RoutePointRef ref="OST:RoutePoint:1016215_1" />
                </PointOnRoute>
                <PointOnRoute id="OST:PointOnRoute:7435260" order="7" version="271">
                  <RoutePointRef ref="OST:RoutePoint:1016175_1" />
                </PointOnRoute>
                <PointOnRoute id="OST:PointOnRoute:7435262" order="9" version="271">
                  <RoutePointRef ref="OST:RoutePoint:1016185_1" />
                </PointOnRoute>
              </pointsInSequence>
            </Route>
            <Route id="OST:Route:300_Inbound_211210121983027_211210121975025" version="271">
              <Name>2-3</Name>
              <ShortName>2-3</ShortName>
              <LineRef ref="OST:Line:1_300" version="271" />
              <DirectionType>outbound</DirectionType>
              <pointsInSequence>
                <PointOnRoute id="OST:PointOnRoute:7435272" order="2" version="271">
                  <RoutePointRef ref="OST:RoutePoint:1017845_2" />
                </PointOnRoute>
                <PointOnRoute id="OST:PointOnRoute:7435284" order="14" version="271">
                  <RoutePointRef ref="OST:RoutePoint:1016215_1" />
                </PointOnRoute>
                <PointOnRoute id="OST:PointOnRoute:7435280" order="10" version="271">
                  <RoutePointRef ref="OST:RoutePoint:1011906_2" />
                </PointOnRoute>
                <PointOnRoute id="OST:PointOnRoute:7435285" order="15" version="271">
                  <RoutePointRef ref="OST:RoutePoint:1016225_1" />
                </PointOnRoute>
                <PointOnRoute id="OST:PointOnRoute:7435282" order="12" version="271">
                  <RoutePointRef ref="OST:RoutePoint:1016200_1" />
                </PointOnRoute>
                <PointOnRoute id="OST:PointOnRoute:7435279" order="9" version="271">
                  <RoutePointRef ref="OST:RoutePoint:1016180_1" />
                </PointOnRoute>
                <PointOnRoute id="OST:PointOnRoute:7435275" order="5" version="271">
                  <RoutePointRef ref="OST:RoutePoint:1016160_1" />
                </PointOnRoute>
                <PointOnRoute id="OST:PointOnRoute:7435283" order="13" version="271">
                  <RoutePointRef ref="OST:RoutePoint:1016210_1" />
                </PointOnRoute>
                <PointOnRoute id="OST:PointOnRoute:7435276" order="6" version="271">
                  <RoutePointRef ref="OST:RoutePoint:1016165_1" />
                </PointOnRoute>
                <PointOnRoute id="OST:PointOnRoute:7435273" order="3" version="271">
                  <RoutePointRef ref="OST:RoutePoint:1017840_2" />
                </PointOnRoute>
                <PointOnRoute id="OST:PointOnRoute:7435281" order="11" version="271">
                  <RoutePointRef ref="OST:RoutePoint:1016205_2" />
                </PointOnRoute>
                <PointOnRoute id="OST:PointOnRoute:7435278" order="8" version="271">
                  <RoutePointRef ref="OST:RoutePoint:1016175_1" />
                </PointOnRoute>
                <PointOnRoute id="OST:PointOnRoute:7435274" order="4" version="271">
                  <RoutePointRef ref="OST:RoutePoint:1017835_2" />
                </PointOnRoute>
                <PointOnRoute id="OST:PointOnRoute:7435277" order="7" version="271">
                  <RoutePointRef ref="OST:RoutePoint:1016166_1" />
                </PointOnRoute>
                <PointOnRoute id="OST:PointOnRoute:7435271" order="1" version="271">
                  <RoutePointRef ref="OST:RoutePoint:1017850_2" />
                </PointOnRoute>
              </pointsInSequence>
            </Route>
            <Route id="OST:Route:300_Outbound_211210121983025_211210121975025" version="271">
              <Name>1-1</Name>
              <ShortName>1-1</ShortName>
              <LineRef ref="OST:Line:1_300" version="271" />
              <DirectionType>inbound</DirectionType>
              <pointsInSequence>
                <PointOnRoute id="OST:PointOnRoute:7435244" order="6" version="271">
                  <RoutePointRef ref="OST:RoutePoint:1016190_2" />
                </PointOnRoute>
                <PointOnRoute id="OST:PointOnRoute:7435249" order="11" version="271">
                  <RoutePointRef ref="OST:RoutePoint:1016160_2" />
                </PointOnRoute>
                <PointOnRoute id="OST:PointOnRoute:7435242" order="4" version="271">
                  <RoutePointRef ref="OST:RoutePoint:1016245_1" />
                </PointOnRoute>
                <PointOnRoute id="OST:PointOnRoute:7435252" order="14" version="271">
                  <RoutePointRef ref="OST:RoutePoint:1017845_1" />
                </PointOnRoute>
                <PointOnRoute id="OST:PointOnRoute:7435253" order="15" version="271">
                  <RoutePointRef ref="OST:RoutePoint:1017850_1" />
                </PointOnRoute>
                <PointOnRoute id="OST:PointOnRoute:7435248" order="10" version="271">
                  <RoutePointRef ref="OST:RoutePoint:1016165_2" />
                </PointOnRoute>
                <PointOnRoute id="OST:PointOnRoute:7435243" order="5" version="271">
                  <RoutePointRef ref="OST:RoutePoint:1016195_2" />
                </PointOnRoute>
                <PointOnRoute id="OST:PointOnRoute:7435246" order="8" version="271">
                  <RoutePointRef ref="OST:RoutePoint:1016180_2" />
                </PointOnRoute>
                <PointOnRoute id="OST:PointOnRoute:7435241" order="3" version="271">
                  <RoutePointRef ref="OST:RoutePoint:1016240_2" />
                </PointOnRoute>
                <PointOnRoute id="OST:PointOnRoute:7435240" order="2" version="271">
                  <RoutePointRef ref="OST:RoutePoint:1016220_2" />
                </PointOnRoute>
                <PointOnRoute id="OST:PointOnRoute:7435247" order="9" version="271">
                  <RoutePointRef ref="OST:RoutePoint:1016175_2" />
                </PointOnRoute>
                <PointOnRoute id="OST:PointOnRoute:7435245" order="7" version="271">
                  <RoutePointRef ref="OST:RoutePoint:1016185_2" />
                </PointOnRoute>
                <PointOnRoute id="OST:PointOnRoute:7435251" order="13" version="271">
                  <RoutePointRef ref="OST:RoutePoint:1017840_1" />
                </PointOnRoute>
                <PointOnRoute id="OST:PointOnRoute:7435239" order="1" version="271">
                  <RoutePointRef ref="OST:RoutePoint:1016225_1" />
                </PointOnRoute>
                <PointOnRoute id="OST:PointOnRoute:7435250" order="12" version="271">
                  <RoutePointRef ref="OST:RoutePoint:1017835_1" />
                </PointOnRoute>
              </pointsInSequence>
            </Route>
          </routes>
          <lines>
            <Line id="OST:Line:1_300" version="271">
              <Name>Halden-Isebakke</Name>
              <TransportMode>bus</TransportMode>
              <TransportSubmode>
                <BusSubmode>localBus</BusSubmode>
              </TransportSubmode>
              <PublicCode>300</PublicCode>
              <PrivateCode>300</PrivateCode>
              <OperatorRef ref="OST:Operator:152" />
              <RepresentedByGroupRef ref="OST:GroupOfLines:bus_1" />
            </Line>
          </lines>
          <journeyPatterns>
            <JourneyPattern id="OST:JourneyPattern:300_Inbound_211210121983026_211210121975025" version="271">
              <Name>2-2</Name>
              <RouteRef ref="OST:Route:300_Inbound_211210121983026_211210121975025" version="271" />
              <pointsInSequence>
                <StopPointInJourneyPattern order="4" id="OST:StopPointInJourneyPattern:300_Inbound_211210121983026_4_211210121975025" version="271">
                  <ScheduledStopPointRef ref="OST:ScheduledStopPoint:1017835_2" />
                </StopPointInJourneyPattern>
                <StopPointInJourneyPattern order="2" id="OST:StopPointInJourneyPattern:300_Inbound_211210121983026_2_211210121975025" version="271">
                  <ScheduledStopPointRef ref="OST:ScheduledStopPoint:1017845_2" />
                </StopPointInJourneyPattern>
                <StopPointInJourneyPattern order="15" id="OST:StopPointInJourneyPattern:300_Inbound_211210121983026_15_211210121975025" version="271">
                  <ScheduledStopPointRef ref="OST:ScheduledStopPoint:1016210_1" />
                </StopPointInJourneyPattern>
                <StopPointInJourneyPattern order="5" id="OST:StopPointInJourneyPattern:300_Inbound_211210121983026_5_211210121975025" version="271">
                  <ScheduledStopPointRef ref="OST:ScheduledStopPoint:1016160_1" />
                </StopPointInJourneyPattern>
                <StopPointInJourneyPattern order="17" id="OST:StopPointInJourneyPattern:300_Inbound_211210121983026_17_211210121975025" version="271">
                  <ForBoarding>false</ForBoarding>
                  <ScheduledStopPointRef ref="OST:ScheduledStopPoint:1016225_1" />
                </StopPointInJourneyPattern>
                <StopPointInJourneyPattern order="7" id="OST:StopPointInJourneyPattern:300_Inbound_211210121983026_7_211210121975025" version="271">
                  <ScheduledStopPointRef ref="OST:ScheduledStopPoint:1016175_1" />
                </StopPointInJourneyPattern>
                <StopPointInJourneyPattern order="8" id="OST:StopPointInJourneyPattern:300_Inbound_211210121983026_8_211210121975025" version="271">
                  <ScheduledStopPointRef ref="OST:ScheduledStopPoint:1016180_1" />
                </StopPointInJourneyPattern>
                <StopPointInJourneyPattern order="14" id="OST:StopPointInJourneyPattern:300_Inbound_211210121983026_14_211210121975025" version="271">
                  <ScheduledStopPointRef ref="OST:ScheduledStopPoint:1016200_1" />
                </StopPointInJourneyPattern>
                <StopPointInJourneyPattern order="6" id="OST:StopPointInJourneyPattern:300_Inbound_211210121983026_6_211210121975025" version="271">
                  <ScheduledStopPointRef ref="OST:ScheduledStopPoint:1016165_1" />
                </StopPointInJourneyPattern>
                <StopPointInJourneyPattern order="12" id="OST:StopPointInJourneyPattern:300_Inbound_211210121983026_12_211210121975025" version="271">
                  <ScheduledStopPointRef ref="OST:ScheduledStopPoint:1016390_1" />
                </StopPointInJourneyPattern>
                <StopPointInJourneyPattern order="16" id="OST:StopPointInJourneyPattern:300_Inbound_211210121983026_16_211210121975025" version="271">
                  <ScheduledStopPointRef ref="OST:ScheduledStopPoint:1016215_1" />
                </StopPointInJourneyPattern>
                <StopPointInJourneyPattern order="1" id="OST:StopPointInJourneyPattern:300_Inbound_211210121983026_1_211210121975025" version="271">
                  <ForAlighting>false</ForAlighting>
                  <DestinationDisplayRef ref="OST:DestinationDisplay:168" />
                  <ScheduledStopPointRef ref="OST:ScheduledStopPoint:1017850_2" />
                </StopPointInJourneyPattern>
                <StopPointInJourneyPattern order="10" id="OST:StopPointInJourneyPattern:300_Inbound_211210121983026_10_211210121975025" version="271">
                  <ScheduledStopPointRef ref="OST:ScheduledStopPoint:1016190_1" />
                </StopPointInJourneyPattern>
                <StopPointInJourneyPattern order="9" id="OST:StopPointInJourneyPattern:300_Inbound_211210121983026_9_211210121975025" version="271">
                  <ScheduledStopPointRef ref="OST:ScheduledStopPoint:1016185_1" />
                </StopPointInJourneyPattern>
                <StopPointInJourneyPattern order="13" id="OST:StopPointInJourneyPattern:300_Inbound_211210121983026_13_211210121975025" version="271">
                  <ScheduledStopPointRef ref="OST:ScheduledStopPoint:1016205_2" />
                </StopPointInJourneyPattern>
                <StopPointInJourneyPattern order="11" id="OST:StopPointInJourneyPattern:300_Inbound_211210121983026_11_211210121975025" version="271">
                  <ScheduledStopPointRef ref="OST:ScheduledStopPoint:1016195_1" />
                </StopPointInJourneyPattern>
                <StopPointInJourneyPattern order="3" id="OST:StopPointInJourneyPattern:300_Inbound_211210121983026_3_211210121975025" version="271">
                  <ScheduledStopPointRef ref="OST:ScheduledStopPoint:1017840_2" />
                </StopPointInJourneyPattern>
              </pointsInSequence>
              <linksInSequence>
                <ServiceLinkInJourneyPattern order="15" id="OST:ServiceLinkInJourneyPattern:7435339" version="271">
                  <ServiceLinkRef ref="OST:ServiceLink:200811072682827_1_200811072682830_1_303" />
                </ServiceLinkInJourneyPattern>
                <ServiceLinkInJourneyPattern order="14" id="OST:ServiceLinkInJourneyPattern:7435338" version="271">
                  <ServiceLinkRef ref="OST:ServiceLink:200811072682821_1_200811072682827_1_275" />
                </ServiceLinkInJourneyPattern>
                <ServiceLinkInJourneyPattern order="6" id="OST:ServiceLinkInJourneyPattern:7435323" version="271">
                  <ServiceLinkRef ref="OST:ServiceLink:200811072682785_1_200811072682795_1_1928" />
                </ServiceLinkInJourneyPattern>
                <ServiceLinkInJourneyPattern order="16" id="OST:ServiceLinkInJourneyPattern:7435340" version="271">
                  <ServiceLinkRef ref="OST:ServiceLink:200811072682830_1_200811072682836_1_545" />
                </ServiceLinkInJourneyPattern>
                <ServiceLinkInJourneyPattern order="8" id="OST:ServiceLinkInJourneyPattern:7435327" version="271">
                  <ServiceLinkRef ref="OST:ServiceLink:200811072682801_1_200811072682806_1_520" />
                </ServiceLinkInJourneyPattern>
                <ServiceLinkInJourneyPattern order="12" id="OST:ServiceLinkInJourneyPattern:7435335" version="271">
                  <ServiceLinkRef ref="OST:ServiceLink:200811072683012_1_200811072682824_2_403" />
                </ServiceLinkInJourneyPattern>
                <ServiceLinkInJourneyPattern order="9" id="OST:ServiceLinkInJourneyPattern:7435329" version="271">
                  <ServiceLinkRef ref="OST:ServiceLink:200811072682806_1_200811072682811_1_214" />
                </ServiceLinkInJourneyPattern>
                <ServiceLinkInJourneyPattern order="2" id="OST:ServiceLinkInJourneyPattern:7435315" version="271">
                  <ServiceLinkRef ref="OST:ServiceLink:200811072683766_2_200811072683761_2_426" />
                </ServiceLinkInJourneyPattern>
                <ServiceLinkInJourneyPattern order="10" id="OST:ServiceLinkInJourneyPattern:7435331" version="271">
                  <ServiceLinkRef ref="OST:ServiceLink:200811072682811_1_200811072682816_1_215" />
                </ServiceLinkInJourneyPattern>
                <ServiceLinkInJourneyPattern order="3" id="OST:ServiceLinkInJourneyPattern:7435317" version="271">
                  <ServiceLinkRef ref="OST:ServiceLink:200811072683761_2_200811072683756_2_183" />
                </ServiceLinkInJourneyPattern>
                <ServiceLinkInJourneyPattern order="7" id="OST:ServiceLinkInJourneyPattern:7435325" version="271">
                  <ServiceLinkRef ref="OST:ServiceLink:200811072682795_1_200811072682801_1_1119" />
                </ServiceLinkInJourneyPattern>
                <ServiceLinkInJourneyPattern order="13" id="OST:ServiceLinkInJourneyPattern:7435337" version="271">
                  <ServiceLinkRef ref="OST:ServiceLink:200811072682824_2_200811072682821_1_198" />
                </ServiceLinkInJourneyPattern>
                <ServiceLinkInJourneyPattern order="4" id="OST:ServiceLinkInJourneyPattern:7435319" version="271">
                  <ServiceLinkRef ref="OST:ServiceLink:200811072683756_2_200811072682780_1_566" />
                </ServiceLinkInJourneyPattern>
                <ServiceLinkInJourneyPattern order="5" id="OST:ServiceLinkInJourneyPattern:7435321" version="271">
                  <ServiceLinkRef ref="OST:ServiceLink:200811072682780_1_200811072682785_1_553" />
                </ServiceLinkInJourneyPattern>
                <ServiceLinkInJourneyPattern order="11" id="OST:ServiceLinkInJourneyPattern:7435333" version="271">
                  <ServiceLinkRef ref="OST:ServiceLink:200811072682816_1_200811072683012_1_212" />
                </ServiceLinkInJourneyPattern>
                <ServiceLinkInJourneyPattern order="1" id="OST:ServiceLinkInJourneyPattern:7435313" version="271">
                  <ServiceLinkRef ref="OST:ServiceLink:200811072683771_2_200811072683766_2_300" />
                </ServiceLinkInJourneyPattern>
              </linksInSequence>
            </JourneyPattern>
            <JourneyPattern id="OST:JourneyPattern:300_Inbound_211210121983027_211210121975025" version="271">
              <Name>2-3</Name>
              <RouteRef ref="OST:Route:300_Inbound_211210121983027_211210121975025" version="271" />
              <pointsInSequence>
                <StopPointInJourneyPattern order="13" id="OST:StopPointInJourneyPattern:300_Inbound_211210121983027_13_211210121975025" version="271">
                  <ScheduledStopPointRef ref="OST:ScheduledStopPoint:1016210_1" />
                </StopPointInJourneyPattern>
                <StopPointInJourneyPattern order="12" id="OST:StopPointInJourneyPattern:300_Inbound_211210121983027_12_211210121975025" version="271">
                  <ScheduledStopPointRef ref="OST:ScheduledStopPoint:1016200_1" />
                </StopPointInJourneyPattern>
                <StopPointInJourneyPattern order="14" id="OST:StopPointInJourneyPattern:300_Inbound_211210121983027_14_211210121975025" version="271">
                  <ScheduledStopPointRef ref="OST:ScheduledStopPoint:1016215_1" />
                </StopPointInJourneyPattern>
                <StopPointInJourneyPattern order="5" id="OST:StopPointInJourneyPattern:300_Inbound_211210121983027_5_211210121975025" version="271">
                  <ScheduledStopPointRef ref="OST:ScheduledStopPoint:1016160_1" />
                </StopPointInJourneyPattern>
                <StopPointInJourneyPattern order="15" id="OST:StopPointInJourneyPattern:300_Inbound_211210121983027_15_211210121975025" version="271">
                  <ForBoarding>false</ForBoarding>
                  <ScheduledStopPointRef ref="OST:ScheduledStopPoint:1016225_1" />
                </StopPointInJourneyPattern>
                <StopPointInJourneyPattern order="6" id="OST:StopPointInJourneyPattern:300_Inbound_211210121983027_6_211210121975025" version="271">
                  <ScheduledStopPointRef ref="OST:ScheduledStopPoint:1016165_1" />
                </StopPointInJourneyPattern>
                <StopPointInJourneyPattern order="10" id="OST:StopPointInJourneyPattern:300_Inbound_211210121983027_10_211210121975025" version="271">
                  <ScheduledStopPointRef ref="OST:ScheduledStopPoint:1011906_2" />
                </StopPointInJourneyPattern>
                <StopPointInJourneyPattern order="9" id="OST:StopPointInJourneyPattern:300_Inbound_211210121983027_9_211210121975025" version="271">
                  <ScheduledStopPointRef ref="OST:ScheduledStopPoint:1016180_1" />
                </StopPointInJourneyPattern>
                <StopPointInJourneyPattern order="11" id="OST:StopPointInJourneyPattern:300_Inbound_211210121983027_11_211210121975025" version="271">
                  <ScheduledStopPointRef ref="OST:ScheduledStopPoint:1016205_2" />
                </StopPointInJourneyPattern>
                <StopPointInJourneyPattern order="8" id="OST:StopPointInJourneyPattern:300_Inbound_211210121983027_8_211210121975025" version="271">
                  <ScheduledStopPointRef ref="OST:ScheduledStopPoint:1016175_1" />
                </StopPointInJourneyPattern>
                <StopPointInJourneyPattern order="7" id="OST:StopPointInJourneyPattern:300_Inbound_211210121983027_7_211210121975025" version="271">
                  <ScheduledStopPointRef ref="OST:ScheduledStopPoint:1016166_1" />
                </StopPointInJourneyPattern>
                <StopPointInJourneyPattern order="3" id="OST:StopPointInJourneyPattern:300_Inbound_211210121983027_3_211210121975025" version="271">
                  <ScheduledStopPointRef ref="OST:ScheduledStopPoint:1017840_2" />
                </StopPointInJourneyPattern>
                <StopPointInJourneyPattern order="4" id="OST:StopPointInJourneyPattern:300_Inbound_211210121983027_4_211210121975025" version="271">
                  <ScheduledStopPointRef ref="OST:ScheduledStopPoint:1017835_2" />
                </StopPointInJourneyPattern>
                <StopPointInJourneyPattern order="1" id="OST:StopPointInJourneyPattern:300_Inbound_211210121983027_1_211210121975025" version="271">
                  <ForAlighting>false</ForAlighting>
                  <DestinationDisplayRef ref="OST:DestinationDisplay:168" />
                  <ScheduledStopPointRef ref="OST:ScheduledStopPoint:1017850_2" />
                </StopPointInJourneyPattern>
                <StopPointInJourneyPattern order="2" id="OST:StopPointInJourneyPattern:300_Inbound_211210121983027_2_211210121975025" version="271">
                  <ScheduledStopPointRef ref="OST:ScheduledStopPoint:1017845_2" />
                </StopPointInJourneyPattern>
              </pointsInSequence>
              <linksInSequence>
                <ServiceLinkInJourneyPattern order="14" id="OST:ServiceLinkInJourneyPattern:7435358" version="271">
                  <ServiceLinkRef ref="OST:ServiceLink:200811072682830_1_200811072682836_1_545" />
                </ServiceLinkInJourneyPattern>
                <ServiceLinkInJourneyPattern order="4" id="OST:ServiceLinkInJourneyPattern:7435344" version="271">
                  <ServiceLinkRef ref="OST:ServiceLink:200811072683756_2_200811072682780_1_566" />
                </ServiceLinkInJourneyPattern>
                <ServiceLinkInJourneyPattern order="6" id="OST:ServiceLinkInJourneyPattern:7435346" version="271">
                  <ServiceLinkRef ref="OST:ServiceLink:200811072682785_1_200811072682788_1_1895" />
                </ServiceLinkInJourneyPattern>
                <ServiceLinkInJourneyPattern order="5" id="OST:ServiceLinkInJourneyPattern:7435345" version="271">
                  <ServiceLinkRef ref="OST:ServiceLink:200811072682780_1_200811072682785_1_553" />
                </ServiceLinkInJourneyPattern>
                <ServiceLinkInJourneyPattern order="8" id="OST:ServiceLinkInJourneyPattern:7435350" version="271">
                  <ServiceLinkRef ref="OST:ServiceLink:200811072682795_1_200811072682801_1_1119" />
                </ServiceLinkInJourneyPattern>
                <ServiceLinkInJourneyPattern order="9" id="OST:ServiceLinkInJourneyPattern:7435351" version="271">
                  <ServiceLinkRef ref="OST:ServiceLink:200811072682801_1_200811072682710_2_1510" />
                </ServiceLinkInJourneyPattern>
                <ServiceLinkInJourneyPattern order="7" id="OST:ServiceLinkInJourneyPattern:7435348" version="271">
                  <ServiceLinkRef ref="OST:ServiceLink:200811072682788_1_200811072682795_1_3488" />
                </ServiceLinkInJourneyPattern>
                <ServiceLinkInJourneyPattern order="10" id="OST:ServiceLinkInJourneyPattern:7435353" version="271">
                  <ServiceLinkRef ref="OST:ServiceLink:200811072682710_2_200811072682824_2_359" />
                </ServiceLinkInJourneyPattern>
                <ServiceLinkInJourneyPattern order="2" id="OST:ServiceLinkInJourneyPattern:7435342" version="271">
                  <ServiceLinkRef ref="OST:ServiceLink:200811072683766_2_200811072683761_2_426" />
                </ServiceLinkInJourneyPattern>
                <ServiceLinkInJourneyPattern order="1" id="OST:ServiceLinkInJourneyPattern:7435341" version="271">
                  <ServiceLinkRef ref="OST:ServiceLink:200811072683771_2_200811072683766_2_300" />
                </ServiceLinkInJourneyPattern>
                <ServiceLinkInJourneyPattern order="3" id="OST:ServiceLinkInJourneyPattern:7435343" version="271">
                  <ServiceLinkRef ref="OST:ServiceLink:200811072683761_2_200811072683756_2_183" />
                </ServiceLinkInJourneyPattern>
                <ServiceLinkInJourneyPattern order="11" id="OST:ServiceLinkInJourneyPattern:7435355" version="271">
                  <ServiceLinkRef ref="OST:ServiceLink:200811072682824_2_200811072682821_1_198" />
                </ServiceLinkInJourneyPattern>
                <ServiceLinkInJourneyPattern order="13" id="OST:ServiceLinkInJourneyPattern:7435357" version="271">
                  <ServiceLinkRef ref="OST:ServiceLink:200811072682827_1_200811072682830_1_303" />
                </ServiceLinkInJourneyPattern>
                <ServiceLinkInJourneyPattern order="12" id="OST:ServiceLinkInJourneyPattern:7435356" version="271">
                  <ServiceLinkRef ref="OST:ServiceLink:200811072682821_1_200811072682827_1_275" />
                </ServiceLinkInJourneyPattern>
              </linksInSequence>
            </JourneyPattern>
            <JourneyPattern id="OST:JourneyPattern:300_Outbound_211210121983025_211210121975025" version="271">
              <Name>1-1</Name>
              <RouteRef ref="OST:Route:300_Outbound_211210121983025_211210121975025" version="271" />
              <pointsInSequence>
                <StopPointInJourneyPattern order="11" id="OST:StopPointInJourneyPattern:300_Outbound_211210121983025_11_211210121975025" version="271">
                  <ScheduledStopPointRef ref="OST:ScheduledStopPoint:1016160_2" />
                </StopPointInJourneyPattern>
                <StopPointInJourneyPattern order="8" id="OST:StopPointInJourneyPattern:300_Outbound_211210121983025_8_211210121975025" version="271">
                  <ScheduledStopPointRef ref="OST:ScheduledStopPoint:1016180_2" />
                </StopPointInJourneyPattern>
                <StopPointInJourneyPattern order="10" id="OST:StopPointInJourneyPattern:300_Outbound_211210121983025_10_211210121975025" version="271">
                  <ScheduledStopPointRef ref="OST:ScheduledStopPoint:1016165_2" />
                </StopPointInJourneyPattern>
                <StopPointInJourneyPattern order="6" id="OST:StopPointInJourneyPattern:300_Outbound_211210121983025_6_211210121975025" version="271">
                  <ScheduledStopPointRef ref="OST:ScheduledStopPoint:1016190_2" />
                </StopPointInJourneyPattern>
                <StopPointInJourneyPattern order="3" id="OST:StopPointInJourneyPattern:300_Outbound_211210121983025_3_211210121975025" version="271">
                  <ScheduledStopPointRef ref="OST:ScheduledStopPoint:1016240_2" />
                </StopPointInJourneyPattern>
                <StopPointInJourneyPattern order="7" id="OST:StopPointInJourneyPattern:300_Outbound_211210121983025_7_211210121975025" version="271">
                  <ScheduledStopPointRef ref="OST:ScheduledStopPoint:1016185_2" />
                </StopPointInJourneyPattern>
                <StopPointInJourneyPattern order="1" id="OST:StopPointInJourneyPattern:300_Outbound_211210121983025_1_211210121975025" version="271">
                  <ForAlighting>false</ForAlighting>
                  <DestinationDisplayRef ref="OST:DestinationDisplay:507" />
                  <ScheduledStopPointRef ref="OST:ScheduledStopPoint:1016225_1" />
                </StopPointInJourneyPattern>
                <StopPointInJourneyPattern order="2" id="OST:StopPointInJourneyPattern:300_Outbound_211210121983025_2_211210121975025" version="271">
                  <ScheduledStopPointRef ref="OST:ScheduledStopPoint:1016220_2" />
                </StopPointInJourneyPattern>
                <StopPointInJourneyPattern order="15" id="OST:StopPointInJourneyPattern:300_Outbound_211210121983025_15_211210121975025" version="271">
                  <ForBoarding>false</ForBoarding>
                  <ScheduledStopPointRef ref="OST:ScheduledStopPoint:1017850_1" />
                </StopPointInJourneyPattern>
                <StopPointInJourneyPattern order="14" id="OST:StopPointInJourneyPattern:300_Outbound_211210121983025_14_211210121975025" version="271">
                  <ScheduledStopPointRef ref="OST:ScheduledStopPoint:1017845_1" />
                </StopPointInJourneyPattern>
                <StopPointInJourneyPattern order="5" id="OST:StopPointInJourneyPattern:300_Outbound_211210121983025_5_211210121975025" version="271">
                  <ScheduledStopPointRef ref="OST:ScheduledStopPoint:1016195_2" />
                </StopPointInJourneyPattern>
                <StopPointInJourneyPattern order="12" id="OST:StopPointInJourneyPattern:300_Outbound_211210121983025_12_211210121975025" version="271">
                  <ScheduledStopPointRef ref="OST:ScheduledStopPoint:1017835_1" />
                </StopPointInJourneyPattern>
                <StopPointInJourneyPattern order="13" id="OST:StopPointInJourneyPattern:300_Outbound_211210121983025_13_211210121975025" version="271">
                  <ScheduledStopPointRef ref="OST:ScheduledStopPoint:1017840_1" />
                </StopPointInJourneyPattern>
                <StopPointInJourneyPattern order="4" id="OST:StopPointInJourneyPattern:300_Outbound_211210121983025_4_211210121975025" version="271">
                  <ScheduledStopPointRef ref="OST:ScheduledStopPoint:1016245_1" />
                </StopPointInJourneyPattern>
                <StopPointInJourneyPattern order="9" id="OST:StopPointInJourneyPattern:300_Outbound_211210121983025_9_211210121975025" version="271">
                  <ScheduledStopPointRef ref="OST:ScheduledStopPoint:1016175_2" />
                </StopPointInJourneyPattern>
              </pointsInSequence>
              <linksInSequence>
                <ServiceLinkInJourneyPattern order="3" id="OST:ServiceLinkInJourneyPattern:7435289" version="271">
                  <ServiceLinkRef ref="OST:ServiceLink:200811072682847_2_200811072682850_1_364" />
                </ServiceLinkInJourneyPattern>
                <ServiceLinkInJourneyPattern order="2" id="OST:ServiceLinkInJourneyPattern:7435287" version="271">
                  <ServiceLinkRef ref="OST:ServiceLink:200811072682833_2_200811072682847_2_875" />
                </ServiceLinkInJourneyPattern>
                <ServiceLinkInJourneyPattern order="13" id="OST:ServiceLinkInJourneyPattern:7435309" version="271">
                  <ServiceLinkRef ref="OST:ServiceLink:200811072683759_1_200811072683764_1_442" />
                </ServiceLinkInJourneyPattern>
                <ServiceLinkInJourneyPattern order="9" id="OST:ServiceLinkInJourneyPattern:7435301" version="271">
                  <ServiceLinkRef ref="OST:ServiceLink:200811072682793_2_200811072682783_2_2039" />
                </ServiceLinkInJourneyPattern>
                <ServiceLinkInJourneyPattern order="5" id="OST:ServiceLinkInJourneyPattern:7435293" version="271">
                  <ServiceLinkRef ref="OST:ServiceLink:200811072682818_2_200811072682813_2_163" />
                </ServiceLinkInJourneyPattern>
                <ServiceLinkInJourneyPattern order="1" id="OST:ServiceLinkInJourneyPattern:7435286" version="271">
                  <ServiceLinkRef ref="OST:ServiceLink:200811072682836_1_200811072682833_2_427" />
                </ServiceLinkInJourneyPattern>
                <ServiceLinkInJourneyPattern order="8" id="OST:ServiceLinkInJourneyPattern:7435299" version="271">
                  <ServiceLinkRef ref="OST:ServiceLink:200811072682803_2_200811072682793_2_798" />
                </ServiceLinkInJourneyPattern>
                <ServiceLinkInJourneyPattern order="4" id="OST:ServiceLinkInJourneyPattern:7435291" version="271">
                  <ServiceLinkRef ref="OST:ServiceLink:200811072682850_1_200811072682818_2_291" />
                </ServiceLinkInJourneyPattern>
                <ServiceLinkInJourneyPattern order="12" id="OST:ServiceLinkInJourneyPattern:7435307" version="271">
                  <ServiceLinkRef ref="OST:ServiceLink:200811072683754_1_200811072683759_1_162" />
                </ServiceLinkInJourneyPattern>
                <ServiceLinkInJourneyPattern order="6" id="OST:ServiceLinkInJourneyPattern:7435295" version="271">
                  <ServiceLinkRef ref="OST:ServiceLink:200811072682813_2_200811072682808_2_197" />
                </ServiceLinkInJourneyPattern>
                <ServiceLinkInJourneyPattern order="11" id="OST:ServiceLinkInJourneyPattern:7435305" version="271">
                  <ServiceLinkRef ref="OST:ServiceLink:200811072682778_2_200811072683754_1_575" />
                </ServiceLinkInJourneyPattern>
                <ServiceLinkInJourneyPattern order="7" id="OST:ServiceLinkInJourneyPattern:7435297" version="271">
                  <ServiceLinkRef ref="OST:ServiceLink:200811072682808_2_200811072682803_2_682" />
                </ServiceLinkInJourneyPattern>
                <ServiceLinkInJourneyPattern order="14" id="OST:ServiceLinkInJourneyPattern:7435311" version="271">
                  <ServiceLinkRef ref="OST:ServiceLink:200811072683764_1_200811072683769_1_282" />
                </ServiceLinkInJourneyPattern>
                <ServiceLinkInJourneyPattern order="10" id="OST:ServiceLinkInJourneyPattern:7435303" version="271">
                  <ServiceLinkRef ref="OST:ServiceLink:200811072682783_2_200811072682778_2_638" />
                </ServiceLinkInJourneyPattern>
              </linksInSequence>
            </JourneyPattern>
          </journeyPatterns>
        </ServiceFrame>
        <TimetableFrame id="1919590853" version="1">
          <vehicleJourneys>
            <ServiceJourney id="OST:ServiceJourney:300_211210122071914_2" publication="public" version="271">
              <Name>Halden</Name>
              <PrivateCode>2</PrivateCode>
              <dayTypes>
                <DayTypeRef ref="OST:DayType:101" />
              </dayTypes>
              <JourneyPatternRef ref="OST:JourneyPattern:300_Inbound_211210121983026_211210121975025" version="271" />
              <LineRef ref="OST:Line:1_300" version="271" />
              <OperatorRef ref="OST:Operator:152" />
              <passingTimes>
                <TimetabledPassingTime id="OST:TimetabledPassingTime:211210122071914_3_06_00_00" version="271">
                  <DepartureTime>06:00:00</DepartureTime>
                  <StopPointInJourneyPatternRef ref="OST:StopPointInJourneyPattern:300_Inbound_211210121983026_3_211210121975025" version="271" />
                </TimetabledPassingTime>
                <TimetabledPassingTime id="OST:TimetabledPassingTime:211210122071914_1_06_00_00" version="271">
                  <DepartureTime>06:00:00</DepartureTime>
                  <StopPointInJourneyPatternRef ref="OST:StopPointInJourneyPattern:300_Inbound_211210121983026_1_211210121975025" version="271" />
                </TimetabledPassingTime>
                <TimetabledPassingTime id="OST:TimetabledPassingTime:211210122071914_2_06_00_00" version="271">
                  <DepartureTime>06:00:00</DepartureTime>
                  <StopPointInJourneyPatternRef ref="OST:StopPointInJourneyPattern:300_Inbound_211210121983026_2_211210121975025" version="271" />
                </TimetabledPassingTime>
                <TimetabledPassingTime id="OST:TimetabledPassingTime:211210122071914_4_06_01_00" version="271">
                  <DepartureTime>06:01:00</DepartureTime>
                  <StopPointInJourneyPatternRef ref="OST:StopPointInJourneyPattern:300_Inbound_211210121983026_4_211210121975025" version="271" />
                </TimetabledPassingTime>
                <TimetabledPassingTime id="OST:TimetabledPassingTime:211210122071914_5_06_02_00" version="271">
                  <DepartureTime>06:02:00</DepartureTime>
                  <StopPointInJourneyPatternRef ref="OST:StopPointInJourneyPattern:300_Inbound_211210121983026_5_211210121975025" version="271" />
                </TimetabledPassingTime>
                <TimetabledPassingTime id="OST:TimetabledPassingTime:211210122071914_6_06_02_00" version="271">
                  <DepartureTime>06:02:00</DepartureTime>
                  <StopPointInJourneyPatternRef ref="OST:StopPointInJourneyPattern:300_Inbound_211210121983026_6_211210121975025" version="271" />
                </TimetabledPassingTime>
                <TimetabledPassingTime id="OST:TimetabledPassingTime:211210122071914_7_06_05_00" version="271">
                  <DepartureTime>06:05:00</DepartureTime>
                  <StopPointInJourneyPatternRef ref="OST:StopPointInJourneyPattern:300_Inbound_211210121983026_7_211210121975025" version="271" />
                </TimetabledPassingTime>
                <TimetabledPassingTime id="OST:TimetabledPassingTime:211210122071914_8_06_07_00" version="271">
                  <DepartureTime>06:07:00</DepartureTime>
                  <StopPointInJourneyPatternRef ref="OST:StopPointInJourneyPattern:300_Inbound_211210121983026_8_211210121975025" version="271" />
                </TimetabledPassingTime>
                <TimetabledPassingTime id="OST:TimetabledPassingTime:211210122071914_10_06_09_00" version="271">
                  <DepartureTime>06:09:00</DepartureTime>
                  <StopPointInJourneyPatternRef ref="OST:StopPointInJourneyPattern:300_Inbound_211210121983026_10_211210121975025" version="271" />
                </TimetabledPassingTime>
                <TimetabledPassingTime id="OST:TimetabledPassingTime:211210122071914_9_06_09_00" version="271">
                  <DepartureTime>06:09:00</DepartureTime>
                  <StopPointInJourneyPatternRef ref="OST:StopPointInJourneyPattern:300_Inbound_211210121983026_9_211210121975025" version="271" />
                </TimetabledPassingTime>
                <TimetabledPassingTime id="OST:TimetabledPassingTime:211210122071914_12_06_10_00" version="271">
                  <DepartureTime>06:10:00</DepartureTime>
                  <StopPointInJourneyPatternRef ref="OST:StopPointInJourneyPattern:300_Inbound_211210121983026_12_211210121975025" version="271" />
                </TimetabledPassingTime>
                <TimetabledPassingTime id="OST:TimetabledPassingTime:211210122071914_11_06_10_00" version="271">
                  <DepartureTime>06:10:00</DepartureTime>
                  <StopPointInJourneyPatternRef ref="OST:StopPointInJourneyPattern:300_Inbound_211210121983026_11_211210121975025" version="271" />
                </TimetabledPassingTime>
                <TimetabledPassingTime id="OST:TimetabledPassingTime:211210122071914_13_06_11_00" version="271">
                  <DepartureTime>06:11:00</DepartureTime>
                  <StopPointInJourneyPatternRef ref="OST:StopPointInJourneyPattern:300_Inbound_211210121983026_13_211210121975025" version="271" />
                </TimetabledPassingTime>
                <TimetabledPassingTime id="OST:TimetabledPassingTime:211210122071914_15_06_12_00" version="271">
                  <DepartureTime>06:12:00</DepartureTime>
                  <StopPointInJourneyPatternRef ref="OST:StopPointInJourneyPattern:300_Inbound_211210121983026_15_211210121975025" version="271" />
                </TimetabledPassingTime>
                <TimetabledPassingTime id="OST:TimetabledPassingTime:211210122071914_14_06_12_00" version="271">
                  <DepartureTime>06:12:00</DepartureTime>
                  <StopPointInJourneyPatternRef ref="OST:StopPointInJourneyPattern:300_Inbound_211210121983026_14_211210121975025" version="271" />
                </TimetabledPassingTime>
                <TimetabledPassingTime id="OST:TimetabledPassingTime:211210122071914_16_06_13_00" version="271">
                  <DepartureTime>06:13:00</DepartureTime>
                  <StopPointInJourneyPatternRef ref="OST:StopPointInJourneyPattern:300_Inbound_211210121983026_16_211210121975025" version="271" />
                </TimetabledPassingTime>
                <TimetabledPassingTime id="OST:TimetabledPassingTime:211210122071914_17_06_15_00" version="271">
                  <ArrivalTime>06:15:00</ArrivalTime>
                  <StopPointInJourneyPatternRef ref="OST:StopPointInJourneyPattern:300_Inbound_211210121983026_17_211210121975025" version="271" />
                </TimetabledPassingTime>
              </passingTimes>
            </ServiceJourney>
            <ServiceJourney id="OST:ServiceJourney:300_211210122071916_6" publication="public" version="271">
              <Name>Halden</Name>
              <PrivateCode>6</PrivateCode>
              <dayTypes>
                <DayTypeRef ref="OST:DayType:121" />
              </dayTypes>
              <JourneyPatternRef ref="OST:JourneyPattern:300_Inbound_211210121983027_211210121975025" version="271" />
              <LineRef ref="OST:Line:1_300" version="271" />
              <OperatorRef ref="OST:Operator:152" />
              <passingTimes>
                <TimetabledPassingTime id="OST:TimetabledPassingTime:211210122071916_3_08_00_00" version="271">
                  <DepartureTime>08:00:00</DepartureTime>
                  <StopPointInJourneyPatternRef ref="OST:StopPointInJourneyPattern:300_Inbound_211210121983027_3_211210121975025" version="271" />
                </TimetabledPassingTime>
                <TimetabledPassingTime id="OST:TimetabledPassingTime:211210122071916_1_08_00_00" version="271">
                  <DepartureTime>08:00:00</DepartureTime>
                  <StopPointInJourneyPatternRef ref="OST:StopPointInJourneyPattern:300_Inbound_211210121983027_1_211210121975025" version="271" />
                </TimetabledPassingTime>
                <TimetabledPassingTime id="OST:TimetabledPassingTime:211210122071916_2_08_00_00" version="271">
                  <DepartureTime>08:00:00</DepartureTime>
                  <StopPointInJourneyPatternRef ref="OST:StopPointInJourneyPattern:300_Inbound_211210121983027_2_211210121975025" version="271" />
                </TimetabledPassingTime>
                <TimetabledPassingTime id="OST:TimetabledPassingTime:211210122071916_4_08_01_00" version="271">
                  <DepartureTime>08:01:00</DepartureTime>
                  <StopPointInJourneyPatternRef ref="OST:StopPointInJourneyPattern:300_Inbound_211210121983027_4_211210121975025" version="271" />
                </TimetabledPassingTime>
                <TimetabledPassingTime id="OST:TimetabledPassingTime:211210122071916_5_08_02_00" version="271">
                  <DepartureTime>08:02:00</DepartureTime>
                  <StopPointInJourneyPatternRef ref="OST:StopPointInJourneyPattern:300_Inbound_211210121983027_5_211210121975025" version="271" />
                </TimetabledPassingTime>
                <TimetabledPassingTime id="OST:TimetabledPassingTime:211210122071916_6_08_03_00" version="271">
                  <DepartureTime>08:03:00</DepartureTime>
                  <StopPointInJourneyPatternRef ref="OST:StopPointInJourneyPattern:300_Inbound_211210121983027_6_211210121975025" version="271" />
                </TimetabledPassingTime>
                <TimetabledPassingTime id="OST:TimetabledPassingTime:211210122071916_7_08_09_00" version="271">
                  <DepartureTime>08:09:00</DepartureTime>
                  <StopPointInJourneyPatternRef ref="OST:StopPointInJourneyPattern:300_Inbound_211210121983027_7_211210121975025" version="271" />
                </TimetabledPassingTime>
                <TimetabledPassingTime id="OST:TimetabledPassingTime:211210122071916_8_08_15_00" version="271">
                  <DepartureTime>08:15:00</DepartureTime>
                  <StopPointInJourneyPatternRef ref="OST:StopPointInJourneyPattern:300_Inbound_211210121983027_8_211210121975025" version="271" />
                </TimetabledPassingTime>
                <TimetabledPassingTime id="OST:TimetabledPassingTime:211210122071916_9_08_17_00" version="271">
                  <DepartureTime>08:17:00</DepartureTime>
                  <StopPointInJourneyPatternRef ref="OST:StopPointInJourneyPattern:300_Inbound_211210121983027_9_211210121975025" version="271" />
                </TimetabledPassingTime>
                <TimetabledPassingTime id="OST:TimetabledPassingTime:211210122071916_10_08_20_00" version="271">
                  <DepartureTime>08:20:00</DepartureTime>
                  <StopPointInJourneyPatternRef ref="OST:StopPointInJourneyPattern:300_Inbound_211210121983027_10_211210121975025" version="271" />
                </TimetabledPassingTime>
                <TimetabledPassingTime id="OST:TimetabledPassingTime:211210122071916_12_08_21_00" version="271">
                  <DepartureTime>08:21:00</DepartureTime>
                  <StopPointInJourneyPatternRef ref="OST:StopPointInJourneyPattern:300_Inbound_211210121983027_12_211210121975025" version="271" />
                </TimetabledPassingTime>
                <TimetabledPassingTime id="OST:TimetabledPassingTime:211210122071916_11_08_21_00" version="271">
                  <DepartureTime>08:21:00</DepartureTime>
                  <StopPointInJourneyPatternRef ref="OST:StopPointInJourneyPattern:300_Inbound_211210121983027_11_211210121975025" version="271" />
                </TimetabledPassingTime>
                <TimetabledPassingTime id="OST:TimetabledPassingTime:211210122071916_13_08_22_00" version="271">
                  <DepartureTime>08:22:00</DepartureTime>
                  <StopPointInJourneyPatternRef ref="OST:StopPointInJourneyPattern:300_Inbound_211210121983027_13_211210121975025" version="271" />
                </TimetabledPassingTime>
                <TimetabledPassingTime id="OST:TimetabledPassingTime:211210122071916_14_08_23_00" version="271">
                  <DepartureTime>08:23:00</DepartureTime>
                  <StopPointInJourneyPatternRef ref="OST:StopPointInJourneyPattern:300_Inbound_211210121983027_14_211210121975025" version="271" />
                </TimetabledPassingTime>
                <TimetabledPassingTime id="OST:TimetabledPassingTime:211210122071916_15_08_25_00" version="271">
                  <ArrivalTime>08:25:00</ArrivalTime>
                  <StopPointInJourneyPatternRef ref="OST:StopPointInJourneyPattern:300_Inbound_211210121983027_15_211210121975025" version="271" />
                </TimetabledPassingTime>
              </passingTimes>
            </ServiceJourney>
            <ServiceJourney id="OST:ServiceJourney:300_211210122071913_1" publication="public" version="271">
              <Name>Sørli-Isebakke</Name>
              <PrivateCode>1</PrivateCode>
              <dayTypes>
                <DayTypeRef ref="OST:DayType:101" />
              </dayTypes>
              <JourneyPatternRef ref="OST:JourneyPattern:300_Outbound_211210121983025_211210121975025" version="271" />
              <LineRef ref="OST:Line:1_300" version="271" />
              <OperatorRef ref="OST:Operator:152" />
              <passingTimes>
                <TimetabledPassingTime id="OST:TimetabledPassingTime:211210122071913_1_14_05_00" version="271">
                  <DepartureTime>14:05:00</DepartureTime>
                  <StopPointInJourneyPatternRef ref="OST:StopPointInJourneyPattern:300_Outbound_211210121983025_1_211210121975025" version="271" />
                </TimetabledPassingTime>
                <TimetabledPassingTime id="OST:TimetabledPassingTime:211210122071913_2_14_05_00" version="271">
                  <DepartureTime>14:05:00</DepartureTime>
                  <StopPointInJourneyPatternRef ref="OST:StopPointInJourneyPattern:300_Outbound_211210121983025_2_211210121975025" version="271" />
                </TimetabledPassingTime>
                <TimetabledPassingTime id="OST:TimetabledPassingTime:211210122071913_3_14_07_00" version="271">
                  <DepartureTime>14:07:00</DepartureTime>
                  <StopPointInJourneyPatternRef ref="OST:StopPointInJourneyPattern:300_Outbound_211210121983025_3_211210121975025" version="271" />
                </TimetabledPassingTime>
                <TimetabledPassingTime id="OST:TimetabledPassingTime:211210122071913_6_14_08_00" version="271">
                  <DepartureTime>14:08:00</DepartureTime>
                  <StopPointInJourneyPatternRef ref="OST:StopPointInJourneyPattern:300_Outbound_211210121983025_6_211210121975025" version="271" />
                </TimetabledPassingTime>
                <TimetabledPassingTime id="OST:TimetabledPassingTime:211210122071913_5_14_08_00" version="271">
                  <DepartureTime>14:08:00</DepartureTime>
                  <StopPointInJourneyPatternRef ref="OST:StopPointInJourneyPattern:300_Outbound_211210121983025_5_211210121975025" version="271" />
                </TimetabledPassingTime>
                <TimetabledPassingTime id="OST:TimetabledPassingTime:211210122071913_4_14_08_00" version="271">
                  <DepartureTime>14:08:00</DepartureTime>
                  <StopPointInJourneyPatternRef ref="OST:StopPointInJourneyPattern:300_Outbound_211210121983025_4_211210121975025" version="271" />
                </TimetabledPassingTime>
                <TimetabledPassingTime id="OST:TimetabledPassingTime:211210122071913_7_14_09_00" version="271">
                  <DepartureTime>14:09:00</DepartureTime>
                  <StopPointInJourneyPatternRef ref="OST:StopPointInJourneyPattern:300_Outbound_211210121983025_7_211210121975025" version="271" />
                </TimetabledPassingTime>
                <TimetabledPassingTime id="OST:TimetabledPassingTime:211210122071913_8_14_10_00" version="271">
                  <DepartureTime>14:10:00</DepartureTime>
                  <StopPointInJourneyPatternRef ref="OST:StopPointInJourneyPattern:300_Outbound_211210121983025_8_211210121975025" version="271" />
                </TimetabledPassingTime>
                <TimetabledPassingTime id="OST:TimetabledPassingTime:211210122071913_9_14_11_00" version="271">
                  <DepartureTime>14:11:00</DepartureTime>
                  <StopPointInJourneyPatternRef ref="OST:StopPointInJourneyPattern:300_Outbound_211210121983025_9_211210121975025" version="271" />
                </TimetabledPassingTime>
                <TimetabledPassingTime id="OST:TimetabledPassingTime:211210122071913_10_14_15_00" version="271">
                  <DepartureTime>14:15:00</DepartureTime>
                  <StopPointInJourneyPatternRef ref="OST:StopPointInJourneyPattern:300_Outbound_211210121983025_10_211210121975025" version="271" />
                </TimetabledPassingTime>
                <TimetabledPassingTime id="OST:TimetabledPassingTime:211210122071913_11_14_17_00" version="271">
                  <DepartureTime>14:17:00</DepartureTime>
                  <StopPointInJourneyPatternRef ref="OST:StopPointInJourneyPattern:300_Outbound_211210121983025_11_211210121975025" version="271" />
                </TimetabledPassingTime>
                <TimetabledPassingTime id="OST:TimetabledPassingTime:211210122071913_12_14_18_00" version="271">
                  <DepartureTime>14:18:00</DepartureTime>
                  <StopPointInJourneyPatternRef ref="OST:StopPointInJourneyPattern:300_Outbound_211210121983025_12_211210121975025" version="271" />
                </TimetabledPassingTime>
                <TimetabledPassingTime id="OST:TimetabledPassingTime:211210122071913_13_14_18_00" version="271">
                  <DepartureTime>14:18:00</DepartureTime>
                  <StopPointInJourneyPatternRef ref="OST:StopPointInJourneyPattern:300_Outbound_211210121983025_13_211210121975025" version="271" />
                </TimetabledPassingTime>
                <TimetabledPassingTime id="OST:TimetabledPassingTime:211210122071913_14_14_19_00" version="271">
                  <DepartureTime>14:19:00</DepartureTime>
                  <StopPointInJourneyPatternRef ref="OST:StopPointInJourneyPattern:300_Outbound_211210121983025_14_211210121975025" version="271" />
                </TimetabledPassingTime>
                <TimetabledPassingTime id="OST:TimetabledPassingTime:211210122071913_15_14_20_00" version="271">
                  <ArrivalTime>14:20:00</ArrivalTime>
                  <StopPointInJourneyPatternRef ref="OST:StopPointInJourneyPattern:300_Outbound_211210121983025_15_211210121975025" version="271" />
                </TimetabledPassingTime>
              </passingTimes>
            </ServiceJourney>
            <ServiceJourney id="OST:ServiceJourney:300_211210122071915_4" publication="public" version="271">
              <Name>Halden</Name>
              <PrivateCode>4</PrivateCode>
              <dayTypes>
                <DayTypeRef ref="OST:DayType:101" />
              </dayTypes>
              <JourneyPatternRef ref="OST:JourneyPattern:300_Inbound_211210121983026_211210121975025" version="271" />
              <LineRef ref="OST:Line:1_300" version="271" />
              <OperatorRef ref="OST:Operator:152" />
              <passingTimes>
                <TimetabledPassingTime id="OST:TimetabledPassingTime:211210122071915_2_06_30_00" version="271">
                  <DepartureTime>06:30:00</DepartureTime>
                  <StopPointInJourneyPatternRef ref="OST:StopPointInJourneyPattern:300_Inbound_211210121983026_2_211210121975025" version="271" />
                </TimetabledPassingTime>
                <TimetabledPassingTime id="OST:TimetabledPassingTime:211210122071915_1_06_30_00" version="271">
                  <DepartureTime>06:30:00</DepartureTime>
                  <StopPointInJourneyPatternRef ref="OST:StopPointInJourneyPattern:300_Inbound_211210121983026_1_211210121975025" version="271" />
                </TimetabledPassingTime>
                <TimetabledPassingTime id="OST:TimetabledPassingTime:211210122071915_3_06_30_00" version="271">
                  <DepartureTime>06:30:00</DepartureTime>
                  <StopPointInJourneyPatternRef ref="OST:StopPointInJourneyPattern:300_Inbound_211210121983026_3_211210121975025" version="271" />
                </TimetabledPassingTime>
                <TimetabledPassingTime id="OST:TimetabledPassingTime:211210122071915_4_06_31_00" version="271">
                  <DepartureTime>06:31:00</DepartureTime>
                  <StopPointInJourneyPatternRef ref="OST:StopPointInJourneyPattern:300_Inbound_211210121983026_4_211210121975025" version="271" />
                </TimetabledPassingTime>
                <TimetabledPassingTime id="OST:TimetabledPassingTime:211210122071915_6_06_32_00" version="271">
                  <DepartureTime>06:32:00</DepartureTime>
                  <StopPointInJourneyPatternRef ref="OST:StopPointInJourneyPattern:300_Inbound_211210121983026_6_211210121975025" version="271" />
                </TimetabledPassingTime>
                <TimetabledPassingTime id="OST:TimetabledPassingTime:211210122071915_5_06_32_00" version="271">
                  <DepartureTime>06:32:00</DepartureTime>
                  <StopPointInJourneyPatternRef ref="OST:StopPointInJourneyPattern:300_Inbound_211210121983026_5_211210121975025" version="271" />
                </TimetabledPassingTime>
                <TimetabledPassingTime id="OST:TimetabledPassingTime:211210122071915_7_06_35_00" version="271">
                  <DepartureTime>06:35:00</DepartureTime>
                  <StopPointInJourneyPatternRef ref="OST:StopPointInJourneyPattern:300_Inbound_211210121983026_7_211210121975025" version="271" />
                </TimetabledPassingTime>
                <TimetabledPassingTime id="OST:TimetabledPassingTime:211210122071915_8_06_37_00" version="271">
                  <DepartureTime>06:37:00</DepartureTime>
                  <StopPointInJourneyPatternRef ref="OST:StopPointInJourneyPattern:300_Inbound_211210121983026_8_211210121975025" version="271" />
                </TimetabledPassingTime>
                <TimetabledPassingTime id="OST:TimetabledPassingTime:211210122071915_9_06_39_00" version="271">
                  <DepartureTime>06:39:00</DepartureTime>
                  <StopPointInJourneyPatternRef ref="OST:StopPointInJourneyPattern:300_Inbound_211210121983026_9_211210121975025" version="271" />
                </TimetabledPassingTime>
                <TimetabledPassingTime id="OST:TimetabledPassingTime:211210122071915_10_06_39_00" version="271">
                  <DepartureTime>06:39:00</DepartureTime>
                  <StopPointInJourneyPatternRef ref="OST:StopPointInJourneyPattern:300_Inbound_211210121983026_10_211210121975025" version="271" />
                </TimetabledPassingTime>
                <TimetabledPassingTime id="OST:TimetabledPassingTime:211210122071915_11_06_40_00" version="271">
                  <DepartureTime>06:40:00</DepartureTime>
                  <StopPointInJourneyPatternRef ref="OST:StopPointInJourneyPattern:300_Inbound_211210121983026_11_211210121975025" version="271" />
                </TimetabledPassingTime>
                <TimetabledPassingTime id="OST:TimetabledPassingTime:211210122071915_12_06_40_00" version="271">
                  <DepartureTime>06:40:00</DepartureTime>
                  <StopPointInJourneyPatternRef ref="OST:StopPointInJourneyPattern:300_Inbound_211210121983026_12_211210121975025" version="271" />
                </TimetabledPassingTime>
                <TimetabledPassingTime id="OST:TimetabledPassingTime:211210122071915_13_06_41_00" version="271">
                  <DepartureTime>06:41:00</DepartureTime>
                  <StopPointInJourneyPatternRef ref="OST:StopPointInJourneyPattern:300_Inbound_211210121983026_13_211210121975025" version="271" />
                </TimetabledPassingTime>
                <TimetabledPassingTime id="OST:TimetabledPassingTime:211210122071915_15_06_42_00" version="271">
                  <DepartureTime>06:42:00</DepartureTime>
                  <StopPointInJourneyPatternRef ref="OST:StopPointInJourneyPattern:300_Inbound_211210121983026_15_211210121975025" version="271" />
                </TimetabledPassingTime>
                <TimetabledPassingTime id="OST:TimetabledPassingTime:211210122071915_14_06_42_00" version="271">
                  <DepartureTime>06:42:00</DepartureTime>
                  <StopPointInJourneyPatternRef ref="OST:StopPointInJourneyPattern:300_Inbound_211210121983026_14_211210121975025" version="271" />
                </TimetabledPassingTime>
                <TimetabledPassingTime id="OST:TimetabledPassingTime:211210122071915_16_06_43_00" version="271">
                  <DepartureTime>06:43:00</DepartureTime>
                  <StopPointInJourneyPatternRef ref="OST:StopPointInJourneyPattern:300_Inbound_211210121983026_16_211210121975025" version="271" />
                </TimetabledPassingTime>
                <TimetabledPassingTime id="OST:TimetabledPassingTime:211210122071915_17_06_45_00" version="271">
                  <ArrivalTime>06:45:00</ArrivalTime>
                  <StopPointInJourneyPatternRef ref="OST:StopPointInJourneyPattern:300_Inbound_211210121983026_17_211210121975025" version="271" />
                </TimetabledPassingTime>
              </passingTimes>
            </ServiceJourney>
          </vehicleJourneys>
        </TimetableFrame>
      </frames>
    </CompositeFrame>
  </dataObjects>
</PublicationDelivery>
