<?xml version="1.0" encoding="UTF-8"?>
<PublicationDelivery xmlns="http://www.netex.org.uk/netex" xmlns:gis="http://www.opengis.net/gml/3.2" xmlns:siri="http://www.siri.org.uk/siri" version="1.13:NO-NeTEx-networktimetable:1.3">
  <PublicationTimestamp>2022-05-26T00:05:35.012</PublicationTimestamp>
  <ParticipantRef>RB</ParticipantRef>
  <Description>Hafslund skole</Description>
  <dataObjects>
    <CompositeFrame created="2022-04-08T10:32:34.29" id="726650050" version="1">
      <validityConditions>
        <AvailabilityCondition id="482423536" version="1">
          <FromDate>2022-05-23T00:00:00</FromDate>
          <ToDate>2023-05-25T00:00:00</ToDate>
        </AvailabilityCondition>
      </validityConditions>
      <codespaces>
        <Codespace id="ost">
          <Xmlns>OST</Xmlns>
          <XmlnsUrl>http://www.rutebanken.org/ns/ost</XmlnsUrl>
        </Codespace>
        <Codespace id="nsr">
          <Xmlns>NSR</Xmlns>
          <XmlnsUrl>http://www.rutebanken.org/ns/nsr</XmlnsUrl>
        </Codespace>
      </codespaces>
      <FrameDefaults>
        <DefaultLocale>
          <TimeZone>Europe/Oslo</TimeZone>
          <DefaultLanguage>no</DefaultLanguage>
        </DefaultLocale>
      </FrameDefaults>
      <frames>
        <ServiceFrame id="1193766826" version="1">
          <routes>
            <Route id="OST:Route:155_Outbound_211210121982739_211210121975025" version="271">
              <Name>1-1</Name>
              <ShortName>1-1</ShortName>
              <LineRef ref="OST:Line:1_155" version="271" />
              <DirectionType>inbound</DirectionType>
              <pointsInSequence>
                <PointOnRoute id="OST:PointOnRoute:7417895" order="7" version="271">
                  <RoutePointRef ref="OST:RoutePoint:1054775_1" />
                </PointOnRoute>
                <PointOnRoute id="OST:PointOnRoute:7417891" order="3" version="271">
                  <RoutePointRef ref="OST:RoutePoint:1054755_1" />
                </PointOnRoute>
                <PointOnRoute id="OST:PointOnRoute:7417898" order="10" version="271">
                  <RoutePointRef ref="OST:RoutePoint:1054790_1" />
                </PointOnRoute>
                <PointOnRoute id="OST:PointOnRoute:7417897" order="9" version="271">
                  <RoutePointRef ref="OST:RoutePoint:1054785_1" />
                </PointOnRoute>
                <PointOnRoute id="OST:PointOnRoute:7417900" order="12" version="271">
                  <RoutePointRef ref="OST:RoutePoint:1054800_1" />
                </PointOnRoute>
                <PointOnRoute id="OST:PointOnRoute:7417896" order="8" version="271">
                  <RoutePointRef ref="OST:RoutePoint:1054780_1" />
                </PointOnRoute>
                <PointOnRoute id="OST:PointOnRoute:7417892" order="4" version="271">
                  <RoutePointRef ref="OST:RoutePoint:1054760_1" />
                </PointOnRoute>
                <PointOnRoute id="OST:PointOnRoute:7417902" order="14" version="271">
                  <RoutePointRef ref="OST:RoutePoint:1054205_4" />
                </PointOnRoute>
                <PointOnRoute id="OST:PointOnRoute:7417893" order="5" version="271">
                  <RoutePointRef ref="OST:RoutePoint:1054765_1" />
                </PointOnRoute>
                <PointOnRoute id="OST:PointOnRoute:7417894" order="6" version="271">
                  <RoutePointRef ref="OST:RoutePoint:1054770_1" />
                </PointOnRoute>
                <PointOnRoute id="OST:PointOnRoute:7417890" order="2" version="271">
                  <RoutePointRef ref="OST:RoutePoint:1054750_3" />
                </PointOnRoute>
                <PointOnRoute id="OST:PointOnRoute:7417889" order="1" version="271">
                  <RoutePointRef ref="OST:RoutePoint:1054751_2" />
                </PointOnRoute>
                <PointOnRoute id="OST:PointOnRoute:7417899" order="11" version="271">
                  <RoutePointRef ref="OST:RoutePoint:1054795_1" />
                </PointOnRoute>
                <PointOnRoute id="OST:PointOnRoute:7417901" order="13" version="271">
                  <RoutePointRef ref="OST:RoutePoint:1054805_1" />
                </PointOnRoute>
              </pointsInSequence>
            </Route>
            <Route id="OST:Route:155_Inbound_211210121982740_211210121975025" version="271">
              <Name>2-2</Name>
              <ShortName>2-2</ShortName>
              <LineRef ref="OST:Line:1_155" version="271" />
              <DirectionType>outbound</DirectionType>
              <pointsInSequence>
                <PointOnRoute id="OST:PointOnRoute:7417905" order="3" version="271">
                  <RoutePointRef ref="OST:RoutePoint:1054805_2" />
                </PointOnRoute>
                <PointOnRoute id="OST:PointOnRoute:7417908" order="6" version="271">
                  <RoutePointRef ref="OST:RoutePoint:1054790_2" />
                </PointOnRoute>
                <PointOnRoute id="OST:PointOnRoute:7417911" order="9" version="271">
                  <RoutePointRef ref="OST:RoutePoint:1054775_2" />
                </PointOnRoute>
                <PointOnRoute id="OST:PointOnRoute:7417903" order="1" version="271">
                  <RoutePointRef ref="OST:RoutePoint:1054205_4" />
                </PointOnRoute>
                <PointOnRoute id="OST:PointOnRoute:7417906" order="4" version="271">
                  <RoutePointRef ref="OST:RoutePoint:1054800_2" />
                </PointOnRoute>
                <PointOnRoute id="OST:PointOnRoute:7417912" order="10" version="271">
                  <RoutePointRef ref="OST:RoutePoint:1054770_2" />
                </PointOnRoute>
                <PointOnRoute id="OST:PointOnRoute:7417909" order="7" version="271">
                  <RoutePointRef ref="OST:RoutePoint:1054785_2" />
                </PointOnRoute>
                <PointOnRoute id="OST:PointOnRoute:7417913" order="11" version="271">
                  <RoutePointRef ref="OST:RoutePoint:1054765_2" />
                </PointOnRoute>
                <PointOnRoute id="OST:PointOnRoute:7417915" order="13" version="271">
                  <RoutePointRef ref="OST:RoutePoint:1054755_2" />
                </PointOnRoute>
                <PointOnRoute id="OST:PointOnRoute:7417910" order="8" version="271">
                  <RoutePointRef ref="OST:RoutePoint:1054780_2" />
                </PointOnRoute>
                <PointOnRoute id="OST:PointOnRoute:7417907" order="5" version="271">
                  <RoutePointRef ref="OST:RoutePoint:1054795_2" />
                </PointOnRoute>
                <PointOnRoute id="OST:PointOnRoute:7417916" order="14" version="271">
                  <RoutePointRef ref="OST:RoutePoint:1054750_4" />
                </PointOnRoute>
                <PointOnRoute id="OST:PointOnRoute:7417904" order="2" version="271">
                  <RoutePointRef ref="OST:RoutePoint:1054200_1" />
                </PointOnRoute>
                <PointOnRoute id="OST:PointOnRoute:7417917" order="15" version="271">
                  <RoutePointRef ref="OST:RoutePoint:1054751_1" />
                </PointOnRoute>
                <PointOnRoute id="OST:PointOnRoute:7417914" order="12" version="271">
                  <RoutePointRef ref="OST:RoutePoint:1054760_2" />
                </PointOnRoute>
              </pointsInSequence>
            </Route>
            <Route id="OST:Route:155_Inbound_211210121982741_211210121975025" version="271">
              <Name>2-3</Name>
              <ShortName>2-3</ShortName>
              <LineRef ref="OST:Line:1_155" version="271" />
              <DirectionType>outbound</DirectionType>
              <pointsInSequence>
                <PointOnRoute id="OST:PointOnRoute:7417922" order="5" version="271">
                  <RoutePointRef ref="OST:RoutePoint:1054665_1" />
                </PointOnRoute>
                <PointOnRoute id="OST:PointOnRoute:7417918" order="1" version="271">
                  <RoutePointRef ref="OST:RoutePoint:1054205_4" />
                </PointOnRoute>
                <PointOnRoute id="OST:PointOnRoute:7417921" order="4" version="271">
                  <RoutePointRef ref="OST:RoutePoint:1054660_1" />
                </PointOnRoute>
                <PointOnRoute id="OST:PointOnRoute:7417929" order="12" version="271">
                  <RoutePointRef ref="OST:RoutePoint:1056070_1" />
                </PointOnRoute>
                <PointOnRoute id="OST:PointOnRoute:7417919" order="2" version="271">
                  <RoutePointRef ref="OST:RoutePoint:1054650_1" />
                </PointOnRoute>
                <PointOnRoute id="OST:PointOnRoute:7417927" order="10" version="271">
                  <RoutePointRef ref="OST:RoutePoint:1054235_1" />
                </PointOnRoute>
                <PointOnRoute id="OST:PointOnRoute:7417920" order="3" version="271">
                  <RoutePointRef ref="OST:RoutePoint:1054655_1" />
                </PointOnRoute>
                <PointOnRoute id="OST:PointOnRoute:7417928" order="11" version="271">
                  <RoutePointRef ref="OST:RoutePoint:1056071_1" />
                </PointOnRoute>
                <PointOnRoute id="OST:PointOnRoute:7417925" order="8" version="271">
                  <RoutePointRef ref="OST:RoutePoint:1054680_1" />
                </PointOnRoute>
                <PointOnRoute id="OST:PointOnRoute:7417926" order="9" version="271">
                  <RoutePointRef ref="OST:RoutePoint:1056005_1" />
                </PointOnRoute>
                <PointOnRoute id="OST:PointOnRoute:7417923" order="6" version="271">
                  <RoutePointRef ref="OST:RoutePoint:1054666_1" />
                </PointOnRoute>
                <PointOnRoute id="OST:PointOnRoute:7417924" order="7" version="271">
                  <RoutePointRef ref="OST:RoutePoint:1054675_1" />
                </PointOnRoute>
              </pointsInSequence>
            </Route>
          </routes>
          <lines>
            <Line id="OST:Line:1_155" version="271">
              <Name>Hafslund skole</Name>
              <TransportMode>bus</TransportMode>
              <TransportSubmode>
                <BusSubmode>localBus</BusSubmode>
              </TransportSubmode>
              <PublicCode>155</PublicCode>
              <PrivateCode>155</PrivateCode>
              <OperatorRef ref="OST:Operator:152" />
              <RepresentedByGroupRef ref="OST:GroupOfLines:bus_1" />
            </Line>
          </lines>
          <journeyPatterns>
            <JourneyPattern id="OST:JourneyPattern:155_Outbound_211210121982739_211210121975025" version="271">
              <Name>1-1</Name>
              <RouteRef ref="OST:Route:155_Outbound_211210121982739_211210121975025" version="271" />
              <pointsInSequence>
                <StopPointInJourneyPattern order="7" id="OST:StopPointInJourneyPattern:155_Outbound_211210121982739_7_211210121975025" version="271">
                  <ScheduledStopPointRef ref="OST:ScheduledStopPoint:1054775_1" />
                </StopPointInJourneyPattern>
                <StopPointInJourneyPattern order="10" id="OST:StopPointInJourneyPattern:155_Outbound_211210121982739_10_211210121975025" version="271">
                  <ScheduledStopPointRef ref="OST:ScheduledStopPoint:1054790_1" />
                </StopPointInJourneyPattern>
                <StopPointInJourneyPattern order="9" id="OST:StopPointInJourneyPattern:155_Outbound_211210121982739_9_211210121975025" version="271">
                  <ScheduledStopPointRef ref="OST:ScheduledStopPoint:1054785_1" />
                </StopPointInJourneyPattern>
                <StopPointInJourneyPattern order="6" id="OST:StopPointInJourneyPattern:155_Outbound_211210121982739_6_211210121975025" version="271">
                  <ScheduledStopPointRef ref="OST:ScheduledStopPoint:1054770_1" />
                </StopPointInJourneyPattern>
                <StopPointInJourneyPattern order="8" id="OST:StopPointInJourneyPattern:155_Outbound_211210121982739_8_211210121975025" version="271">
                  <ScheduledStopPointRef ref="OST:ScheduledStopPoint:1054780_1" />
                </StopPointInJourneyPattern>
                <StopPointInJourneyPattern order="3" id="OST:StopPointInJourneyPattern:155_Outbound_211210121982739_3_211210121975025" version="271">
                  <ScheduledStopPointRef ref="OST:ScheduledStopPoint:1054755_1" />
                </StopPointInJourneyPattern>
                <StopPointInJourneyPattern order="2" id="OST:StopPointInJourneyPattern:155_Outbound_211210121982739_2_211210121975025" version="271">
                  <ScheduledStopPointRef ref="OST:ScheduledStopPoint:1054750_3" />
                </StopPointInJourneyPattern>
                <StopPointInJourneyPattern order="5" id="OST:StopPointInJourneyPattern:155_Outbound_211210121982739_5_211210121975025" version="271">
                  <ScheduledStopPointRef ref="OST:ScheduledStopPoint:1054765_1" />
                </StopPointInJourneyPattern>
                <StopPointInJourneyPattern order="11" id="OST:StopPointInJourneyPattern:155_Outbound_211210121982739_11_211210121975025" version="271">
                  <ScheduledStopPointRef ref="OST:ScheduledStopPoint:1054795_1" />
                </StopPointInJourneyPattern>
                <StopPointInJourneyPattern order="13" id="OST:StopPointInJourneyPattern:155_Outbound_211210121982739_13_211210121975025" version="271">
                  <ScheduledStopPointRef ref="OST:ScheduledStopPoint:1054805_1" />
                </StopPointInJourneyPattern>
                <StopPointInJourneyPattern order="14" id="OST:StopPointInJourneyPattern:155_Outbound_211210121982739_14_211210121975025" version="271">
                  <ForBoarding>false</ForBoarding>
                  <ScheduledStopPointRef ref="OST:ScheduledStopPoint:1054205_4" />
                </StopPointInJourneyPattern>
                <StopPointInJourneyPattern order="1" id="OST:StopPointInJourneyPattern:155_Outbound_211210121982739_1_211210121975025" version="271">
                  <ForAlighting>false</ForAlighting>
                  <DestinationDisplayRef ref="OST:DestinationDisplay:165" />
                  <ScheduledStopPointRef ref="OST:ScheduledStopPoint:1054751_2" />
                </StopPointInJourneyPattern>
                <StopPointInJourneyPattern order="4" id="OST:StopPointInJourneyPattern:155_Outbound_211210121982739_4_211210121975025" version="271">
                  <ScheduledStopPointRef ref="OST:ScheduledStopPoint:1054760_1" />
                </StopPointInJourneyPattern>
                <StopPointInJourneyPattern order="12" id="OST:StopPointInJourneyPattern:155_Outbound_211210121982739_12_211210121975025" version="271">
                  <ScheduledStopPointRef ref="OST:ScheduledStopPoint:1054800_1" />
                </StopPointInJourneyPattern>
              </pointsInSequence>
              <linksInSequence>
                <ServiceLinkInJourneyPattern order="5" id="OST:ServiceLinkInJourneyPattern:7417935" version="271">
                  <ServiceLinkRef ref="OST:ServiceLink:200811072685298_1_200811072685303_1_202" />
                </ServiceLinkInJourneyPattern>
                <ServiceLinkInJourneyPattern order="9" id="OST:ServiceLinkInJourneyPattern:7417939" version="271">
                  <ServiceLinkRef ref="OST:ServiceLink:200811072685319_1_200811072685324_1_371" />
                </ServiceLinkInJourneyPattern>
                <ServiceLinkInJourneyPattern order="7" id="OST:ServiceLinkInJourneyPattern:7417937" version="271">
                  <ServiceLinkRef ref="OST:ServiceLink:200811072685308_1_200811072685314_1_331" />
                </ServiceLinkInJourneyPattern>
                <ServiceLinkInJourneyPattern order="10" id="OST:ServiceLinkInJourneyPattern:7417940" version="271">
                  <ServiceLinkRef ref="OST:ServiceLink:200811072685324_1_200811072685329_1_222" />
                </ServiceLinkInJourneyPattern>
                <ServiceLinkInJourneyPattern order="4" id="OST:ServiceLinkInJourneyPattern:7417934" version="271">
                  <ServiceLinkRef ref="OST:ServiceLink:200811072685293_1_200811072685298_1_261" />
                </ServiceLinkInJourneyPattern>
                <ServiceLinkInJourneyPattern order="1" id="OST:ServiceLinkInJourneyPattern:7417930" version="271">
                  <ServiceLinkRef ref="OST:ServiceLink:200811072685285_2_200811072685278_3_1132" />
                </ServiceLinkInJourneyPattern>
                <ServiceLinkInJourneyPattern order="11" id="OST:ServiceLinkInJourneyPattern:7417941" version="271">
                  <ServiceLinkRef ref="OST:ServiceLink:200811072685329_1_200811072685334_1_87" />
                </ServiceLinkInJourneyPattern>
                <ServiceLinkInJourneyPattern order="12" id="OST:ServiceLinkInJourneyPattern:7417942" version="271">
                  <ServiceLinkRef ref="OST:ServiceLink:200811072685334_1_200811072685339_1_522" />
                </ServiceLinkInJourneyPattern>
                <ServiceLinkInJourneyPattern order="8" id="OST:ServiceLinkInJourneyPattern:7417938" version="271">
                  <ServiceLinkRef ref="OST:ServiceLink:200811072685314_1_200811072685319_1_220" />
                </ServiceLinkInJourneyPattern>
                <ServiceLinkInJourneyPattern order="3" id="OST:ServiceLinkInJourneyPattern:7417933" version="271">
                  <ServiceLinkRef ref="OST:ServiceLink:200811072685288_1_200811072685293_1_341" />
                </ServiceLinkInJourneyPattern>
                <ServiceLinkInJourneyPattern order="6" id="OST:ServiceLinkInJourneyPattern:7417936" version="271">
                  <ServiceLinkRef ref="OST:ServiceLink:200811072685303_1_200811072685308_1_223" />
                </ServiceLinkInJourneyPattern>
                <ServiceLinkInJourneyPattern order="13" id="OST:ServiceLinkInJourneyPattern:7417943" version="271">
                  <ServiceLinkRef ref="OST:ServiceLink:200811072685339_1_200811072684956_4_287" />
                </ServiceLinkInJourneyPattern>
                <ServiceLinkInJourneyPattern order="2" id="OST:ServiceLinkInJourneyPattern:7417932" version="271">
                  <ServiceLinkRef ref="OST:ServiceLink:200811072685278_3_200811072685288_1_322" />
                </ServiceLinkInJourneyPattern>
              </linksInSequence>
            </JourneyPattern>
            <JourneyPattern id="OST:JourneyPattern:155_Inbound_211210121982740_211210121975025" version="271">
              <Name>2-2</Name>
              <RouteRef ref="OST:Route:155_Inbound_211210121982740_211210121975025" version="271" />
              <pointsInSequence>
                <StopPointInJourneyPattern order="10" id="OST:StopPointInJourneyPattern:155_Inbound_211210121982740_10_211210121975025" version="271">
                  <ScheduledStopPointRef ref="OST:ScheduledStopPoint:1054770_2" />
                </StopPointInJourneyPattern>
                <StopPointInJourneyPattern order="11" id="OST:StopPointInJourneyPattern:155_Inbound_211210121982740_11_211210121975025" version="271">
                  <ScheduledStopPointRef ref="OST:ScheduledStopPoint:1054765_2" />
                </StopPointInJourneyPattern>
                <StopPointInJourneyPattern order="7" id="OST:StopPointInJourneyPattern:155_Inbound_211210121982740_7_211210121975025" version="271">
                  <ScheduledStopPointRef ref="OST:ScheduledStopPoint:1054785_2" />
                </StopPointInJourneyPattern>
                <StopPointInJourneyPattern order="13" id="OST:StopPointInJourneyPattern:155_Inbound_211210121982740_13_211210121975025" version="271">
                  <ScheduledStopPointRef ref="OST:ScheduledStopPoint:1054755_2" />
                </StopPointInJourneyPattern>
                <StopPointInJourneyPattern order="12" id="OST:StopPointInJourneyPattern:155_Inbound_211210121982740_12_211210121975025" version="271">
                  <ScheduledStopPointRef ref="OST:ScheduledStopPoint:1054760_2" />
                </StopPointInJourneyPattern>
                <StopPointInJourneyPattern order="14" id="OST:StopPointInJourneyPattern:155_Inbound_211210121982740_14_211210121975025" version="271">
                  <ScheduledStopPointRef ref="OST:ScheduledStopPoint:1054750_4" />
                </StopPointInJourneyPattern>
                <StopPointInJourneyPattern order="6" id="OST:StopPointInJourneyPattern:155_Inbound_211210121982740_6_211210121975025" version="271">
                  <ScheduledStopPointRef ref="OST:ScheduledStopPoint:1054790_2" />
                </StopPointInJourneyPattern>
                <StopPointInJourneyPattern order="4" id="OST:StopPointInJourneyPattern:155_Inbound_211210121982740_4_211210121975025" version="271">
                  <ScheduledStopPointRef ref="OST:ScheduledStopPoint:1054800_2" />
                </StopPointInJourneyPattern>
                <StopPointInJourneyPattern order="5" id="OST:StopPointInJourneyPattern:155_Inbound_211210121982740_5_211210121975025" version="271">
                  <ScheduledStopPointRef ref="OST:ScheduledStopPoint:1054795_2" />
                </StopPointInJourneyPattern>
                <StopPointInJourneyPattern order="1" id="OST:StopPointInJourneyPattern:155_Inbound_211210121982740_1_211210121975025" version="271">
                  <ForAlighting>false</ForAlighting>
                  <DestinationDisplayRef ref="OST:DestinationDisplay:335" />
                  <ScheduledStopPointRef ref="OST:ScheduledStopPoint:1054205_4" />
                </StopPointInJourneyPattern>
                <StopPointInJourneyPattern order="15" id="OST:StopPointInJourneyPattern:155_Inbound_211210121982740_15_211210121975025" version="271">
                  <ForBoarding>false</ForBoarding>
                  <ScheduledStopPointRef ref="OST:ScheduledStopPoint:1054751_1" />
                </StopPointInJourneyPattern>
                <StopPointInJourneyPattern order="9" id="OST:StopPointInJourneyPattern:155_Inbound_211210121982740_9_211210121975025" version="271">
                  <ScheduledStopPointRef ref="OST:ScheduledStopPoint:1054775_2" />
                </StopPointInJourneyPattern>
                <StopPointInJourneyPattern order="2" id="OST:StopPointInJourneyPattern:155_Inbound_211210121982740_2_211210121975025" version="271">
                  <ScheduledStopPointRef ref="OST:ScheduledStopPoint:1054200_1" />
                </StopPointInJourneyPattern>
                <StopPointInJourneyPattern order="8" id="OST:StopPointInJourneyPattern:155_Inbound_211210121982740_8_211210121975025" version="271">
                  <ScheduledStopPointRef ref="OST:ScheduledStopPoint:1054780_2" />
                </StopPointInJourneyPattern>
                <StopPointInJourneyPattern order="3" id="OST:StopPointInJourneyPattern:155_Inbound_211210121982740_3_211210121975025" version="271">
                  <ScheduledStopPointRef ref="OST:ScheduledStopPoint:1054805_2" />
                </StopPointInJourneyPattern>
              </pointsInSequence>
              <linksInSequence>
                <ServiceLinkInJourneyPattern order="10" id="OST:ServiceLinkInJourneyPattern:7417963" version="271">
                  <ServiceLinkRef ref="OST:ServiceLink:200811072685305_2_200811072685300_2_194" />
                </ServiceLinkInJourneyPattern>
                <ServiceLinkInJourneyPattern order="7" id="OST:ServiceLinkInJourneyPattern:7417957" version="271">
                  <ServiceLinkRef ref="OST:ServiceLink:200811072685321_2_200811072685316_2_258" />
                </ServiceLinkInJourneyPattern>
                <ServiceLinkInJourneyPattern order="3" id="OST:ServiceLinkInJourneyPattern:7417949" version="271">
                  <ServiceLinkRef ref="OST:ServiceLink:200811072685341_2_200811072685336_2_537" />
                </ServiceLinkInJourneyPattern>
                <ServiceLinkInJourneyPattern order="14" id="OST:ServiceLinkInJourneyPattern:7417971" version="271">
                  <ServiceLinkRef ref="OST:ServiceLink:200811072685280_4_200811072685283_1_1131" />
                </ServiceLinkInJourneyPattern>
                <ServiceLinkInJourneyPattern order="5" id="OST:ServiceLinkInJourneyPattern:7417953" version="271">
                  <ServiceLinkRef ref="OST:ServiceLink:200811072685331_2_200811072685326_2_238" />
                </ServiceLinkInJourneyPattern>
                <ServiceLinkInJourneyPattern order="9" id="OST:ServiceLinkInJourneyPattern:7417961" version="271">
                  <ServiceLinkRef ref="OST:ServiceLink:200811072685311_2_200811072685305_2_226" />
                </ServiceLinkInJourneyPattern>
                <ServiceLinkInJourneyPattern order="6" id="OST:ServiceLinkInJourneyPattern:7417955" version="271">
                  <ServiceLinkRef ref="OST:ServiceLink:200811072685326_2_200811072685321_2_334" />
                </ServiceLinkInJourneyPattern>
                <ServiceLinkInJourneyPattern order="2" id="OST:ServiceLinkInJourneyPattern:7417947" version="271">
                  <ServiceLinkRef ref="OST:ServiceLink:200811072684947_1_200811072685341_2_296" />
                </ServiceLinkInJourneyPattern>
                <ServiceLinkInJourneyPattern order="13" id="OST:ServiceLinkInJourneyPattern:7417969" version="271">
                  <ServiceLinkRef ref="OST:ServiceLink:200811072685290_2_200811072685280_4_285" />
                </ServiceLinkInJourneyPattern>
                <ServiceLinkInJourneyPattern order="4" id="OST:ServiceLinkInJourneyPattern:7417951" version="271">
                  <ServiceLinkRef ref="OST:ServiceLink:200811072685336_2_200811072685331_2_61" />
                </ServiceLinkInJourneyPattern>
                <ServiceLinkInJourneyPattern order="11" id="OST:ServiceLinkInJourneyPattern:7417965" version="271">
                  <ServiceLinkRef ref="OST:ServiceLink:200811072685300_2_200811072685295_2_258" />
                </ServiceLinkInJourneyPattern>
                <ServiceLinkInJourneyPattern order="8" id="OST:ServiceLinkInJourneyPattern:7417959" version="271">
                  <ServiceLinkRef ref="OST:ServiceLink:200811072685316_2_200811072685311_2_332" />
                </ServiceLinkInJourneyPattern>
                <ServiceLinkInJourneyPattern order="1" id="OST:ServiceLinkInJourneyPattern:7417945" version="271">
                  <ServiceLinkRef ref="OST:ServiceLink:200811072684956_4_200811072684947_1_714" />
                </ServiceLinkInJourneyPattern>
                <ServiceLinkInJourneyPattern order="12" id="OST:ServiceLinkInJourneyPattern:7417967" version="271">
                  <ServiceLinkRef ref="OST:ServiceLink:200811072685295_2_200811072685290_2_382" />
                </ServiceLinkInJourneyPattern>
              </linksInSequence>
            </JourneyPattern>
            <JourneyPattern id="OST:JourneyPattern:155_Inbound_211210121982741_211210121975025" version="271">
              <Name>2-3</Name>
              <RouteRef ref="OST:Route:155_Inbound_211210121982741_211210121975025" version="271" />
              <pointsInSequence>
                <StopPointInJourneyPattern order="6" id="OST:StopPointInJourneyPattern:155_Inbound_211210121982741_6_211210121975025" version="271">
                  <ScheduledStopPointRef ref="OST:ScheduledStopPoint:1054666_1" />
                </StopPointInJourneyPattern>
                <StopPointInJourneyPattern order="1" id="OST:StopPointInJourneyPattern:155_Inbound_211210121982741_1_211210121975025" version="271">
                  <ForAlighting>false</ForAlighting>
                  <DestinationDisplayRef ref="OST:DestinationDisplay:194" />
                  <ScheduledStopPointRef ref="OST:ScheduledStopPoint:1054205_4" />
                </StopPointInJourneyPattern>
                <StopPointInJourneyPattern order="8" id="OST:StopPointInJourneyPattern:155_Inbound_211210121982741_8_211210121975025" version="271">
                  <ScheduledStopPointRef ref="OST:ScheduledStopPoint:1054680_1" />
                </StopPointInJourneyPattern>
                <StopPointInJourneyPattern order="3" id="OST:StopPointInJourneyPattern:155_Inbound_211210121982741_3_211210121975025" version="271">
                  <ScheduledStopPointRef ref="OST:ScheduledStopPoint:1054655_1" />
                </StopPointInJourneyPattern>
                <StopPointInJourneyPattern order="2" id="OST:StopPointInJourneyPattern:155_Inbound_211210121982741_2_211210121975025" version="271">
                  <ScheduledStopPointRef ref="OST:ScheduledStopPoint:1054650_1" />
                </StopPointInJourneyPattern>
                <StopPointInJourneyPattern order="12" id="OST:StopPointInJourneyPattern:155_Inbound_211210121982741_12_211210121975025" version="271">
                  <ForBoarding>false</ForBoarding>
                  <ScheduledStopPointRef ref="OST:ScheduledStopPoint:1056070_1" />
                </StopPointInJourneyPattern>
                <StopPointInJourneyPattern order="4" id="OST:StopPointInJourneyPattern:155_Inbound_211210121982741_4_211210121975025" version="271">
                  <ScheduledStopPointRef ref="OST:ScheduledStopPoint:1054660_1" />
                </StopPointInJourneyPattern>
                <StopPointInJourneyPattern order="9" id="OST:StopPointInJourneyPattern:155_Inbound_211210121982741_9_211210121975025" version="271">
                  <ScheduledStopPointRef ref="OST:ScheduledStopPoint:1056005_1" />
                </StopPointInJourneyPattern>
                <StopPointInJourneyPattern order="10" id="OST:StopPointInJourneyPattern:155_Inbound_211210121982741_10_211210121975025" version="271">
                  <ScheduledStopPointRef ref="OST:ScheduledStopPoint:1054235_1" />
                </StopPointInJourneyPattern>
                <StopPointInJourneyPattern order="5" id="OST:StopPointInJourneyPattern:155_Inbound_211210121982741_5_211210121975025" version="271">
                  <ScheduledStopPointRef ref="OST:ScheduledStopPoint:1054665_1" />
                </StopPointInJourneyPattern>
                <StopPointInJourneyPattern order="7" id="OST:StopPointInJourneyPattern:155_Inbound_211210121982741_7_211210121975025" version="271">
                  <ScheduledStopPointRef ref="OST:ScheduledStopPoint:1054675_1" />
                </StopPointInJourneyPattern>
                <StopPointInJourneyPattern order="11" id="OST:StopPointInJourneyPattern:155_Inbound_211210121982741_11_211210121975025" version="271">
                  <ScheduledStopPointRef ref="OST:ScheduledStopPoint:1056071_1" />
                </StopPointInJourneyPattern>
              </pointsInSequence>
              <linksInSequence>
                <ServiceLinkInJourneyPattern order="3" id="OST:ServiceLinkInJourneyPattern:7417977" version="271">
                  <ServiceLinkRef ref="OST:ServiceLink:200811072685202_1_200811072685207_1_188" />
                </ServiceLinkInJourneyPattern>
                <ServiceLinkInJourneyPattern order="8" id="OST:ServiceLinkInJourneyPattern:7417987" version="271">
                  <ServiceLinkRef ref="OST:ServiceLink:200811072685227_1_200811072685793_1_228" />
                </ServiceLinkInJourneyPattern>
                <ServiceLinkInJourneyPattern order="11" id="OST:ServiceLinkInJourneyPattern:7417993" version="271">
                  <ServiceLinkRef ref="OST:ServiceLink:200811072685829_1_200811072685824_1_427" />
                </ServiceLinkInJourneyPattern>
                <ServiceLinkInJourneyPattern order="7" id="OST:ServiceLinkInJourneyPattern:7417985" version="271">
                  <ServiceLinkRef ref="OST:ServiceLink:200811072685222_1_200811072685227_1_139" />
                </ServiceLinkInJourneyPattern>
                <ServiceLinkInJourneyPattern order="10" id="OST:ServiceLinkInJourneyPattern:7417991" version="271">
                  <ServiceLinkRef ref="OST:ServiceLink:200811072684987_1_200811072685829_1_649" />
                </ServiceLinkInJourneyPattern>
                <ServiceLinkInJourneyPattern order="5" id="OST:ServiceLinkInJourneyPattern:7417981" version="271">
                  <ServiceLinkRef ref="OST:ServiceLink:200811072685212_1_200811072685217_1_393" />
                </ServiceLinkInJourneyPattern>
                <ServiceLinkInJourneyPattern order="2" id="OST:ServiceLinkInJourneyPattern:7417975" version="271">
                  <ServiceLinkRef ref="OST:ServiceLink:200811072685197_1_200811072685202_1_275" />
                </ServiceLinkInJourneyPattern>
                <ServiceLinkInJourneyPattern order="9" id="OST:ServiceLinkInJourneyPattern:7417989" version="271">
                  <ServiceLinkRef ref="OST:ServiceLink:200811072685793_1_200811072684987_1_265" />
                </ServiceLinkInJourneyPattern>
                <ServiceLinkInJourneyPattern order="1" id="OST:ServiceLinkInJourneyPattern:7417973" version="271">
                  <ServiceLinkRef ref="OST:ServiceLink:200811072684956_4_200811072685197_1_952" />
                </ServiceLinkInJourneyPattern>
                <ServiceLinkInJourneyPattern order="6" id="OST:ServiceLinkInJourneyPattern:7417983" version="271">
                  <ServiceLinkRef ref="OST:ServiceLink:200811072685217_1_200811072685222_1_270" />
                </ServiceLinkInJourneyPattern>
                <ServiceLinkInJourneyPattern order="4" id="OST:ServiceLinkInJourneyPattern:7417979" version="271">
                  <ServiceLinkRef ref="OST:ServiceLink:200811072685207_1_200811072685212_1_441" />
                </ServiceLinkInJourneyPattern>
              </linksInSequence>
            </JourneyPattern>
          </journeyPatterns>
        </ServiceFrame>
        <TimetableFrame id="1075198759" version="1">
          <vehicleJourneys>
            <ServiceJourney id="OST:ServiceJourney:155_211210122070551_6" publication="public" version="271">
              <Name>Hevingen</Name>
              <PrivateCode>6</PrivateCode>
              <dayTypes>
                <DayTypeRef ref="OST:DayType:93" />
              </dayTypes>
              <JourneyPatternRef ref="OST:JourneyPattern:155_Inbound_211210121982741_211210121975025" version="271" />
              <LineRef ref="OST:Line:1_155" version="271" />
              <OperatorRef ref="OST:Operator:152" />
              <passingTimes>
                <TimetabledPassingTime id="OST:TimetabledPassingTime:211210122070551_1_13_25_00" version="271">
                  <DepartureTime>13:25:00</DepartureTime>
                  <StopPointInJourneyPatternRef ref="OST:StopPointInJourneyPattern:155_Inbound_211210121982741_1_211210121975025" version="271" />
                </TimetabledPassingTime>
                <TimetabledPassingTime id="OST:TimetabledPassingTime:211210122070551_2_13_26_00" version="271">
                  <DepartureTime>13:26:00</DepartureTime>
                  <StopPointInJourneyPatternRef ref="OST:StopPointInJourneyPattern:155_Inbound_211210121982741_2_211210121975025" version="271" />
                </TimetabledPassingTime>
                <TimetabledPassingTime id="OST:TimetabledPassingTime:211210122070551_3_13_27_00" version="271">
                  <DepartureTime>13:27:00</DepartureTime>
                  <StopPointInJourneyPatternRef ref="OST:StopPointInJourneyPattern:155_Inbound_211210121982741_3_211210121975025" version="271" />
                </TimetabledPassingTime>
                <TimetabledPassingTime id="OST:TimetabledPassingTime:211210122070551_4_13_27_00" version="271">
                  <DepartureTime>13:27:00</DepartureTime>
                  <StopPointInJourneyPatternRef ref="OST:StopPointInJourneyPattern:155_Inbound_211210121982741_4_211210121975025" version="271" />
                </TimetabledPassingTime>
                <TimetabledPassingTime id="OST:TimetabledPassingTime:211210122070551_5_13_28_00" version="271">
                  <DepartureTime>13:28:00</DepartureTime>
                  <StopPointInJourneyPatternRef ref="OST:StopPointInJourneyPattern:155_Inbound_211210121982741_5_211210121975025" version="271" />
                </TimetabledPassingTime>
                <TimetabledPassingTime id="OST:TimetabledPassingTime:211210122070551_6_13_29_00" version="271">
                  <DepartureTime>13:29:00</DepartureTime>
                  <StopPointInJourneyPatternRef ref="OST:StopPointInJourneyPattern:155_Inbound_211210121982741_6_211210121975025" version="271" />
                </TimetabledPassingTime>
                <TimetabledPassingTime id="OST:TimetabledPassingTime:211210122070551_7_13_29_00" version="271">
                  <DepartureTime>13:29:00</DepartureTime>
                  <StopPointInJourneyPatternRef ref="OST:StopPointInJourneyPattern:155_Inbound_211210121982741_7_211210121975025" version="271" />
                </TimetabledPassingTime>
                <TimetabledPassingTime id="OST:TimetabledPassingTime:211210122070551_9_13_30_00" version="271">
                  <DepartureTime>13:30:00</DepartureTime>
                  <StopPointInJourneyPatternRef ref="OST:StopPointInJourneyPattern:155_Inbound_211210121982741_9_211210121975025" version="271" />
                </TimetabledPassingTime>
                <TimetabledPassingTime id="OST:TimetabledPassingTime:211210122070551_8_13_30_00" version="271">
                  <DepartureTime>13:30:00</DepartureTime>
                  <StopPointInJourneyPatternRef ref="OST:StopPointInJourneyPattern:155_Inbound_211210121982741_8_211210121975025" version="271" />
                </TimetabledPassingTime>
                <TimetabledPassingTime id="OST:TimetabledPassingTime:211210122070551_10_13_31_00" version="271">
                  <DepartureTime>13:31:00</DepartureTime>
                  <StopPointInJourneyPatternRef ref="OST:StopPointInJourneyPattern:155_Inbound_211210121982741_10_211210121975025" version="271" />
                </TimetabledPassingTime>
                <TimetabledPassingTime id="OST:TimetabledPassingTime:211210122070551_11_13_39_00" version="271">
                  <DepartureTime>13:39:00</DepartureTime>
                  <StopPointInJourneyPatternRef ref="OST:StopPointInJourneyPattern:155_Inbound_211210121982741_11_211210121975025" version="271" />
                </TimetabledPassingTime>
                <TimetabledPassingTime id="OST:TimetabledPassingTime:211210122070551_12_13_40_00" version="271">
                  <ArrivalTime>13:40:00</ArrivalTime>
                  <StopPointInJourneyPatternRef ref="OST:StopPointInJourneyPattern:155_Inbound_211210121982741_12_211210121975025" version="271" />
                </TimetabledPassingTime>
              </passingTimes>
            </ServiceJourney>
            <ServiceJourney id="OST:ServiceJourney:155_211210122070547_1" publication="public" version="271">
              <Name>Hafslund skole</Name>
              <PrivateCode>1</PrivateCode>
              <dayTypes>
                <DayTypeRef ref="OST:DayType:121" />
              </dayTypes>
              <JourneyPatternRef ref="OST:JourneyPattern:155_Outbound_211210121982739_211210121975025" version="271" />
              <LineRef ref="OST:Line:1_155" version="271" />
              <OperatorRef ref="OST:Operator:152" />
              <passingTimes>
                <TimetabledPassingTime id="OST:TimetabledPassingTime:211210122070547_1_08_10_00" version="271">
                  <DepartureTime>08:10:00</DepartureTime>
                  <StopPointInJourneyPatternRef ref="OST:StopPointInJourneyPattern:155_Outbound_211210121982739_1_211210121975025" version="271" />
                </TimetabledPassingTime>
                <TimetabledPassingTime id="OST:TimetabledPassingTime:211210122070547_2_08_15_00" version="271">
                  <DepartureTime>08:15:00</DepartureTime>
                  <StopPointInJourneyPatternRef ref="OST:StopPointInJourneyPattern:155_Outbound_211210121982739_2_211210121975025" version="271" />
                </TimetabledPassingTime>
                <TimetabledPassingTime id="OST:TimetabledPassingTime:211210122070547_3_08_16_00" version="271">
                  <DepartureTime>08:16:00</DepartureTime>
                  <StopPointInJourneyPatternRef ref="OST:StopPointInJourneyPattern:155_Outbound_211210121982739_3_211210121975025" version="271" />
                </TimetabledPassingTime>
                <TimetabledPassingTime id="OST:TimetabledPassingTime:211210122070547_4_08_18_00" version="271">
                  <DepartureTime>08:18:00</DepartureTime>
                  <StopPointInJourneyPatternRef ref="OST:StopPointInJourneyPattern:155_Outbound_211210121982739_4_211210121975025" version="271" />
                </TimetabledPassingTime>
                <TimetabledPassingTime id="OST:TimetabledPassingTime:211210122070547_5_08_18_00" version="271">
                  <DepartureTime>08:18:00</DepartureTime>
                  <StopPointInJourneyPatternRef ref="OST:StopPointInJourneyPattern:155_Outbound_211210121982739_5_211210121975025" version="271" />
                </TimetabledPassingTime>
                <TimetabledPassingTime id="OST:TimetabledPassingTime:211210122070547_6_08_19_00" version="271">
                  <DepartureTime>08:19:00</DepartureTime>
                  <StopPointInJourneyPatternRef ref="OST:StopPointInJourneyPattern:155_Outbound_211210121982739_6_211210121975025" version="271" />
                </TimetabledPassingTime>
                <TimetabledPassingTime id="OST:TimetabledPassingTime:211210122070547_7_08_19_00" version="271">
                  <DepartureTime>08:19:00</DepartureTime>
                  <StopPointInJourneyPatternRef ref="OST:StopPointInJourneyPattern:155_Outbound_211210121982739_7_211210121975025" version="271" />
                </TimetabledPassingTime>
                <TimetabledPassingTime id="OST:TimetabledPassingTime:211210122070547_8_08_20_00" version="271">
                  <DepartureTime>08:20:00</DepartureTime>
                  <StopPointInJourneyPatternRef ref="OST:StopPointInJourneyPattern:155_Outbound_211210121982739_8_211210121975025" version="271" />
                </TimetabledPassingTime>
                <TimetabledPassingTime id="OST:TimetabledPassingTime:211210122070547_9_08_21_00" version="271">
                  <DepartureTime>08:21:00</DepartureTime>
                  <StopPointInJourneyPatternRef ref="OST:StopPointInJourneyPattern:155_Outbound_211210121982739_9_211210121975025" version="271" />
                </TimetabledPassingTime>
                <TimetabledPassingTime id="OST:TimetabledPassingTime:211210122070547_11_08_22_00" version="271">
                  <DepartureTime>08:22:00</DepartureTime>
                  <StopPointInJourneyPatternRef ref="OST:StopPointInJourneyPattern:155_Outbound_211210121982739_11_211210121975025" version="271" />
                </TimetabledPassingTime>
                <TimetabledPassingTime id="OST:TimetabledPassingTime:211210122070547_12_08_22_00" version="271">
                  <DepartureTime>08:22:00</DepartureTime>
                  <StopPointInJourneyPatternRef ref="OST:StopPointInJourneyPattern:155_Outbound_211210121982739_12_211210121975025" version="271" />
                </TimetabledPassingTime>
                <TimetabledPassingTime id="OST:TimetabledPassingTime:211210122070547_10_08_22_00" version="271">
                  <DepartureTime>08:22:00</DepartureTime>
                  <StopPointInJourneyPatternRef ref="OST:StopPointInJourneyPattern:155_Outbound_211210121982739_10_211210121975025" version="271" />
                </TimetabledPassingTime>
                <TimetabledPassingTime id="OST:TimetabledPassingTime:211210122070547_13_08_24_00" version="271">
                  <DepartureTime>08:24:00</DepartureTime>
                  <StopPointInJourneyPatternRef ref="OST:StopPointInJourneyPattern:155_Outbound_211210121982739_13_211210121975025" version="271" />
                </TimetabledPassingTime>
                <TimetabledPassingTime id="OST:TimetabledPassingTime:211210122070547_14_08_25_00" version="271">
                  <ArrivalTime>08:25:00</ArrivalTime>
                  <StopPointInJourneyPatternRef ref="OST:StopPointInJourneyPattern:155_Outbound_211210121982739_14_211210121975025" version="271" />
                </TimetabledPassingTime>
              </passingTimes>
            </ServiceJourney>
            <ServiceJourney id="OST:ServiceJourney:155_211210122070549_2" publication="public" version="271">
              <Name>Nyveien trafo</Name>
              <PrivateCode>2</PrivateCode>
              <dayTypes>
                <DayTypeRef ref="OST:DayType:121" />
              </dayTypes>
              <JourneyPatternRef ref="OST:JourneyPattern:155_Inbound_211210121982740_211210121975025" version="271" />
              <LineRef ref="OST:Line:1_155" version="271" />
              <OperatorRef ref="OST:Operator:152" />
              <passingTimes>
                <TimetabledPassingTime id="OST:TimetabledPassingTime:211210122070549_1_13_25_00" version="271">
                  <DepartureTime>13:25:00</DepartureTime>
                  <StopPointInJourneyPatternRef ref="OST:StopPointInJourneyPattern:155_Inbound_211210121982740_1_211210121975025" version="271" />
                </TimetabledPassingTime>
                <TimetabledPassingTime id="OST:TimetabledPassingTime:211210122070549_3_13_27_00" version="271">
                  <DepartureTime>13:27:00</DepartureTime>
                  <StopPointInJourneyPatternRef ref="OST:StopPointInJourneyPattern:155_Inbound_211210121982740_3_211210121975025" version="271" />
                </TimetabledPassingTime>
                <TimetabledPassingTime id="OST:TimetabledPassingTime:211210122070549_2_13_27_00" version="271">
                  <DepartureTime>13:27:00</DepartureTime>
                  <StopPointInJourneyPatternRef ref="OST:StopPointInJourneyPattern:155_Inbound_211210121982740_2_211210121975025" version="271" />
                </TimetabledPassingTime>
                <TimetabledPassingTime id="OST:TimetabledPassingTime:211210122070549_4_13_29_00" version="271">
                  <DepartureTime>13:29:00</DepartureTime>
                  <StopPointInJourneyPatternRef ref="OST:StopPointInJourneyPattern:155_Inbound_211210121982740_4_211210121975025" version="271" />
                </TimetabledPassingTime>
                <TimetabledPassingTime id="OST:TimetabledPassingTime:211210122070549_5_13_29_00" version="271">
                  <DepartureTime>13:29:00</DepartureTime>
                  <StopPointInJourneyPatternRef ref="OST:StopPointInJourneyPattern:155_Inbound_211210121982740_5_211210121975025" version="271" />
                </TimetabledPassingTime>
                <TimetabledPassingTime id="OST:TimetabledPassingTime:211210122070549_6_13_30_00" version="271">
                  <DepartureTime>13:30:00</DepartureTime>
                  <StopPointInJourneyPatternRef ref="OST:StopPointInJourneyPattern:155_Inbound_211210121982740_6_211210121975025" version="271" />
                </TimetabledPassingTime>
                <TimetabledPassingTime id="OST:TimetabledPassingTime:211210122070549_7_13_31_00" version="271">
                  <DepartureTime>13:31:00</DepartureTime>
                  <StopPointInJourneyPatternRef ref="OST:StopPointInJourneyPattern:155_Inbound_211210121982740_7_211210121975025" version="271" />
                </TimetabledPassingTime>
                <TimetabledPassingTime id="OST:TimetabledPassingTime:211210122070549_8_13_32_00" version="271">
                  <DepartureTime>13:32:00</DepartureTime>
                  <StopPointInJourneyPatternRef ref="OST:StopPointInJourneyPattern:155_Inbound_211210121982740_8_211210121975025" version="271" />
                </TimetabledPassingTime>
                <TimetabledPassingTime id="OST:TimetabledPassingTime:211210122070549_9_13_32_00" version="271">
                  <DepartureTime>13:32:00</DepartureTime>
                  <StopPointInJourneyPatternRef ref="OST:StopPointInJourneyPattern:155_Inbound_211210121982740_9_211210121975025" version="271" />
                </TimetabledPassingTime>
                <TimetabledPassingTime id="OST:TimetabledPassingTime:211210122070549_10_13_33_00" version="271">
                  <DepartureTime>13:33:00</DepartureTime>
                  <StopPointInJourneyPatternRef ref="OST:StopPointInJourneyPattern:155_Inbound_211210121982740_10_211210121975025" version="271" />
                </TimetabledPassingTime>
                <TimetabledPassingTime id="OST:TimetabledPassingTime:211210122070549_11_13_34_00" version="271">
                  <DepartureTime>13:34:00</DepartureTime>
                  <StopPointInJourneyPatternRef ref="OST:StopPointInJourneyPattern:155_Inbound_211210121982740_11_211210121975025" version="271" />
                </TimetabledPassingTime>
                <TimetabledPassingTime id="OST:TimetabledPassingTime:211210122070549_12_13_35_00" version="271">
                  <DepartureTime>13:35:00</DepartureTime>
                  <StopPointInJourneyPatternRef ref="OST:StopPointInJourneyPattern:155_Inbound_211210121982740_12_211210121975025" version="271" />
                </TimetabledPassingTime>
                <TimetabledPassingTime id="OST:TimetabledPassingTime:211210122070549_14_13_36_00" version="271">
                  <DepartureTime>13:36:00</DepartureTime>
                  <StopPointInJourneyPatternRef ref="OST:StopPointInJourneyPattern:155_Inbound_211210121982740_14_211210121975025" version="271" />
                </TimetabledPassingTime>
                <TimetabledPassingTime id="OST:TimetabledPassingTime:211210122070549_13_13_36_00" version="271">
                  <DepartureTime>13:36:00</DepartureTime>
                  <StopPointInJourneyPatternRef ref="OST:StopPointInJourneyPattern:155_Inbound_211210121982740_13_211210121975025" version="271" />
                </TimetabledPassingTime>
                <TimetabledPassingTime id="OST:TimetabledPassingTime:211210122070549_15_13_40_00" version="271">
                  <ArrivalTime>13:40:00</ArrivalTime>
                  <StopPointInJourneyPatternRef ref="OST:StopPointInJourneyPattern:155_Inbound_211210121982740_15_211210121975025" version="271" />
                </TimetabledPassingTime>
              </passingTimes>
            </ServiceJourney>
            <ServiceJourney id="OST:ServiceJourney:155_211210122070550_4" publication="public" version="271">
              <Name>Hevingen</Name>
              <PrivateCode>4</PrivateCode>
              <dayTypes>
                <DayTypeRef ref="OST:DayType:121" />
              </dayTypes>
              <JourneyPatternRef ref="OST:JourneyPattern:155_Inbound_211210121982741_211210121975025" version="271" />
              <LineRef ref="OST:Line:1_155" version="271" />
              <OperatorRef ref="OST:Operator:152" />
              <passingTimes>
                <TimetabledPassingTime id="OST:TimetabledPassingTime:211210122070550_1_13_25_00" version="271">
                  <DepartureTime>13:25:00</DepartureTime>
                  <StopPointInJourneyPatternRef ref="OST:StopPointInJourneyPattern:155_Inbound_211210121982741_1_211210121975025" version="271" />
                </TimetabledPassingTime>
                <TimetabledPassingTime id="OST:TimetabledPassingTime:211210122070550_2_13_26_00" version="271">
                  <DepartureTime>13:26:00</DepartureTime>
                  <StopPointInJourneyPatternRef ref="OST:StopPointInJourneyPattern:155_Inbound_211210121982741_2_211210121975025" version="271" />
                </TimetabledPassingTime>
                <TimetabledPassingTime id="OST:TimetabledPassingTime:211210122070550_4_13_27_00" version="271">
                  <DepartureTime>13:27:00</DepartureTime>
                  <StopPointInJourneyPatternRef ref="OST:StopPointInJourneyPattern:155_Inbound_211210121982741_4_211210121975025" version="271" />
                </TimetabledPassingTime>
                <TimetabledPassingTime id="OST:TimetabledPassingTime:211210122070550_3_13_27_00" version="271">
                  <DepartureTime>13:27:00</DepartureTime>
                  <StopPointInJourneyPatternRef ref="OST:StopPointInJourneyPattern:155_Inbound_211210121982741_3_211210121975025" version="271" />
                </TimetabledPassingTime>
                <TimetabledPassingTime id="OST:TimetabledPassingTime:211210122070550_5_13_28_00" version="271">
                  <DepartureTime>13:28:00</DepartureTime>
                  <StopPointInJourneyPatternRef ref="OST:StopPointInJourneyPattern:155_Inbound_211210121982741_5_211210121975025" version="271" />
                </TimetabledPassingTime>
                <TimetabledPassingTime id="OST:TimetabledPassingTime:211210122070550_7_13_29_00" version="271">
                  <DepartureTime>13:29:00</DepartureTime>
                  <StopPointInJourneyPatternRef ref="OST:StopPointInJourneyPattern:155_Inbound_211210121982741_7_211210121975025" version="271" />
                </TimetabledPassingTime>
                <TimetabledPassingTime id="OST:TimetabledPassingTime:211210122070550_6_13_29_00" version="271">
                  <DepartureTime>13:29:00</DepartureTime>
                  <StopPointInJourneyPatternRef ref="OST:StopPointInJourneyPattern:155_Inbound_211210121982741_6_211210121975025" version="271" />
                </TimetabledPassingTime>
                <TimetabledPassingTime id="OST:TimetabledPassingTime:211210122070550_8_13_30_00" version="271">
                  <DepartureTime>13:30:00</DepartureTime>
                  <StopPointInJourneyPatternRef ref="OST:StopPointInJourneyPattern:155_Inbound_211210121982741_8_211210121975025" version="271" />
                </TimetabledPassingTime>
                <TimetabledPassingTime id="OST:TimetabledPassingTime:211210122070550_9_13_30_00" version="271">
                  <DepartureTime>13:30:00</DepartureTime>
                  <StopPointInJourneyPatternRef ref="OST:StopPointInJourneyPattern:155_Inbound_211210121982741_9_211210121975025" version="271" />
                </TimetabledPassingTime>
                <TimetabledPassingTime id="OST:TimetabledPassingTime:211210122070550_10_13_31_00" version="271">
                  <DepartureTime>13:31:00</DepartureTime>
                  <StopPointInJourneyPatternRef ref="OST:StopPointInJourneyPattern:155_Inbound_211210121982741_10_211210121975025" version="271" />
                </TimetabledPassingTime>
                <TimetabledPassingTime id="OST:TimetabledPassingTime:211210122070550_11_13_39_00" version="271">
                  <DepartureTime>13:39:00</DepartureTime>
                  <StopPointInJourneyPatternRef ref="OST:StopPointInJourneyPattern:155_Inbound_211210121982741_11_211210121975025" version="271" />
                </TimetabledPassingTime>
                <TimetabledPassingTime id="OST:TimetabledPassingTime:211210122070550_12_13_40_00" version="271">
                  <ArrivalTime>13:40:00</ArrivalTime>
                  <StopPointInJourneyPatternRef ref="OST:StopPointInJourneyPattern:155_Inbound_211210121982741_12_211210121975025" version="271" />
                </TimetabledPassingTime>
              </passingTimes>
            </ServiceJourney>
            <ServiceJourney id="OST:ServiceJourney:155_211210122070552_8" publication="public" version="271">
              <Name>Hevingen</Name>
              <PrivateCode>8</PrivateCode>
              <dayTypes>
                <DayTypeRef ref="OST:DayType:121" />
              </dayTypes>
              <JourneyPatternRef ref="OST:JourneyPattern:155_Inbound_211210121982741_211210121975025" version="271" />
              <LineRef ref="OST:Line:1_155" version="271" />
              <OperatorRef ref="OST:Operator:152" />
              <passingTimes>
                <TimetabledPassingTime id="OST:TimetabledPassingTime:211210122070552_1_14_25_00" version="271">
                  <DepartureTime>14:25:00</DepartureTime>
                  <StopPointInJourneyPatternRef ref="OST:StopPointInJourneyPattern:155_Inbound_211210121982741_1_211210121975025" version="271" />
                </TimetabledPassingTime>
                <TimetabledPassingTime id="OST:TimetabledPassingTime:211210122070552_2_14_26_00" version="271">
                  <DepartureTime>14:26:00</DepartureTime>
                  <StopPointInJourneyPatternRef ref="OST:StopPointInJourneyPattern:155_Inbound_211210121982741_2_211210121975025" version="271" />
                </TimetabledPassingTime>
                <TimetabledPassingTime id="OST:TimetabledPassingTime:211210122070552_4_14_27_00" version="271">
                  <DepartureTime>14:27:00</DepartureTime>
                  <StopPointInJourneyPatternRef ref="OST:StopPointInJourneyPattern:155_Inbound_211210121982741_4_211210121975025" version="271" />
                </TimetabledPassingTime>
                <TimetabledPassingTime id="OST:TimetabledPassingTime:211210122070552_3_14_27_00" version="271">
                  <DepartureTime>14:27:00</DepartureTime>
                  <StopPointInJourneyPatternRef ref="OST:StopPointInJourneyPattern:155_Inbound_211210121982741_3_211210121975025" version="271" />
                </TimetabledPassingTime>
                <TimetabledPassingTime id="OST:TimetabledPassingTime:211210122070552_5_14_28_00" version="271">
                  <DepartureTime>14:28:00</DepartureTime>
                  <StopPointInJourneyPatternRef ref="OST:StopPointInJourneyPattern:155_Inbound_211210121982741_5_211210121975025" version="271" />
                </TimetabledPassingTime>
                <TimetabledPassingTime id="OST:TimetabledPassingTime:211210122070552_7_14_29_00" version="271">
                  <DepartureTime>14:29:00</DepartureTime>
                  <StopPointInJourneyPatternRef ref="OST:StopPointInJourneyPattern:155_Inbound_211210121982741_7_211210121975025" version="271" />
                </TimetabledPassingTime>
                <TimetabledPassingTime id="OST:TimetabledPassingTime:211210122070552_6_14_29_00" version="271">
                  <DepartureTime>14:29:00</DepartureTime>
                  <StopPointInJourneyPatternRef ref="OST:StopPointInJourneyPattern:155_Inbound_211210121982741_6_211210121975025" version="271" />
                </TimetabledPassingTime>
                <TimetabledPassingTime id="OST:TimetabledPassingTime:211210122070552_9_14_30_00" version="271">
                  <DepartureTime>14:30:00</DepartureTime>
                  <StopPointInJourneyPatternRef ref="OST:StopPointInJourneyPattern:155_Inbound_211210121982741_9_211210121975025" version="271" />
                </TimetabledPassingTime>
                <TimetabledPassingTime id="OST:TimetabledPassingTime:211210122070552_8_14_30_00" version="271">
                  <DepartureTime>14:30:00</DepartureTime>
                  <StopPointInJourneyPatternRef ref="OST:StopPointInJourneyPattern:155_Inbound_211210121982741_8_211210121975025" version="271" />
                </TimetabledPassingTime>
                <TimetabledPassingTime id="OST:TimetabledPassingTime:211210122070552_10_14_31_00" version="271">
                  <DepartureTime>14:31:00</DepartureTime>
                  <StopPointInJourneyPatternRef ref="OST:StopPointInJourneyPattern:155_Inbound_211210121982741_10_211210121975025" version="271" />
                </TimetabledPassingTime>
                <TimetabledPassingTime id="OST:TimetabledPassingTime:211210122070552_11_14_39_00" version="271">
                  <DepartureTime>14:39:00</DepartureTime>
                  <StopPointInJourneyPatternRef ref="OST:StopPointInJourneyPattern:155_Inbound_211210121982741_11_211210121975025" version="271" />
                </TimetabledPassingTime>
                <TimetabledPassingTime id="OST:TimetabledPassingTime:211210122070552_12_14_40_00" version="271">
                  <ArrivalTime>14:40:00</ArrivalTime>
                  <StopPointInJourneyPatternRef ref="OST:StopPointInJourneyPattern:155_Inbound_211210121982741_12_211210121975025" version="271" />
                </TimetabledPassingTime>
              </passingTimes>
            </ServiceJourney>
            <ServiceJourney id="OST:ServiceJourney:155_211210122070548_10" publication="public" version="271">
              <Name>Nyveien trafo</Name>
              <PrivateCode>10</PrivateCode>
              <dayTypes>
                <DayTypeRef ref="OST:DayType:121" />
              </dayTypes>
              <JourneyPatternRef ref="OST:JourneyPattern:155_Inbound_211210121982740_211210121975025" version="271" />
              <LineRef ref="OST:Line:1_155" version="271" />
              <OperatorRef ref="OST:Operator:152" />
              <passingTimes>
                <TimetabledPassingTime id="OST:TimetabledPassingTime:211210122070548_1_14_30_00" version="271">
                  <DepartureTime>14:30:00</DepartureTime>
                  <StopPointInJourneyPatternRef ref="OST:StopPointInJourneyPattern:155_Inbound_211210121982740_1_211210121975025" version="271" />
                </TimetabledPassingTime>
                <TimetabledPassingTime id="OST:TimetabledPassingTime:211210122070548_3_14_32_00" version="271">
                  <DepartureTime>14:32:00</DepartureTime>
                  <StopPointInJourneyPatternRef ref="OST:StopPointInJourneyPattern:155_Inbound_211210121982740_3_211210121975025" version="271" />
                </TimetabledPassingTime>
                <TimetabledPassingTime id="OST:TimetabledPassingTime:211210122070548_2_14_32_00" version="271">
                  <DepartureTime>14:32:00</DepartureTime>
                  <StopPointInJourneyPatternRef ref="OST:StopPointInJourneyPattern:155_Inbound_211210121982740_2_211210121975025" version="271" />
                </TimetabledPassingTime>
                <TimetabledPassingTime id="OST:TimetabledPassingTime:211210122070548_5_14_34_00" version="271">
                  <DepartureTime>14:34:00</DepartureTime>
                  <StopPointInJourneyPatternRef ref="OST:StopPointInJourneyPattern:155_Inbound_211210121982740_5_211210121975025" version="271" />
                </TimetabledPassingTime>
                <TimetabledPassingTime id="OST:TimetabledPassingTime:211210122070548_4_14_34_00" version="271">
                  <DepartureTime>14:34:00</DepartureTime>
                  <StopPointInJourneyPatternRef ref="OST:StopPointInJourneyPattern:155_Inbound_211210121982740_4_211210121975025" version="271" />
                </TimetabledPassingTime>
                <TimetabledPassingTime id="OST:TimetabledPassingTime:211210122070548_6_14_35_00" version="271">
                  <DepartureTime>14:35:00</DepartureTime>
                  <StopPointInJourneyPatternRef ref="OST:StopPointInJourneyPattern:155_Inbound_211210121982740_6_211210121975025" version="271" />
                </TimetabledPassingTime>
                <TimetabledPassingTime id="OST:TimetabledPassingTime:211210122070548_7_14_36_00" version="271">
                  <DepartureTime>14:36:00</DepartureTime>
                  <StopPointInJourneyPatternRef ref="OST:StopPointInJourneyPattern:155_Inbound_211210121982740_7_211210121975025" version="271" />
                </TimetabledPassingTime>
                <TimetabledPassingTime id="OST:TimetabledPassingTime:211210122070548_9_14_37_00" version="271">
                  <DepartureTime>14:37:00</DepartureTime>
                  <StopPointInJourneyPatternRef ref="OST:StopPointInJourneyPattern:155_Inbound_211210121982740_9_211210121975025" version="271" />
                </TimetabledPassingTime>
                <TimetabledPassingTime id="OST:TimetabledPassingTime:211210122070548_8_14_37_00" version="271">
                  <DepartureTime>14:37:00</DepartureTime>
                  <StopPointInJourneyPatternRef ref="OST:StopPointInJourneyPattern:155_Inbound_211210121982740_8_211210121975025" version="271" />
                </TimetabledPassingTime>
                <TimetabledPassingTime id="OST:TimetabledPassingTime:211210122070548_10_14_38_00" version="271">
                  <DepartureTime>14:38:00</DepartureTime>
                  <StopPointInJourneyPatternRef ref="OST:StopPointInJourneyPattern:155_Inbound_211210121982740_10_211210121975025" version="271" />
                </TimetabledPassingTime>
                <TimetabledPassingTime id="OST:TimetabledPassingTime:211210122070548_11_14_39_00" version="271">
                  <DepartureTime>14:39:00</DepartureTime>
                  <StopPointInJourneyPatternRef ref="OST:StopPointInJourneyPattern:155_Inbound_211210121982740_11_211210121975025" version="271" />
                </TimetabledPassingTime>
                <TimetabledPassingTime id="OST:TimetabledPassingTime:211210122070548_12_14_40_00" version="271">
                  <DepartureTime>14:40:00</DepartureTime>
                  <StopPointInJourneyPatternRef ref="OST:StopPointInJourneyPattern:155_Inbound_211210121982740_12_211210121975025" version="271" />
                </TimetabledPassingTime>
                <TimetabledPassingTime id="OST:TimetabledPassingTime:211210122070548_14_14_41_00" version="271">
                  <DepartureTime>14:41:00</DepartureTime>
                  <StopPointInJourneyPatternRef ref="OST:StopPointInJourneyPattern:155_Inbound_211210121982740_14_211210121975025" version="271" />
                </TimetabledPassingTime>
                <TimetabledPassingTime id="OST:TimetabledPassingTime:211210122070548_13_14_41_00" version="271">
                  <DepartureTime>14:41:00</DepartureTime>
                  <StopPointInJourneyPatternRef ref="OST:StopPointInJourneyPattern:155_Inbound_211210121982740_13_211210121975025" version="271" />
                </TimetabledPassingTime>
                <TimetabledPassingTime id="OST:TimetabledPassingTime:211210122070548_15_14_45_00" version="271">
                  <ArrivalTime>14:45:00</ArrivalTime>
                  <StopPointInJourneyPatternRef ref="OST:StopPointInJourneyPattern:155_Inbound_211210121982740_15_211210121975025" version="271" />
                </TimetabledPassingTime>
              </passingTimes>
            </ServiceJourney>
          </vehicleJourneys>
        </TimetableFrame>
      </frames>
    </CompositeFrame>
  </dataObjects>
</PublicationDelivery>
