<?xml version="1.0" encoding="UTF-8"?>
<PublicationDelivery xmlns="http://www.netex.org.uk/netex" xmlns:gis="http://www.opengis.net/gml/3.2" xmlns:siri="http://www.siri.org.uk/siri" version="1.13:NO-NeTEx-networktimetable:1.3">
  <PublicationTimestamp>2022-05-26T00:05:35.012</PublicationTimestamp>
  <ParticipantRef>RB</ParticipantRef>
  <Description>Hauge - Steinerskolen</Description>
  <dataObjects>
    <CompositeFrame created="2022-04-08T10:32:34.29" id="2103929617" version="1">
      <validityConditions>
        <AvailabilityCondition id="1244444542" version="1">
          <FromDate>2022-05-23T00:00:00</FromDate>
          <ToDate>2023-05-25T00:00:00</ToDate>
        </AvailabilityCondition>
      </validityConditions>
      <codespaces>
        <Codespace id="ost">
          <Xmlns>OST</Xmlns>
          <XmlnsUrl>http://www.rutebanken.org/ns/ost</XmlnsUrl>
        </Codespace>
        <Codespace id="nsr">
          <Xmlns>NSR</Xmlns>
          <XmlnsUrl>http://www.rutebanken.org/ns/nsr</XmlnsUrl>
        </Codespace>
      </codespaces>
      <FrameDefaults>
        <DefaultLocale>
          <TimeZone>Europe/Oslo</TimeZone>
          <DefaultLanguage>no</DefaultLanguage>
        </DefaultLocale>
      </FrameDefaults>
      <frames>
        <ServiceFrame id="1532581273" version="1">
          <routes>
            <Route id="OST:Route:183_Outbound_211210121982851_211210121975025" version="271">
              <Name>1-1</Name>
              <ShortName>1-1</ShortName>
              <LineRef ref="OST:Line:1_183" version="271" />
              <DirectionType>inbound</DirectionType>
              <pointsInSequence>
                <PointOnRoute id="OST:PointOnRoute:7427790" order="14" version="271">
                  <RoutePointRef ref="OST:RoutePoint:1061136_1" />
                </PointOnRoute>
                <PointOnRoute id="OST:PointOnRoute:7427783" order="7" version="271">
                  <RoutePointRef ref="OST:RoutePoint:1061175_2" />
                </PointOnRoute>
                <PointOnRoute id="OST:PointOnRoute:7427792" order="16" version="271">
                  <RoutePointRef ref="OST:RoutePoint:1061130_2" />
                </PointOnRoute>
                <PointOnRoute id="OST:PointOnRoute:7427787" order="11" version="271">
                  <RoutePointRef ref="OST:RoutePoint:1061155_2" />
                </PointOnRoute>
                <PointOnRoute id="OST:PointOnRoute:7427786" order="10" version="271">
                  <RoutePointRef ref="OST:RoutePoint:1061160_2" />
                </PointOnRoute>
                <PointOnRoute id="OST:PointOnRoute:7427782" order="6" version="271">
                  <RoutePointRef ref="OST:RoutePoint:1061190_1" />
                </PointOnRoute>
                <PointOnRoute id="OST:PointOnRoute:7427778" order="2" version="271">
                  <RoutePointRef ref="OST:RoutePoint:1061190_2" />
                </PointOnRoute>
                <PointOnRoute id="OST:PointOnRoute:7427784" order="8" version="271">
                  <RoutePointRef ref="OST:RoutePoint:1061170_1" />
                </PointOnRoute>
                <PointOnRoute id="OST:PointOnRoute:7427788" order="12" version="271">
                  <RoutePointRef ref="OST:RoutePoint:1061145_3" />
                </PointOnRoute>
                <PointOnRoute id="OST:PointOnRoute:7427791" order="15" version="271">
                  <RoutePointRef ref="OST:RoutePoint:1061135_2" />
                </PointOnRoute>
                <PointOnRoute id="OST:PointOnRoute:7427780" order="4" version="271">
                  <RoutePointRef ref="OST:RoutePoint:1061185_1" />
                </PointOnRoute>
                <PointOnRoute id="OST:PointOnRoute:7427777" order="1" version="271">
                  <RoutePointRef ref="OST:RoutePoint:1061330_1" />
                </PointOnRoute>
                <PointOnRoute id="OST:PointOnRoute:7427779" order="3" version="271">
                  <RoutePointRef ref="OST:RoutePoint:1061180_1" />
                </PointOnRoute>
                <PointOnRoute id="OST:PointOnRoute:7427785" order="9" version="271">
                  <RoutePointRef ref="OST:RoutePoint:1061165_2" />
                </PointOnRoute>
                <PointOnRoute id="OST:PointOnRoute:7427789" order="13" version="271">
                  <RoutePointRef ref="OST:RoutePoint:1061150_1" />
                </PointOnRoute>
                <PointOnRoute id="OST:PointOnRoute:7427781" order="5" version="271">
                  <RoutePointRef ref="OST:RoutePoint:1061180_2" />
                </PointOnRoute>
              </pointsInSequence>
            </Route>
            <Route id="OST:Route:183_Inbound_211210121982853_211210121975025" version="271">
              <Name>2-3</Name>
              <ShortName>2-3</ShortName>
              <LineRef ref="OST:Line:1_183" version="271" />
              <DirectionType>outbound</DirectionType>
              <pointsInSequence>
                <PointOnRoute id="OST:PointOnRoute:7427830" order="9" version="271">
                  <RoutePointRef ref="OST:RoutePoint:1065260_2" />
                </PointOnRoute>
                <PointOnRoute id="OST:PointOnRoute:7427824" order="3" version="271">
                  <RoutePointRef ref="OST:RoutePoint:1061130_2" />
                </PointOnRoute>
                <PointOnRoute id="OST:PointOnRoute:7427827" order="6" version="271">
                  <RoutePointRef ref="OST:RoutePoint:1065275_2" />
                </PointOnRoute>
                <PointOnRoute id="OST:PointOnRoute:7427831" order="10" version="271">
                  <RoutePointRef ref="OST:RoutePoint:1065262_1" />
                </PointOnRoute>
                <PointOnRoute id="OST:PointOnRoute:7427833" order="12" version="271">
                  <RoutePointRef ref="OST:RoutePoint:1065263_1" />
                </PointOnRoute>
                <PointOnRoute id="OST:PointOnRoute:7427825" order="4" version="271">
                  <RoutePointRef ref="OST:RoutePoint:1061360_1" />
                </PointOnRoute>
                <PointOnRoute id="OST:PointOnRoute:7427828" order="7" version="271">
                  <RoutePointRef ref="OST:RoutePoint:1065270_2" />
                </PointOnRoute>
                <PointOnRoute id="OST:PointOnRoute:7427822" order="1" version="271">
                  <RoutePointRef ref="OST:RoutePoint:1061136_1" />
                </PointOnRoute>
                <PointOnRoute id="OST:PointOnRoute:7427832" order="11" version="271">
                  <RoutePointRef ref="OST:RoutePoint:1065261_1" />
                </PointOnRoute>
                <PointOnRoute id="OST:PointOnRoute:7427829" order="8" version="271">
                  <RoutePointRef ref="OST:RoutePoint:1065265_2" />
                </PointOnRoute>
                <PointOnRoute id="OST:PointOnRoute:7427823" order="2" version="271">
                  <RoutePointRef ref="OST:RoutePoint:1061135_2" />
                </PointOnRoute>
                <PointOnRoute id="OST:PointOnRoute:7427826" order="5" version="271">
                  <RoutePointRef ref="OST:RoutePoint:1065280_1" />
                </PointOnRoute>
              </pointsInSequence>
            </Route>
            <Route id="OST:Route:183_Outbound_211210121982852_211210121975025" version="271">
              <Name>1-2</Name>
              <ShortName>1-2</ShortName>
              <LineRef ref="OST:Line:1_183" version="271" />
              <DirectionType>inbound</DirectionType>
              <pointsInSequence>
                <PointOnRoute id="OST:PointOnRoute:7427819" order="27" version="271">
                  <RoutePointRef ref="OST:RoutePoint:1061180_1" />
                </PointOnRoute>
                <PointOnRoute id="OST:PointOnRoute:7427796" order="4" version="271">
                  <RoutePointRef ref="OST:RoutePoint:1065265_2" />
                </PointOnRoute>
                <PointOnRoute id="OST:PointOnRoute:7427816" order="24" version="271">
                  <RoutePointRef ref="OST:RoutePoint:1065180_2" />
                </PointOnRoute>
                <PointOnRoute id="OST:PointOnRoute:7427793" order="1" version="271">
                  <RoutePointRef ref="OST:RoutePoint:1065280_1" />
                </PointOnRoute>
                <PointOnRoute id="OST:PointOnRoute:7427820" order="28" version="271">
                  <RoutePointRef ref="OST:RoutePoint:1061185_1" />
                </PointOnRoute>
                <PointOnRoute id="OST:PointOnRoute:7427817" order="25" version="271">
                  <RoutePointRef ref="OST:RoutePoint:1061335_2" />
                </PointOnRoute>
                <PointOnRoute id="OST:PointOnRoute:7427803" order="11" version="271">
                  <RoutePointRef ref="OST:RoutePoint:1061136_1" />
                </PointOnRoute>
                <PointOnRoute id="OST:PointOnRoute:7427804" order="12" version="271">
                  <RoutePointRef ref="OST:RoutePoint:1061135_2" />
                </PointOnRoute>
                <PointOnRoute id="OST:PointOnRoute:7427797" order="5" version="271">
                  <RoutePointRef ref="OST:RoutePoint:1065260_2" />
                </PointOnRoute>
                <PointOnRoute id="OST:PointOnRoute:7427794" order="2" version="271">
                  <RoutePointRef ref="OST:RoutePoint:1065275_2" />
                </PointOnRoute>
                <PointOnRoute id="OST:PointOnRoute:7427799" order="7" version="271">
                  <RoutePointRef ref="OST:RoutePoint:1065263_1" />
                </PointOnRoute>
                <PointOnRoute id="OST:PointOnRoute:7427808" order="16" version="271">
                  <RoutePointRef ref="OST:RoutePoint:1061350_2" />
                </PointOnRoute>
                <PointOnRoute id="OST:PointOnRoute:7427818" order="26" version="271">
                  <RoutePointRef ref="OST:RoutePoint:1061190_2" />
                </PointOnRoute>
                <PointOnRoute id="OST:PointOnRoute:7427811" order="19" version="271">
                  <RoutePointRef ref="OST:RoutePoint:1065282_2" />
                </PointOnRoute>
                <PointOnRoute id="OST:PointOnRoute:7427795" order="3" version="271">
                  <RoutePointRef ref="OST:RoutePoint:1065270_2" />
                </PointOnRoute>
                <PointOnRoute id="OST:PointOnRoute:7427821" order="29" version="271">
                  <RoutePointRef ref="OST:RoutePoint:1061180_2" />
                </PointOnRoute>
                <PointOnRoute id="OST:PointOnRoute:7427806" order="14" version="271">
                  <RoutePointRef ref="OST:RoutePoint:1061360_2" />
                </PointOnRoute>
                <PointOnRoute id="OST:PointOnRoute:7427805" order="13" version="271">
                  <RoutePointRef ref="OST:RoutePoint:1061130_2" />
                </PointOnRoute>
                <PointOnRoute id="OST:PointOnRoute:7427815" order="23" version="271">
                  <RoutePointRef ref="OST:RoutePoint:1065185_2" />
                </PointOnRoute>
                <PointOnRoute id="OST:PointOnRoute:7427812" order="20" version="271">
                  <RoutePointRef ref="OST:RoutePoint:1065180_1" />
                </PointOnRoute>
                <PointOnRoute id="OST:PointOnRoute:7427809" order="17" version="271">
                  <RoutePointRef ref="OST:RoutePoint:1061345_2" />
                </PointOnRoute>
                <PointOnRoute id="OST:PointOnRoute:7427798" order="6" version="271">
                  <RoutePointRef ref="OST:RoutePoint:1065261_1" />
                </PointOnRoute>
                <PointOnRoute id="OST:PointOnRoute:7427800" order="8" version="271">
                  <RoutePointRef ref="OST:RoutePoint:1065290_1" />
                </PointOnRoute>
                <PointOnRoute id="OST:PointOnRoute:7427813" order="21" version="271">
                  <RoutePointRef ref="OST:RoutePoint:1065185_1" />
                </PointOnRoute>
                <PointOnRoute id="OST:PointOnRoute:7427810" order="18" version="271">
                  <RoutePointRef ref="OST:RoutePoint:1061340_2" />
                </PointOnRoute>
                <PointOnRoute id="OST:PointOnRoute:7427807" order="15" version="271">
                  <RoutePointRef ref="OST:RoutePoint:1061355_2" />
                </PointOnRoute>
                <PointOnRoute id="OST:PointOnRoute:7427814" order="22" version="271">
                  <RoutePointRef ref="OST:RoutePoint:1065190_1" />
                </PointOnRoute>
                <PointOnRoute id="OST:PointOnRoute:7427802" order="10" version="271">
                  <RoutePointRef ref="OST:RoutePoint:1061140_2" />
                </PointOnRoute>
                <PointOnRoute id="OST:PointOnRoute:7427801" order="9" version="271">
                  <RoutePointRef ref="OST:RoutePoint:1065285_1" />
                </PointOnRoute>
              </pointsInSequence>
            </Route>
          </routes>
          <lines>
            <Line id="OST:Line:1_183" version="271">
              <Name>Hauge - Steinerskolen</Name>
              <TransportMode>bus</TransportMode>
              <TransportSubmode>
                <BusSubmode>localBus</BusSubmode>
              </TransportSubmode>
              <PublicCode>183</PublicCode>
              <PrivateCode>183</PrivateCode>
              <OperatorRef ref="OST:Operator:152" />
              <RepresentedByGroupRef ref="OST:GroupOfLines:bus_1" />
            </Line>
          </lines>
          <journeyPatterns>
            <JourneyPattern id="OST:JourneyPattern:183_Outbound_211210121982851_211210121975025" version="271">
              <Name>1-1</Name>
              <RouteRef ref="OST:Route:183_Outbound_211210121982851_211210121975025" version="271" />
              <pointsInSequence>
                <StopPointInJourneyPattern order="7" id="OST:StopPointInJourneyPattern:183_Outbound_211210121982851_7_211210121975025" version="271">
                  <ScheduledStopPointRef ref="OST:ScheduledStopPoint:1061175_2" />
                </StopPointInJourneyPattern>
                <StopPointInJourneyPattern order="5" id="OST:StopPointInJourneyPattern:183_Outbound_211210121982851_5_211210121975025" version="271">
                  <ScheduledStopPointRef ref="OST:ScheduledStopPoint:1061180_2" />
                </StopPointInJourneyPattern>
                <StopPointInJourneyPattern order="6" id="OST:StopPointInJourneyPattern:183_Outbound_211210121982851_6_211210121975025" version="271">
                  <ScheduledStopPointRef ref="OST:ScheduledStopPoint:1061190_1" />
                </StopPointInJourneyPattern>
                <StopPointInJourneyPattern order="10" id="OST:StopPointInJourneyPattern:183_Outbound_211210121982851_10_211210121975025" version="271">
                  <ScheduledStopPointRef ref="OST:ScheduledStopPoint:1061160_2" />
                </StopPointInJourneyPattern>
                <StopPointInJourneyPattern order="8" id="OST:StopPointInJourneyPattern:183_Outbound_211210121982851_8_211210121975025" version="271">
                  <ScheduledStopPointRef ref="OST:ScheduledStopPoint:1061170_1" />
                </StopPointInJourneyPattern>
                <StopPointInJourneyPattern order="9" id="OST:StopPointInJourneyPattern:183_Outbound_211210121982851_9_211210121975025" version="271">
                  <ScheduledStopPointRef ref="OST:ScheduledStopPoint:1061165_2" />
                </StopPointInJourneyPattern>
                <StopPointInJourneyPattern order="14" id="OST:StopPointInJourneyPattern:183_Outbound_211210121982851_14_211210121975025" version="271">
                  <ScheduledStopPointRef ref="OST:ScheduledStopPoint:1061136_1" />
                </StopPointInJourneyPattern>
                <StopPointInJourneyPattern order="11" id="OST:StopPointInJourneyPattern:183_Outbound_211210121982851_11_211210121975025" version="271">
                  <ScheduledStopPointRef ref="OST:ScheduledStopPoint:1061155_2" />
                </StopPointInJourneyPattern>
                <StopPointInJourneyPattern order="12" id="OST:StopPointInJourneyPattern:183_Outbound_211210121982851_12_211210121975025" version="271">
                  <ScheduledStopPointRef ref="OST:ScheduledStopPoint:1061145_3" />
                </StopPointInJourneyPattern>
                <StopPointInJourneyPattern order="3" id="OST:StopPointInJourneyPattern:183_Outbound_211210121982851_3_211210121975025" version="271">
                  <ScheduledStopPointRef ref="OST:ScheduledStopPoint:1061180_1" />
                </StopPointInJourneyPattern>
                <StopPointInJourneyPattern order="1" id="OST:StopPointInJourneyPattern:183_Outbound_211210121982851_1_211210121975025" version="271">
                  <ForAlighting>false</ForAlighting>
                  <DestinationDisplayRef ref="OST:DestinationDisplay:186" />
                  <ScheduledStopPointRef ref="OST:ScheduledStopPoint:1061330_1" />
                </StopPointInJourneyPattern>
                <StopPointInJourneyPattern order="2" id="OST:StopPointInJourneyPattern:183_Outbound_211210121982851_2_211210121975025" version="271">
                  <ScheduledStopPointRef ref="OST:ScheduledStopPoint:1061190_2" />
                </StopPointInJourneyPattern>
                <StopPointInJourneyPattern order="13" id="OST:StopPointInJourneyPattern:183_Outbound_211210121982851_13_211210121975025" version="271">
                  <ScheduledStopPointRef ref="OST:ScheduledStopPoint:1061150_1" />
                </StopPointInJourneyPattern>
                <StopPointInJourneyPattern order="4" id="OST:StopPointInJourneyPattern:183_Outbound_211210121982851_4_211210121975025" version="271">
                  <ScheduledStopPointRef ref="OST:ScheduledStopPoint:1061185_1" />
                </StopPointInJourneyPattern>
                <StopPointInJourneyPattern order="15" id="OST:StopPointInJourneyPattern:183_Outbound_211210121982851_15_211210121975025" version="271">
                  <ScheduledStopPointRef ref="OST:ScheduledStopPoint:1061135_2" />
                </StopPointInJourneyPattern>
                <StopPointInJourneyPattern order="16" id="OST:StopPointInJourneyPattern:183_Outbound_211210121982851_16_211210121975025" version="271">
                  <ForBoarding>false</ForBoarding>
                  <ScheduledStopPointRef ref="OST:ScheduledStopPoint:1061130_2" />
                </StopPointInJourneyPattern>
              </pointsInSequence>
              <linksInSequence>
                <ServiceLinkInJourneyPattern order="10" id="OST:ServiceLinkInJourneyPattern:7427843" version="271">
                  <ServiceLinkRef ref="OST:ServiceLink:200811072686001_2_200811072685996_2_323" />
                </ServiceLinkInJourneyPattern>
                <ServiceLinkInJourneyPattern order="2" id="OST:ServiceLinkInJourneyPattern:7427835" version="271">
                  <ServiceLinkRef ref="OST:ServiceLink:200811072686029_2_200811072686019_1_243" />
                </ServiceLinkInJourneyPattern>
                <ServiceLinkInJourneyPattern order="12" id="OST:ServiceLinkInJourneyPattern:7427845" version="271">
                  <ServiceLinkRef ref="OST:ServiceLink:200811072685987_3_200811072685990_1_549" />
                </ServiceLinkInJourneyPattern>
                <ServiceLinkInJourneyPattern order="3" id="OST:ServiceLinkInJourneyPattern:7427836" version="271">
                  <ServiceLinkRef ref="OST:ServiceLink:200811072686019_1_200811072686024_1_343" />
                </ServiceLinkInJourneyPattern>
                <ServiceLinkInJourneyPattern order="9" id="OST:ServiceLinkInJourneyPattern:7427842" version="271">
                  <ServiceLinkRef ref="OST:ServiceLink:200811072686006_2_200811072686001_2_203" />
                </ServiceLinkInJourneyPattern>
                <ServiceLinkInJourneyPattern order="8" id="OST:ServiceLinkInJourneyPattern:7427841" version="271">
                  <ServiceLinkRef ref="OST:ServiceLink:200811072686009_1_200811072686006_2_237" />
                </ServiceLinkInJourneyPattern>
                <ServiceLinkInJourneyPattern order="6" id="OST:ServiceLinkInJourneyPattern:7427839" version="271">
                  <ServiceLinkRef ref="OST:ServiceLink:200811072686027_1_200811072686016_2_446" />
                </ServiceLinkInJourneyPattern>
                <ServiceLinkInJourneyPattern order="1" id="OST:ServiceLinkInJourneyPattern:7427834" version="271">
                  <ServiceLinkRef ref="OST:ServiceLink:200811072686111_1_200811072686029_2_897" />
                </ServiceLinkInJourneyPattern>
                <ServiceLinkInJourneyPattern order="11" id="OST:ServiceLinkInJourneyPattern:7427844" version="271">
                  <ServiceLinkRef ref="OST:ServiceLink:200811072685996_2_200811072685987_3_201" />
                </ServiceLinkInJourneyPattern>
                <ServiceLinkInJourneyPattern order="7" id="OST:ServiceLinkInJourneyPattern:7427840" version="271">
                  <ServiceLinkRef ref="OST:ServiceLink:200811072686016_2_200811072686009_1_298" />
                </ServiceLinkInJourneyPattern>
                <ServiceLinkInJourneyPattern order="14" id="OST:ServiceLinkInJourneyPattern:7427849" version="271">
                  <ServiceLinkRef ref="OST:ServiceLink:200811072685979_1_200811072685976_2_170" />
                </ServiceLinkInJourneyPattern>
                <ServiceLinkInJourneyPattern order="4" id="OST:ServiceLinkInJourneyPattern:7427837" version="271">
                  <ServiceLinkRef ref="OST:ServiceLink:200811072686024_1_200811072686021_2_341" />
                </ServiceLinkInJourneyPattern>
                <ServiceLinkInJourneyPattern order="15" id="OST:ServiceLinkInJourneyPattern:7427851" version="271">
                  <ServiceLinkRef ref="OST:ServiceLink:200811072685976_2_200811072685973_2_342" />
                </ServiceLinkInJourneyPattern>
                <ServiceLinkInJourneyPattern order="13" id="OST:ServiceLinkInJourneyPattern:7427847" version="271">
                  <ServiceLinkRef ref="OST:ServiceLink:200811072685990_1_200811072685979_1_1086" />
                </ServiceLinkInJourneyPattern>
                <ServiceLinkInJourneyPattern order="5" id="OST:ServiceLinkInJourneyPattern:7427838" version="271">
                  <ServiceLinkRef ref="OST:ServiceLink:200811072686021_2_200811072686027_1_234" />
                </ServiceLinkInJourneyPattern>
              </linksInSequence>
            </JourneyPattern>
            <JourneyPattern id="OST:JourneyPattern:183_Inbound_211210121982853_211210121975025" version="271">
              <Name>2-3</Name>
              <RouteRef ref="OST:Route:183_Inbound_211210121982853_211210121975025" version="271" />
              <pointsInSequence>
                <StopPointInJourneyPattern order="5" id="OST:StopPointInJourneyPattern:183_Inbound_211210121982853_5_211210121975025" version="271">
                  <ScheduledStopPointRef ref="OST:ScheduledStopPoint:1065280_1" />
                </StopPointInJourneyPattern>
                <StopPointInJourneyPattern order="7" id="OST:StopPointInJourneyPattern:183_Inbound_211210121982853_7_211210121975025" version="271">
                  <ScheduledStopPointRef ref="OST:ScheduledStopPoint:1065270_2" />
                </StopPointInJourneyPattern>
                <StopPointInJourneyPattern order="3" id="OST:StopPointInJourneyPattern:183_Inbound_211210121982853_3_211210121975025" version="271">
                  <ScheduledStopPointRef ref="OST:ScheduledStopPoint:1061130_2" />
                </StopPointInJourneyPattern>
                <StopPointInJourneyPattern order="4" id="OST:StopPointInJourneyPattern:183_Inbound_211210121982853_4_211210121975025" version="271">
                  <ScheduledStopPointRef ref="OST:ScheduledStopPoint:1061360_1" />
                </StopPointInJourneyPattern>
                <StopPointInJourneyPattern order="8" id="OST:StopPointInJourneyPattern:183_Inbound_211210121982853_8_211210121975025" version="271">
                  <ScheduledStopPointRef ref="OST:ScheduledStopPoint:1065265_2" />
                </StopPointInJourneyPattern>
                <StopPointInJourneyPattern order="10" id="OST:StopPointInJourneyPattern:183_Inbound_211210121982853_10_211210121975025" version="271">
                  <ScheduledStopPointRef ref="OST:ScheduledStopPoint:1065262_1" />
                </StopPointInJourneyPattern>
                <StopPointInJourneyPattern order="12" id="OST:StopPointInJourneyPattern:183_Inbound_211210121982853_12_211210121975025" version="271">
                  <ForBoarding>false</ForBoarding>
                  <ScheduledStopPointRef ref="OST:ScheduledStopPoint:1065263_1" />
                </StopPointInJourneyPattern>
                <StopPointInJourneyPattern order="1" id="OST:StopPointInJourneyPattern:183_Inbound_211210121982853_1_211210121975025" version="271">
                  <ForAlighting>false</ForAlighting>
                  <DestinationDisplayRef ref="OST:DestinationDisplay:454" />
                  <ScheduledStopPointRef ref="OST:ScheduledStopPoint:1061136_1" />
                </StopPointInJourneyPattern>
                <StopPointInJourneyPattern order="6" id="OST:StopPointInJourneyPattern:183_Inbound_211210121982853_6_211210121975025" version="271">
                  <ScheduledStopPointRef ref="OST:ScheduledStopPoint:1065275_2" />
                </StopPointInJourneyPattern>
                <StopPointInJourneyPattern order="9" id="OST:StopPointInJourneyPattern:183_Inbound_211210121982853_9_211210121975025" version="271">
                  <ScheduledStopPointRef ref="OST:ScheduledStopPoint:1065260_2" />
                </StopPointInJourneyPattern>
                <StopPointInJourneyPattern order="11" id="OST:StopPointInJourneyPattern:183_Inbound_211210121982853_11_211210121975025" version="271">
                  <ScheduledStopPointRef ref="OST:ScheduledStopPoint:1065261_1" />
                </StopPointInJourneyPattern>
                <StopPointInJourneyPattern order="2" id="OST:StopPointInJourneyPattern:183_Inbound_211210121982853_2_211210121975025" version="271">
                  <ScheduledStopPointRef ref="OST:ScheduledStopPoint:1061135_2" />
                </StopPointInJourneyPattern>
              </pointsInSequence>
              <linksInSequence>
                <ServiceLinkInJourneyPattern order="2" id="OST:ServiceLinkInJourneyPattern:7427894" version="271">
                  <ServiceLinkRef ref="OST:ServiceLink:200811072685976_2_200811072685973_2_342" />
                </ServiceLinkInJourneyPattern>
                <ServiceLinkInJourneyPattern order="10" id="OST:ServiceLinkInJourneyPattern:7427905" version="271">
                  <ServiceLinkRef ref="OST:ServiceLink:200811072686588_1_200811072686583_1_383" />
                </ServiceLinkInJourneyPattern>
                <ServiceLinkInJourneyPattern order="4" id="OST:ServiceLinkInJourneyPattern:7427897" version="271">
                  <ServiceLinkRef ref="OST:ServiceLink:200811072686141_1_200811072686607_1_2226" />
                </ServiceLinkInJourneyPattern>
                <ServiceLinkInJourneyPattern order="11" id="OST:ServiceLinkInJourneyPattern:7427907" version="271">
                  <ServiceLinkRef ref="OST:ServiceLink:200811072686583_1_200811072686593_1_397" />
                </ServiceLinkInJourneyPattern>
                <ServiceLinkInJourneyPattern order="5" id="OST:ServiceLinkInJourneyPattern:7427899" version="271">
                  <ServiceLinkRef ref="OST:ServiceLink:200811072686607_1_200811072686604_2_506" />
                </ServiceLinkInJourneyPattern>
                <ServiceLinkInJourneyPattern order="9" id="OST:ServiceLinkInJourneyPattern:7427903" version="271">
                  <ServiceLinkRef ref="OST:ServiceLink:200811072686580_2_200811072686588_1_47" />
                </ServiceLinkInJourneyPattern>
                <ServiceLinkInJourneyPattern order="8" id="OST:ServiceLinkInJourneyPattern:7427902" version="271">
                  <ServiceLinkRef ref="OST:ServiceLink:200811072686598_2_200811072686580_2_191" />
                </ServiceLinkInJourneyPattern>
                <ServiceLinkInJourneyPattern order="3" id="OST:ServiceLinkInJourneyPattern:7427895" version="271">
                  <ServiceLinkRef ref="OST:ServiceLink:200811072685973_2_200811072686141_1_565" />
                </ServiceLinkInJourneyPattern>
                <ServiceLinkInJourneyPattern order="7" id="OST:ServiceLinkInJourneyPattern:7427901" version="271">
                  <ServiceLinkRef ref="OST:ServiceLink:200811072686601_2_200811072686598_2_329" />
                </ServiceLinkInJourneyPattern>
                <ServiceLinkInJourneyPattern order="6" id="OST:ServiceLinkInJourneyPattern:7427900" version="271">
                  <ServiceLinkRef ref="OST:ServiceLink:200811072686604_2_200811072686601_2_381" />
                </ServiceLinkInJourneyPattern>
                <ServiceLinkInJourneyPattern order="1" id="OST:ServiceLinkInJourneyPattern:7427893" version="271">
                  <ServiceLinkRef ref="OST:ServiceLink:200811072685979_1_200811072685976_2_170" />
                </ServiceLinkInJourneyPattern>
              </linksInSequence>
            </JourneyPattern>
            <JourneyPattern id="OST:JourneyPattern:183_Outbound_211210121982852_211210121975025" version="271">
              <Name>1-2</Name>
              <RouteRef ref="OST:Route:183_Outbound_211210121982852_211210121975025" version="271" />
              <pointsInSequence>
                <StopPointInJourneyPattern order="15" id="OST:StopPointInJourneyPattern:183_Outbound_211210121982852_15_211210121975025" version="271">
                  <ScheduledStopPointRef ref="OST:ScheduledStopPoint:1061355_2" />
                </StopPointInJourneyPattern>
                <StopPointInJourneyPattern order="8" id="OST:StopPointInJourneyPattern:183_Outbound_211210121982852_8_211210121975025" version="271">
                  <ScheduledStopPointRef ref="OST:ScheduledStopPoint:1065290_1" />
                </StopPointInJourneyPattern>
                <StopPointInJourneyPattern order="27" id="OST:StopPointInJourneyPattern:183_Outbound_211210121982852_27_211210121975025" version="271">
                  <ScheduledStopPointRef ref="OST:ScheduledStopPoint:1061180_1" />
                </StopPointInJourneyPattern>
                <StopPointInJourneyPattern order="24" id="OST:StopPointInJourneyPattern:183_Outbound_211210121982852_24_211210121975025" version="271">
                  <ScheduledStopPointRef ref="OST:ScheduledStopPoint:1065180_2" />
                </StopPointInJourneyPattern>
                <StopPointInJourneyPattern order="19" id="OST:StopPointInJourneyPattern:183_Outbound_211210121982852_19_211210121975025" version="271">
                  <ScheduledStopPointRef ref="OST:ScheduledStopPoint:1065282_2" />
                </StopPointInJourneyPattern>
                <StopPointInJourneyPattern order="9" id="OST:StopPointInJourneyPattern:183_Outbound_211210121982852_9_211210121975025" version="271">
                  <ScheduledStopPointRef ref="OST:ScheduledStopPoint:1065285_1" />
                </StopPointInJourneyPattern>
                <StopPointInJourneyPattern order="23" id="OST:StopPointInJourneyPattern:183_Outbound_211210121982852_23_211210121975025" version="271">
                  <ScheduledStopPointRef ref="OST:ScheduledStopPoint:1065185_2" />
                </StopPointInJourneyPattern>
                <StopPointInJourneyPattern order="1" id="OST:StopPointInJourneyPattern:183_Outbound_211210121982852_1_211210121975025" version="271">
                  <ForAlighting>false</ForAlighting>
                  <DestinationDisplayRef ref="OST:DestinationDisplay:473" />
                  <ScheduledStopPointRef ref="OST:ScheduledStopPoint:1065280_1" />
                </StopPointInJourneyPattern>
                <StopPointInJourneyPattern order="6" id="OST:StopPointInJourneyPattern:183_Outbound_211210121982852_6_211210121975025" version="271">
                  <ScheduledStopPointRef ref="OST:ScheduledStopPoint:1065261_1" />
                </StopPointInJourneyPattern>
                <StopPointInJourneyPattern order="22" id="OST:StopPointInJourneyPattern:183_Outbound_211210121982852_22_211210121975025" version="271">
                  <ScheduledStopPointRef ref="OST:ScheduledStopPoint:1065190_1" />
                </StopPointInJourneyPattern>
                <StopPointInJourneyPattern order="20" id="OST:StopPointInJourneyPattern:183_Outbound_211210121982852_20_211210121975025" version="271">
                  <ScheduledStopPointRef ref="OST:ScheduledStopPoint:1065180_1" />
                </StopPointInJourneyPattern>
                <StopPointInJourneyPattern order="13" id="OST:StopPointInJourneyPattern:183_Outbound_211210121982852_13_211210121975025" version="271">
                  <ScheduledStopPointRef ref="OST:ScheduledStopPoint:1061130_2" />
                </StopPointInJourneyPattern>
                <StopPointInJourneyPattern order="29" id="OST:StopPointInJourneyPattern:183_Outbound_211210121982852_29_211210121975025" version="271">
                  <ForBoarding>false</ForBoarding>
                  <ScheduledStopPointRef ref="OST:ScheduledStopPoint:1061180_2" />
                </StopPointInJourneyPattern>
                <StopPointInJourneyPattern order="26" id="OST:StopPointInJourneyPattern:183_Outbound_211210121982852_26_211210121975025" version="271">
                  <ScheduledStopPointRef ref="OST:ScheduledStopPoint:1061190_2" />
                </StopPointInJourneyPattern>
                <StopPointInJourneyPattern order="5" id="OST:StopPointInJourneyPattern:183_Outbound_211210121982852_5_211210121975025" version="271">
                  <ScheduledStopPointRef ref="OST:ScheduledStopPoint:1065260_2" />
                </StopPointInJourneyPattern>
                <StopPointInJourneyPattern order="17" id="OST:StopPointInJourneyPattern:183_Outbound_211210121982852_17_211210121975025" version="271">
                  <ScheduledStopPointRef ref="OST:ScheduledStopPoint:1061345_2" />
                </StopPointInJourneyPattern>
                <StopPointInJourneyPattern order="4" id="OST:StopPointInJourneyPattern:183_Outbound_211210121982852_4_211210121975025" version="271">
                  <ScheduledStopPointRef ref="OST:ScheduledStopPoint:1065265_2" />
                </StopPointInJourneyPattern>
                <StopPointInJourneyPattern order="21" id="OST:StopPointInJourneyPattern:183_Outbound_211210121982852_21_211210121975025" version="271">
                  <ScheduledStopPointRef ref="OST:ScheduledStopPoint:1065185_1" />
                </StopPointInJourneyPattern>
                <StopPointInJourneyPattern order="10" id="OST:StopPointInJourneyPattern:183_Outbound_211210121982852_10_211210121975025" version="271">
                  <ScheduledStopPointRef ref="OST:ScheduledStopPoint:1061140_2" />
                </StopPointInJourneyPattern>
                <StopPointInJourneyPattern order="7" id="OST:StopPointInJourneyPattern:183_Outbound_211210121982852_7_211210121975025" version="271">
                  <ScheduledStopPointRef ref="OST:ScheduledStopPoint:1065263_1" />
                </StopPointInJourneyPattern>
                <StopPointInJourneyPattern order="3" id="OST:StopPointInJourneyPattern:183_Outbound_211210121982852_3_211210121975025" version="271">
                  <ScheduledStopPointRef ref="OST:ScheduledStopPoint:1065270_2" />
                </StopPointInJourneyPattern>
                <StopPointInJourneyPattern order="12" id="OST:StopPointInJourneyPattern:183_Outbound_211210121982852_12_211210121975025" version="271">
                  <ScheduledStopPointRef ref="OST:ScheduledStopPoint:1061135_2" />
                </StopPointInJourneyPattern>
                <StopPointInJourneyPattern order="28" id="OST:StopPointInJourneyPattern:183_Outbound_211210121982852_28_211210121975025" version="271">
                  <ScheduledStopPointRef ref="OST:ScheduledStopPoint:1061185_1" />
                </StopPointInJourneyPattern>
                <StopPointInJourneyPattern order="18" id="OST:StopPointInJourneyPattern:183_Outbound_211210121982852_18_211210121975025" version="271">
                  <ScheduledStopPointRef ref="OST:ScheduledStopPoint:1061340_2" />
                </StopPointInJourneyPattern>
                <StopPointInJourneyPattern order="11" id="OST:StopPointInJourneyPattern:183_Outbound_211210121982852_11_211210121975025" version="271">
                  <ScheduledStopPointRef ref="OST:ScheduledStopPoint:1061136_1" />
                </StopPointInJourneyPattern>
                <StopPointInJourneyPattern order="25" id="OST:StopPointInJourneyPattern:183_Outbound_211210121982852_25_211210121975025" version="271">
                  <ScheduledStopPointRef ref="OST:ScheduledStopPoint:1061335_2" />
                </StopPointInJourneyPattern>
                <StopPointInJourneyPattern order="16" id="OST:StopPointInJourneyPattern:183_Outbound_211210121982852_16_211210121975025" version="271">
                  <ScheduledStopPointRef ref="OST:ScheduledStopPoint:1061350_2" />
                </StopPointInJourneyPattern>
                <StopPointInJourneyPattern order="14" id="OST:StopPointInJourneyPattern:183_Outbound_211210121982852_14_211210121975025" version="271">
                  <ScheduledStopPointRef ref="OST:ScheduledStopPoint:1061360_2" />
                </StopPointInJourneyPattern>
                <StopPointInJourneyPattern order="2" id="OST:StopPointInJourneyPattern:183_Outbound_211210121982852_2_211210121975025" version="271">
                  <ScheduledStopPointRef ref="OST:ScheduledStopPoint:1065275_2" />
                </StopPointInJourneyPattern>
              </pointsInSequence>
              <linksInSequence>
                <ServiceLinkInJourneyPattern order="3" id="OST:ServiceLinkInJourneyPattern:7427855" version="271">
                  <ServiceLinkRef ref="OST:ServiceLink:200811072686601_2_200811072686598_2_329" />
                </ServiceLinkInJourneyPattern>
                <ServiceLinkInJourneyPattern order="22" id="OST:ServiceLinkInJourneyPattern:7427883" version="271">
                  <ServiceLinkRef ref="OST:ServiceLink:200811072686505_1_200811072686502_2_348" />
                </ServiceLinkInJourneyPattern>
                <ServiceLinkInJourneyPattern order="12" id="OST:ServiceLinkInJourneyPattern:7427871" version="271">
                  <ServiceLinkRef ref="OST:ServiceLink:200811072685976_2_200811072685973_2_342" />
                </ServiceLinkInJourneyPattern>
                <ServiceLinkInJourneyPattern order="25" id="OST:ServiceLinkInJourneyPattern:7427888" version="271">
                  <ServiceLinkRef ref="OST:ServiceLink:200811072686118_2_200811072686029_2_1379" />
                </ServiceLinkInJourneyPattern>
                <ServiceLinkInJourneyPattern order="11" id="OST:ServiceLinkInJourneyPattern:7427870" version="271">
                  <ServiceLinkRef ref="OST:ServiceLink:200811072685979_1_200811072685976_2_170" />
                </ServiceLinkInJourneyPattern>
                <ServiceLinkInJourneyPattern order="7" id="OST:ServiceLinkInJourneyPattern:7427863" version="271">
                  <ServiceLinkRef ref="OST:ServiceLink:200811072686593_1_200811072686618_1_493" />
                </ServiceLinkInJourneyPattern>
                <ServiceLinkInJourneyPattern order="9" id="OST:ServiceLinkInJourneyPattern:7427867" version="271">
                  <ServiceLinkRef ref="OST:ServiceLink:200811072686613_1_200811072685982_2_659" />
                </ServiceLinkInJourneyPattern>
                <ServiceLinkInJourneyPattern order="10" id="OST:ServiceLinkInJourneyPattern:7427868" version="271">
                  <ServiceLinkRef ref="OST:ServiceLink:200811072685982_2_200811072685979_1_152" />
                </ServiceLinkInJourneyPattern>
                <ServiceLinkInJourneyPattern order="2" id="OST:ServiceLinkInJourneyPattern:7427853" version="271">
                  <ServiceLinkRef ref="OST:ServiceLink:200811072686604_2_200811072686601_2_381" />
                </ServiceLinkInJourneyPattern>
                <ServiceLinkInJourneyPattern order="20" id="OST:ServiceLinkInJourneyPattern:7427881" version="271">
                  <ServiceLinkRef ref="OST:ServiceLink:200811072686495_1_200811072686500_1_419" />
                </ServiceLinkInJourneyPattern>
                <ServiceLinkInJourneyPattern order="1" id="OST:ServiceLinkInJourneyPattern:7427852" version="271">
                  <ServiceLinkRef ref="OST:ServiceLink:200811072686607_1_200811072686604_2_506" />
                </ServiceLinkInJourneyPattern>
                <ServiceLinkInJourneyPattern order="21" id="OST:ServiceLinkInJourneyPattern:7427882" version="271">
                  <ServiceLinkRef ref="OST:ServiceLink:200811072686500_1_200811072686505_1_338" />
                </ServiceLinkInJourneyPattern>
                <ServiceLinkInJourneyPattern order="5" id="OST:ServiceLinkInJourneyPattern:7427859" version="271">
                  <ServiceLinkRef ref="OST:ServiceLink:200811072686580_2_200811072686583_1_428" />
                </ServiceLinkInJourneyPattern>
                <ServiceLinkInJourneyPattern order="15" id="OST:ServiceLinkInJourneyPattern:7427875" version="271">
                  <ServiceLinkRef ref="OST:ServiceLink:200811072686138_2_200811072686133_2_407" />
                </ServiceLinkInJourneyPattern>
                <ServiceLinkInJourneyPattern order="6" id="OST:ServiceLinkInJourneyPattern:7427861" version="271">
                  <ServiceLinkRef ref="OST:ServiceLink:200811072686583_1_200811072686593_1_397" />
                </ServiceLinkInJourneyPattern>
                <ServiceLinkInJourneyPattern order="14" id="OST:ServiceLinkInJourneyPattern:7427874" version="271">
                  <ServiceLinkRef ref="OST:ServiceLink:200811072686143_2_200811072686138_2_294" />
                </ServiceLinkInJourneyPattern>
                <ServiceLinkInJourneyPattern order="8" id="OST:ServiceLinkInJourneyPattern:7427865" version="271">
                  <ServiceLinkRef ref="OST:ServiceLink:200811072686618_1_200811072686613_1_258" />
                </ServiceLinkInJourneyPattern>
                <ServiceLinkInJourneyPattern order="18" id="OST:ServiceLinkInJourneyPattern:7427878" version="271">
                  <ServiceLinkRef ref="OST:ServiceLink:200811072686123_2_200811072686610_2_406" />
                </ServiceLinkInJourneyPattern>
                <ServiceLinkInJourneyPattern order="28" id="OST:ServiceLinkInJourneyPattern:7427892" version="271">
                  <ServiceLinkRef ref="OST:ServiceLink:200811072686024_1_200811072686021_2_341" />
                </ServiceLinkInJourneyPattern>
                <ServiceLinkInJourneyPattern order="19" id="OST:ServiceLinkInJourneyPattern:7427880" version="271">
                  <ServiceLinkRef ref="OST:ServiceLink:200811072686610_2_200811072686495_1_505" />
                </ServiceLinkInJourneyPattern>
                <ServiceLinkInJourneyPattern order="26" id="OST:ServiceLinkInJourneyPattern:7427890" version="271">
                  <ServiceLinkRef ref="OST:ServiceLink:200811072686029_2_200811072686019_1_243" />
                </ServiceLinkInJourneyPattern>
                <ServiceLinkInJourneyPattern order="27" id="OST:ServiceLinkInJourneyPattern:7427891" version="271">
                  <ServiceLinkRef ref="OST:ServiceLink:200811072686019_1_200811072686024_1_343" />
                </ServiceLinkInJourneyPattern>
                <ServiceLinkInJourneyPattern order="4" id="OST:ServiceLinkInJourneyPattern:7427857" version="271">
                  <ServiceLinkRef ref="OST:ServiceLink:200811072686598_2_200811072686580_2_191" />
                </ServiceLinkInJourneyPattern>
                <ServiceLinkInJourneyPattern order="23" id="OST:ServiceLinkInJourneyPattern:7427885" version="271">
                  <ServiceLinkRef ref="OST:ServiceLink:200811072686502_2_200811072686497_2_416" />
                </ServiceLinkInJourneyPattern>
                <ServiceLinkInJourneyPattern order="24" id="OST:ServiceLinkInJourneyPattern:7427886" version="271">
                  <ServiceLinkRef ref="OST:ServiceLink:200811072686497_2_200811072686118_2_919" />
                </ServiceLinkInJourneyPattern>
                <ServiceLinkInJourneyPattern order="17" id="OST:ServiceLinkInJourneyPattern:7427877" version="271">
                  <ServiceLinkRef ref="OST:ServiceLink:200811072686128_2_200811072686123_2_929" />
                </ServiceLinkInJourneyPattern>
                <ServiceLinkInJourneyPattern order="13" id="OST:ServiceLinkInJourneyPattern:7427872" version="271">
                  <ServiceLinkRef ref="OST:ServiceLink:200811072685973_2_200811072686143_2_531" />
                </ServiceLinkInJourneyPattern>
                <ServiceLinkInJourneyPattern order="16" id="OST:ServiceLinkInJourneyPattern:7427876" version="271">
                  <ServiceLinkRef ref="OST:ServiceLink:200811072686133_2_200811072686128_2_299" />
                </ServiceLinkInJourneyPattern>
              </linksInSequence>
            </JourneyPattern>
          </journeyPatterns>
        </ServiceFrame>
        <TimetableFrame id="1146254323" version="1">
          <vehicleJourneys>
            <ServiceJourney id="OST:ServiceJourney:183_211210122070667_2" publication="public" version="271">
              <Name>Solengveien</Name>
              <PrivateCode>2</PrivateCode>
              <dayTypes>
                <DayTypeRef ref="OST:DayType:121" />
              </dayTypes>
              <JourneyPatternRef ref="OST:JourneyPattern:183_Inbound_211210121982853_211210121975025" version="271" />
              <LineRef ref="OST:Line:1_183" version="271" />
              <OperatorRef ref="OST:Operator:152" />
              <passingTimes>
                <TimetabledPassingTime id="OST:TimetabledPassingTime:211210122070667_3_13_15_00" version="271">
                  <DepartureTime>13:15:00</DepartureTime>
                  <StopPointInJourneyPatternRef ref="OST:StopPointInJourneyPattern:183_Inbound_211210121982853_3_211210121975025" version="271" />
                </TimetabledPassingTime>
                <TimetabledPassingTime id="OST:TimetabledPassingTime:211210122070667_1_13_15_00" version="271">
                  <DepartureTime>13:15:00</DepartureTime>
                  <StopPointInJourneyPatternRef ref="OST:StopPointInJourneyPattern:183_Inbound_211210121982853_1_211210121975025" version="271" />
                </TimetabledPassingTime>
                <TimetabledPassingTime id="OST:TimetabledPassingTime:211210122070667_2_13_15_00" version="271">
                  <DepartureTime>13:15:00</DepartureTime>
                  <StopPointInJourneyPatternRef ref="OST:StopPointInJourneyPattern:183_Inbound_211210121982853_2_211210121975025" version="271" />
                </TimetabledPassingTime>
                <TimetabledPassingTime id="OST:TimetabledPassingTime:211210122070667_4_13_16_00" version="271">
                  <DepartureTime>13:16:00</DepartureTime>
                  <StopPointInJourneyPatternRef ref="OST:StopPointInJourneyPattern:183_Inbound_211210121982853_4_211210121975025" version="271" />
                </TimetabledPassingTime>
                <TimetabledPassingTime id="OST:TimetabledPassingTime:211210122070667_5_13_20_00" version="271">
                  <DepartureTime>13:20:00</DepartureTime>
                  <StopPointInJourneyPatternRef ref="OST:StopPointInJourneyPattern:183_Inbound_211210121982853_5_211210121975025" version="271" />
                </TimetabledPassingTime>
                <TimetabledPassingTime id="OST:TimetabledPassingTime:211210122070667_7_13_21_00" version="271">
                  <DepartureTime>13:21:00</DepartureTime>
                  <StopPointInJourneyPatternRef ref="OST:StopPointInJourneyPattern:183_Inbound_211210121982853_7_211210121975025" version="271" />
                </TimetabledPassingTime>
                <TimetabledPassingTime id="OST:TimetabledPassingTime:211210122070667_6_13_21_00" version="271">
                  <DepartureTime>13:21:00</DepartureTime>
                  <StopPointInJourneyPatternRef ref="OST:StopPointInJourneyPattern:183_Inbound_211210121982853_6_211210121975025" version="271" />
                </TimetabledPassingTime>
                <TimetabledPassingTime id="OST:TimetabledPassingTime:211210122070667_8_13_22_00" version="271">
                  <DepartureTime>13:22:00</DepartureTime>
                  <StopPointInJourneyPatternRef ref="OST:StopPointInJourneyPattern:183_Inbound_211210121982853_8_211210121975025" version="271" />
                </TimetabledPassingTime>
                <TimetabledPassingTime id="OST:TimetabledPassingTime:211210122070667_10_13_23_00" version="271">
                  <DepartureTime>13:23:00</DepartureTime>
                  <StopPointInJourneyPatternRef ref="OST:StopPointInJourneyPattern:183_Inbound_211210121982853_10_211210121975025" version="271" />
                </TimetabledPassingTime>
                <TimetabledPassingTime id="OST:TimetabledPassingTime:211210122070667_9_13_23_00" version="271">
                  <DepartureTime>13:23:00</DepartureTime>
                  <StopPointInJourneyPatternRef ref="OST:StopPointInJourneyPattern:183_Inbound_211210121982853_9_211210121975025" version="271" />
                </TimetabledPassingTime>
                <TimetabledPassingTime id="OST:TimetabledPassingTime:211210122070667_11_13_24_00" version="271">
                  <DepartureTime>13:24:00</DepartureTime>
                  <StopPointInJourneyPatternRef ref="OST:StopPointInJourneyPattern:183_Inbound_211210121982853_11_211210121975025" version="271" />
                </TimetabledPassingTime>
                <TimetabledPassingTime id="OST:TimetabledPassingTime:211210122070667_12_13_25_00" version="271">
                  <ArrivalTime>13:25:00</ArrivalTime>
                  <StopPointInJourneyPatternRef ref="OST:StopPointInJourneyPattern:183_Inbound_211210121982853_12_211210121975025" version="271" />
                </TimetabledPassingTime>
              </passingTimes>
            </ServiceJourney>
            <ServiceJourney id="OST:ServiceJourney:183_211210122070666_1" publication="public" version="271">
              <Name>Steinerskolen</Name>
              <PrivateCode>1</PrivateCode>
              <dayTypes>
                <DayTypeRef ref="OST:DayType:121" />
              </dayTypes>
              <JourneyPatternRef ref="OST:JourneyPattern:183_Outbound_211210121982852_211210121975025" version="271" />
              <LineRef ref="OST:Line:1_183" version="271" />
              <OperatorRef ref="OST:Operator:152" />
              <passingTimes>
                <TimetabledPassingTime id="OST:TimetabledPassingTime:211210122070666_1_07_50_00" version="271">
                  <DepartureTime>07:50:00</DepartureTime>
                  <StopPointInJourneyPatternRef ref="OST:StopPointInJourneyPattern:183_Outbound_211210121982852_1_211210121975025" version="271" />
                </TimetabledPassingTime>
                <TimetabledPassingTime id="OST:TimetabledPassingTime:211210122070666_3_07_51_00" version="271">
                  <DepartureTime>07:51:00</DepartureTime>
                  <StopPointInJourneyPatternRef ref="OST:StopPointInJourneyPattern:183_Outbound_211210121982852_3_211210121975025" version="271" />
                </TimetabledPassingTime>
                <TimetabledPassingTime id="OST:TimetabledPassingTime:211210122070666_2_07_51_00" version="271">
                  <DepartureTime>07:51:00</DepartureTime>
                  <StopPointInJourneyPatternRef ref="OST:StopPointInJourneyPattern:183_Outbound_211210121982852_2_211210121975025" version="271" />
                </TimetabledPassingTime>
                <TimetabledPassingTime id="OST:TimetabledPassingTime:211210122070666_4_07_52_00" version="271">
                  <DepartureTime>07:52:00</DepartureTime>
                  <StopPointInJourneyPatternRef ref="OST:StopPointInJourneyPattern:183_Outbound_211210121982852_4_211210121975025" version="271" />
                </TimetabledPassingTime>
                <TimetabledPassingTime id="OST:TimetabledPassingTime:211210122070666_5_07_53_00" version="271">
                  <DepartureTime>07:53:00</DepartureTime>
                  <StopPointInJourneyPatternRef ref="OST:StopPointInJourneyPattern:183_Outbound_211210121982852_5_211210121975025" version="271" />
                </TimetabledPassingTime>
                <TimetabledPassingTime id="OST:TimetabledPassingTime:211210122070666_6_07_54_00" version="271">
                  <DepartureTime>07:54:00</DepartureTime>
                  <StopPointInJourneyPatternRef ref="OST:StopPointInJourneyPattern:183_Outbound_211210121982852_6_211210121975025" version="271" />
                </TimetabledPassingTime>
                <TimetabledPassingTime id="OST:TimetabledPassingTime:211210122070666_7_07_55_00" version="271">
                  <DepartureTime>07:55:00</DepartureTime>
                  <StopPointInJourneyPatternRef ref="OST:StopPointInJourneyPattern:183_Outbound_211210121982852_7_211210121975025" version="271" />
                </TimetabledPassingTime>
                <TimetabledPassingTime id="OST:TimetabledPassingTime:211210122070666_8_07_56_00" version="271">
                  <DepartureTime>07:56:00</DepartureTime>
                  <StopPointInJourneyPatternRef ref="OST:StopPointInJourneyPattern:183_Outbound_211210121982852_8_211210121975025" version="271" />
                </TimetabledPassingTime>
                <TimetabledPassingTime id="OST:TimetabledPassingTime:211210122070666_9_07_57_00" version="271">
                  <DepartureTime>07:57:00</DepartureTime>
                  <StopPointInJourneyPatternRef ref="OST:StopPointInJourneyPattern:183_Outbound_211210121982852_9_211210121975025" version="271" />
                </TimetabledPassingTime>
                <TimetabledPassingTime id="OST:TimetabledPassingTime:211210122070666_10_07_59_00" version="271">
                  <DepartureTime>07:59:00</DepartureTime>
                  <StopPointInJourneyPatternRef ref="OST:StopPointInJourneyPattern:183_Outbound_211210121982852_10_211210121975025" version="271" />
                </TimetabledPassingTime>
                <TimetabledPassingTime id="OST:TimetabledPassingTime:211210122070666_12_08_00_00" version="271">
                  <DepartureTime>08:00:00</DepartureTime>
                  <StopPointInJourneyPatternRef ref="OST:StopPointInJourneyPattern:183_Outbound_211210121982852_12_211210121975025" version="271" />
                </TimetabledPassingTime>
                <TimetabledPassingTime id="OST:TimetabledPassingTime:211210122070666_11_08_00_00" version="271">
                  <DepartureTime>08:00:00</DepartureTime>
                  <StopPointInJourneyPatternRef ref="OST:StopPointInJourneyPattern:183_Outbound_211210121982852_11_211210121975025" version="271" />
                </TimetabledPassingTime>
                <TimetabledPassingTime id="OST:TimetabledPassingTime:211210122070666_13_08_02_00" version="271">
                  <DepartureTime>08:02:00</DepartureTime>
                  <StopPointInJourneyPatternRef ref="OST:StopPointInJourneyPattern:183_Outbound_211210121982852_13_211210121975025" version="271" />
                </TimetabledPassingTime>
                <TimetabledPassingTime id="OST:TimetabledPassingTime:211210122070666_14_08_03_00" version="271">
                  <DepartureTime>08:03:00</DepartureTime>
                  <StopPointInJourneyPatternRef ref="OST:StopPointInJourneyPattern:183_Outbound_211210121982852_14_211210121975025" version="271" />
                </TimetabledPassingTime>
                <TimetabledPassingTime id="OST:TimetabledPassingTime:211210122070666_16_08_05_00" version="271">
                  <DepartureTime>08:05:00</DepartureTime>
                  <StopPointInJourneyPatternRef ref="OST:StopPointInJourneyPattern:183_Outbound_211210121982852_16_211210121975025" version="271" />
                </TimetabledPassingTime>
                <TimetabledPassingTime id="OST:TimetabledPassingTime:211210122070666_15_08_05_00" version="271">
                  <DepartureTime>08:05:00</DepartureTime>
                  <StopPointInJourneyPatternRef ref="OST:StopPointInJourneyPattern:183_Outbound_211210121982852_15_211210121975025" version="271" />
                </TimetabledPassingTime>
                <TimetabledPassingTime id="OST:TimetabledPassingTime:211210122070666_17_08_06_00" version="271">
                  <DepartureTime>08:06:00</DepartureTime>
                  <StopPointInJourneyPatternRef ref="OST:StopPointInJourneyPattern:183_Outbound_211210121982852_17_211210121975025" version="271" />
                </TimetabledPassingTime>
                <TimetabledPassingTime id="OST:TimetabledPassingTime:211210122070666_18_08_07_00" version="271">
                  <DepartureTime>08:07:00</DepartureTime>
                  <StopPointInJourneyPatternRef ref="OST:StopPointInJourneyPattern:183_Outbound_211210121982852_18_211210121975025" version="271" />
                </TimetabledPassingTime>
                <TimetabledPassingTime id="OST:TimetabledPassingTime:211210122070666_19_08_08_00" version="271">
                  <DepartureTime>08:08:00</DepartureTime>
                  <StopPointInJourneyPatternRef ref="OST:StopPointInJourneyPattern:183_Outbound_211210121982852_19_211210121975025" version="271" />
                </TimetabledPassingTime>
                <TimetabledPassingTime id="OST:TimetabledPassingTime:211210122070666_20_08_09_00" version="271">
                  <DepartureTime>08:09:00</DepartureTime>
                  <StopPointInJourneyPatternRef ref="OST:StopPointInJourneyPattern:183_Outbound_211210121982852_20_211210121975025" version="271" />
                </TimetabledPassingTime>
                <TimetabledPassingTime id="OST:TimetabledPassingTime:211210122070666_21_08_10_00" version="271">
                  <DepartureTime>08:10:00</DepartureTime>
                  <StopPointInJourneyPatternRef ref="OST:StopPointInJourneyPattern:183_Outbound_211210121982852_21_211210121975025" version="271" />
                </TimetabledPassingTime>
                <TimetabledPassingTime id="OST:TimetabledPassingTime:211210122070666_22_08_11_00" version="271">
                  <DepartureTime>08:11:00</DepartureTime>
                  <StopPointInJourneyPatternRef ref="OST:StopPointInJourneyPattern:183_Outbound_211210121982852_22_211210121975025" version="271" />
                </TimetabledPassingTime>
                <TimetabledPassingTime id="OST:TimetabledPassingTime:211210122070666_23_08_11_00" version="271">
                  <DepartureTime>08:11:00</DepartureTime>
                  <StopPointInJourneyPatternRef ref="OST:StopPointInJourneyPattern:183_Outbound_211210121982852_23_211210121975025" version="271" />
                </TimetabledPassingTime>
                <TimetabledPassingTime id="OST:TimetabledPassingTime:211210122070666_24_08_12_00" version="271">
                  <DepartureTime>08:12:00</DepartureTime>
                  <StopPointInJourneyPatternRef ref="OST:StopPointInJourneyPattern:183_Outbound_211210121982852_24_211210121975025" version="271" />
                </TimetabledPassingTime>
                <TimetabledPassingTime id="OST:TimetabledPassingTime:211210122070666_25_08_14_00" version="271">
                  <DepartureTime>08:14:00</DepartureTime>
                  <StopPointInJourneyPatternRef ref="OST:StopPointInJourneyPattern:183_Outbound_211210121982852_25_211210121975025" version="271" />
                </TimetabledPassingTime>
                <TimetabledPassingTime id="OST:TimetabledPassingTime:211210122070666_26_08_17_00" version="271">
                  <DepartureTime>08:17:00</DepartureTime>
                  <StopPointInJourneyPatternRef ref="OST:StopPointInJourneyPattern:183_Outbound_211210121982852_26_211210121975025" version="271" />
                </TimetabledPassingTime>
                <TimetabledPassingTime id="OST:TimetabledPassingTime:211210122070666_27_08_18_00" version="271">
                  <DepartureTime>08:18:00</DepartureTime>
                  <StopPointInJourneyPatternRef ref="OST:StopPointInJourneyPattern:183_Outbound_211210121982852_27_211210121975025" version="271" />
                </TimetabledPassingTime>
                <TimetabledPassingTime id="OST:TimetabledPassingTime:211210122070666_28_08_19_00" version="271">
                  <DepartureTime>08:19:00</DepartureTime>
                  <StopPointInJourneyPatternRef ref="OST:StopPointInJourneyPattern:183_Outbound_211210121982852_28_211210121975025" version="271" />
                </TimetabledPassingTime>
                <TimetabledPassingTime id="OST:TimetabledPassingTime:211210122070666_29_08_20_00" version="271">
                  <ArrivalTime>08:20:00</ArrivalTime>
                  <StopPointInJourneyPatternRef ref="OST:StopPointInJourneyPattern:183_Outbound_211210121982852_29_211210121975025" version="271" />
                </TimetabledPassingTime>
              </passingTimes>
            </ServiceJourney>
            <ServiceJourney id="OST:ServiceJourney:183_211210122070668_3" publication="public" version="271">
              <Name>Haugeåsen ungdomsskole</Name>
              <PrivateCode>3</PrivateCode>
              <dayTypes>
                <DayTypeRef ref="OST:DayType:121" />
              </dayTypes>
              <JourneyPatternRef ref="OST:JourneyPattern:183_Outbound_211210121982851_211210121975025" version="271" />
              <LineRef ref="OST:Line:1_183" version="271" />
              <OperatorRef ref="OST:Operator:152" />
              <passingTimes>
                <TimetabledPassingTime id="OST:TimetabledPassingTime:211210122070668_1_08_05_00" version="271">
                  <DepartureTime>08:05:00</DepartureTime>
                  <StopPointInJourneyPatternRef ref="OST:StopPointInJourneyPattern:183_Outbound_211210121982851_1_211210121975025" version="271" />
                </TimetabledPassingTime>
                <TimetabledPassingTime id="OST:TimetabledPassingTime:211210122070668_3_08_06_00" version="271">
                  <DepartureTime>08:06:00</DepartureTime>
                  <StopPointInJourneyPatternRef ref="OST:StopPointInJourneyPattern:183_Outbound_211210121982851_3_211210121975025" version="271" />
                </TimetabledPassingTime>
                <TimetabledPassingTime id="OST:TimetabledPassingTime:211210122070668_2_08_06_00" version="271">
                  <DepartureTime>08:06:00</DepartureTime>
                  <StopPointInJourneyPatternRef ref="OST:StopPointInJourneyPattern:183_Outbound_211210121982851_2_211210121975025" version="271" />
                </TimetabledPassingTime>
                <TimetabledPassingTime id="OST:TimetabledPassingTime:211210122070668_4_08_07_00" version="271">
                  <DepartureTime>08:07:00</DepartureTime>
                  <StopPointInJourneyPatternRef ref="OST:StopPointInJourneyPattern:183_Outbound_211210121982851_4_211210121975025" version="271" />
                </TimetabledPassingTime>
                <TimetabledPassingTime id="OST:TimetabledPassingTime:211210122070668_5_08_07_00" version="271">
                  <DepartureTime>08:07:00</DepartureTime>
                  <StopPointInJourneyPatternRef ref="OST:StopPointInJourneyPattern:183_Outbound_211210121982851_5_211210121975025" version="271" />
                </TimetabledPassingTime>
                <TimetabledPassingTime id="OST:TimetabledPassingTime:211210122070668_7_08_08_00" version="271">
                  <DepartureTime>08:08:00</DepartureTime>
                  <StopPointInJourneyPatternRef ref="OST:StopPointInJourneyPattern:183_Outbound_211210121982851_7_211210121975025" version="271" />
                </TimetabledPassingTime>
                <TimetabledPassingTime id="OST:TimetabledPassingTime:211210122070668_6_08_08_00" version="271">
                  <DepartureTime>08:08:00</DepartureTime>
                  <StopPointInJourneyPatternRef ref="OST:StopPointInJourneyPattern:183_Outbound_211210121982851_6_211210121975025" version="271" />
                </TimetabledPassingTime>
                <TimetabledPassingTime id="OST:TimetabledPassingTime:211210122070668_9_08_09_00" version="271">
                  <DepartureTime>08:09:00</DepartureTime>
                  <StopPointInJourneyPatternRef ref="OST:StopPointInJourneyPattern:183_Outbound_211210121982851_9_211210121975025" version="271" />
                </TimetabledPassingTime>
                <TimetabledPassingTime id="OST:TimetabledPassingTime:211210122070668_8_08_09_00" version="271">
                  <DepartureTime>08:09:00</DepartureTime>
                  <StopPointInJourneyPatternRef ref="OST:StopPointInJourneyPattern:183_Outbound_211210121982851_8_211210121975025" version="271" />
                </TimetabledPassingTime>
                <TimetabledPassingTime id="OST:TimetabledPassingTime:211210122070668_11_08_10_00" version="271">
                  <DepartureTime>08:10:00</DepartureTime>
                  <StopPointInJourneyPatternRef ref="OST:StopPointInJourneyPattern:183_Outbound_211210121982851_11_211210121975025" version="271" />
                </TimetabledPassingTime>
                <TimetabledPassingTime id="OST:TimetabledPassingTime:211210122070668_12_08_10_00" version="271">
                  <DepartureTime>08:10:00</DepartureTime>
                  <StopPointInJourneyPatternRef ref="OST:StopPointInJourneyPattern:183_Outbound_211210121982851_12_211210121975025" version="271" />
                </TimetabledPassingTime>
                <TimetabledPassingTime id="OST:TimetabledPassingTime:211210122070668_10_08_10_00" version="271">
                  <DepartureTime>08:10:00</DepartureTime>
                  <StopPointInJourneyPatternRef ref="OST:StopPointInJourneyPattern:183_Outbound_211210121982851_10_211210121975025" version="271" />
                </TimetabledPassingTime>
                <TimetabledPassingTime id="OST:TimetabledPassingTime:211210122070668_13_08_12_00" version="271">
                  <DepartureTime>08:12:00</DepartureTime>
                  <StopPointInJourneyPatternRef ref="OST:StopPointInJourneyPattern:183_Outbound_211210121982851_13_211210121975025" version="271" />
                </TimetabledPassingTime>
                <TimetabledPassingTime id="OST:TimetabledPassingTime:211210122070668_15_08_17_00" version="271">
                  <DepartureTime>08:17:00</DepartureTime>
                  <StopPointInJourneyPatternRef ref="OST:StopPointInJourneyPattern:183_Outbound_211210121982851_15_211210121975025" version="271" />
                </TimetabledPassingTime>
                <TimetabledPassingTime id="OST:TimetabledPassingTime:211210122070668_14_08_17_00" version="271">
                  <DepartureTime>08:17:00</DepartureTime>
                  <StopPointInJourneyPatternRef ref="OST:StopPointInJourneyPattern:183_Outbound_211210121982851_14_211210121975025" version="271" />
                </TimetabledPassingTime>
                <TimetabledPassingTime id="OST:TimetabledPassingTime:211210122070668_16_08_20_00" version="271">
                  <ArrivalTime>08:20:00</ArrivalTime>
                  <StopPointInJourneyPatternRef ref="OST:StopPointInJourneyPattern:183_Outbound_211210121982851_16_211210121975025" version="271" />
                </TimetabledPassingTime>
              </passingTimes>
            </ServiceJourney>
          </vehicleJourneys>
        </TimetableFrame>
      </frames>
    </CompositeFrame>
  </dataObjects>
</PublicationDelivery>
