<?xml version="1.0" encoding="UTF-8"?>
<PublicationDelivery xmlns="http://www.netex.org.uk/netex" xmlns:gis="http://www.opengis.net/gml/3.2" xmlns:siri="http://www.siri.org.uk/siri" version="1.13:NO-NeTEx-networktimetable:1.3">
  <PublicationTimestamp>2022-05-26T00:05:35.012</PublicationTimestamp>
  <ParticipantRef>RB</ParticipantRef>
  <Description>Steinerskolen Moss</Description>
  <dataObjects>
    <CompositeFrame created="2022-04-08T10:32:34.29" id="1085785245" version="1">
      <validityConditions>
        <AvailabilityCondition id="1757879490" version="1">
          <FromDate>2022-05-23T00:00:00</FromDate>
          <ToDate>2023-05-25T00:00:00</ToDate>
        </AvailabilityCondition>
      </validityConditions>
      <codespaces>
        <Codespace id="ost">
          <Xmlns>OST</Xmlns>
          <XmlnsUrl>http://www.rutebanken.org/ns/ost</XmlnsUrl>
        </Codespace>
        <Codespace id="nsr">
          <Xmlns>NSR</Xmlns>
          <XmlnsUrl>http://www.rutebanken.org/ns/nsr</XmlnsUrl>
        </Codespace>
      </codespaces>
      <FrameDefaults>
        <DefaultLocale>
          <TimeZone>Europe/Oslo</TimeZone>
          <DefaultLanguage>no</DefaultLanguage>
        </DefaultLocale>
      </FrameDefaults>
      <frames>
        <ServiceFrame id="989460603" version="1">
          <routes>
            <Route id="OST:Route:252_Outbound_211210121983014_211210121975025" version="271">
              <Name>1-1</Name>
              <ShortName>1-1</ShortName>
              <LineRef ref="OST:Line:1_252" version="271" />
              <DirectionType>inbound</DirectionType>
              <pointsInSequence>
                <PointOnRoute id="OST:PointOnRoute:7431754" order="4" version="271">
                  <RoutePointRef ref="OST:RoutePoint:1040135_2" />
                </PointOnRoute>
                <PointOnRoute id="OST:PointOnRoute:7431757" order="7" version="271">
                  <RoutePointRef ref="OST:RoutePoint:1040120_3" />
                </PointOnRoute>
                <PointOnRoute id="OST:PointOnRoute:7431767" order="17" version="271">
                  <RoutePointRef ref="OST:RoutePoint:1040495_2" />
                </PointOnRoute>
                <PointOnRoute id="OST:PointOnRoute:7431761" order="11" version="271">
                  <RoutePointRef ref="OST:RoutePoint:1040450_1" />
                </PointOnRoute>
                <PointOnRoute id="OST:PointOnRoute:7431764" order="14" version="271">
                  <RoutePointRef ref="OST:RoutePoint:1040461_1" />
                </PointOnRoute>
                <PointOnRoute id="OST:PointOnRoute:7431755" order="5" version="271">
                  <RoutePointRef ref="OST:RoutePoint:1040130_2" />
                </PointOnRoute>
                <PointOnRoute id="OST:PointOnRoute:7431762" order="12" version="271">
                  <RoutePointRef ref="OST:RoutePoint:1040455_1" />
                </PointOnRoute>
                <PointOnRoute id="OST:PointOnRoute:7431756" order="6" version="271">
                  <RoutePointRef ref="OST:RoutePoint:1040355_2" />
                </PointOnRoute>
                <PointOnRoute id="OST:PointOnRoute:7431758" order="8" version="271">
                  <RoutePointRef ref="OST:RoutePoint:1040431_1" />
                </PointOnRoute>
                <PointOnRoute id="OST:PointOnRoute:7431765" order="15" version="271">
                  <RoutePointRef ref="OST:RoutePoint:1040500_2" />
                </PointOnRoute>
                <PointOnRoute id="OST:PointOnRoute:7431759" order="9" version="271">
                  <RoutePointRef ref="OST:RoutePoint:1041000_2" />
                </PointOnRoute>
                <PointOnRoute id="OST:PointOnRoute:7431753" order="3" version="271">
                  <RoutePointRef ref="OST:RoutePoint:1040140_1" />
                </PointOnRoute>
                <PointOnRoute id="OST:PointOnRoute:7431763" order="13" version="271">
                  <RoutePointRef ref="OST:RoutePoint:1040460_1" />
                </PointOnRoute>
                <PointOnRoute id="OST:PointOnRoute:7431751" order="1" version="271">
                  <RoutePointRef ref="OST:RoutePoint:1040150_1" />
                </PointOnRoute>
                <PointOnRoute id="OST:PointOnRoute:7431766" order="16" version="271">
                  <RoutePointRef ref="OST:RoutePoint:1040501_2" />
                </PointOnRoute>
                <PointOnRoute id="OST:PointOnRoute:7431760" order="10" version="271">
                  <RoutePointRef ref="OST:RoutePoint:1040445_1" />
                </PointOnRoute>
                <PointOnRoute id="OST:PointOnRoute:7431752" order="2" version="271">
                  <RoutePointRef ref="OST:RoutePoint:1040145_1" />
                </PointOnRoute>
              </pointsInSequence>
            </Route>
          </routes>
          <lines>
            <Line id="OST:Line:1_252" version="271">
              <Name>Steinerskolen Moss</Name>
              <TransportMode>bus</TransportMode>
              <TransportSubmode>
                <BusSubmode>localBus</BusSubmode>
              </TransportSubmode>
              <PublicCode>252</PublicCode>
              <PrivateCode>252</PrivateCode>
              <OperatorRef ref="OST:Operator:152" />
              <RepresentedByGroupRef ref="OST:GroupOfLines:bus_1" />
            </Line>
          </lines>
          <journeyPatterns>
            <JourneyPattern id="OST:JourneyPattern:252_Outbound_211210121983014_211210121975025" version="271">
              <Name>1-1</Name>
              <RouteRef ref="OST:Route:252_Outbound_211210121983014_211210121975025" version="271" />
              <pointsInSequence>
                <StopPointInJourneyPattern order="11" id="OST:StopPointInJourneyPattern:252_Outbound_211210121983014_11_211210121975025" version="271">
                  <ScheduledStopPointRef ref="OST:ScheduledStopPoint:1040450_1" />
                </StopPointInJourneyPattern>
                <StopPointInJourneyPattern order="2" id="OST:StopPointInJourneyPattern:252_Outbound_211210121983014_2_211210121975025" version="271">
                  <ScheduledStopPointRef ref="OST:ScheduledStopPoint:1040145_1" />
                </StopPointInJourneyPattern>
                <StopPointInJourneyPattern order="1" id="OST:StopPointInJourneyPattern:252_Outbound_211210121983014_1_211210121975025" version="271">
                  <ForAlighting>false</ForAlighting>
                  <DestinationDisplayRef ref="OST:DestinationDisplay:473" />
                  <ScheduledStopPointRef ref="OST:ScheduledStopPoint:1040150_1" />
                </StopPointInJourneyPattern>
                <StopPointInJourneyPattern order="5" id="OST:StopPointInJourneyPattern:252_Outbound_211210121983014_5_211210121975025" version="271">
                  <ScheduledStopPointRef ref="OST:ScheduledStopPoint:1040130_2" />
                </StopPointInJourneyPattern>
                <StopPointInJourneyPattern order="4" id="OST:StopPointInJourneyPattern:252_Outbound_211210121983014_4_211210121975025" version="271">
                  <ScheduledStopPointRef ref="OST:ScheduledStopPoint:1040135_2" />
                </StopPointInJourneyPattern>
                <StopPointInJourneyPattern order="7" id="OST:StopPointInJourneyPattern:252_Outbound_211210121983014_7_211210121975025" version="271">
                  <ScheduledStopPointRef ref="OST:ScheduledStopPoint:1040120_3" />
                </StopPointInJourneyPattern>
                <StopPointInJourneyPattern order="9" id="OST:StopPointInJourneyPattern:252_Outbound_211210121983014_9_211210121975025" version="271">
                  <ScheduledStopPointRef ref="OST:ScheduledStopPoint:1041000_2" />
                </StopPointInJourneyPattern>
                <StopPointInJourneyPattern order="17" id="OST:StopPointInJourneyPattern:252_Outbound_211210121983014_17_211210121975025" version="271">
                  <ForBoarding>false</ForBoarding>
                  <ScheduledStopPointRef ref="OST:ScheduledStopPoint:1040495_2" />
                </StopPointInJourneyPattern>
                <StopPointInJourneyPattern order="13" id="OST:StopPointInJourneyPattern:252_Outbound_211210121983014_13_211210121975025" version="271">
                  <ScheduledStopPointRef ref="OST:ScheduledStopPoint:1040460_1" />
                </StopPointInJourneyPattern>
                <StopPointInJourneyPattern order="14" id="OST:StopPointInJourneyPattern:252_Outbound_211210121983014_14_211210121975025" version="271">
                  <ScheduledStopPointRef ref="OST:ScheduledStopPoint:1040461_1" />
                </StopPointInJourneyPattern>
                <StopPointInJourneyPattern order="8" id="OST:StopPointInJourneyPattern:252_Outbound_211210121983014_8_211210121975025" version="271">
                  <ScheduledStopPointRef ref="OST:ScheduledStopPoint:1040431_1" />
                </StopPointInJourneyPattern>
                <StopPointInJourneyPattern order="10" id="OST:StopPointInJourneyPattern:252_Outbound_211210121983014_10_211210121975025" version="271">
                  <ScheduledStopPointRef ref="OST:ScheduledStopPoint:1040445_1" />
                </StopPointInJourneyPattern>
                <StopPointInJourneyPattern order="12" id="OST:StopPointInJourneyPattern:252_Outbound_211210121983014_12_211210121975025" version="271">
                  <ScheduledStopPointRef ref="OST:ScheduledStopPoint:1040455_1" />
                </StopPointInJourneyPattern>
                <StopPointInJourneyPattern order="16" id="OST:StopPointInJourneyPattern:252_Outbound_211210121983014_16_211210121975025" version="271">
                  <ScheduledStopPointRef ref="OST:ScheduledStopPoint:1040501_2" />
                </StopPointInJourneyPattern>
                <StopPointInJourneyPattern order="6" id="OST:StopPointInJourneyPattern:252_Outbound_211210121983014_6_211210121975025" version="271">
                  <ScheduledStopPointRef ref="OST:ScheduledStopPoint:1040355_2" />
                </StopPointInJourneyPattern>
                <StopPointInJourneyPattern order="3" id="OST:StopPointInJourneyPattern:252_Outbound_211210121983014_3_211210121975025" version="271">
                  <ScheduledStopPointRef ref="OST:ScheduledStopPoint:1040140_1" />
                </StopPointInJourneyPattern>
                <StopPointInJourneyPattern order="15" id="OST:StopPointInJourneyPattern:252_Outbound_211210121983014_15_211210121975025" version="271">
                  <ScheduledStopPointRef ref="OST:ScheduledStopPoint:1040500_2" />
                </StopPointInJourneyPattern>
              </pointsInSequence>
              <linksInSequence>
                <ServiceLinkInJourneyPattern order="12" id="OST:ServiceLinkInJourneyPattern:7431790" version="271">
                  <ServiceLinkRef ref="OST:ServiceLink:200811072683989_1_200811072683992_1_696" />
                </ServiceLinkInJourneyPattern>
                <ServiceLinkInJourneyPattern order="10" id="OST:ServiceLinkInJourneyPattern:7431786" version="271">
                  <ServiceLinkRef ref="OST:ServiceLink:200811072683979_1_200811072683982_1_429" />
                </ServiceLinkInJourneyPattern>
                <ServiceLinkInJourneyPattern order="2" id="OST:ServiceLinkInJourneyPattern:7431770" version="271">
                  <ServiceLinkRef ref="OST:ServiceLink:200811072683856_1_200811072683850_1_281" />
                </ServiceLinkInJourneyPattern>
                <ServiceLinkInJourneyPattern order="6" id="OST:ServiceLinkInJourneyPattern:7431778" version="271">
                  <ServiceLinkRef ref="OST:ServiceLink:200811072683954_2_200811072683834_3_1471" />
                </ServiceLinkInJourneyPattern>
                <ServiceLinkInJourneyPattern order="16" id="OST:ServiceLinkInJourneyPattern:7431795" version="271">
                  <ServiceLinkRef ref="OST:ServiceLink:200811072684035_2_200811072684025_2_154" />
                </ServiceLinkInJourneyPattern>
                <ServiceLinkInJourneyPattern order="9" id="OST:ServiceLinkInJourneyPattern:7431784" version="271">
                  <ServiceLinkRef ref="OST:ServiceLink:200811072684194_2_200811072683979_1_256" />
                </ServiceLinkInJourneyPattern>
                <ServiceLinkInJourneyPattern order="13" id="OST:ServiceLinkInJourneyPattern:7431791" version="271">
                  <ServiceLinkRef ref="OST:ServiceLink:200811072683992_1_200811072683997_1_1176" />
                </ServiceLinkInJourneyPattern>
                <ServiceLinkInJourneyPattern order="7" id="OST:ServiceLinkInJourneyPattern:7431780" version="271">
                  <ServiceLinkRef ref="OST:ServiceLink:200811072683834_3_200811072683974_1_1011" />
                </ServiceLinkInJourneyPattern>
                <ServiceLinkInJourneyPattern order="3" id="OST:ServiceLinkInJourneyPattern:7431772" version="271">
                  <ServiceLinkRef ref="OST:ServiceLink:200811072683850_1_200811072683847_2_244" />
                </ServiceLinkInJourneyPattern>
                <ServiceLinkInJourneyPattern order="1" id="OST:ServiceLinkInJourneyPattern:7431768" version="271">
                  <ServiceLinkRef ref="OST:ServiceLink:200811072683861_1_200811072683856_1_405" />
                </ServiceLinkInJourneyPattern>
                <ServiceLinkInJourneyPattern order="5" id="OST:ServiceLinkInJourneyPattern:7431776" version="271">
                  <ServiceLinkRef ref="OST:ServiceLink:200811072683842_2_200811072683954_2_1197" />
                </ServiceLinkInJourneyPattern>
                <ServiceLinkInJourneyPattern order="8" id="OST:ServiceLinkInJourneyPattern:7431782" version="271">
                  <ServiceLinkRef ref="OST:ServiceLink:200811072683974_1_200811072684194_2_397" />
                </ServiceLinkInJourneyPattern>
                <ServiceLinkInJourneyPattern order="14" id="OST:ServiceLinkInJourneyPattern:7431792" version="271">
                  <ServiceLinkRef ref="OST:ServiceLink:200811072683997_1_200811072684030_2_363" />
                </ServiceLinkInJourneyPattern>
                <ServiceLinkInJourneyPattern order="11" id="OST:ServiceLinkInJourneyPattern:7431788" version="271">
                  <ServiceLinkRef ref="OST:ServiceLink:200811072683982_1_200811072683989_1_1594" />
                </ServiceLinkInJourneyPattern>
                <ServiceLinkInJourneyPattern order="4" id="OST:ServiceLinkInJourneyPattern:7431774" version="271">
                  <ServiceLinkRef ref="OST:ServiceLink:200811072683847_2_200811072683842_2_142" />
                </ServiceLinkInJourneyPattern>
                <ServiceLinkInJourneyPattern order="15" id="OST:ServiceLinkInJourneyPattern:7431794" version="271">
                  <ServiceLinkRef ref="OST:ServiceLink:200811072684030_2_200811072684035_2_320" />
                </ServiceLinkInJourneyPattern>
              </linksInSequence>
            </JourneyPattern>
          </journeyPatterns>
        </ServiceFrame>
        <TimetableFrame id="320080710" version="1">
          <vehicleJourneys>
            <ServiceJourney id="OST:ServiceJourney:252_211210122071901_1" publication="public" version="271">
              <Name>Steinerskolen</Name>
              <PrivateCode>1</PrivateCode>
              <dayTypes>
                <DayTypeRef ref="OST:DayType:121" />
              </dayTypes>
              <JourneyPatternRef ref="OST:JourneyPattern:252_Outbound_211210121983014_211210121975025" version="271" />
              <LineRef ref="OST:Line:1_252" version="271" />
              <OperatorRef ref="OST:Operator:152" />
              <passingTimes>
                <TimetabledPassingTime id="OST:TimetabledPassingTime:211210122071901_1_08_05_00" version="271">
                  <DepartureTime>08:05:00</DepartureTime>
                  <StopPointInJourneyPatternRef ref="OST:StopPointInJourneyPattern:252_Outbound_211210121983014_1_211210121975025" version="271" />
                </TimetabledPassingTime>
                <TimetabledPassingTime id="OST:TimetabledPassingTime:211210122071901_2_08_06_00" version="271">
                  <DepartureTime>08:06:00</DepartureTime>
                  <StopPointInJourneyPatternRef ref="OST:StopPointInJourneyPattern:252_Outbound_211210121983014_2_211210121975025" version="271" />
                </TimetabledPassingTime>
                <TimetabledPassingTime id="OST:TimetabledPassingTime:211210122071901_3_08_07_00" version="271">
                  <DepartureTime>08:07:00</DepartureTime>
                  <StopPointInJourneyPatternRef ref="OST:StopPointInJourneyPattern:252_Outbound_211210121983014_3_211210121975025" version="271" />
                </TimetabledPassingTime>
                <TimetabledPassingTime id="OST:TimetabledPassingTime:211210122071901_5_08_08_00" version="271">
                  <DepartureTime>08:08:00</DepartureTime>
                  <StopPointInJourneyPatternRef ref="OST:StopPointInJourneyPattern:252_Outbound_211210121983014_5_211210121975025" version="271" />
                </TimetabledPassingTime>
                <TimetabledPassingTime id="OST:TimetabledPassingTime:211210122071901_4_08_08_00" version="271">
                  <DepartureTime>08:08:00</DepartureTime>
                  <StopPointInJourneyPatternRef ref="OST:StopPointInJourneyPattern:252_Outbound_211210121983014_4_211210121975025" version="271" />
                </TimetabledPassingTime>
                <TimetabledPassingTime id="OST:TimetabledPassingTime:211210122071901_6_08_12_00" version="271">
                  <DepartureTime>08:12:00</DepartureTime>
                  <StopPointInJourneyPatternRef ref="OST:StopPointInJourneyPattern:252_Outbound_211210121983014_6_211210121975025" version="271" />
                </TimetabledPassingTime>
                <TimetabledPassingTime id="OST:TimetabledPassingTime:211210122071901_7_08_18_00" version="271">
                  <DepartureTime>08:18:00</DepartureTime>
                  <StopPointInJourneyPatternRef ref="OST:StopPointInJourneyPattern:252_Outbound_211210121983014_7_211210121975025" version="271" />
                </TimetabledPassingTime>
                <TimetabledPassingTime id="OST:TimetabledPassingTime:211210122071901_8_08_21_00" version="271">
                  <DepartureTime>08:21:00</DepartureTime>
                  <StopPointInJourneyPatternRef ref="OST:StopPointInJourneyPattern:252_Outbound_211210121983014_8_211210121975025" version="271" />
                </TimetabledPassingTime>
                <TimetabledPassingTime id="OST:TimetabledPassingTime:211210122071901_9_08_23_00" version="271">
                  <DepartureTime>08:23:00</DepartureTime>
                  <StopPointInJourneyPatternRef ref="OST:StopPointInJourneyPattern:252_Outbound_211210121983014_9_211210121975025" version="271" />
                </TimetabledPassingTime>
                <TimetabledPassingTime id="OST:TimetabledPassingTime:211210122071901_10_08_24_00" version="271">
                  <DepartureTime>08:24:00</DepartureTime>
                  <StopPointInJourneyPatternRef ref="OST:StopPointInJourneyPattern:252_Outbound_211210121983014_10_211210121975025" version="271" />
                </TimetabledPassingTime>
                <TimetabledPassingTime id="OST:TimetabledPassingTime:211210122071901_11_08_26_00" version="271">
                  <DepartureTime>08:26:00</DepartureTime>
                  <StopPointInJourneyPatternRef ref="OST:StopPointInJourneyPattern:252_Outbound_211210121983014_11_211210121975025" version="271" />
                </TimetabledPassingTime>
                <TimetabledPassingTime id="OST:TimetabledPassingTime:211210122071901_12_08_29_00" version="271">
                  <DepartureTime>08:29:00</DepartureTime>
                  <StopPointInJourneyPatternRef ref="OST:StopPointInJourneyPattern:252_Outbound_211210121983014_12_211210121975025" version="271" />
                </TimetabledPassingTime>
                <TimetabledPassingTime id="OST:TimetabledPassingTime:211210122071901_13_08_30_00" version="271">
                  <DepartureTime>08:30:00</DepartureTime>
                  <StopPointInJourneyPatternRef ref="OST:StopPointInJourneyPattern:252_Outbound_211210121983014_13_211210121975025" version="271" />
                </TimetabledPassingTime>
                <TimetabledPassingTime id="OST:TimetabledPassingTime:211210122071901_15_08_33_00" version="271">
                  <DepartureTime>08:33:00</DepartureTime>
                  <StopPointInJourneyPatternRef ref="OST:StopPointInJourneyPattern:252_Outbound_211210121983014_15_211210121975025" version="271" />
                </TimetabledPassingTime>
                <TimetabledPassingTime id="OST:TimetabledPassingTime:211210122071901_14_08_33_00" version="271">
                  <DepartureTime>08:33:00</DepartureTime>
                  <StopPointInJourneyPatternRef ref="OST:StopPointInJourneyPattern:252_Outbound_211210121983014_14_211210121975025" version="271" />
                </TimetabledPassingTime>
                <TimetabledPassingTime id="OST:TimetabledPassingTime:211210122071901_16_08_34_00" version="271">
                  <DepartureTime>08:34:00</DepartureTime>
                  <StopPointInJourneyPatternRef ref="OST:StopPointInJourneyPattern:252_Outbound_211210121983014_16_211210121975025" version="271" />
                </TimetabledPassingTime>
                <TimetabledPassingTime id="OST:TimetabledPassingTime:211210122071901_17_08_35_00" version="271">
                  <ArrivalTime>08:35:00</ArrivalTime>
                  <StopPointInJourneyPatternRef ref="OST:StopPointInJourneyPattern:252_Outbound_211210121983014_17_211210121975025" version="271" />
                </TimetabledPassingTime>
              </passingTimes>
            </ServiceJourney>
          </vehicleJourneys>
        </TimetableFrame>
      </frames>
    </CompositeFrame>
  </dataObjects>
</PublicationDelivery>
