<?xml version="1.0" encoding="UTF-8"?>
<PublicationDelivery xmlns="http://www.netex.org.uk/netex" xmlns:gis="http://www.opengis.net/gml/3.2" xmlns:siri="http://www.siri.org.uk/siri" version="1.13:NO-NeTEx-networktimetable:1.3">
  <PublicationTimestamp>2022-05-26T00:05:35.012</PublicationTimestamp>
  <ParticipantRef>RB</ParticipantRef>
  <Description>Ørje-Strømsfoss</Description>
  <dataObjects>
    <CompositeFrame created="2022-04-08T10:32:34.29" id="1595642967" version="1">
      <validityConditions>
        <AvailabilityCondition id="1665696774" version="1">
          <FromDate>2022-05-23T00:00:00</FromDate>
          <ToDate>2023-05-25T00:00:00</ToDate>
        </AvailabilityCondition>
      </validityConditions>
      <codespaces>
        <Codespace id="ost">
          <Xmlns>OST</Xmlns>
          <XmlnsUrl>http://www.rutebanken.org/ns/ost</XmlnsUrl>
        </Codespace>
        <Codespace id="nsr">
          <Xmlns>NSR</Xmlns>
          <XmlnsUrl>http://www.rutebanken.org/ns/nsr</XmlnsUrl>
        </Codespace>
      </codespaces>
      <FrameDefaults>
        <DefaultLocale>
          <TimeZone>Europe/Oslo</TimeZone>
          <DefaultLanguage>no</DefaultLanguage>
        </DefaultLocale>
      </FrameDefaults>
      <frames>
        <ServiceFrame id="1212283113" version="1">
          <routes>
            <Route id="OST:Route:310_Inbound_211210121983073_211210121975025" version="271">
              <Name>2-5</Name>
              <ShortName>2-5</ShortName>
              <LineRef ref="OST:Line:1_310" version="271" />
              <DirectionType>outbound</DirectionType>
              <pointsInSequence>
                <PointOnRoute id="OST:PointOnRoute:7437894" order="3" version="271">
                  <RoutePointRef ref="OST:RoutePoint:1197422_2" />
                </PointOnRoute>
                <PointOnRoute id="OST:PointOnRoute:7437899" order="8" version="271">
                  <RoutePointRef ref="OST:RoutePoint:1197380_1" />
                </PointOnRoute>
                <PointOnRoute id="OST:PointOnRoute:7437895" order="4" version="271">
                  <RoutePointRef ref="OST:RoutePoint:1197431_1" />
                </PointOnRoute>
                <PointOnRoute id="OST:PointOnRoute:7437892" order="1" version="271">
                  <RoutePointRef ref="OST:RoutePoint:1197425_1" />
                </PointOnRoute>
                <PointOnRoute id="OST:PointOnRoute:7437893" order="2" version="271">
                  <RoutePointRef ref="OST:RoutePoint:1197433_1" />
                </PointOnRoute>
                <PointOnRoute id="OST:PointOnRoute:7437898" order="7" version="271">
                  <RoutePointRef ref="OST:RoutePoint:1197375_1" />
                </PointOnRoute>
                <PointOnRoute id="OST:PointOnRoute:7437902" order="11" version="271">
                  <RoutePointRef ref="OST:RoutePoint:1197395_1" />
                </PointOnRoute>
                <PointOnRoute id="OST:PointOnRoute:7437896" order="5" version="271">
                  <RoutePointRef ref="OST:RoutePoint:1187365_1" />
                </PointOnRoute>
                <PointOnRoute id="OST:PointOnRoute:7437900" order="9" version="271">
                  <RoutePointRef ref="OST:RoutePoint:1197385_1" />
                </PointOnRoute>
                <PointOnRoute id="OST:PointOnRoute:7437897" order="6" version="271">
                  <RoutePointRef ref="OST:RoutePoint:1187370_1" />
                </PointOnRoute>
                <PointOnRoute id="OST:PointOnRoute:7437901" order="10" version="271">
                  <RoutePointRef ref="OST:RoutePoint:1197390_1" />
                </PointOnRoute>
              </pointsInSequence>
            </Route>
            <Route id="OST:Route:310_Outbound_211210121983069_211210121975025" version="271">
              <Name>1-1</Name>
              <ShortName>1-1</ShortName>
              <LineRef ref="OST:Line:1_310" version="271" />
              <DirectionType>inbound</DirectionType>
              <pointsInSequence>
                <PointOnRoute id="OST:PointOnRoute:7437868" order="2" version="271">
                  <RoutePointRef ref="OST:RoutePoint:1197390_2" />
                </PointOnRoute>
                <PointOnRoute id="OST:PointOnRoute:7437869" order="3" version="271">
                  <RoutePointRef ref="OST:RoutePoint:1197386_2" />
                </PointOnRoute>
                <PointOnRoute id="OST:PointOnRoute:7437867" order="1" version="271">
                  <RoutePointRef ref="OST:RoutePoint:1197395_2" />
                </PointOnRoute>
                <PointOnRoute id="OST:PointOnRoute:7437873" order="7" version="271">
                  <RoutePointRef ref="OST:RoutePoint:1187365_2" />
                </PointOnRoute>
                <PointOnRoute id="OST:PointOnRoute:7437871" order="5" version="271">
                  <RoutePointRef ref="OST:RoutePoint:1197375_2" />
                </PointOnRoute>
                <PointOnRoute id="OST:PointOnRoute:7437877" order="11" version="271">
                  <RoutePointRef ref="OST:RoutePoint:1197425_1" />
                </PointOnRoute>
                <PointOnRoute id="OST:PointOnRoute:7437872" order="6" version="271">
                  <RoutePointRef ref="OST:RoutePoint:1187370_2" />
                </PointOnRoute>
                <PointOnRoute id="OST:PointOnRoute:7437875" order="9" version="271">
                  <RoutePointRef ref="OST:RoutePoint:1197422_1" />
                </PointOnRoute>
                <PointOnRoute id="OST:PointOnRoute:7437870" order="4" version="271">
                  <RoutePointRef ref="OST:RoutePoint:1197380_2" />
                </PointOnRoute>
                <PointOnRoute id="OST:PointOnRoute:7437874" order="8" version="271">
                  <RoutePointRef ref="OST:RoutePoint:1197431_2" />
                </PointOnRoute>
                <PointOnRoute id="OST:PointOnRoute:7437876" order="10" version="271">
                  <RoutePointRef ref="OST:RoutePoint:1197433_2" />
                </PointOnRoute>
              </pointsInSequence>
            </Route>
            <Route id="OST:Route:310_Outbound_211210121983070_211210121975025" version="271">
              <Name>1-2</Name>
              <ShortName>1-2</ShortName>
              <LineRef ref="OST:Line:1_310" version="271" />
              <DirectionType>inbound</DirectionType>
              <pointsInSequence>
                <PointOnRoute id="OST:PointOnRoute:7437882" order="5" version="271">
                  <RoutePointRef ref="OST:RoutePoint:1197421_2" />
                </PointOnRoute>
                <PointOnRoute id="OST:PointOnRoute:7437881" order="4" version="271">
                  <RoutePointRef ref="OST:RoutePoint:1197425_1" />
                </PointOnRoute>
                <PointOnRoute id="OST:PointOnRoute:7437880" order="3" version="271">
                  <RoutePointRef ref="OST:RoutePoint:1197433_2" />
                </PointOnRoute>
                <PointOnRoute id="OST:PointOnRoute:7437879" order="2" version="271">
                  <RoutePointRef ref="OST:RoutePoint:1197422_1" />
                </PointOnRoute>
                <PointOnRoute id="OST:PointOnRoute:7437878" order="1" version="271">
                  <RoutePointRef ref="OST:RoutePoint:1197431_2" />
                </PointOnRoute>
              </pointsInSequence>
            </Route>
            <Route id="OST:Route:310_Outbound_211210121983071_211210121975025" version="271">
              <Name>1-3</Name>
              <ShortName>1-3</ShortName>
              <LineRef ref="OST:Line:1_310" version="271" />
              <DirectionType>inbound</DirectionType>
              <pointsInSequence>
                <PointOnRoute id="OST:PointOnRoute:7437886" order="4" version="271">
                  <RoutePointRef ref="OST:RoutePoint:1197425_1" />
                </PointOnRoute>
                <PointOnRoute id="OST:PointOnRoute:7437885" order="3" version="271">
                  <RoutePointRef ref="OST:RoutePoint:1197433_2" />
                </PointOnRoute>
                <PointOnRoute id="OST:PointOnRoute:7437884" order="2" version="271">
                  <RoutePointRef ref="OST:RoutePoint:1197422_1" />
                </PointOnRoute>
                <PointOnRoute id="OST:PointOnRoute:7437883" order="1" version="271">
                  <RoutePointRef ref="OST:RoutePoint:1197431_2" />
                </PointOnRoute>
              </pointsInSequence>
            </Route>
            <Route id="OST:Route:310_Inbound_211210121983072_211210121975025" version="271">
              <Name>2-4</Name>
              <ShortName>2-4</ShortName>
              <LineRef ref="OST:Line:1_310" version="271" />
              <DirectionType>outbound</DirectionType>
              <pointsInSequence>
                <PointOnRoute id="OST:PointOnRoute:7437891" order="5" version="271">
                  <RoutePointRef ref="OST:RoutePoint:1197431_1" />
                </PointOnRoute>
                <PointOnRoute id="OST:PointOnRoute:7437890" order="4" version="271">
                  <RoutePointRef ref="OST:RoutePoint:1197422_2" />
                </PointOnRoute>
                <PointOnRoute id="OST:PointOnRoute:7437889" order="3" version="271">
                  <RoutePointRef ref="OST:RoutePoint:1197433_1" />
                </PointOnRoute>
                <PointOnRoute id="OST:PointOnRoute:7437888" order="2" version="271">
                  <RoutePointRef ref="OST:RoutePoint:1197421_2" />
                </PointOnRoute>
                <PointOnRoute id="OST:PointOnRoute:7437887" order="1" version="271">
                  <RoutePointRef ref="OST:RoutePoint:1197425_1" />
                </PointOnRoute>
              </pointsInSequence>
            </Route>
          </routes>
          <lines>
            <Line id="OST:Line:1_310" version="271">
              <Name>Ørje-Strømsfoss</Name>
              <TransportMode>bus</TransportMode>
              <TransportSubmode>
                <BusSubmode>localBus</BusSubmode>
              </TransportSubmode>
              <PublicCode>310</PublicCode>
              <PrivateCode>310</PrivateCode>
              <OperatorRef ref="OST:Operator:152" />
              <RepresentedByGroupRef ref="OST:GroupOfLines:bus_1" />
            </Line>
          </lines>
          <journeyPatterns>
            <JourneyPattern id="OST:JourneyPattern:310_Inbound_211210121983073_211210121975025" version="271">
              <Name>2-5</Name>
              <RouteRef ref="OST:Route:310_Inbound_211210121983073_211210121975025" version="271" />
              <pointsInSequence>
                <StopPointInJourneyPattern order="5" id="OST:StopPointInJourneyPattern:310_Inbound_211210121983073_5_211210121975025" version="271">
                  <ScheduledStopPointRef ref="OST:ScheduledStopPoint:1187365_1" />
                </StopPointInJourneyPattern>
                <StopPointInJourneyPattern order="1" id="OST:StopPointInJourneyPattern:310_Inbound_211210121983073_1_211210121975025" version="271">
                  <ForAlighting>false</ForAlighting>
                  <DestinationDisplayRef ref="OST:DestinationDisplay:145" />
                  <ScheduledStopPointRef ref="OST:ScheduledStopPoint:1197425_1" />
                </StopPointInJourneyPattern>
                <StopPointInJourneyPattern order="3" id="OST:StopPointInJourneyPattern:310_Inbound_211210121983073_3_211210121975025" version="271">
                  <ScheduledStopPointRef ref="OST:ScheduledStopPoint:1197422_2" />
                </StopPointInJourneyPattern>
                <StopPointInJourneyPattern order="2" id="OST:StopPointInJourneyPattern:310_Inbound_211210121983073_2_211210121975025" version="271">
                  <ScheduledStopPointRef ref="OST:ScheduledStopPoint:1197433_1" />
                </StopPointInJourneyPattern>
                <StopPointInJourneyPattern order="6" id="OST:StopPointInJourneyPattern:310_Inbound_211210121983073_6_211210121975025" version="271">
                  <ScheduledStopPointRef ref="OST:ScheduledStopPoint:1187370_1" />
                </StopPointInJourneyPattern>
                <StopPointInJourneyPattern order="7" id="OST:StopPointInJourneyPattern:310_Inbound_211210121983073_7_211210121975025" version="271">
                  <ScheduledStopPointRef ref="OST:ScheduledStopPoint:1197375_1" />
                </StopPointInJourneyPattern>
                <StopPointInJourneyPattern order="11" id="OST:StopPointInJourneyPattern:310_Inbound_211210121983073_11_211210121975025" version="271">
                  <ForBoarding>false</ForBoarding>
                  <ScheduledStopPointRef ref="OST:ScheduledStopPoint:1197395_1" />
                </StopPointInJourneyPattern>
                <StopPointInJourneyPattern order="9" id="OST:StopPointInJourneyPattern:310_Inbound_211210121983073_9_211210121975025" version="271">
                  <ScheduledStopPointRef ref="OST:ScheduledStopPoint:1197385_1" />
                </StopPointInJourneyPattern>
                <StopPointInJourneyPattern order="10" id="OST:StopPointInJourneyPattern:310_Inbound_211210121983073_10_211210121975025" version="271">
                  <ScheduledStopPointRef ref="OST:ScheduledStopPoint:1197390_1" />
                </StopPointInJourneyPattern>
                <StopPointInJourneyPattern order="8" id="OST:StopPointInJourneyPattern:310_Inbound_211210121983073_8_211210121975025" version="271">
                  <ScheduledStopPointRef ref="OST:ScheduledStopPoint:1197380_1" />
                </StopPointInJourneyPattern>
                <StopPointInJourneyPattern order="4" id="OST:StopPointInJourneyPattern:310_Inbound_211210121983073_4_211210121975025" version="271">
                  <ScheduledStopPointRef ref="OST:ScheduledStopPoint:1197431_1" />
                </StopPointInJourneyPattern>
              </pointsInSequence>
              <linksInSequence>
                <ServiceLinkInJourneyPattern order="6" id="OST:ServiceLinkInJourneyPattern:7437945" version="271">
                  <ServiceLinkRef ref="OST:ServiceLink:200811072688654_1_200811072688659_1_4435" />
                </ServiceLinkInJourneyPattern>
                <ServiceLinkInJourneyPattern order="9" id="OST:ServiceLinkInJourneyPattern:7437951" version="271">
                  <ServiceLinkRef ref="OST:ServiceLink:200811072688667_1_200811072688675_1_1787" />
                </ServiceLinkInJourneyPattern>
                <ServiceLinkInJourneyPattern order="2" id="OST:ServiceLinkInJourneyPattern:7437939" version="271">
                  <ServiceLinkRef ref="OST:ServiceLink:200811072688735_1_200811072688709_2_6825" />
                </ServiceLinkInJourneyPattern>
                <ServiceLinkInJourneyPattern order="5" id="OST:ServiceLinkInJourneyPattern:7437943" version="271">
                  <ServiceLinkRef ref="OST:ServiceLink:200811072688634_1_200811072688654_1_3213" />
                </ServiceLinkInJourneyPattern>
                <ServiceLinkInJourneyPattern order="8" id="OST:ServiceLinkInJourneyPattern:7437949" version="271">
                  <ServiceLinkRef ref="OST:ServiceLink:200811072688664_1_200811072688667_1_3648" />
                </ServiceLinkInJourneyPattern>
                <ServiceLinkInJourneyPattern order="10" id="OST:ServiceLinkInJourneyPattern:7437953" version="271">
                  <ServiceLinkRef ref="OST:ServiceLink:200811072688675_1_200811072688680_1_396" />
                </ServiceLinkInJourneyPattern>
                <ServiceLinkInJourneyPattern order="3" id="OST:ServiceLinkInJourneyPattern:7437940" version="271">
                  <ServiceLinkRef ref="OST:ServiceLink:200811072688709_2_200811072688730_1_8805" />
                </ServiceLinkInJourneyPattern>
                <ServiceLinkInJourneyPattern order="1" id="OST:ServiceLinkInJourneyPattern:7437937" version="271">
                  <ServiceLinkRef ref="OST:ServiceLink:200811072688712_1_200811072688735_1_2255" />
                </ServiceLinkInJourneyPattern>
                <ServiceLinkInJourneyPattern order="4" id="OST:ServiceLinkInJourneyPattern:7437941" version="271">
                  <ServiceLinkRef ref="OST:ServiceLink:200811072688730_1_200811072688634_1_5147" />
                </ServiceLinkInJourneyPattern>
                <ServiceLinkInJourneyPattern order="7" id="OST:ServiceLinkInJourneyPattern:7437947" version="271">
                  <ServiceLinkRef ref="OST:ServiceLink:200811072688659_1_200811072688664_1_1424" />
                </ServiceLinkInJourneyPattern>
              </linksInSequence>
            </JourneyPattern>
            <JourneyPattern id="OST:JourneyPattern:310_Outbound_211210121983069_211210121975025" version="271">
              <Name>1-1</Name>
              <RouteRef ref="OST:Route:310_Outbound_211210121983069_211210121975025" version="271" />
              <pointsInSequence>
                <StopPointInJourneyPattern order="1" id="OST:StopPointInJourneyPattern:310_Outbound_211210121983069_1_211210121975025" version="271">
                  <ForAlighting>false</ForAlighting>
                  <DestinationDisplayRef ref="OST:DestinationDisplay:579" />
                  <ScheduledStopPointRef ref="OST:ScheduledStopPoint:1197395_2" />
                </StopPointInJourneyPattern>
                <StopPointInJourneyPattern order="9" id="OST:StopPointInJourneyPattern:310_Outbound_211210121983069_9_211210121975025" version="271">
                  <ScheduledStopPointRef ref="OST:ScheduledStopPoint:1197422_1" />
                </StopPointInJourneyPattern>
                <StopPointInJourneyPattern order="4" id="OST:StopPointInJourneyPattern:310_Outbound_211210121983069_4_211210121975025" version="271">
                  <ScheduledStopPointRef ref="OST:ScheduledStopPoint:1197380_2" />
                </StopPointInJourneyPattern>
                <StopPointInJourneyPattern order="8" id="OST:StopPointInJourneyPattern:310_Outbound_211210121983069_8_211210121975025" version="271">
                  <ScheduledStopPointRef ref="OST:ScheduledStopPoint:1197431_2" />
                </StopPointInJourneyPattern>
                <StopPointInJourneyPattern order="3" id="OST:StopPointInJourneyPattern:310_Outbound_211210121983069_3_211210121975025" version="271">
                  <ScheduledStopPointRef ref="OST:ScheduledStopPoint:1197386_2" />
                </StopPointInJourneyPattern>
                <StopPointInJourneyPattern order="5" id="OST:StopPointInJourneyPattern:310_Outbound_211210121983069_5_211210121975025" version="271">
                  <ScheduledStopPointRef ref="OST:ScheduledStopPoint:1197375_2" />
                </StopPointInJourneyPattern>
                <StopPointInJourneyPattern order="11" id="OST:StopPointInJourneyPattern:310_Outbound_211210121983069_11_211210121975025" version="271">
                  <ForBoarding>false</ForBoarding>
                  <ScheduledStopPointRef ref="OST:ScheduledStopPoint:1197425_1" />
                </StopPointInJourneyPattern>
                <StopPointInJourneyPattern order="10" id="OST:StopPointInJourneyPattern:310_Outbound_211210121983069_10_211210121975025" version="271">
                  <ScheduledStopPointRef ref="OST:ScheduledStopPoint:1197433_2" />
                </StopPointInJourneyPattern>
                <StopPointInJourneyPattern order="6" id="OST:StopPointInJourneyPattern:310_Outbound_211210121983069_6_211210121975025" version="271">
                  <ScheduledStopPointRef ref="OST:ScheduledStopPoint:1187370_2" />
                </StopPointInJourneyPattern>
                <StopPointInJourneyPattern order="7" id="OST:StopPointInJourneyPattern:310_Outbound_211210121983069_7_211210121975025" version="271">
                  <ScheduledStopPointRef ref="OST:ScheduledStopPoint:1187365_2" />
                </StopPointInJourneyPattern>
                <StopPointInJourneyPattern order="2" id="OST:StopPointInJourneyPattern:310_Outbound_211210121983069_2_211210121975025" version="271">
                  <ScheduledStopPointRef ref="OST:ScheduledStopPoint:1197390_2" />
                </StopPointInJourneyPattern>
              </pointsInSequence>
              <linksInSequence>
                <ServiceLinkInJourneyPattern order="4" id="OST:ServiceLinkInJourneyPattern:7437909" version="271">
                  <ServiceLinkRef ref="OST:ServiceLink:200811072688662_2_200811072688657_2_1421" />
                </ServiceLinkInJourneyPattern>
                <ServiceLinkInJourneyPattern order="3" id="OST:ServiceLinkInJourneyPattern:7437907" version="271">
                  <ServiceLinkRef ref="OST:ServiceLink:200811072688670_2_200811072688662_2_3024" />
                </ServiceLinkInJourneyPattern>
                <ServiceLinkInJourneyPattern order="5" id="OST:ServiceLinkInJourneyPattern:7437911" version="271">
                  <ServiceLinkRef ref="OST:ServiceLink:200811072688657_2_200811072688652_2_4455" />
                </ServiceLinkInJourneyPattern>
                <ServiceLinkInJourneyPattern order="9" id="OST:ServiceLinkInJourneyPattern:7437919" version="271">
                  <ServiceLinkRef ref="OST:ServiceLink:200811072688707_1_200811072688737_2_6741" />
                </ServiceLinkInJourneyPattern>
                <ServiceLinkInJourneyPattern order="6" id="OST:ServiceLinkInJourneyPattern:7437913" version="271">
                  <ServiceLinkRef ref="OST:ServiceLink:200811072688652_2_200811072688632_2_3207" />
                </ServiceLinkInJourneyPattern>
                <ServiceLinkInJourneyPattern order="1" id="OST:ServiceLinkInJourneyPattern:7437903" version="271">
                  <ServiceLinkRef ref="OST:ServiceLink:200811072688678_2_200811072688673_2_436" />
                </ServiceLinkInJourneyPattern>
                <ServiceLinkInJourneyPattern order="7" id="OST:ServiceLinkInJourneyPattern:7437915" version="271">
                  <ServiceLinkRef ref="OST:ServiceLink:200811072688632_2_200811072688732_2_4986" />
                </ServiceLinkInJourneyPattern>
                <ServiceLinkInJourneyPattern order="2" id="OST:ServiceLinkInJourneyPattern:7437905" version="271">
                  <ServiceLinkRef ref="OST:ServiceLink:200811072688673_2_200811072688670_2_2352" />
                </ServiceLinkInJourneyPattern>
                <ServiceLinkInJourneyPattern order="8" id="OST:ServiceLinkInJourneyPattern:7437917" version="271">
                  <ServiceLinkRef ref="OST:ServiceLink:200811072688732_2_200811072688707_1_9077" />
                </ServiceLinkInJourneyPattern>
                <ServiceLinkInJourneyPattern order="10" id="OST:ServiceLinkInJourneyPattern:7437921" version="271">
                  <ServiceLinkRef ref="OST:ServiceLink:200811072688737_2_200811072688712_1_1946" />
                </ServiceLinkInJourneyPattern>
              </linksInSequence>
            </JourneyPattern>
            <JourneyPattern id="OST:JourneyPattern:310_Outbound_211210121983070_211210121975025" version="271">
              <Name>1-2</Name>
              <RouteRef ref="OST:Route:310_Outbound_211210121983070_211210121975025" version="271" />
              <pointsInSequence>
                <StopPointInJourneyPattern order="4" id="OST:StopPointInJourneyPattern:310_Outbound_211210121983070_4_211210121975025" version="271">
                  <ScheduledStopPointRef ref="OST:ScheduledStopPoint:1197425_1" />
                </StopPointInJourneyPattern>
                <StopPointInJourneyPattern order="1" id="OST:StopPointInJourneyPattern:310_Outbound_211210121983070_1_211210121975025" version="271">
                  <ForAlighting>false</ForAlighting>
                  <DestinationDisplayRef ref="OST:DestinationDisplay:306" />
                  <ScheduledStopPointRef ref="OST:ScheduledStopPoint:1197431_2" />
                </StopPointInJourneyPattern>
                <StopPointInJourneyPattern order="5" id="OST:StopPointInJourneyPattern:310_Outbound_211210121983070_5_211210121975025" version="271">
                  <ForBoarding>false</ForBoarding>
                  <ScheduledStopPointRef ref="OST:ScheduledStopPoint:1197421_2" />
                </StopPointInJourneyPattern>
                <StopPointInJourneyPattern order="3" id="OST:StopPointInJourneyPattern:310_Outbound_211210121983070_3_211210121975025" version="271">
                  <ScheduledStopPointRef ref="OST:ScheduledStopPoint:1197433_2" />
                </StopPointInJourneyPattern>
                <StopPointInJourneyPattern order="2" id="OST:StopPointInJourneyPattern:310_Outbound_211210121983070_2_211210121975025" version="271">
                  <ScheduledStopPointRef ref="OST:ScheduledStopPoint:1197422_1" />
                </StopPointInJourneyPattern>
              </pointsInSequence>
              <linksInSequence>
                <ServiceLinkInJourneyPattern order="4" id="OST:ServiceLinkInJourneyPattern:7437926" version="271">
                  <ServiceLinkRef ref="OST:ServiceLink:200811072688712_1_200811072688704_2_574" />
                </ServiceLinkInJourneyPattern>
                <ServiceLinkInJourneyPattern order="3" id="OST:ServiceLinkInJourneyPattern:7437925" version="271">
                  <ServiceLinkRef ref="OST:ServiceLink:200811072688737_2_200811072688712_1_1946" />
                </ServiceLinkInJourneyPattern>
                <ServiceLinkInJourneyPattern order="2" id="OST:ServiceLinkInJourneyPattern:7437924" version="271">
                  <ServiceLinkRef ref="OST:ServiceLink:200811072688707_1_200811072688737_2_6741" />
                </ServiceLinkInJourneyPattern>
                <ServiceLinkInJourneyPattern order="1" id="OST:ServiceLinkInJourneyPattern:7437923" version="271">
                  <ServiceLinkRef ref="OST:ServiceLink:200811072688732_2_200811072688707_1_9077" />
                </ServiceLinkInJourneyPattern>
              </linksInSequence>
            </JourneyPattern>
            <JourneyPattern id="OST:JourneyPattern:310_Outbound_211210121983071_211210121975025" version="271">
              <Name>1-3</Name>
              <RouteRef ref="OST:Route:310_Outbound_211210121983071_211210121975025" version="271" />
              <pointsInSequence>
                <StopPointInJourneyPattern order="2" id="OST:StopPointInJourneyPattern:310_Outbound_211210121983071_2_211210121975025" version="271">
                  <ScheduledStopPointRef ref="OST:ScheduledStopPoint:1197422_1" />
                </StopPointInJourneyPattern>
                <StopPointInJourneyPattern order="3" id="OST:StopPointInJourneyPattern:310_Outbound_211210121983071_3_211210121975025" version="271">
                  <ScheduledStopPointRef ref="OST:ScheduledStopPoint:1197433_2" />
                </StopPointInJourneyPattern>
                <StopPointInJourneyPattern order="1" id="OST:StopPointInJourneyPattern:310_Outbound_211210121983071_1_211210121975025" version="271">
                  <ForAlighting>false</ForAlighting>
                  <DestinationDisplayRef ref="OST:DestinationDisplay:579" />
                  <ScheduledStopPointRef ref="OST:ScheduledStopPoint:1197431_2" />
                </StopPointInJourneyPattern>
                <StopPointInJourneyPattern order="4" id="OST:StopPointInJourneyPattern:310_Outbound_211210121983071_4_211210121975025" version="271">
                  <ForBoarding>false</ForBoarding>
                  <ScheduledStopPointRef ref="OST:ScheduledStopPoint:1197425_1" />
                </StopPointInJourneyPattern>
              </pointsInSequence>
              <linksInSequence>
                <ServiceLinkInJourneyPattern order="2" id="OST:ServiceLinkInJourneyPattern:7437928" version="271">
                  <ServiceLinkRef ref="OST:ServiceLink:200811072688707_1_200811072688737_2_6741" />
                </ServiceLinkInJourneyPattern>
                <ServiceLinkInJourneyPattern order="1" id="OST:ServiceLinkInJourneyPattern:7437927" version="271">
                  <ServiceLinkRef ref="OST:ServiceLink:200811072688732_2_200811072688707_1_9077" />
                </ServiceLinkInJourneyPattern>
                <ServiceLinkInJourneyPattern order="3" id="OST:ServiceLinkInJourneyPattern:7437929" version="271">
                  <ServiceLinkRef ref="OST:ServiceLink:200811072688737_2_200811072688712_1_1946" />
                </ServiceLinkInJourneyPattern>
              </linksInSequence>
            </JourneyPattern>
            <JourneyPattern id="OST:JourneyPattern:310_Inbound_211210121983072_211210121975025" version="271">
              <Name>2-4</Name>
              <RouteRef ref="OST:Route:310_Inbound_211210121983072_211210121975025" version="271" />
              <pointsInSequence>
                <StopPointInJourneyPattern order="2" id="OST:StopPointInJourneyPattern:310_Inbound_211210121983072_2_211210121975025" version="271">
                  <ScheduledStopPointRef ref="OST:ScheduledStopPoint:1197421_2" />
                </StopPointInJourneyPattern>
                <StopPointInJourneyPattern order="3" id="OST:StopPointInJourneyPattern:310_Inbound_211210121983072_3_211210121975025" version="271">
                  <ScheduledStopPointRef ref="OST:ScheduledStopPoint:1197433_1" />
                </StopPointInJourneyPattern>
                <StopPointInJourneyPattern order="1" id="OST:StopPointInJourneyPattern:310_Inbound_211210121983072_1_211210121975025" version="271">
                  <ForAlighting>false</ForAlighting>
                  <DestinationDisplayRef ref="OST:DestinationDisplay:66" />
                  <ScheduledStopPointRef ref="OST:ScheduledStopPoint:1197425_1" />
                </StopPointInJourneyPattern>
                <StopPointInJourneyPattern order="4" id="OST:StopPointInJourneyPattern:310_Inbound_211210121983072_4_211210121975025" version="271">
                  <ScheduledStopPointRef ref="OST:ScheduledStopPoint:1197422_2" />
                </StopPointInJourneyPattern>
                <StopPointInJourneyPattern order="5" id="OST:StopPointInJourneyPattern:310_Inbound_211210121983072_5_211210121975025" version="271">
                  <ForBoarding>false</ForBoarding>
                  <ScheduledStopPointRef ref="OST:ScheduledStopPoint:1197431_1" />
                </StopPointInJourneyPattern>
              </pointsInSequence>
              <linksInSequence>
                <ServiceLinkInJourneyPattern order="4" id="OST:ServiceLinkInJourneyPattern:7437935" version="271">
                  <ServiceLinkRef ref="OST:ServiceLink:200811072688709_2_200811072688730_1_8805" />
                </ServiceLinkInJourneyPattern>
                <ServiceLinkInJourneyPattern order="3" id="OST:ServiceLinkInJourneyPattern:7437933" version="271">
                  <ServiceLinkRef ref="OST:ServiceLink:200811072688735_1_200811072688709_2_6825" />
                </ServiceLinkInJourneyPattern>
                <ServiceLinkInJourneyPattern order="1" id="OST:ServiceLinkInJourneyPattern:7437930" version="271">
                  <ServiceLinkRef ref="OST:ServiceLink:200811072688712_1_200811072688704_2_574" />
                </ServiceLinkInJourneyPattern>
                <ServiceLinkInJourneyPattern order="2" id="OST:ServiceLinkInJourneyPattern:7437931" version="271">
                  <ServiceLinkRef ref="OST:ServiceLink:200811072688704_2_200811072688735_1_2427" />
                </ServiceLinkInJourneyPattern>
              </linksInSequence>
            </JourneyPattern>
          </journeyPatterns>
        </ServiceFrame>
        <TimetableFrame id="1025855170" version="1">
          <vehicleJourneys>
            <ServiceJourney id="OST:ServiceJourney:310_211210122071963_2" publication="public" version="271">
              <Name>Damholtet</Name>
              <PrivateCode>2</PrivateCode>
              <dayTypes>
                <DayTypeRef ref="OST:DayType:81" />
              </dayTypes>
              <JourneyPatternRef ref="OST:JourneyPattern:310_Inbound_211210121983072_211210121975025" version="271" />
              <LineRef ref="OST:Line:1_310" version="271" />
              <OperatorRef ref="OST:Operator:152" />
              <passingTimes>
                <TimetabledPassingTime id="OST:TimetabledPassingTime:211210122071963_1_12_40_00" version="271">
                  <DepartureTime>12:40:00</DepartureTime>
                  <StopPointInJourneyPatternRef ref="OST:StopPointInJourneyPattern:310_Inbound_211210121983072_1_211210121975025" version="271" />
                </TimetabledPassingTime>
                <TimetabledPassingTime id="OST:TimetabledPassingTime:211210122071963_2_12_50_00" version="271">
                  <DepartureTime>12:50:00</DepartureTime>
                  <StopPointInJourneyPatternRef ref="OST:StopPointInJourneyPattern:310_Inbound_211210121983072_2_211210121975025" version="271" />
                </TimetabledPassingTime>
                <TimetabledPassingTime id="OST:TimetabledPassingTime:211210122071963_3_12_58_00" version="271">
                  <DepartureTime>12:58:00</DepartureTime>
                  <StopPointInJourneyPatternRef ref="OST:StopPointInJourneyPattern:310_Inbound_211210121983072_3_211210121975025" version="271" />
                </TimetabledPassingTime>
                <TimetabledPassingTime id="OST:TimetabledPassingTime:211210122071963_4_13_07_00" version="271">
                  <DepartureTime>13:07:00</DepartureTime>
                  <StopPointInJourneyPatternRef ref="OST:StopPointInJourneyPattern:310_Inbound_211210121983072_4_211210121975025" version="271" />
                </TimetabledPassingTime>
                <TimetabledPassingTime id="OST:TimetabledPassingTime:211210122071963_5_13_18_00" version="271">
                  <ArrivalTime>13:18:00</ArrivalTime>
                  <StopPointInJourneyPatternRef ref="OST:StopPointInJourneyPattern:310_Inbound_211210121983072_5_211210121975025" version="271" />
                </TimetabledPassingTime>
              </passingTimes>
            </ServiceJourney>
            <ServiceJourney id="OST:ServiceJourney:310_211210122071965_4" publication="public" version="271">
              <Name>Damholtet</Name>
              <PrivateCode>4</PrivateCode>
              <dayTypes>
                <DayTypeRef ref="OST:DayType:121" />
              </dayTypes>
              <JourneyPatternRef ref="OST:JourneyPattern:310_Inbound_211210121983072_211210121975025" version="271" />
              <LineRef ref="OST:Line:1_310" version="271" />
              <OperatorRef ref="OST:Operator:152" />
              <passingTimes>
                <TimetabledPassingTime id="OST:TimetabledPassingTime:211210122071965_1_14_25_00" version="271">
                  <DepartureTime>14:25:00</DepartureTime>
                  <StopPointInJourneyPatternRef ref="OST:StopPointInJourneyPattern:310_Inbound_211210121983072_1_211210121975025" version="271" />
                </TimetabledPassingTime>
                <TimetabledPassingTime id="OST:TimetabledPassingTime:211210122071965_2_14_35_00" version="271">
                  <DepartureTime>14:35:00</DepartureTime>
                  <StopPointInJourneyPatternRef ref="OST:StopPointInJourneyPattern:310_Inbound_211210121983072_2_211210121975025" version="271" />
                </TimetabledPassingTime>
                <TimetabledPassingTime id="OST:TimetabledPassingTime:211210122071965_3_14_43_00" version="271">
                  <DepartureTime>14:43:00</DepartureTime>
                  <StopPointInJourneyPatternRef ref="OST:StopPointInJourneyPattern:310_Inbound_211210121983072_3_211210121975025" version="271" />
                </TimetabledPassingTime>
                <TimetabledPassingTime id="OST:TimetabledPassingTime:211210122071965_4_14_52_00" version="271">
                  <DepartureTime>14:52:00</DepartureTime>
                  <StopPointInJourneyPatternRef ref="OST:StopPointInJourneyPattern:310_Inbound_211210121983072_4_211210121975025" version="271" />
                </TimetabledPassingTime>
                <TimetabledPassingTime id="OST:TimetabledPassingTime:211210122071965_5_15_03_00" version="271">
                  <ArrivalTime>15:03:00</ArrivalTime>
                  <StopPointInJourneyPatternRef ref="OST:StopPointInJourneyPattern:310_Inbound_211210121983072_5_211210121975025" version="271" />
                </TimetabledPassingTime>
              </passingTimes>
            </ServiceJourney>
            <ServiceJourney id="OST:ServiceJourney:310_211210122071967_6" publication="public" version="271">
              <Name>Granerud</Name>
              <PrivateCode>6</PrivateCode>
              <dayTypes>
                <DayTypeRef ref="OST:DayType:121" />
              </dayTypes>
              <JourneyPatternRef ref="OST:JourneyPattern:310_Inbound_211210121983073_211210121975025" version="271" />
              <LineRef ref="OST:Line:1_310" version="271" />
              <OperatorRef ref="OST:Operator:152" />
              <passingTimes>
                <TimetabledPassingTime id="OST:TimetabledPassingTime:211210122071967_1_16_00_00" version="271">
                  <DepartureTime>16:00:00</DepartureTime>
                  <StopPointInJourneyPatternRef ref="OST:StopPointInJourneyPattern:310_Inbound_211210121983073_1_211210121975025" version="271" />
                </TimetabledPassingTime>
                <TimetabledPassingTime id="OST:TimetabledPassingTime:211210122071967_2_16_05_00" version="271">
                  <DepartureTime>16:05:00</DepartureTime>
                  <StopPointInJourneyPatternRef ref="OST:StopPointInJourneyPattern:310_Inbound_211210121983073_2_211210121975025" version="271" />
                </TimetabledPassingTime>
                <TimetabledPassingTime id="OST:TimetabledPassingTime:211210122071967_3_16_14_00" version="271">
                  <DepartureTime>16:14:00</DepartureTime>
                  <StopPointInJourneyPatternRef ref="OST:StopPointInJourneyPattern:310_Inbound_211210121983073_3_211210121975025" version="271" />
                </TimetabledPassingTime>
                <TimetabledPassingTime id="OST:TimetabledPassingTime:211210122071967_4_16_25_00" version="271">
                  <DepartureTime>16:25:00</DepartureTime>
                  <StopPointInJourneyPatternRef ref="OST:StopPointInJourneyPattern:310_Inbound_211210121983073_4_211210121975025" version="271" />
                </TimetabledPassingTime>
                <TimetabledPassingTime id="OST:TimetabledPassingTime:211210122071967_5_16_35_00" version="271">
                  <DepartureTime>16:35:00</DepartureTime>
                  <StopPointInJourneyPatternRef ref="OST:StopPointInJourneyPattern:310_Inbound_211210121983073_5_211210121975025" version="271" />
                </TimetabledPassingTime>
                <TimetabledPassingTime id="OST:TimetabledPassingTime:211210122071967_6_16_38_00" version="271">
                  <DepartureTime>16:38:00</DepartureTime>
                  <StopPointInJourneyPatternRef ref="OST:StopPointInJourneyPattern:310_Inbound_211210121983073_6_211210121975025" version="271" />
                </TimetabledPassingTime>
                <TimetabledPassingTime id="OST:TimetabledPassingTime:211210122071967_7_16_42_00" version="271">
                  <DepartureTime>16:42:00</DepartureTime>
                  <StopPointInJourneyPatternRef ref="OST:StopPointInJourneyPattern:310_Inbound_211210121983073_7_211210121975025" version="271" />
                </TimetabledPassingTime>
                <TimetabledPassingTime id="OST:TimetabledPassingTime:211210122071967_8_16_44_00" version="271">
                  <DepartureTime>16:44:00</DepartureTime>
                  <StopPointInJourneyPatternRef ref="OST:StopPointInJourneyPattern:310_Inbound_211210121983073_8_211210121975025" version="271" />
                </TimetabledPassingTime>
                <TimetabledPassingTime id="OST:TimetabledPassingTime:211210122071967_9_16_47_00" version="271">
                  <DepartureTime>16:47:00</DepartureTime>
                  <StopPointInJourneyPatternRef ref="OST:StopPointInJourneyPattern:310_Inbound_211210121983073_9_211210121975025" version="271" />
                </TimetabledPassingTime>
                <TimetabledPassingTime id="OST:TimetabledPassingTime:211210122071967_10_16_49_00" version="271">
                  <DepartureTime>16:49:00</DepartureTime>
                  <StopPointInJourneyPatternRef ref="OST:StopPointInJourneyPattern:310_Inbound_211210121983073_10_211210121975025" version="271" />
                </TimetabledPassingTime>
                <TimetabledPassingTime id="OST:TimetabledPassingTime:211210122071967_11_16_50_00" version="271">
                  <ArrivalTime>16:50:00</ArrivalTime>
                  <StopPointInJourneyPatternRef ref="OST:StopPointInJourneyPattern:310_Inbound_211210121983073_11_211210121975025" version="271" />
                </TimetabledPassingTime>
              </passingTimes>
            </ServiceJourney>
            <ServiceJourney id="OST:ServiceJourney:310_211210122071962_1" publication="public" version="271">
              <Name>Ørje</Name>
              <PrivateCode>1</PrivateCode>
              <dayTypes>
                <DayTypeRef ref="OST:DayType:121" />
              </dayTypes>
              <JourneyPatternRef ref="OST:JourneyPattern:310_Outbound_211210121983069_211210121975025" version="271" />
              <LineRef ref="OST:Line:1_310" version="271" />
              <OperatorRef ref="OST:Operator:152" />
              <passingTimes>
                <TimetabledPassingTime id="OST:TimetabledPassingTime:211210122071962_2_06_40_00" version="271">
                  <DepartureTime>06:40:00</DepartureTime>
                  <StopPointInJourneyPatternRef ref="OST:StopPointInJourneyPattern:310_Outbound_211210121983069_2_211210121975025" version="271" />
                </TimetabledPassingTime>
                <TimetabledPassingTime id="OST:TimetabledPassingTime:211210122071962_1_06_40_00" version="271">
                  <DepartureTime>06:40:00</DepartureTime>
                  <StopPointInJourneyPatternRef ref="OST:StopPointInJourneyPattern:310_Outbound_211210121983069_1_211210121975025" version="271" />
                </TimetabledPassingTime>
                <TimetabledPassingTime id="OST:TimetabledPassingTime:211210122071962_3_06_41_00" version="271">
                  <DepartureTime>06:41:00</DepartureTime>
                  <StopPointInJourneyPatternRef ref="OST:StopPointInJourneyPattern:310_Outbound_211210121983069_3_211210121975025" version="271" />
                </TimetabledPassingTime>
                <TimetabledPassingTime id="OST:TimetabledPassingTime:211210122071962_4_06_44_00" version="271">
                  <DepartureTime>06:44:00</DepartureTime>
                  <StopPointInJourneyPatternRef ref="OST:StopPointInJourneyPattern:310_Outbound_211210121983069_4_211210121975025" version="271" />
                </TimetabledPassingTime>
                <TimetabledPassingTime id="OST:TimetabledPassingTime:211210122071962_5_06_45_00" version="271">
                  <DepartureTime>06:45:00</DepartureTime>
                  <StopPointInJourneyPatternRef ref="OST:StopPointInJourneyPattern:310_Outbound_211210121983069_5_211210121975025" version="271" />
                </TimetabledPassingTime>
                <TimetabledPassingTime id="OST:TimetabledPassingTime:211210122071962_6_06_50_00" version="271">
                  <DepartureTime>06:50:00</DepartureTime>
                  <StopPointInJourneyPatternRef ref="OST:StopPointInJourneyPattern:310_Outbound_211210121983069_6_211210121975025" version="271" />
                </TimetabledPassingTime>
                <TimetabledPassingTime id="OST:TimetabledPassingTime:211210122071962_7_06_55_00" version="271">
                  <DepartureTime>06:55:00</DepartureTime>
                  <StopPointInJourneyPatternRef ref="OST:StopPointInJourneyPattern:310_Outbound_211210121983069_7_211210121975025" version="271" />
                </TimetabledPassingTime>
                <TimetabledPassingTime id="OST:TimetabledPassingTime:211210122071962_8_07_08_00" version="271">
                  <DepartureTime>07:08:00</DepartureTime>
                  <StopPointInJourneyPatternRef ref="OST:StopPointInJourneyPattern:310_Outbound_211210121983069_8_211210121975025" version="271" />
                </TimetabledPassingTime>
                <TimetabledPassingTime id="OST:TimetabledPassingTime:211210122071962_9_07_19_00" version="271">
                  <DepartureTime>07:19:00</DepartureTime>
                  <StopPointInJourneyPatternRef ref="OST:StopPointInJourneyPattern:310_Outbound_211210121983069_9_211210121975025" version="271" />
                </TimetabledPassingTime>
                <TimetabledPassingTime id="OST:TimetabledPassingTime:211210122071962_10_07_28_00" version="271">
                  <DepartureTime>07:28:00</DepartureTime>
                  <StopPointInJourneyPatternRef ref="OST:StopPointInJourneyPattern:310_Outbound_211210121983069_10_211210121975025" version="271" />
                </TimetabledPassingTime>
                <TimetabledPassingTime id="OST:TimetabledPassingTime:211210122071962_11_07_33_00" version="271">
                  <ArrivalTime>07:33:00</ArrivalTime>
                  <StopPointInJourneyPatternRef ref="OST:StopPointInJourneyPattern:310_Outbound_211210121983069_11_211210121975025" version="271" />
                </TimetabledPassingTime>
              </passingTimes>
            </ServiceJourney>
            <ServiceJourney id="OST:ServiceJourney:310_211210122071964_3" publication="public" version="271">
              <Name>Marker skole</Name>
              <PrivateCode>3</PrivateCode>
              <dayTypes>
                <DayTypeRef ref="OST:DayType:121" />
              </dayTypes>
              <JourneyPatternRef ref="OST:JourneyPattern:310_Outbound_211210121983070_211210121975025" version="271" />
              <LineRef ref="OST:Line:1_310" version="271" />
              <OperatorRef ref="OST:Operator:152" />
              <passingTimes>
                <TimetabledPassingTime id="OST:TimetabledPassingTime:211210122071964_1_08_08_00" version="271">
                  <DepartureTime>08:08:00</DepartureTime>
                  <StopPointInJourneyPatternRef ref="OST:StopPointInJourneyPattern:310_Outbound_211210121983070_1_211210121975025" version="271" />
                </TimetabledPassingTime>
                <TimetabledPassingTime id="OST:TimetabledPassingTime:211210122071964_2_08_19_00" version="271">
                  <DepartureTime>08:19:00</DepartureTime>
                  <StopPointInJourneyPatternRef ref="OST:StopPointInJourneyPattern:310_Outbound_211210121983070_2_211210121975025" version="271" />
                </TimetabledPassingTime>
                <TimetabledPassingTime id="OST:TimetabledPassingTime:211210122071964_3_08_28_00" version="271">
                  <DepartureTime>08:28:00</DepartureTime>
                  <StopPointInJourneyPatternRef ref="OST:StopPointInJourneyPattern:310_Outbound_211210121983070_3_211210121975025" version="271" />
                </TimetabledPassingTime>
                <TimetabledPassingTime id="OST:TimetabledPassingTime:211210122071964_4_08_33_00" version="271">
                  <DepartureTime>08:33:00</DepartureTime>
                  <StopPointInJourneyPatternRef ref="OST:StopPointInJourneyPattern:310_Outbound_211210121983070_4_211210121975025" version="271" />
                </TimetabledPassingTime>
                <TimetabledPassingTime id="OST:TimetabledPassingTime:211210122071964_5_08_35_00" version="271">
                  <ArrivalTime>08:35:00</ArrivalTime>
                  <StopPointInJourneyPatternRef ref="OST:StopPointInJourneyPattern:310_Outbound_211210121983070_5_211210121975025" version="271" />
                </TimetabledPassingTime>
              </passingTimes>
            </ServiceJourney>
            <ServiceJourney id="OST:ServiceJourney:310_211210122071966_5" publication="public" version="271">
              <Name>Ørje</Name>
              <PrivateCode>5</PrivateCode>
              <dayTypes>
                <DayTypeRef ref="OST:DayType:81" />
              </dayTypes>
              <JourneyPatternRef ref="OST:JourneyPattern:310_Outbound_211210121983071_211210121975025" version="271" />
              <LineRef ref="OST:Line:1_310" version="271" />
              <OperatorRef ref="OST:Operator:152" />
              <passingTimes>
                <TimetabledPassingTime id="OST:TimetabledPassingTime:211210122071966_1_13_20_00" version="271">
                  <DepartureTime>13:20:00</DepartureTime>
                  <StopPointInJourneyPatternRef ref="OST:StopPointInJourneyPattern:310_Outbound_211210121983071_1_211210121975025" version="271" />
                </TimetabledPassingTime>
                <TimetabledPassingTime id="OST:TimetabledPassingTime:211210122071966_2_13_31_00" version="271">
                  <DepartureTime>13:31:00</DepartureTime>
                  <StopPointInJourneyPatternRef ref="OST:StopPointInJourneyPattern:310_Outbound_211210121983071_2_211210121975025" version="271" />
                </TimetabledPassingTime>
                <TimetabledPassingTime id="OST:TimetabledPassingTime:211210122071966_3_13_40_00" version="271">
                  <DepartureTime>13:40:00</DepartureTime>
                  <StopPointInJourneyPatternRef ref="OST:StopPointInJourneyPattern:310_Outbound_211210121983071_3_211210121975025" version="271" />
                </TimetabledPassingTime>
                <TimetabledPassingTime id="OST:TimetabledPassingTime:211210122071966_4_13_45_00" version="271">
                  <ArrivalTime>13:45:00</ArrivalTime>
                  <StopPointInJourneyPatternRef ref="OST:StopPointInJourneyPattern:310_Outbound_211210121983071_4_211210121975025" version="271" />
                </TimetabledPassingTime>
              </passingTimes>
            </ServiceJourney>
            <ServiceJourney id="OST:ServiceJourney:310_211210122071968_7" publication="public" version="271">
              <Name>Ørje</Name>
              <PrivateCode>7</PrivateCode>
              <dayTypes>
                <DayTypeRef ref="OST:DayType:121" />
              </dayTypes>
              <JourneyPatternRef ref="OST:JourneyPattern:310_Outbound_211210121983071_211210121975025" version="271" />
              <LineRef ref="OST:Line:1_310" version="271" />
              <OperatorRef ref="OST:Operator:152" />
              <passingTimes>
                <TimetabledPassingTime id="OST:TimetabledPassingTime:211210122071968_1_15_05_00" version="271">
                  <DepartureTime>15:05:00</DepartureTime>
                  <StopPointInJourneyPatternRef ref="OST:StopPointInJourneyPattern:310_Outbound_211210121983071_1_211210121975025" version="271" />
                </TimetabledPassingTime>
                <TimetabledPassingTime id="OST:TimetabledPassingTime:211210122071968_2_15_16_00" version="271">
                  <DepartureTime>15:16:00</DepartureTime>
                  <StopPointInJourneyPatternRef ref="OST:StopPointInJourneyPattern:310_Outbound_211210121983071_2_211210121975025" version="271" />
                </TimetabledPassingTime>
                <TimetabledPassingTime id="OST:TimetabledPassingTime:211210122071968_3_15_25_00" version="271">
                  <DepartureTime>15:25:00</DepartureTime>
                  <StopPointInJourneyPatternRef ref="OST:StopPointInJourneyPattern:310_Outbound_211210121983071_3_211210121975025" version="271" />
                </TimetabledPassingTime>
                <TimetabledPassingTime id="OST:TimetabledPassingTime:211210122071968_4_15_30_00" version="271">
                  <ArrivalTime>15:30:00</ArrivalTime>
                  <StopPointInJourneyPatternRef ref="OST:StopPointInJourneyPattern:310_Outbound_211210121983071_4_211210121975025" version="271" />
                </TimetabledPassingTime>
              </passingTimes>
            </ServiceJourney>
          </vehicleJourneys>
        </TimetableFrame>
      </frames>
    </CompositeFrame>
  </dataObjects>
</PublicationDelivery>
