<?xml version="1.0" encoding="UTF-8"?>
<PublicationDelivery xmlns="http://www.netex.org.uk/netex" xmlns:gis="http://www.opengis.net/gml/3.2" xmlns:siri="http://www.siri.org.uk/siri" version="1.13:NO-NeTEx-networktimetable:1.3">
  <PublicationTimestamp>2022-05-26T00:05:35.012</PublicationTimestamp>
  <ParticipantRef>RB</ParticipantRef>
  <Description>Havnås skole</Description>
  <dataObjects>
    <CompositeFrame created="2022-04-08T10:32:34.29" id="649627266" version="1">
      <validityConditions>
        <AvailabilityCondition id="869293866" version="1">
          <FromDate>2022-05-23T00:00:00</FromDate>
          <ToDate>2023-05-25T00:00:00</ToDate>
        </AvailabilityCondition>
      </validityConditions>
      <codespaces>
        <Codespace id="ost">
          <Xmlns>OST</Xmlns>
          <XmlnsUrl>http://www.rutebanken.org/ns/ost</XmlnsUrl>
        </Codespace>
        <Codespace id="nsr">
          <Xmlns>NSR</Xmlns>
          <XmlnsUrl>http://www.rutebanken.org/ns/nsr</XmlnsUrl>
        </Codespace>
      </codespaces>
      <FrameDefaults>
        <DefaultLocale>
          <TimeZone>Europe/Oslo</TimeZone>
          <DefaultLanguage>no</DefaultLanguage>
        </DefaultLocale>
      </FrameDefaults>
      <frames>
        <ServiceFrame id="1021998789" version="1">
          <routes>
            <Route id="OST:Route:467_Inbound_211210121983308_211210121975025" version="271">
              <Name>2-1</Name>
              <ShortName>2-1</ShortName>
              <LineRef ref="OST:Line:1_467" version="271" />
              <DirectionType>outbound</DirectionType>
              <pointsInSequence>
                <PointOnRoute id="OST:PointOnRoute:7455556" order="9" version="271">
                  <RoutePointRef ref="OST:RoutePoint:1223285_2" />
                </PointOnRoute>
                <PointOnRoute id="OST:PointOnRoute:7455555" order="8" version="271">
                  <RoutePointRef ref="OST:RoutePoint:1223280_2" />
                </PointOnRoute>
                <PointOnRoute id="OST:PointOnRoute:7455554" order="7" version="271">
                  <RoutePointRef ref="OST:RoutePoint:1223281_3" />
                </PointOnRoute>
                <PointOnRoute id="OST:PointOnRoute:7455553" order="6" version="271">
                  <RoutePointRef ref="OST:RoutePoint:1223282_1" />
                </PointOnRoute>
                <PointOnRoute id="OST:PointOnRoute:7455552" order="5" version="271">
                  <RoutePointRef ref="OST:RoutePoint:1227540_1" />
                </PointOnRoute>
                <PointOnRoute id="OST:PointOnRoute:7455551" order="4" version="271">
                  <RoutePointRef ref="OST:RoutePoint:1227550_2" />
                </PointOnRoute>
                <PointOnRoute id="OST:PointOnRoute:7455550" order="3" version="271">
                  <RoutePointRef ref="OST:RoutePoint:1227560_2" />
                </PointOnRoute>
                <PointOnRoute id="OST:PointOnRoute:7455549" order="2" version="271">
                  <RoutePointRef ref="OST:RoutePoint:1257557_2" />
                </PointOnRoute>
                <PointOnRoute id="OST:PointOnRoute:7455548" order="1" version="271">
                  <RoutePointRef ref="OST:RoutePoint:1227556_1" />
                </PointOnRoute>
              </pointsInSequence>
            </Route>
          </routes>
          <lines>
            <Line id="OST:Line:1_467" version="271">
              <Name>Havnås skole</Name>
              <TransportMode>bus</TransportMode>
              <TransportSubmode>
                <BusSubmode>localBus</BusSubmode>
              </TransportSubmode>
              <PublicCode>467</PublicCode>
              <PrivateCode>467</PrivateCode>
              <OperatorRef ref="OST:Operator:152" />
              <RepresentedByGroupRef ref="OST:GroupOfLines:bus_1" />
            </Line>
          </lines>
          <journeyPatterns>
            <JourneyPattern id="OST:JourneyPattern:467_Inbound_211210121983308_211210121975025" version="271">
              <Name>2-1</Name>
              <RouteRef ref="OST:Route:467_Inbound_211210121983308_211210121975025" version="271" />
              <pointsInSequence>
                <StopPointInJourneyPattern order="6" id="OST:StopPointInJourneyPattern:467_Inbound_211210121983308_6_211210121975025" version="271">
                  <ScheduledStopPointRef ref="OST:ScheduledStopPoint:1223282_1" />
                </StopPointInJourneyPattern>
                <StopPointInJourneyPattern order="4" id="OST:StopPointInJourneyPattern:467_Inbound_211210121983308_4_211210121975025" version="271">
                  <ScheduledStopPointRef ref="OST:ScheduledStopPoint:1227550_2" />
                </StopPointInJourneyPattern>
                <StopPointInJourneyPattern order="1" id="OST:StopPointInJourneyPattern:467_Inbound_211210121983308_1_211210121975025" version="271">
                  <ForAlighting>false</ForAlighting>
                  <DestinationDisplayRef ref="OST:DestinationDisplay:33" />
                  <ScheduledStopPointRef ref="OST:ScheduledStopPoint:1227556_1" />
                </StopPointInJourneyPattern>
                <StopPointInJourneyPattern order="5" id="OST:StopPointInJourneyPattern:467_Inbound_211210121983308_5_211210121975025" version="271">
                  <ScheduledStopPointRef ref="OST:ScheduledStopPoint:1227540_1" />
                </StopPointInJourneyPattern>
                <StopPointInJourneyPattern order="7" id="OST:StopPointInJourneyPattern:467_Inbound_211210121983308_7_211210121975025" version="271">
                  <ScheduledStopPointRef ref="OST:ScheduledStopPoint:1223281_3" />
                </StopPointInJourneyPattern>
                <StopPointInJourneyPattern order="9" id="OST:StopPointInJourneyPattern:467_Inbound_211210121983308_9_211210121975025" version="271">
                  <ForBoarding>false</ForBoarding>
                  <ScheduledStopPointRef ref="OST:ScheduledStopPoint:1223285_2" />
                </StopPointInJourneyPattern>
                <StopPointInJourneyPattern order="2" id="OST:StopPointInJourneyPattern:467_Inbound_211210121983308_2_211210121975025" version="271">
                  <ScheduledStopPointRef ref="OST:ScheduledStopPoint:1257557_2" />
                </StopPointInJourneyPattern>
                <StopPointInJourneyPattern order="3" id="OST:StopPointInJourneyPattern:467_Inbound_211210121983308_3_211210121975025" version="271">
                  <ScheduledStopPointRef ref="OST:ScheduledStopPoint:1227560_2" />
                </StopPointInJourneyPattern>
                <StopPointInJourneyPattern order="8" id="OST:StopPointInJourneyPattern:467_Inbound_211210121983308_8_211210121975025" version="271">
                  <ScheduledStopPointRef ref="OST:ScheduledStopPoint:1223280_2" />
                </StopPointInJourneyPattern>
              </pointsInSequence>
              <linksInSequence>
                <ServiceLinkInJourneyPattern order="2" id="OST:ServiceLinkInJourneyPattern:7455559" version="271">
                  <ServiceLinkRef ref="OST:ServiceLink:200811072689896_2_200811072689083_2_881" />
                </ServiceLinkInJourneyPattern>
                <ServiceLinkInJourneyPattern order="4" id="OST:ServiceLinkInJourneyPattern:7455563" version="271">
                  <ServiceLinkRef ref="OST:ServiceLink:200811072689067_2_200811072689059_1_2855" />
                </ServiceLinkInJourneyPattern>
                <ServiceLinkInJourneyPattern order="6" id="OST:ServiceLinkInJourneyPattern:7455567" version="271">
                  <ServiceLinkRef ref="OST:ServiceLink:200811072688903_1_200811072688898_3_4297" />
                </ServiceLinkInJourneyPattern>
                <ServiceLinkInJourneyPattern order="7" id="OST:ServiceLinkInJourneyPattern:7455569" version="271">
                  <ServiceLinkRef ref="OST:ServiceLink:200811072688898_3_200811072688893_2_644" />
                </ServiceLinkInJourneyPattern>
                <ServiceLinkInJourneyPattern order="1" id="OST:ServiceLinkInJourneyPattern:7455557" version="271">
                  <ServiceLinkRef ref="OST:ServiceLink:200811072689075_1_200811072689896_2_2461" />
                </ServiceLinkInJourneyPattern>
                <ServiceLinkInJourneyPattern order="3" id="OST:ServiceLinkInJourneyPattern:7455561" version="271">
                  <ServiceLinkRef ref="OST:ServiceLink:200811072689083_2_200811072689067_2_5421" />
                </ServiceLinkInJourneyPattern>
                <ServiceLinkInJourneyPattern order="8" id="OST:ServiceLinkInJourneyPattern:7455570" version="271">
                  <ServiceLinkRef ref="OST:ServiceLink:200811072688893_2_200811072688914_2_1144" />
                </ServiceLinkInJourneyPattern>
                <ServiceLinkInJourneyPattern order="5" id="OST:ServiceLinkInJourneyPattern:7455565" version="271">
                  <ServiceLinkRef ref="OST:ServiceLink:200811072689059_1_200811072688903_1_5706" />
                </ServiceLinkInJourneyPattern>
              </linksInSequence>
            </JourneyPattern>
          </journeyPatterns>
        </ServiceFrame>
        <TimetableFrame id="2114597313" version="1">
          <vehicleJourneys>
            <ServiceJourney id="OST:ServiceJourney:467_211210122074241_6" publication="public" version="271">
              <Name>Bingen-Skjønhaug</Name>
              <PrivateCode>6</PrivateCode>
              <dayTypes>
                <DayTypeRef ref="OST:DayType:94" />
              </dayTypes>
              <JourneyPatternRef ref="OST:JourneyPattern:467_Inbound_211210121983308_211210121975025" version="271" />
              <LineRef ref="OST:Line:1_467" version="271" />
              <OperatorRef ref="OST:Operator:152" />
              <passingTimes>
                <TimetabledPassingTime id="OST:TimetabledPassingTime:211210122074241_1_14_10_00" version="271">
                  <DepartureTime>14:10:00</DepartureTime>
                  <StopPointInJourneyPatternRef ref="OST:StopPointInJourneyPattern:467_Inbound_211210121983308_1_211210121975025" version="271" />
                </TimetabledPassingTime>
                <TimetabledPassingTime id="OST:TimetabledPassingTime:211210122074241_2_14_15_00" version="271">
                  <DepartureTime>14:15:00</DepartureTime>
                  <StopPointInJourneyPatternRef ref="OST:StopPointInJourneyPattern:467_Inbound_211210121983308_2_211210121975025" version="271" />
                </TimetabledPassingTime>
                <TimetabledPassingTime id="OST:TimetabledPassingTime:211210122074241_3_14_17_00" version="271">
                  <DepartureTime>14:17:00</DepartureTime>
                  <StopPointInJourneyPatternRef ref="OST:StopPointInJourneyPattern:467_Inbound_211210121983308_3_211210121975025" version="271" />
                </TimetabledPassingTime>
                <TimetabledPassingTime id="OST:TimetabledPassingTime:211210122074241_4_14_28_00" version="271">
                  <DepartureTime>14:28:00</DepartureTime>
                  <StopPointInJourneyPatternRef ref="OST:StopPointInJourneyPattern:467_Inbound_211210121983308_4_211210121975025" version="271" />
                </TimetabledPassingTime>
                <TimetabledPassingTime id="OST:TimetabledPassingTime:211210122074241_5_14_31_00" version="271">
                  <DepartureTime>14:31:00</DepartureTime>
                  <StopPointInJourneyPatternRef ref="OST:StopPointInJourneyPattern:467_Inbound_211210121983308_5_211210121975025" version="271" />
                </TimetabledPassingTime>
                <TimetabledPassingTime id="OST:TimetabledPassingTime:211210122074241_6_14_38_00" version="271">
                  <DepartureTime>14:38:00</DepartureTime>
                  <StopPointInJourneyPatternRef ref="OST:StopPointInJourneyPattern:467_Inbound_211210121983308_6_211210121975025" version="271" />
                </TimetabledPassingTime>
                <TimetabledPassingTime id="OST:TimetabledPassingTime:211210122074241_7_14_45_00" version="271">
                  <DepartureTime>14:45:00</DepartureTime>
                  <StopPointInJourneyPatternRef ref="OST:StopPointInJourneyPattern:467_Inbound_211210121983308_7_211210121975025" version="271" />
                </TimetabledPassingTime>
                <TimetabledPassingTime id="OST:TimetabledPassingTime:211210122074241_8_14_47_00" version="271">
                  <DepartureTime>14:47:00</DepartureTime>
                  <StopPointInJourneyPatternRef ref="OST:StopPointInJourneyPattern:467_Inbound_211210121983308_8_211210121975025" version="271" />
                </TimetabledPassingTime>
                <TimetabledPassingTime id="OST:TimetabledPassingTime:211210122074241_9_14_50_00" version="271">
                  <ArrivalTime>14:50:00</ArrivalTime>
                  <StopPointInJourneyPatternRef ref="OST:StopPointInJourneyPattern:467_Inbound_211210121983308_9_211210121975025" version="271" />
                </TimetabledPassingTime>
              </passingTimes>
            </ServiceJourney>
            <ServiceJourney id="OST:ServiceJourney:467_211210122074240_2" publication="public" version="271">
              <Name>Bingen-Skjønhaug</Name>
              <PrivateCode>2</PrivateCode>
              <dayTypes>
                <DayTypeRef ref="OST:DayType:79" />
              </dayTypes>
              <JourneyPatternRef ref="OST:JourneyPattern:467_Inbound_211210121983308_211210121975025" version="271" />
              <LineRef ref="OST:Line:1_467" version="271" />
              <OperatorRef ref="OST:Operator:152" />
              <passingTimes>
                <TimetabledPassingTime id="OST:TimetabledPassingTime:211210122074240_1_12_20_00" version="271">
                  <DepartureTime>12:20:00</DepartureTime>
                  <StopPointInJourneyPatternRef ref="OST:StopPointInJourneyPattern:467_Inbound_211210121983308_1_211210121975025" version="271" />
                </TimetabledPassingTime>
                <TimetabledPassingTime id="OST:TimetabledPassingTime:211210122074240_2_12_25_00" version="271">
                  <DepartureTime>12:25:00</DepartureTime>
                  <StopPointInJourneyPatternRef ref="OST:StopPointInJourneyPattern:467_Inbound_211210121983308_2_211210121975025" version="271" />
                </TimetabledPassingTime>
                <TimetabledPassingTime id="OST:TimetabledPassingTime:211210122074240_3_12_27_00" version="271">
                  <DepartureTime>12:27:00</DepartureTime>
                  <StopPointInJourneyPatternRef ref="OST:StopPointInJourneyPattern:467_Inbound_211210121983308_3_211210121975025" version="271" />
                </TimetabledPassingTime>
                <TimetabledPassingTime id="OST:TimetabledPassingTime:211210122074240_4_12_38_00" version="271">
                  <DepartureTime>12:38:00</DepartureTime>
                  <StopPointInJourneyPatternRef ref="OST:StopPointInJourneyPattern:467_Inbound_211210121983308_4_211210121975025" version="271" />
                </TimetabledPassingTime>
                <TimetabledPassingTime id="OST:TimetabledPassingTime:211210122074240_5_12_41_00" version="271">
                  <DepartureTime>12:41:00</DepartureTime>
                  <StopPointInJourneyPatternRef ref="OST:StopPointInJourneyPattern:467_Inbound_211210121983308_5_211210121975025" version="271" />
                </TimetabledPassingTime>
                <TimetabledPassingTime id="OST:TimetabledPassingTime:211210122074240_6_12_48_00" version="271">
                  <DepartureTime>12:48:00</DepartureTime>
                  <StopPointInJourneyPatternRef ref="OST:StopPointInJourneyPattern:467_Inbound_211210121983308_6_211210121975025" version="271" />
                </TimetabledPassingTime>
                <TimetabledPassingTime id="OST:TimetabledPassingTime:211210122074240_7_12_55_00" version="271">
                  <DepartureTime>12:55:00</DepartureTime>
                  <StopPointInJourneyPatternRef ref="OST:StopPointInJourneyPattern:467_Inbound_211210121983308_7_211210121975025" version="271" />
                </TimetabledPassingTime>
                <TimetabledPassingTime id="OST:TimetabledPassingTime:211210122074240_8_12_57_00" version="271">
                  <DepartureTime>12:57:00</DepartureTime>
                  <StopPointInJourneyPatternRef ref="OST:StopPointInJourneyPattern:467_Inbound_211210121983308_8_211210121975025" version="271" />
                </TimetabledPassingTime>
                <TimetabledPassingTime id="OST:TimetabledPassingTime:211210122074240_9_13_00_00" version="271">
                  <ArrivalTime>13:00:00</ArrivalTime>
                  <StopPointInJourneyPatternRef ref="OST:StopPointInJourneyPattern:467_Inbound_211210121983308_9_211210121975025" version="271" />
                </TimetabledPassingTime>
              </passingTimes>
            </ServiceJourney>
            <ServiceJourney id="OST:ServiceJourney:467_211210122074242_4" publication="public" version="271">
              <Name>Bingen-Skjønhaug</Name>
              <PrivateCode>4</PrivateCode>
              <dayTypes>
                <DayTypeRef ref="OST:DayType:88" />
              </dayTypes>
              <JourneyPatternRef ref="OST:JourneyPattern:467_Inbound_211210121983308_211210121975025" version="271" />
              <LineRef ref="OST:Line:1_467" version="271" />
              <OperatorRef ref="OST:Operator:152" />
              <passingTimes>
                <TimetabledPassingTime id="OST:TimetabledPassingTime:211210122074242_1_13_10_00" version="271">
                  <DepartureTime>13:10:00</DepartureTime>
                  <StopPointInJourneyPatternRef ref="OST:StopPointInJourneyPattern:467_Inbound_211210121983308_1_211210121975025" version="271" />
                </TimetabledPassingTime>
                <TimetabledPassingTime id="OST:TimetabledPassingTime:211210122074242_2_13_15_00" version="271">
                  <DepartureTime>13:15:00</DepartureTime>
                  <StopPointInJourneyPatternRef ref="OST:StopPointInJourneyPattern:467_Inbound_211210121983308_2_211210121975025" version="271" />
                </TimetabledPassingTime>
                <TimetabledPassingTime id="OST:TimetabledPassingTime:211210122074242_3_13_17_00" version="271">
                  <DepartureTime>13:17:00</DepartureTime>
                  <StopPointInJourneyPatternRef ref="OST:StopPointInJourneyPattern:467_Inbound_211210121983308_3_211210121975025" version="271" />
                </TimetabledPassingTime>
                <TimetabledPassingTime id="OST:TimetabledPassingTime:211210122074242_4_13_28_00" version="271">
                  <DepartureTime>13:28:00</DepartureTime>
                  <StopPointInJourneyPatternRef ref="OST:StopPointInJourneyPattern:467_Inbound_211210121983308_4_211210121975025" version="271" />
                </TimetabledPassingTime>
                <TimetabledPassingTime id="OST:TimetabledPassingTime:211210122074242_5_13_31_00" version="271">
                  <DepartureTime>13:31:00</DepartureTime>
                  <StopPointInJourneyPatternRef ref="OST:StopPointInJourneyPattern:467_Inbound_211210121983308_5_211210121975025" version="271" />
                </TimetabledPassingTime>
                <TimetabledPassingTime id="OST:TimetabledPassingTime:211210122074242_6_13_38_00" version="271">
                  <DepartureTime>13:38:00</DepartureTime>
                  <StopPointInJourneyPatternRef ref="OST:StopPointInJourneyPattern:467_Inbound_211210121983308_6_211210121975025" version="271" />
                </TimetabledPassingTime>
                <TimetabledPassingTime id="OST:TimetabledPassingTime:211210122074242_7_13_45_00" version="271">
                  <DepartureTime>13:45:00</DepartureTime>
                  <StopPointInJourneyPatternRef ref="OST:StopPointInJourneyPattern:467_Inbound_211210121983308_7_211210121975025" version="271" />
                </TimetabledPassingTime>
                <TimetabledPassingTime id="OST:TimetabledPassingTime:211210122074242_8_13_47_00" version="271">
                  <DepartureTime>13:47:00</DepartureTime>
                  <StopPointInJourneyPatternRef ref="OST:StopPointInJourneyPattern:467_Inbound_211210121983308_8_211210121975025" version="271" />
                </TimetabledPassingTime>
                <TimetabledPassingTime id="OST:TimetabledPassingTime:211210122074242_9_13_50_00" version="271">
                  <ArrivalTime>13:50:00</ArrivalTime>
                  <StopPointInJourneyPatternRef ref="OST:StopPointInJourneyPattern:467_Inbound_211210121983308_9_211210121975025" version="271" />
                </TimetabledPassingTime>
              </passingTimes>
            </ServiceJourney>
          </vehicleJourneys>
        </TimetableFrame>
      </frames>
    </CompositeFrame>
  </dataObjects>
</PublicationDelivery>
