<?xml version="1.0" encoding="UTF-8"?>
<PublicationDelivery xmlns="http://www.netex.org.uk/netex" xmlns:gis="http://www.opengis.net/gml/3.2" xmlns:siri="http://www.siri.org.uk/siri" version="1.13:NO-NeTEx-networktimetable:1.3">
  <PublicationTimestamp>2022-05-26T00:05:35.012</PublicationTimestamp>
  <ParticipantRef>RB</ParticipantRef>
  <Description>Kurland skole</Description>
  <dataObjects>
    <CompositeFrame created="2022-04-08T10:32:34.29" id="1256449318" version="1">
      <validityConditions>
        <AvailabilityCondition id="1098119793" version="1">
          <FromDate>2022-05-23T00:00:00</FromDate>
          <ToDate>2023-05-25T00:00:00</ToDate>
        </AvailabilityCondition>
      </validityConditions>
      <codespaces>
        <Codespace id="ost">
          <Xmlns>OST</Xmlns>
          <XmlnsUrl>http://www.rutebanken.org/ns/ost</XmlnsUrl>
        </Codespace>
        <Codespace id="nsr">
          <Xmlns>NSR</Xmlns>
          <XmlnsUrl>http://www.rutebanken.org/ns/nsr</XmlnsUrl>
        </Codespace>
      </codespaces>
      <FrameDefaults>
        <DefaultLocale>
          <TimeZone>Europe/Oslo</TimeZone>
          <DefaultLanguage>no</DefaultLanguage>
        </DefaultLocale>
      </FrameDefaults>
      <frames>
        <ServiceFrame id="1154551270" version="1">
          <routes>
            <Route id="OST:Route:152_Outbound_211210121982702_211210121975025" version="271">
              <Name>1-2</Name>
              <ShortName>1-2</ShortName>
              <LineRef ref="OST:Line:1_152" version="271" />
              <DirectionType>inbound</DirectionType>
              <pointsInSequence>
                <PointOnRoute id="OST:PointOnRoute:7417788" order="7" version="271">
                  <RoutePointRef ref="OST:RoutePoint:1053900_1" />
                </PointOnRoute>
                <PointOnRoute id="OST:PointOnRoute:7417783" order="2" version="271">
                  <RoutePointRef ref="OST:RoutePoint:1055085_1" />
                </PointOnRoute>
                <PointOnRoute id="OST:PointOnRoute:7417791" order="10" version="271">
                  <RoutePointRef ref="OST:RoutePoint:1054951_2" />
                </PointOnRoute>
                <PointOnRoute id="OST:PointOnRoute:7417784" order="3" version="271">
                  <RoutePointRef ref="OST:RoutePoint:1055090_1" />
                </PointOnRoute>
                <PointOnRoute id="OST:PointOnRoute:7417795" order="14" version="271">
                  <RoutePointRef ref="OST:RoutePoint:1054046_1" />
                </PointOnRoute>
                <PointOnRoute id="OST:PointOnRoute:7417796" order="15" version="271">
                  <RoutePointRef ref="OST:RoutePoint:1052026_7" />
                </PointOnRoute>
                <PointOnRoute id="OST:PointOnRoute:7417782" order="1" version="271">
                  <RoutePointRef ref="OST:RoutePoint:1055060_1" />
                </PointOnRoute>
                <PointOnRoute id="OST:PointOnRoute:7417790" order="9" version="271">
                  <RoutePointRef ref="OST:RoutePoint:1054950_3" />
                </PointOnRoute>
                <PointOnRoute id="OST:PointOnRoute:7417794" order="13" version="271">
                  <RoutePointRef ref="OST:RoutePoint:1054045_1" />
                </PointOnRoute>
                <PointOnRoute id="OST:PointOnRoute:7417787" order="6" version="271">
                  <RoutePointRef ref="OST:RoutePoint:1055056_1" />
                </PointOnRoute>
                <PointOnRoute id="OST:PointOnRoute:7417789" order="8" version="271">
                  <RoutePointRef ref="OST:RoutePoint:1053905_1" />
                </PointOnRoute>
                <PointOnRoute id="OST:PointOnRoute:7417792" order="11" version="271">
                  <RoutePointRef ref="OST:RoutePoint:1054035_1" />
                </PointOnRoute>
                <PointOnRoute id="OST:PointOnRoute:7417785" order="4" version="271">
                  <RoutePointRef ref="OST:RoutePoint:1055095_1" />
                </PointOnRoute>
                <PointOnRoute id="OST:PointOnRoute:7417793" order="12" version="271">
                  <RoutePointRef ref="OST:RoutePoint:1054040_1" />
                </PointOnRoute>
                <PointOnRoute id="OST:PointOnRoute:7417786" order="5" version="271">
                  <RoutePointRef ref="OST:RoutePoint:1055100_1" />
                </PointOnRoute>
              </pointsInSequence>
            </Route>
            <Route id="OST:Route:152_Inbound_211210121982703_211210121975025" version="271">
              <Name>2-3</Name>
              <ShortName>2-3</ShortName>
              <LineRef ref="OST:Line:1_152" version="271" />
              <DirectionType>outbound</DirectionType>
              <pointsInSequence>
                <PointOnRoute id="OST:PointOnRoute:7417807" order="11" version="271">
                  <RoutePointRef ref="OST:RoutePoint:1054995_1" />
                </PointOnRoute>
                <PointOnRoute id="OST:PointOnRoute:7417809" order="13" version="271">
                  <RoutePointRef ref="OST:RoutePoint:1054965_2" />
                </PointOnRoute>
                <PointOnRoute id="OST:PointOnRoute:7417802" order="6" version="271">
                  <RoutePointRef ref="OST:RoutePoint:1054975_1" />
                </PointOnRoute>
                <PointOnRoute id="OST:PointOnRoute:7417800" order="4" version="271">
                  <RoutePointRef ref="OST:RoutePoint:1054965_1" />
                </PointOnRoute>
                <PointOnRoute id="OST:PointOnRoute:7417799" order="3" version="271">
                  <RoutePointRef ref="OST:RoutePoint:1054960_2" />
                </PointOnRoute>
                <PointOnRoute id="OST:PointOnRoute:7417811" order="15" version="271">
                  <RoutePointRef ref="OST:RoutePoint:1054955_2" />
                </PointOnRoute>
                <PointOnRoute id="OST:PointOnRoute:7417804" order="8" version="271">
                  <RoutePointRef ref="OST:RoutePoint:1054981_1" />
                </PointOnRoute>
                <PointOnRoute id="OST:PointOnRoute:7417801" order="5" version="271">
                  <RoutePointRef ref="OST:RoutePoint:1054970_1" />
                </PointOnRoute>
                <PointOnRoute id="OST:PointOnRoute:7417806" order="10" version="271">
                  <RoutePointRef ref="OST:RoutePoint:1054990_1" />
                </PointOnRoute>
                <PointOnRoute id="OST:PointOnRoute:7417810" order="14" version="271">
                  <RoutePointRef ref="OST:RoutePoint:1054960_1" />
                </PointOnRoute>
                <PointOnRoute id="OST:PointOnRoute:7417798" order="2" version="271">
                  <RoutePointRef ref="OST:RoutePoint:1054955_1" />
                </PointOnRoute>
                <PointOnRoute id="OST:PointOnRoute:7417803" order="7" version="271">
                  <RoutePointRef ref="OST:RoutePoint:1054980_1" />
                </PointOnRoute>
                <PointOnRoute id="OST:PointOnRoute:7417808" order="12" version="271">
                  <RoutePointRef ref="OST:RoutePoint:1055000_1" />
                </PointOnRoute>
                <PointOnRoute id="OST:PointOnRoute:7417805" order="9" version="271">
                  <RoutePointRef ref="OST:RoutePoint:1054985_1" />
                </PointOnRoute>
                <PointOnRoute id="OST:PointOnRoute:7417797" order="1" version="271">
                  <RoutePointRef ref="OST:RoutePoint:1054950_3" />
                </PointOnRoute>
              </pointsInSequence>
            </Route>
            <Route id="OST:Route:152_Inbound_211210121983539_211210121975025" version="271">
              <Name>2-2</Name>
              <ShortName>2-2</ShortName>
              <LineRef ref="OST:Line:1_152" version="271" />
              <DirectionType>outbound</DirectionType>
              <pointsInSequence>
                <PointOnRoute id="OST:PointOnRoute:7417820" order="9" version="271">
                  <RoutePointRef ref="OST:RoutePoint:1055056_1" />
                </PointOnRoute>
                <PointOnRoute id="OST:PointOnRoute:7417819" order="8" version="271">
                  <RoutePointRef ref="OST:RoutePoint:1055100_1" />
                </PointOnRoute>
                <PointOnRoute id="OST:PointOnRoute:7417818" order="7" version="271">
                  <RoutePointRef ref="OST:RoutePoint:1055095_1" />
                </PointOnRoute>
                <PointOnRoute id="OST:PointOnRoute:7417817" order="6" version="271">
                  <RoutePointRef ref="OST:RoutePoint:1055090_1" />
                </PointOnRoute>
                <PointOnRoute id="OST:PointOnRoute:7417816" order="5" version="271">
                  <RoutePointRef ref="OST:RoutePoint:1055085_1" />
                </PointOnRoute>
                <PointOnRoute id="OST:PointOnRoute:7417815" order="4" version="271">
                  <RoutePointRef ref="OST:RoutePoint:1055060_1" />
                </PointOnRoute>
                <PointOnRoute id="OST:PointOnRoute:7417814" order="3" version="271">
                  <RoutePointRef ref="OST:RoutePoint:1053900_2" />
                </PointOnRoute>
                <PointOnRoute id="OST:PointOnRoute:7417813" order="2" version="271">
                  <RoutePointRef ref="OST:RoutePoint:1054951_2" />
                </PointOnRoute>
                <PointOnRoute id="OST:PointOnRoute:7417812" order="1" version="271">
                  <RoutePointRef ref="OST:RoutePoint:1054950_3" />
                </PointOnRoute>
              </pointsInSequence>
            </Route>
            <Route id="OST:Route:152_Outbound_211210121982701_211210121975025" version="271">
              <Name>1-1</Name>
              <ShortName>1-1</ShortName>
              <LineRef ref="OST:Line:1_152" version="271" />
              <DirectionType>inbound</DirectionType>
              <pointsInSequence>
                <PointOnRoute id="OST:PointOnRoute:7417777" order="8" version="271">
                  <RoutePointRef ref="OST:RoutePoint:1054965_2" />
                </PointOnRoute>
                <PointOnRoute id="OST:PointOnRoute:7417774" order="5" version="271">
                  <RoutePointRef ref="OST:RoutePoint:1054990_1" />
                </PointOnRoute>
                <PointOnRoute id="OST:PointOnRoute:7417776" order="7" version="271">
                  <RoutePointRef ref="OST:RoutePoint:1055000_1" />
                </PointOnRoute>
                <PointOnRoute id="OST:PointOnRoute:7417770" order="1" version="271">
                  <RoutePointRef ref="OST:RoutePoint:1054970_1" />
                </PointOnRoute>
                <PointOnRoute id="OST:PointOnRoute:7417775" order="6" version="271">
                  <RoutePointRef ref="OST:RoutePoint:1054995_1" />
                </PointOnRoute>
                <PointOnRoute id="OST:PointOnRoute:7417772" order="3" version="271">
                  <RoutePointRef ref="OST:RoutePoint:1054980_1" />
                </PointOnRoute>
                <PointOnRoute id="OST:PointOnRoute:7417771" order="2" version="271">
                  <RoutePointRef ref="OST:RoutePoint:1054975_1" />
                </PointOnRoute>
                <PointOnRoute id="OST:PointOnRoute:7417773" order="4" version="271">
                  <RoutePointRef ref="OST:RoutePoint:1054985_1" />
                </PointOnRoute>
                <PointOnRoute id="OST:PointOnRoute:7417781" order="12" version="271">
                  <RoutePointRef ref="OST:RoutePoint:1054950_3" />
                </PointOnRoute>
                <PointOnRoute id="OST:PointOnRoute:7417780" order="11" version="271">
                  <RoutePointRef ref="OST:RoutePoint:1054951_2" />
                </PointOnRoute>
                <PointOnRoute id="OST:PointOnRoute:7417778" order="9" version="271">
                  <RoutePointRef ref="OST:RoutePoint:1054960_1" />
                </PointOnRoute>
                <PointOnRoute id="OST:PointOnRoute:7417779" order="10" version="271">
                  <RoutePointRef ref="OST:RoutePoint:1054955_2" />
                </PointOnRoute>
              </pointsInSequence>
            </Route>
          </routes>
          <lines>
            <Line id="OST:Line:1_152" version="271">
              <Name>Kurland skole</Name>
              <TransportMode>bus</TransportMode>
              <TransportSubmode>
                <BusSubmode>localBus</BusSubmode>
              </TransportSubmode>
              <PublicCode>152</PublicCode>
              <PrivateCode>152</PrivateCode>
              <OperatorRef ref="OST:Operator:152" />
              <RepresentedByGroupRef ref="OST:GroupOfLines:bus_1" />
            </Line>
          </lines>
          <journeyPatterns>
            <JourneyPattern id="OST:JourneyPattern:152_Outbound_211210121982702_211210121975025" version="271">
              <Name>1-2</Name>
              <RouteRef ref="OST:Route:152_Outbound_211210121982702_211210121975025" version="271" />
              <pointsInSequence>
                <StopPointInJourneyPattern order="12" id="OST:StopPointInJourneyPattern:152_Outbound_211210121982702_12_211210121975025" version="271">
                  <ScheduledStopPointRef ref="OST:ScheduledStopPoint:1054040_1" />
                </StopPointInJourneyPattern>
                <StopPointInJourneyPattern order="1" id="OST:StopPointInJourneyPattern:152_Outbound_211210121982702_1_211210121975025" version="271">
                  <ForAlighting>false</ForAlighting>
                  <DestinationDisplayRef ref="OST:DestinationDisplay:279" />
                  <ScheduledStopPointRef ref="OST:ScheduledStopPoint:1055060_1" />
                </StopPointInJourneyPattern>
                <StopPointInJourneyPattern order="2" id="OST:StopPointInJourneyPattern:152_Outbound_211210121982702_2_211210121975025" version="271">
                  <ScheduledStopPointRef ref="OST:ScheduledStopPoint:1055085_1" />
                </StopPointInJourneyPattern>
                <StopPointInJourneyPattern order="3" id="OST:StopPointInJourneyPattern:152_Outbound_211210121982702_3_211210121975025" version="271">
                  <ScheduledStopPointRef ref="OST:ScheduledStopPoint:1055090_1" />
                </StopPointInJourneyPattern>
                <StopPointInJourneyPattern order="7" id="OST:StopPointInJourneyPattern:152_Outbound_211210121982702_7_211210121975025" version="271">
                  <ScheduledStopPointRef ref="OST:ScheduledStopPoint:1053900_1" />
                </StopPointInJourneyPattern>
                <StopPointInJourneyPattern order="14" id="OST:StopPointInJourneyPattern:152_Outbound_211210121982702_14_211210121975025" version="271">
                  <ScheduledStopPointRef ref="OST:ScheduledStopPoint:1054046_1" />
                </StopPointInJourneyPattern>
                <StopPointInJourneyPattern order="8" id="OST:StopPointInJourneyPattern:152_Outbound_211210121982702_8_211210121975025" version="271">
                  <ScheduledStopPointRef ref="OST:ScheduledStopPoint:1053905_1" />
                </StopPointInJourneyPattern>
                <StopPointInJourneyPattern order="9" id="OST:StopPointInJourneyPattern:152_Outbound_211210121982702_9_211210121975025" version="271">
                  <ScheduledStopPointRef ref="OST:ScheduledStopPoint:1054950_3" />
                </StopPointInJourneyPattern>
                <StopPointInJourneyPattern order="13" id="OST:StopPointInJourneyPattern:152_Outbound_211210121982702_13_211210121975025" version="271">
                  <ScheduledStopPointRef ref="OST:ScheduledStopPoint:1054045_1" />
                </StopPointInJourneyPattern>
                <StopPointInJourneyPattern order="4" id="OST:StopPointInJourneyPattern:152_Outbound_211210121982702_4_211210121975025" version="271">
                  <ScheduledStopPointRef ref="OST:ScheduledStopPoint:1055095_1" />
                </StopPointInJourneyPattern>
                <StopPointInJourneyPattern order="15" id="OST:StopPointInJourneyPattern:152_Outbound_211210121982702_15_211210121975025" version="271">
                  <ForBoarding>false</ForBoarding>
                  <ScheduledStopPointRef ref="OST:ScheduledStopPoint:1052026_7" />
                </StopPointInJourneyPattern>
                <StopPointInJourneyPattern order="6" id="OST:StopPointInJourneyPattern:152_Outbound_211210121982702_6_211210121975025" version="271">
                  <ScheduledStopPointRef ref="OST:ScheduledStopPoint:1055056_1" />
                </StopPointInJourneyPattern>
                <StopPointInJourneyPattern order="10" id="OST:StopPointInJourneyPattern:152_Outbound_211210121982702_10_211210121975025" version="271">
                  <ScheduledStopPointRef ref="OST:ScheduledStopPoint:1054951_2" />
                </StopPointInJourneyPattern>
                <StopPointInJourneyPattern order="11" id="OST:StopPointInJourneyPattern:152_Outbound_211210121982702_11_211210121975025" version="271">
                  <ScheduledStopPointRef ref="OST:ScheduledStopPoint:1054035_1" />
                </StopPointInJourneyPattern>
                <StopPointInJourneyPattern order="5" id="OST:StopPointInJourneyPattern:152_Outbound_211210121982702_5_211210121975025" version="271">
                  <ScheduledStopPointRef ref="OST:ScheduledStopPoint:1055100_1" />
                </StopPointInJourneyPattern>
              </pointsInSequence>
              <linksInSequence>
                <ServiceLinkInJourneyPattern order="7" id="OST:ServiceLinkInJourneyPattern:7417842" version="271">
                  <ServiceLinkRef ref="OST:ServiceLink:200811072684832_1_200811072684837_1_246" />
                </ServiceLinkInJourneyPattern>
                <ServiceLinkInJourneyPattern order="10" id="OST:ServiceLinkInJourneyPattern:7417847" version="271">
                  <ServiceLinkRef ref="OST:ServiceLink:200811072685490_2_200811072684874_1_795" />
                </ServiceLinkInJourneyPattern>
                <ServiceLinkInJourneyPattern order="2" id="OST:ServiceLinkInJourneyPattern:7417834" version="271">
                  <ServiceLinkRef ref="OST:ServiceLink:200811072685554_1_200811072685557_1_114" />
                </ServiceLinkInJourneyPattern>
                <ServiceLinkInJourneyPattern order="13" id="OST:ServiceLinkInJourneyPattern:7417851" version="271">
                  <ServiceLinkRef ref="OST:ServiceLink:200811072684880_1_200811072684883_1_451" />
                </ServiceLinkInJourneyPattern>
                <ServiceLinkInJourneyPattern order="1" id="OST:ServiceLinkInJourneyPattern:7417833" version="271">
                  <ServiceLinkRef ref="OST:ServiceLink:200811072685539_1_200811072685554_1_717" />
                </ServiceLinkInJourneyPattern>
                <ServiceLinkInJourneyPattern order="9" id="OST:ServiceLinkInJourneyPattern:7417845" version="271">
                  <ServiceLinkRef ref="OST:ServiceLink:200811072685487_3_200811072685490_2_95" />
                </ServiceLinkInJourneyPattern>
                <ServiceLinkInJourneyPattern order="6" id="OST:ServiceLinkInJourneyPattern:7417840" version="271">
                  <ServiceLinkRef ref="OST:ServiceLink:200811072685536_1_200811072684832_1_1342" />
                </ServiceLinkInJourneyPattern>
                <ServiceLinkInJourneyPattern order="5" id="OST:ServiceLinkInJourneyPattern:7417838" version="271">
                  <ServiceLinkRef ref="OST:ServiceLink:200811072685563_1_200811072685536_1_263" />
                </ServiceLinkInJourneyPattern>
                <ServiceLinkInJourneyPattern order="12" id="OST:ServiceLinkInJourneyPattern:7417850" version="271">
                  <ServiceLinkRef ref="OST:ServiceLink:200811072684877_1_200811072684880_1_130" />
                </ServiceLinkInJourneyPattern>
                <ServiceLinkInJourneyPattern order="3" id="OST:ServiceLinkInJourneyPattern:7417835" version="271">
                  <ServiceLinkRef ref="OST:ServiceLink:200811072685557_1_200811072685560_1_184" />
                </ServiceLinkInJourneyPattern>
                <ServiceLinkInJourneyPattern order="8" id="OST:ServiceLinkInJourneyPattern:7417843" version="271">
                  <ServiceLinkRef ref="OST:ServiceLink:200811072684837_1_200811072685487_3_547" />
                </ServiceLinkInJourneyPattern>
                <ServiceLinkInJourneyPattern order="11" id="OST:ServiceLinkInJourneyPattern:7417849" version="271">
                  <ServiceLinkRef ref="OST:ServiceLink:200811072684874_1_200811072684877_1_180" />
                </ServiceLinkInJourneyPattern>
                <ServiceLinkInJourneyPattern order="14" id="OST:ServiceLinkInJourneyPattern:7417853" version="271">
                  <ServiceLinkRef ref="OST:ServiceLink:200811072684883_1_200811072684319_7_420" />
                </ServiceLinkInJourneyPattern>
                <ServiceLinkInJourneyPattern order="4" id="OST:ServiceLinkInJourneyPattern:7417836" version="271">
                  <ServiceLinkRef ref="OST:ServiceLink:200811072685560_1_200811072685563_1_140" />
                </ServiceLinkInJourneyPattern>
              </linksInSequence>
            </JourneyPattern>
            <JourneyPattern id="OST:JourneyPattern:152_Inbound_211210121982703_211210121975025" version="271">
              <Name>2-3</Name>
              <RouteRef ref="OST:Route:152_Inbound_211210121982703_211210121975025" version="271" />
              <pointsInSequence>
                <StopPointInJourneyPattern order="7" id="OST:StopPointInJourneyPattern:152_Inbound_211210121982703_7_211210121975025" version="271">
                  <ScheduledStopPointRef ref="OST:ScheduledStopPoint:1054980_1" />
                </StopPointInJourneyPattern>
                <StopPointInJourneyPattern order="10" id="OST:StopPointInJourneyPattern:152_Inbound_211210121982703_10_211210121975025" version="271">
                  <DestinationDisplayRef ref="OST:DestinationDisplay:492" />
                  <ScheduledStopPointRef ref="OST:ScheduledStopPoint:1054990_1" />
                </StopPointInJourneyPattern>
                <StopPointInJourneyPattern order="11" id="OST:StopPointInJourneyPattern:152_Inbound_211210121982703_11_211210121975025" version="271">
                  <ScheduledStopPointRef ref="OST:ScheduledStopPoint:1054995_1" />
                </StopPointInJourneyPattern>
                <StopPointInJourneyPattern order="13" id="OST:StopPointInJourneyPattern:152_Inbound_211210121982703_13_211210121975025" version="271">
                  <ScheduledStopPointRef ref="OST:ScheduledStopPoint:1054965_2" />
                </StopPointInJourneyPattern>
                <StopPointInJourneyPattern order="5" id="OST:StopPointInJourneyPattern:152_Inbound_211210121982703_5_211210121975025" version="271">
                  <ScheduledStopPointRef ref="OST:ScheduledStopPoint:1054970_1" />
                </StopPointInJourneyPattern>
                <StopPointInJourneyPattern order="14" id="OST:StopPointInJourneyPattern:152_Inbound_211210121982703_14_211210121975025" version="271">
                  <ScheduledStopPointRef ref="OST:ScheduledStopPoint:1054960_1" />
                </StopPointInJourneyPattern>
                <StopPointInJourneyPattern order="2" id="OST:StopPointInJourneyPattern:152_Inbound_211210121982703_2_211210121975025" version="271">
                  <ScheduledStopPointRef ref="OST:ScheduledStopPoint:1054955_1" />
                </StopPointInJourneyPattern>
                <StopPointInJourneyPattern order="9" id="OST:StopPointInJourneyPattern:152_Inbound_211210121982703_9_211210121975025" version="271">
                  <ScheduledStopPointRef ref="OST:ScheduledStopPoint:1054985_1" />
                </StopPointInJourneyPattern>
                <StopPointInJourneyPattern order="6" id="OST:StopPointInJourneyPattern:152_Inbound_211210121982703_6_211210121975025" version="271">
                  <ScheduledStopPointRef ref="OST:ScheduledStopPoint:1054975_1" />
                </StopPointInJourneyPattern>
                <StopPointInJourneyPattern order="3" id="OST:StopPointInJourneyPattern:152_Inbound_211210121982703_3_211210121975025" version="271">
                  <ScheduledStopPointRef ref="OST:ScheduledStopPoint:1054960_2" />
                </StopPointInJourneyPattern>
                <StopPointInJourneyPattern order="1" id="OST:StopPointInJourneyPattern:152_Inbound_211210121982703_1_211210121975025" version="271">
                  <ForAlighting>false</ForAlighting>
                  <DestinationDisplayRef ref="OST:DestinationDisplay:493" />
                  <ScheduledStopPointRef ref="OST:ScheduledStopPoint:1054950_3" />
                </StopPointInJourneyPattern>
                <StopPointInJourneyPattern order="4" id="OST:StopPointInJourneyPattern:152_Inbound_211210121982703_4_211210121975025" version="271">
                  <ScheduledStopPointRef ref="OST:ScheduledStopPoint:1054965_1" />
                </StopPointInJourneyPattern>
                <StopPointInJourneyPattern order="8" id="OST:StopPointInJourneyPattern:152_Inbound_211210121982703_8_211210121975025" version="271">
                  <ScheduledStopPointRef ref="OST:ScheduledStopPoint:1054981_1" />
                </StopPointInJourneyPattern>
                <StopPointInJourneyPattern order="15" id="OST:StopPointInJourneyPattern:152_Inbound_211210121982703_15_211210121975025" version="271">
                  <ForBoarding>false</ForBoarding>
                  <ScheduledStopPointRef ref="OST:ScheduledStopPoint:1054955_2" />
                </StopPointInJourneyPattern>
                <StopPointInJourneyPattern order="12" id="OST:StopPointInJourneyPattern:152_Inbound_211210121982703_12_211210121975025" version="271">
                  <ScheduledStopPointRef ref="OST:ScheduledStopPoint:1055000_1" />
                </StopPointInJourneyPattern>
              </pointsInSequence>
              <linksInSequence>
                <ServiceLinkInJourneyPattern order="9" id="OST:ServiceLinkInJourneyPattern:7417864" version="271">
                  <ServiceLinkRef ref="OST:ServiceLink:200811072685524_1_200811072685527_1_334" />
                </ServiceLinkInJourneyPattern>
                <ServiceLinkInJourneyPattern order="5" id="OST:ServiceLinkInJourneyPattern:7417860" version="271">
                  <ServiceLinkRef ref="OST:ServiceLink:200811072685512_1_200811072685515_1_116" />
                </ServiceLinkInJourneyPattern>
                <ServiceLinkInJourneyPattern order="4" id="OST:ServiceLinkInJourneyPattern:7417859" version="271">
                  <ServiceLinkRef ref="OST:ServiceLink:200811072685507_1_200811072685512_1_555" />
                </ServiceLinkInJourneyPattern>
                <ServiceLinkInJourneyPattern order="6" id="OST:ServiceLinkInJourneyPattern:7417861" version="271">
                  <ServiceLinkRef ref="OST:ServiceLink:200811072685515_1_200811072685518_1_438" />
                </ServiceLinkInJourneyPattern>
                <ServiceLinkInJourneyPattern order="1" id="OST:ServiceLinkInJourneyPattern:7417855" version="271">
                  <ServiceLinkRef ref="OST:ServiceLink:200811072685487_3_200811072685497_1_345" />
                </ServiceLinkInJourneyPattern>
                <ServiceLinkInJourneyPattern order="2" id="OST:ServiceLinkInJourneyPattern:7417857" version="271">
                  <ServiceLinkRef ref="OST:ServiceLink:200811072685497_1_200811072685500_2_195" />
                </ServiceLinkInJourneyPattern>
                <ServiceLinkInJourneyPattern order="14" id="OST:ServiceLinkInJourneyPattern:7417869" version="271">
                  <ServiceLinkRef ref="OST:ServiceLink:200811072685502_1_200811072685495_2_213" />
                </ServiceLinkInJourneyPattern>
                <ServiceLinkInJourneyPattern order="10" id="OST:ServiceLinkInJourneyPattern:7417865" version="271">
                  <ServiceLinkRef ref="OST:ServiceLink:200811072685527_1_200811072685530_1_213" />
                </ServiceLinkInJourneyPattern>
                <ServiceLinkInJourneyPattern order="7" id="OST:ServiceLinkInJourneyPattern:7417862" version="271">
                  <ServiceLinkRef ref="OST:ServiceLink:200811072685518_1_200811072685521_1_315" />
                </ServiceLinkInJourneyPattern>
                <ServiceLinkInJourneyPattern order="12" id="OST:ServiceLinkInJourneyPattern:7417867" version="271">
                  <ServiceLinkRef ref="OST:ServiceLink:200811072685533_1_200811072685505_2_257" />
                </ServiceLinkInJourneyPattern>
                <ServiceLinkInJourneyPattern order="8" id="OST:ServiceLinkInJourneyPattern:7417863" version="271">
                  <ServiceLinkRef ref="OST:ServiceLink:200811072685521_1_200811072685524_1_238" />
                </ServiceLinkInJourneyPattern>
                <ServiceLinkInJourneyPattern order="11" id="OST:ServiceLinkInJourneyPattern:7417866" version="271">
                  <ServiceLinkRef ref="OST:ServiceLink:200811072685530_1_200811072685533_1_174" />
                </ServiceLinkInJourneyPattern>
                <ServiceLinkInJourneyPattern order="3" id="OST:ServiceLinkInJourneyPattern:7417858" version="271">
                  <ServiceLinkRef ref="OST:ServiceLink:200811072685500_2_200811072685507_1_381" />
                </ServiceLinkInJourneyPattern>
                <ServiceLinkInJourneyPattern order="13" id="OST:ServiceLinkInJourneyPattern:7417868" version="271">
                  <ServiceLinkRef ref="OST:ServiceLink:200811072685505_2_200811072685502_1_378" />
                </ServiceLinkInJourneyPattern>
              </linksInSequence>
            </JourneyPattern>
            <JourneyPattern id="OST:JourneyPattern:152_Inbound_211210121983539_211210121975025" version="271">
              <Name>2-2</Name>
              <RouteRef ref="OST:Route:152_Inbound_211210121983539_211210121975025" version="271" />
              <pointsInSequence>
                <StopPointInJourneyPattern order="7" id="OST:StopPointInJourneyPattern:152_Inbound_211210121983539_7_211210121975025" version="271">
                  <ScheduledStopPointRef ref="OST:ScheduledStopPoint:1055095_1" />
                </StopPointInJourneyPattern>
                <StopPointInJourneyPattern order="5" id="OST:StopPointInJourneyPattern:152_Inbound_211210121983539_5_211210121975025" version="271">
                  <ScheduledStopPointRef ref="OST:ScheduledStopPoint:1055085_1" />
                </StopPointInJourneyPattern>
                <StopPointInJourneyPattern order="8" id="OST:StopPointInJourneyPattern:152_Inbound_211210121983539_8_211210121975025" version="271">
                  <ScheduledStopPointRef ref="OST:ScheduledStopPoint:1055100_1" />
                </StopPointInJourneyPattern>
                <StopPointInJourneyPattern order="9" id="OST:StopPointInJourneyPattern:152_Inbound_211210121983539_9_211210121975025" version="271">
                  <ForBoarding>false</ForBoarding>
                  <ScheduledStopPointRef ref="OST:ScheduledStopPoint:1055056_1" />
                </StopPointInJourneyPattern>
                <StopPointInJourneyPattern order="4" id="OST:StopPointInJourneyPattern:152_Inbound_211210121983539_4_211210121975025" version="271">
                  <ScheduledStopPointRef ref="OST:ScheduledStopPoint:1055060_1" />
                </StopPointInJourneyPattern>
                <StopPointInJourneyPattern order="2" id="OST:StopPointInJourneyPattern:152_Inbound_211210121983539_2_211210121975025" version="271">
                  <ScheduledStopPointRef ref="OST:ScheduledStopPoint:1054951_2" />
                </StopPointInJourneyPattern>
                <StopPointInJourneyPattern order="1" id="OST:StopPointInJourneyPattern:152_Inbound_211210121983539_1_211210121975025" version="271">
                  <ForAlighting>false</ForAlighting>
                  <DestinationDisplayRef ref="OST:DestinationDisplay:344" />
                  <ScheduledStopPointRef ref="OST:ScheduledStopPoint:1054950_3" />
                </StopPointInJourneyPattern>
                <StopPointInJourneyPattern order="3" id="OST:StopPointInJourneyPattern:152_Inbound_211210121983539_3_211210121975025" version="271">
                  <ScheduledStopPointRef ref="OST:ScheduledStopPoint:1053900_2" />
                </StopPointInJourneyPattern>
                <StopPointInJourneyPattern order="6" id="OST:StopPointInJourneyPattern:152_Inbound_211210121983539_6_211210121975025" version="271">
                  <ScheduledStopPointRef ref="OST:ScheduledStopPoint:1055090_1" />
                </StopPointInJourneyPattern>
              </pointsInSequence>
              <linksInSequence>
                <ServiceLinkInJourneyPattern order="1" id="OST:ServiceLinkInJourneyPattern:7417870" version="271">
                  <ServiceLinkRef ref="OST:ServiceLink:200811072685487_3_200811072685490_2_95" />
                </ServiceLinkInJourneyPattern>
                <ServiceLinkInJourneyPattern order="7" id="OST:ServiceLinkInJourneyPattern:7417877" version="271">
                  <ServiceLinkRef ref="OST:ServiceLink:200811072685560_1_200811072685563_1_140" />
                </ServiceLinkInJourneyPattern>
                <ServiceLinkInJourneyPattern order="5" id="OST:ServiceLinkInJourneyPattern:7417875" version="271">
                  <ServiceLinkRef ref="OST:ServiceLink:200811072685554_1_200811072685557_1_114" />
                </ServiceLinkInJourneyPattern>
                <ServiceLinkInJourneyPattern order="6" id="OST:ServiceLinkInJourneyPattern:7417876" version="271">
                  <ServiceLinkRef ref="OST:ServiceLink:200811072685557_1_200811072685560_1_184" />
                </ServiceLinkInJourneyPattern>
                <ServiceLinkInJourneyPattern order="2" id="OST:ServiceLinkInJourneyPattern:7417871" version="271">
                  <ServiceLinkRef ref="OST:ServiceLink:200811072685490_2_200811072684834_2_287" />
                </ServiceLinkInJourneyPattern>
                <ServiceLinkInJourneyPattern order="8" id="OST:ServiceLinkInJourneyPattern:7417878" version="271">
                  <ServiceLinkRef ref="OST:ServiceLink:200811072685563_1_200811072685536_1_263" />
                </ServiceLinkInJourneyPattern>
                <ServiceLinkInJourneyPattern order="4" id="OST:ServiceLinkInJourneyPattern:7417874" version="271">
                  <ServiceLinkRef ref="OST:ServiceLink:200811072685539_1_200811072685554_1_717" />
                </ServiceLinkInJourneyPattern>
                <ServiceLinkInJourneyPattern order="3" id="OST:ServiceLinkInJourneyPattern:7417872" version="271">
                  <ServiceLinkRef ref="OST:ServiceLink:200811072684834_2_200811072685539_1_1503" />
                </ServiceLinkInJourneyPattern>
              </linksInSequence>
            </JourneyPattern>
            <JourneyPattern id="OST:JourneyPattern:152_Outbound_211210121982701_211210121975025" version="271">
              <Name>1-1</Name>
              <RouteRef ref="OST:Route:152_Outbound_211210121982701_211210121975025" version="271" />
              <pointsInSequence>
                <StopPointInJourneyPattern order="3" id="OST:StopPointInJourneyPattern:152_Outbound_211210121982701_3_211210121975025" version="271">
                  <ScheduledStopPointRef ref="OST:ScheduledStopPoint:1054980_1" />
                </StopPointInJourneyPattern>
                <StopPointInJourneyPattern order="6" id="OST:StopPointInJourneyPattern:152_Outbound_211210121982701_6_211210121975025" version="271">
                  <ScheduledStopPointRef ref="OST:ScheduledStopPoint:1054995_1" />
                </StopPointInJourneyPattern>
                <StopPointInJourneyPattern order="2" id="OST:StopPointInJourneyPattern:152_Outbound_211210121982701_2_211210121975025" version="271">
                  <ScheduledStopPointRef ref="OST:ScheduledStopPoint:1054975_1" />
                </StopPointInJourneyPattern>
                <StopPointInJourneyPattern order="12" id="OST:StopPointInJourneyPattern:152_Outbound_211210121982701_12_211210121975025" version="271">
                  <ForBoarding>false</ForBoarding>
                  <ScheduledStopPointRef ref="OST:ScheduledStopPoint:1054950_3" />
                </StopPointInJourneyPattern>
                <StopPointInJourneyPattern order="8" id="OST:StopPointInJourneyPattern:152_Outbound_211210121982701_8_211210121975025" version="271">
                  <ScheduledStopPointRef ref="OST:ScheduledStopPoint:1054965_2" />
                </StopPointInJourneyPattern>
                <StopPointInJourneyPattern order="11" id="OST:StopPointInJourneyPattern:152_Outbound_211210121982701_11_211210121975025" version="271">
                  <ScheduledStopPointRef ref="OST:ScheduledStopPoint:1054951_2" />
                </StopPointInJourneyPattern>
                <StopPointInJourneyPattern order="5" id="OST:StopPointInJourneyPattern:152_Outbound_211210121982701_5_211210121975025" version="271">
                  <ScheduledStopPointRef ref="OST:ScheduledStopPoint:1054990_1" />
                </StopPointInJourneyPattern>
                <StopPointInJourneyPattern order="4" id="OST:StopPointInJourneyPattern:152_Outbound_211210121982701_4_211210121975025" version="271">
                  <ScheduledStopPointRef ref="OST:ScheduledStopPoint:1054985_1" />
                </StopPointInJourneyPattern>
                <StopPointInJourneyPattern order="10" id="OST:StopPointInJourneyPattern:152_Outbound_211210121982701_10_211210121975025" version="271">
                  <ScheduledStopPointRef ref="OST:ScheduledStopPoint:1054955_2" />
                </StopPointInJourneyPattern>
                <StopPointInJourneyPattern order="9" id="OST:StopPointInJourneyPattern:152_Outbound_211210121982701_9_211210121975025" version="271">
                  <ScheduledStopPointRef ref="OST:ScheduledStopPoint:1054960_1" />
                </StopPointInJourneyPattern>
                <StopPointInJourneyPattern order="1" id="OST:StopPointInJourneyPattern:152_Outbound_211210121982701_1_211210121975025" version="271">
                  <ForAlighting>false</ForAlighting>
                  <DestinationDisplayRef ref="OST:DestinationDisplay:278" />
                  <ScheduledStopPointRef ref="OST:ScheduledStopPoint:1054970_1" />
                </StopPointInJourneyPattern>
                <StopPointInJourneyPattern order="7" id="OST:StopPointInJourneyPattern:152_Outbound_211210121982701_7_211210121975025" version="271">
                  <ScheduledStopPointRef ref="OST:ScheduledStopPoint:1055000_1" />
                </StopPointInJourneyPattern>
              </pointsInSequence>
              <linksInSequence>
                <ServiceLinkInJourneyPattern order="10" id="OST:ServiceLinkInJourneyPattern:7417830" version="271">
                  <ServiceLinkRef ref="OST:ServiceLink:200811072685495_2_200811072685490_2_276" />
                </ServiceLinkInJourneyPattern>
                <ServiceLinkInJourneyPattern order="7" id="OST:ServiceLinkInJourneyPattern:7417827" version="271">
                  <ServiceLinkRef ref="OST:ServiceLink:200811072685533_1_200811072685505_2_257" />
                </ServiceLinkInJourneyPattern>
                <ServiceLinkInJourneyPattern order="8" id="OST:ServiceLinkInJourneyPattern:7417828" version="271">
                  <ServiceLinkRef ref="OST:ServiceLink:200811072685505_2_200811072685502_1_378" />
                </ServiceLinkInJourneyPattern>
                <ServiceLinkInJourneyPattern order="9" id="OST:ServiceLinkInJourneyPattern:7417829" version="271">
                  <ServiceLinkRef ref="OST:ServiceLink:200811072685502_1_200811072685495_2_213" />
                </ServiceLinkInJourneyPattern>
                <ServiceLinkInJourneyPattern order="11" id="OST:ServiceLinkInJourneyPattern:7417831" version="271">
                  <ServiceLinkRef ref="OST:ServiceLink:200811072685490_2_200811072685487_3_95" />
                </ServiceLinkInJourneyPattern>
                <ServiceLinkInJourneyPattern order="5" id="OST:ServiceLinkInJourneyPattern:7417825" version="271">
                  <ServiceLinkRef ref="OST:ServiceLink:200811072685527_1_200811072685530_1_213" />
                </ServiceLinkInJourneyPattern>
                <ServiceLinkInJourneyPattern order="6" id="OST:ServiceLinkInJourneyPattern:7417826" version="271">
                  <ServiceLinkRef ref="OST:ServiceLink:200811072685530_1_200811072685533_1_174" />
                </ServiceLinkInJourneyPattern>
                <ServiceLinkInJourneyPattern order="1" id="OST:ServiceLinkInJourneyPattern:7417821" version="271">
                  <ServiceLinkRef ref="OST:ServiceLink:200811072685512_1_200811072685515_1_116" />
                </ServiceLinkInJourneyPattern>
                <ServiceLinkInJourneyPattern order="3" id="OST:ServiceLinkInJourneyPattern:7417823" version="271">
                  <ServiceLinkRef ref="OST:ServiceLink:200811072685518_1_200811072685524_1_553" />
                </ServiceLinkInJourneyPattern>
                <ServiceLinkInJourneyPattern order="2" id="OST:ServiceLinkInJourneyPattern:7417822" version="271">
                  <ServiceLinkRef ref="OST:ServiceLink:200811072685515_1_200811072685518_1_438" />
                </ServiceLinkInJourneyPattern>
                <ServiceLinkInJourneyPattern order="4" id="OST:ServiceLinkInJourneyPattern:7417824" version="271">
                  <ServiceLinkRef ref="OST:ServiceLink:200811072685524_1_200811072685527_1_334" />
                </ServiceLinkInJourneyPattern>
              </linksInSequence>
            </JourneyPattern>
          </journeyPatterns>
        </ServiceFrame>
        <TimetableFrame id="714850915" version="1">
          <vehicleJourneys>
            <ServiceJourney id="OST:ServiceJourney:152_211210122070501_3" publication="public" version="271">
              <Name>Kurland skole</Name>
              <PrivateCode>3</PrivateCode>
              <dayTypes>
                <DayTypeRef ref="OST:DayType:121" />
              </dayTypes>
              <JourneyPatternRef ref="OST:JourneyPattern:152_Outbound_211210121982701_211210121975025" version="271" />
              <LineRef ref="OST:Line:1_152" version="271" />
              <OperatorRef ref="OST:Operator:152" />
              <passingTimes>
                <TimetabledPassingTime id="OST:TimetabledPassingTime:211210122070501_1_08_10_00" version="271">
                  <DepartureTime>08:10:00</DepartureTime>
                  <StopPointInJourneyPatternRef ref="OST:StopPointInJourneyPattern:152_Outbound_211210121982701_1_211210121975025" version="271" />
                </TimetabledPassingTime>
                <TimetabledPassingTime id="OST:TimetabledPassingTime:211210122070501_2_08_10_00" version="271">
                  <DepartureTime>08:10:00</DepartureTime>
                  <StopPointInJourneyPatternRef ref="OST:StopPointInJourneyPattern:152_Outbound_211210121982701_2_211210121975025" version="271" />
                </TimetabledPassingTime>
                <TimetabledPassingTime id="OST:TimetabledPassingTime:211210122070501_3_08_12_00" version="271">
                  <DepartureTime>08:12:00</DepartureTime>
                  <StopPointInJourneyPatternRef ref="OST:StopPointInJourneyPattern:152_Outbound_211210121982701_3_211210121975025" version="271" />
                </TimetabledPassingTime>
                <TimetabledPassingTime id="OST:TimetabledPassingTime:211210122070501_4_08_14_00" version="271">
                  <DepartureTime>08:14:00</DepartureTime>
                  <StopPointInJourneyPatternRef ref="OST:StopPointInJourneyPattern:152_Outbound_211210121982701_4_211210121975025" version="271" />
                </TimetabledPassingTime>
                <TimetabledPassingTime id="OST:TimetabledPassingTime:211210122070501_5_08_15_00" version="271">
                  <DepartureTime>08:15:00</DepartureTime>
                  <StopPointInJourneyPatternRef ref="OST:StopPointInJourneyPattern:152_Outbound_211210121982701_5_211210121975025" version="271" />
                </TimetabledPassingTime>
                <TimetabledPassingTime id="OST:TimetabledPassingTime:211210122070501_6_08_16_00" version="271">
                  <DepartureTime>08:16:00</DepartureTime>
                  <StopPointInJourneyPatternRef ref="OST:StopPointInJourneyPattern:152_Outbound_211210121982701_6_211210121975025" version="271" />
                </TimetabledPassingTime>
                <TimetabledPassingTime id="OST:TimetabledPassingTime:211210122070501_7_08_17_00" version="271">
                  <DepartureTime>08:17:00</DepartureTime>
                  <StopPointInJourneyPatternRef ref="OST:StopPointInJourneyPattern:152_Outbound_211210121982701_7_211210121975025" version="271" />
                </TimetabledPassingTime>
                <TimetabledPassingTime id="OST:TimetabledPassingTime:211210122070501_8_08_18_00" version="271">
                  <DepartureTime>08:18:00</DepartureTime>
                  <StopPointInJourneyPatternRef ref="OST:StopPointInJourneyPattern:152_Outbound_211210121982701_8_211210121975025" version="271" />
                </TimetabledPassingTime>
                <TimetabledPassingTime id="OST:TimetabledPassingTime:211210122070501_9_08_19_00" version="271">
                  <DepartureTime>08:19:00</DepartureTime>
                  <StopPointInJourneyPatternRef ref="OST:StopPointInJourneyPattern:152_Outbound_211210121982701_9_211210121975025" version="271" />
                </TimetabledPassingTime>
                <TimetabledPassingTime id="OST:TimetabledPassingTime:211210122070501_10_08_20_00" version="271">
                  <DepartureTime>08:20:00</DepartureTime>
                  <StopPointInJourneyPatternRef ref="OST:StopPointInJourneyPattern:152_Outbound_211210121982701_10_211210121975025" version="271" />
                </TimetabledPassingTime>
                <TimetabledPassingTime id="OST:TimetabledPassingTime:211210122070501_11_08_21_00" version="271">
                  <DepartureTime>08:21:00</DepartureTime>
                  <StopPointInJourneyPatternRef ref="OST:StopPointInJourneyPattern:152_Outbound_211210121982701_11_211210121975025" version="271" />
                </TimetabledPassingTime>
                <TimetabledPassingTime id="OST:TimetabledPassingTime:211210122070501_12_08_25_00" version="271">
                  <ArrivalTime>08:25:00</ArrivalTime>
                  <StopPointInJourneyPatternRef ref="OST:StopPointInJourneyPattern:152_Outbound_211210121982701_12_211210121975025" version="271" />
                </TimetabledPassingTime>
              </passingTimes>
            </ServiceJourney>
            <ServiceJourney id="OST:ServiceJourney:152_211210122070499_1" publication="public" version="271">
              <Name>Kurland-Kruseløkka skole</Name>
              <PrivateCode>1</PrivateCode>
              <dayTypes>
                <DayTypeRef ref="OST:DayType:121" />
              </dayTypes>
              <JourneyPatternRef ref="OST:JourneyPattern:152_Outbound_211210121982702_211210121975025" version="271" />
              <LineRef ref="OST:Line:1_152" version="271" />
              <OperatorRef ref="OST:Operator:152" />
              <passingTimes>
                <TimetabledPassingTime id="OST:TimetabledPassingTime:211210122070499_1_08_05_00" version="271">
                  <DepartureTime>08:05:00</DepartureTime>
                  <StopPointInJourneyPatternRef ref="OST:StopPointInJourneyPattern:152_Outbound_211210121982702_1_211210121975025" version="271" />
                </TimetabledPassingTime>
                <TimetabledPassingTime id="OST:TimetabledPassingTime:211210122070499_5_08_08_00" version="271">
                  <DepartureTime>08:08:00</DepartureTime>
                  <StopPointInJourneyPatternRef ref="OST:StopPointInJourneyPattern:152_Outbound_211210121982702_5_211210121975025" version="271" />
                </TimetabledPassingTime>
                <TimetabledPassingTime id="OST:TimetabledPassingTime:211210122070499_3_08_08_00" version="271">
                  <DepartureTime>08:08:00</DepartureTime>
                  <StopPointInJourneyPatternRef ref="OST:StopPointInJourneyPattern:152_Outbound_211210121982702_3_211210121975025" version="271" />
                </TimetabledPassingTime>
                <TimetabledPassingTime id="OST:TimetabledPassingTime:211210122070499_2_08_08_00" version="271">
                  <DepartureTime>08:08:00</DepartureTime>
                  <StopPointInJourneyPatternRef ref="OST:StopPointInJourneyPattern:152_Outbound_211210121982702_2_211210121975025" version="271" />
                </TimetabledPassingTime>
                <TimetabledPassingTime id="OST:TimetabledPassingTime:211210122070499_4_08_08_00" version="271">
                  <DepartureTime>08:08:00</DepartureTime>
                  <StopPointInJourneyPatternRef ref="OST:StopPointInJourneyPattern:152_Outbound_211210121982702_4_211210121975025" version="271" />
                </TimetabledPassingTime>
                <TimetabledPassingTime id="OST:TimetabledPassingTime:211210122070499_6_08_09_00" version="271">
                  <DepartureTime>08:09:00</DepartureTime>
                  <StopPointInJourneyPatternRef ref="OST:StopPointInJourneyPattern:152_Outbound_211210121982702_6_211210121975025" version="271" />
                </TimetabledPassingTime>
                <TimetabledPassingTime id="OST:TimetabledPassingTime:211210122070499_7_08_11_00" version="271">
                  <DepartureTime>08:11:00</DepartureTime>
                  <StopPointInJourneyPatternRef ref="OST:StopPointInJourneyPattern:152_Outbound_211210121982702_7_211210121975025" version="271" />
                </TimetabledPassingTime>
                <TimetabledPassingTime id="OST:TimetabledPassingTime:211210122070499_8_08_12_00" version="271">
                  <DepartureTime>08:12:00</DepartureTime>
                  <StopPointInJourneyPatternRef ref="OST:StopPointInJourneyPattern:152_Outbound_211210121982702_8_211210121975025" version="271" />
                </TimetabledPassingTime>
                <TimetabledPassingTime id="OST:TimetabledPassingTime:211210122070499_9_08_13_00" version="271">
                  <DepartureTime>08:13:00</DepartureTime>
                  <StopPointInJourneyPatternRef ref="OST:StopPointInJourneyPattern:152_Outbound_211210121982702_9_211210121975025" version="271" />
                </TimetabledPassingTime>
                <TimetabledPassingTime id="OST:TimetabledPassingTime:211210122070499_10_08_13_00" version="271">
                  <DepartureTime>08:13:00</DepartureTime>
                  <StopPointInJourneyPatternRef ref="OST:StopPointInJourneyPattern:152_Outbound_211210121982702_10_211210121975025" version="271" />
                </TimetabledPassingTime>
                <TimetabledPassingTime id="OST:TimetabledPassingTime:211210122070499_11_08_15_00" version="271">
                  <DepartureTime>08:15:00</DepartureTime>
                  <StopPointInJourneyPatternRef ref="OST:StopPointInJourneyPattern:152_Outbound_211210121982702_11_211210121975025" version="271" />
                </TimetabledPassingTime>
                <TimetabledPassingTime id="OST:TimetabledPassingTime:211210122070499_12_08_16_00" version="271">
                  <DepartureTime>08:16:00</DepartureTime>
                  <StopPointInJourneyPatternRef ref="OST:StopPointInJourneyPattern:152_Outbound_211210121982702_12_211210121975025" version="271" />
                </TimetabledPassingTime>
                <TimetabledPassingTime id="OST:TimetabledPassingTime:211210122070499_13_08_16_00" version="271">
                  <DepartureTime>08:16:00</DepartureTime>
                  <StopPointInJourneyPatternRef ref="OST:StopPointInJourneyPattern:152_Outbound_211210121982702_13_211210121975025" version="271" />
                </TimetabledPassingTime>
                <TimetabledPassingTime id="OST:TimetabledPassingTime:211210122070499_14_08_18_00" version="271">
                  <DepartureTime>08:18:00</DepartureTime>
                  <StopPointInJourneyPatternRef ref="OST:StopPointInJourneyPattern:152_Outbound_211210121982702_14_211210121975025" version="271" />
                </TimetabledPassingTime>
                <TimetabledPassingTime id="OST:TimetabledPassingTime:211210122070499_15_08_28_00" version="271">
                  <ArrivalTime>08:28:00</ArrivalTime>
                  <StopPointInJourneyPatternRef ref="OST:StopPointInJourneyPattern:152_Outbound_211210121982702_15_211210121975025" version="271" />
                </TimetabledPassingTime>
              </passingTimes>
            </ServiceJourney>
            <ServiceJourney id="OST:ServiceJourney:152_211210122070500_2" publication="public" version="271">
              <Name>Svenskeberget-Opsund</Name>
              <PrivateCode>2</PrivateCode>
              <dayTypes>
                <DayTypeRef ref="OST:DayType:121" />
              </dayTypes>
              <JourneyPatternRef ref="OST:JourneyPattern:152_Inbound_211210121982703_211210121975025" version="271" />
              <LineRef ref="OST:Line:1_152" version="271" />
              <OperatorRef ref="OST:Operator:152" />
              <passingTimes>
                <TimetabledPassingTime id="OST:TimetabledPassingTime:211210122070500_1_13_25_00" version="271">
                  <DepartureTime>13:25:00</DepartureTime>
                  <StopPointInJourneyPatternRef ref="OST:StopPointInJourneyPattern:152_Inbound_211210121982703_1_211210121975025" version="271" />
                </TimetabledPassingTime>
                <TimetabledPassingTime id="OST:TimetabledPassingTime:211210122070500_2_13_26_00" version="271">
                  <DepartureTime>13:26:00</DepartureTime>
                  <StopPointInJourneyPatternRef ref="OST:StopPointInJourneyPattern:152_Inbound_211210121982703_2_211210121975025" version="271" />
                </TimetabledPassingTime>
                <TimetabledPassingTime id="OST:TimetabledPassingTime:211210122070500_3_13_27_00" version="271">
                  <DepartureTime>13:27:00</DepartureTime>
                  <StopPointInJourneyPatternRef ref="OST:StopPointInJourneyPattern:152_Inbound_211210121982703_3_211210121975025" version="271" />
                </TimetabledPassingTime>
                <TimetabledPassingTime id="OST:TimetabledPassingTime:211210122070500_4_13_28_00" version="271">
                  <DepartureTime>13:28:00</DepartureTime>
                  <StopPointInJourneyPatternRef ref="OST:StopPointInJourneyPattern:152_Inbound_211210121982703_4_211210121975025" version="271" />
                </TimetabledPassingTime>
                <TimetabledPassingTime id="OST:TimetabledPassingTime:211210122070500_5_13_29_00" version="271">
                  <DepartureTime>13:29:00</DepartureTime>
                  <StopPointInJourneyPatternRef ref="OST:StopPointInJourneyPattern:152_Inbound_211210121982703_5_211210121975025" version="271" />
                </TimetabledPassingTime>
                <TimetabledPassingTime id="OST:TimetabledPassingTime:211210122070500_6_13_30_00" version="271">
                  <DepartureTime>13:30:00</DepartureTime>
                  <StopPointInJourneyPatternRef ref="OST:StopPointInJourneyPattern:152_Inbound_211210121982703_6_211210121975025" version="271" />
                </TimetabledPassingTime>
                <TimetabledPassingTime id="OST:TimetabledPassingTime:211210122070500_7_13_31_00" version="271">
                  <DepartureTime>13:31:00</DepartureTime>
                  <StopPointInJourneyPatternRef ref="OST:StopPointInJourneyPattern:152_Inbound_211210121982703_7_211210121975025" version="271" />
                </TimetabledPassingTime>
                <TimetabledPassingTime id="OST:TimetabledPassingTime:211210122070500_9_13_32_00" version="271">
                  <DepartureTime>13:32:00</DepartureTime>
                  <StopPointInJourneyPatternRef ref="OST:StopPointInJourneyPattern:152_Inbound_211210121982703_9_211210121975025" version="271" />
                </TimetabledPassingTime>
                <TimetabledPassingTime id="OST:TimetabledPassingTime:211210122070500_8_13_32_00" version="271">
                  <DepartureTime>13:32:00</DepartureTime>
                  <StopPointInJourneyPatternRef ref="OST:StopPointInJourneyPattern:152_Inbound_211210121982703_8_211210121975025" version="271" />
                </TimetabledPassingTime>
                <TimetabledPassingTime id="OST:TimetabledPassingTime:211210122070500_10_13_33_00" version="271">
                  <DepartureTime>13:33:00</DepartureTime>
                  <StopPointInJourneyPatternRef ref="OST:StopPointInJourneyPattern:152_Inbound_211210121982703_10_211210121975025" version="271" />
                </TimetabledPassingTime>
                <TimetabledPassingTime id="OST:TimetabledPassingTime:211210122070500_11_13_34_00" version="271">
                  <DepartureTime>13:34:00</DepartureTime>
                  <StopPointInJourneyPatternRef ref="OST:StopPointInJourneyPattern:152_Inbound_211210121982703_11_211210121975025" version="271" />
                </TimetabledPassingTime>
                <TimetabledPassingTime id="OST:TimetabledPassingTime:211210122070500_12_13_35_00" version="271">
                  <DepartureTime>13:35:00</DepartureTime>
                  <StopPointInJourneyPatternRef ref="OST:StopPointInJourneyPattern:152_Inbound_211210121982703_12_211210121975025" version="271" />
                </TimetabledPassingTime>
                <TimetabledPassingTime id="OST:TimetabledPassingTime:211210122070500_13_13_36_00" version="271">
                  <DepartureTime>13:36:00</DepartureTime>
                  <StopPointInJourneyPatternRef ref="OST:StopPointInJourneyPattern:152_Inbound_211210121982703_13_211210121975025" version="271" />
                </TimetabledPassingTime>
                <TimetabledPassingTime id="OST:TimetabledPassingTime:211210122070500_14_13_37_00" version="271">
                  <DepartureTime>13:37:00</DepartureTime>
                  <StopPointInJourneyPatternRef ref="OST:StopPointInJourneyPattern:152_Inbound_211210121982703_14_211210121975025" version="271" />
                </TimetabledPassingTime>
                <TimetabledPassingTime id="OST:TimetabledPassingTime:211210122070500_15_13_37_00" version="271">
                  <ArrivalTime>13:37:00</ArrivalTime>
                  <StopPointInJourneyPatternRef ref="OST:StopPointInJourneyPattern:152_Inbound_211210121982703_15_211210121975025" version="271" />
                </TimetabledPassingTime>
              </passingTimes>
            </ServiceJourney>
            <ServiceJourney id="OST:ServiceJourney:152_211210122074092_279" publication="public" version="271">
              <Name>Opsund</Name>
              <PrivateCode>279</PrivateCode>
              <dayTypes>
                <DayTypeRef ref="OST:DayType:121" />
              </dayTypes>
              <JourneyPatternRef ref="OST:JourneyPattern:152_Inbound_211210121983539_211210121975025" version="271" />
              <LineRef ref="OST:Line:1_152" version="271" />
              <OperatorRef ref="OST:Operator:152" />
              <passingTimes>
                <TimetabledPassingTime id="OST:TimetabledPassingTime:211210122074092_1_13_38_00" version="271">
                  <DepartureTime>13:38:00</DepartureTime>
                  <StopPointInJourneyPatternRef ref="OST:StopPointInJourneyPattern:152_Inbound_211210121983539_1_211210121975025" version="271" />
                </TimetabledPassingTime>
                <TimetabledPassingTime id="OST:TimetabledPassingTime:211210122074092_2_13_39_00" version="271">
                  <DepartureTime>13:39:00</DepartureTime>
                  <StopPointInJourneyPatternRef ref="OST:StopPointInJourneyPattern:152_Inbound_211210121983539_2_211210121975025" version="271" />
                </TimetabledPassingTime>
                <TimetabledPassingTime id="OST:TimetabledPassingTime:211210122074092_3_13_40_00" version="271">
                  <DepartureTime>13:40:00</DepartureTime>
                  <StopPointInJourneyPatternRef ref="OST:StopPointInJourneyPattern:152_Inbound_211210121983539_3_211210121975025" version="271" />
                </TimetabledPassingTime>
                <TimetabledPassingTime id="OST:TimetabledPassingTime:211210122074092_4_13_43_00" version="271">
                  <DepartureTime>13:43:00</DepartureTime>
                  <StopPointInJourneyPatternRef ref="OST:StopPointInJourneyPattern:152_Inbound_211210121983539_4_211210121975025" version="271" />
                </TimetabledPassingTime>
                <TimetabledPassingTime id="OST:TimetabledPassingTime:211210122074092_5_13_46_00" version="271">
                  <DepartureTime>13:46:00</DepartureTime>
                  <StopPointInJourneyPatternRef ref="OST:StopPointInJourneyPattern:152_Inbound_211210121983539_5_211210121975025" version="271" />
                </TimetabledPassingTime>
                <TimetabledPassingTime id="OST:TimetabledPassingTime:211210122074092_6_13_46_00" version="271">
                  <DepartureTime>13:46:00</DepartureTime>
                  <StopPointInJourneyPatternRef ref="OST:StopPointInJourneyPattern:152_Inbound_211210121983539_6_211210121975025" version="271" />
                </TimetabledPassingTime>
                <TimetabledPassingTime id="OST:TimetabledPassingTime:211210122074092_7_13_46_00" version="271">
                  <DepartureTime>13:46:00</DepartureTime>
                  <StopPointInJourneyPatternRef ref="OST:StopPointInJourneyPattern:152_Inbound_211210121983539_7_211210121975025" version="271" />
                </TimetabledPassingTime>
                <TimetabledPassingTime id="OST:TimetabledPassingTime:211210122074092_8_13_47_00" version="271">
                  <DepartureTime>13:47:00</DepartureTime>
                  <StopPointInJourneyPatternRef ref="OST:StopPointInJourneyPattern:152_Inbound_211210121983539_8_211210121975025" version="271" />
                </TimetabledPassingTime>
                <TimetabledPassingTime id="OST:TimetabledPassingTime:211210122074092_9_13_48_00" version="271">
                  <ArrivalTime>13:48:00</ArrivalTime>
                  <StopPointInJourneyPatternRef ref="OST:StopPointInJourneyPattern:152_Inbound_211210121983539_9_211210121975025" version="271" />
                </TimetabledPassingTime>
              </passingTimes>
            </ServiceJourney>
          </vehicleJourneys>
        </TimetableFrame>
      </frames>
    </CompositeFrame>
  </dataObjects>
</PublicationDelivery>
