<?xml version="1.0" encoding="UTF-8"?>
<PublicationDelivery xmlns="http://www.netex.org.uk/netex" xmlns:gis="http://www.opengis.net/gml/3.2" xmlns:siri="http://www.siri.org.uk/siri" version="1.13:NO-NeTEx-networktimetable:1.3">
  <PublicationTimestamp>2022-05-26T00:05:35.012</PublicationTimestamp>
  <ParticipantRef>RB</ParticipantRef>
  <Description>Skoler Rakkestad</Description>
  <dataObjects>
    <CompositeFrame created="2022-04-08T10:32:34.29" id="993068087" version="1">
      <validityConditions>
        <AvailabilityCondition id="502884796" version="1">
          <FromDate>2022-05-23T00:00:00</FromDate>
          <ToDate>2023-05-25T00:00:00</ToDate>
        </AvailabilityCondition>
      </validityConditions>
      <codespaces>
        <Codespace id="ost">
          <Xmlns>OST</Xmlns>
          <XmlnsUrl>http://www.rutebanken.org/ns/ost</XmlnsUrl>
        </Codespace>
        <Codespace id="nsr">
          <Xmlns>NSR</Xmlns>
          <XmlnsUrl>http://www.rutebanken.org/ns/nsr</XmlnsUrl>
        </Codespace>
      </codespaces>
      <FrameDefaults>
        <DefaultLocale>
          <TimeZone>Europe/Oslo</TimeZone>
          <DefaultLanguage>no</DefaultLanguage>
        </DefaultLocale>
      </FrameDefaults>
      <frames>
        <ServiceFrame id="2052627914" version="1">
          <routes>
            <Route id="OST:Route:472_Inbound_211210121983323_211210121975025" version="271">
              <Name>2-3</Name>
              <ShortName>2-3</ShortName>
              <LineRef ref="OST:Line:1_472" version="271" />
              <DirectionType>outbound</DirectionType>
              <pointsInSequence>
                <PointOnRoute id="OST:PointOnRoute:7458789" order="4" version="271">
                  <RoutePointRef ref="OST:RoutePoint:1284377_1" />
                </PointOnRoute>
                <PointOnRoute id="OST:PointOnRoute:7458795" order="10" version="271">
                  <RoutePointRef ref="OST:RoutePoint:1288225_2" />
                </PointOnRoute>
                <PointOnRoute id="OST:PointOnRoute:7458786" order="1" version="271">
                  <RoutePointRef ref="OST:RoutePoint:1287990_2" />
                </PointOnRoute>
                <PointOnRoute id="OST:PointOnRoute:7458793" order="8" version="271">
                  <RoutePointRef ref="OST:RoutePoint:1288225_1" />
                </PointOnRoute>
                <PointOnRoute id="OST:PointOnRoute:7458790" order="5" version="271">
                  <RoutePointRef ref="OST:RoutePoint:1284370_2" />
                </PointOnRoute>
                <PointOnRoute id="OST:PointOnRoute:7458796" order="11" version="271">
                  <RoutePointRef ref="OST:RoutePoint:1284375_1" />
                </PointOnRoute>
                <PointOnRoute id="OST:PointOnRoute:7458787" order="2" version="271">
                  <RoutePointRef ref="OST:RoutePoint:1287980_2" />
                </PointOnRoute>
                <PointOnRoute id="OST:PointOnRoute:7458794" order="9" version="271">
                  <RoutePointRef ref="OST:RoutePoint:1288230_1" />
                </PointOnRoute>
                <PointOnRoute id="OST:PointOnRoute:7458788" order="3" version="271">
                  <RoutePointRef ref="OST:RoutePoint:1287975_2" />
                </PointOnRoute>
                <PointOnRoute id="OST:PointOnRoute:7458792" order="7" version="271">
                  <RoutePointRef ref="OST:RoutePoint:1284370_1" />
                </PointOnRoute>
                <PointOnRoute id="OST:PointOnRoute:7458791" order="6" version="271">
                  <RoutePointRef ref="OST:RoutePoint:1284366_1" />
                </PointOnRoute>
              </pointsInSequence>
            </Route>
            <Route id="OST:Route:472_Inbound_211210121983324_211210121975025" version="271">
              <Name>2-4</Name>
              <ShortName>2-4</ShortName>
              <LineRef ref="OST:Line:1_472" version="271" />
              <DirectionType>outbound</DirectionType>
              <pointsInSequence>
                <PointOnRoute id="OST:PointOnRoute:7458812" order="16" version="271">
                  <RoutePointRef ref="OST:RoutePoint:1284410_1" />
                </PointOnRoute>
                <PointOnRoute id="OST:PointOnRoute:7458815" order="19" version="271">
                  <RoutePointRef ref="OST:RoutePoint:1287980_2" />
                </PointOnRoute>
                <PointOnRoute id="OST:PointOnRoute:7458809" order="13" version="271">
                  <RoutePointRef ref="OST:RoutePoint:1284395_1" />
                </PointOnRoute>
                <PointOnRoute id="OST:PointOnRoute:7458817" order="21" version="271">
                  <RoutePointRef ref="OST:RoutePoint:1284375_2" />
                </PointOnRoute>
                <PointOnRoute id="OST:PointOnRoute:7458808" order="12" version="271">
                  <RoutePointRef ref="OST:RoutePoint:1284390_2" />
                </PointOnRoute>
                <PointOnRoute id="OST:PointOnRoute:7458810" order="14" version="271">
                  <RoutePointRef ref="OST:RoutePoint:1284400_1" />
                </PointOnRoute>
                <PointOnRoute id="OST:PointOnRoute:7458804" order="8" version="271">
                  <RoutePointRef ref="OST:RoutePoint:1287980_2" />
                </PointOnRoute>
                <PointOnRoute id="OST:PointOnRoute:7458806" order="10" version="271">
                  <RoutePointRef ref="OST:RoutePoint:1284380_2" />
                </PointOnRoute>
                <PointOnRoute id="OST:PointOnRoute:7458798" order="2" version="271">
                  <RoutePointRef ref="OST:RoutePoint:1288230_1" />
                </PointOnRoute>
                <PointOnRoute id="OST:PointOnRoute:7458816" order="20" version="271">
                  <RoutePointRef ref="OST:RoutePoint:1287975_2" />
                </PointOnRoute>
                <PointOnRoute id="OST:PointOnRoute:7458813" order="17" version="271">
                  <RoutePointRef ref="OST:RoutePoint:1284415_1" />
                </PointOnRoute>
                <PointOnRoute id="OST:PointOnRoute:7458807" order="11" version="271">
                  <RoutePointRef ref="OST:RoutePoint:1284385_1" />
                </PointOnRoute>
                <PointOnRoute id="OST:PointOnRoute:7458802" order="6" version="271">
                  <RoutePointRef ref="OST:RoutePoint:1287980_1" />
                </PointOnRoute>
                <PointOnRoute id="OST:PointOnRoute:7458799" order="3" version="271">
                  <RoutePointRef ref="OST:RoutePoint:1288225_2" />
                </PointOnRoute>
                <PointOnRoute id="OST:PointOnRoute:7458814" order="18" version="271">
                  <RoutePointRef ref="OST:RoutePoint:1287995_2" />
                </PointOnRoute>
                <PointOnRoute id="OST:PointOnRoute:7458805" order="9" version="271">
                  <RoutePointRef ref="OST:RoutePoint:1284377_1" />
                </PointOnRoute>
                <PointOnRoute id="OST:PointOnRoute:7458803" order="7" version="271">
                  <RoutePointRef ref="OST:RoutePoint:1287990_2" />
                </PointOnRoute>
                <PointOnRoute id="OST:PointOnRoute:7458811" order="15" version="271">
                  <RoutePointRef ref="OST:RoutePoint:1284405_1" />
                </PointOnRoute>
                <PointOnRoute id="OST:PointOnRoute:7458797" order="1" version="271">
                  <RoutePointRef ref="OST:RoutePoint:1284375_1" />
                </PointOnRoute>
                <PointOnRoute id="OST:PointOnRoute:7458801" order="5" version="271">
                  <RoutePointRef ref="OST:RoutePoint:1287975_1" />
                </PointOnRoute>
                <PointOnRoute id="OST:PointOnRoute:7458800" order="4" version="271">
                  <RoutePointRef ref="OST:RoutePoint:1284375_1" />
                </PointOnRoute>
              </pointsInSequence>
            </Route>
            <Route id="OST:Route:472_Outbound_211210121983321_211210121975025" version="271">
              <Name>1-1</Name>
              <ShortName>1-1</ShortName>
              <LineRef ref="OST:Line:1_472" version="271" />
              <DirectionType>inbound</DirectionType>
              <pointsInSequence>
                <PointOnRoute id="OST:PointOnRoute:7458754" order="5" version="271">
                  <RoutePointRef ref="OST:RoutePoint:1287175_1" />
                </PointOnRoute>
                <PointOnRoute id="OST:PointOnRoute:7458763" order="14" version="271">
                  <RoutePointRef ref="OST:RoutePoint:1287235_1" />
                </PointOnRoute>
                <PointOnRoute id="OST:PointOnRoute:7458765" order="16" version="271">
                  <RoutePointRef ref="OST:RoutePoint:1284355_3" />
                </PointOnRoute>
                <PointOnRoute id="OST:PointOnRoute:7458752" order="3" version="271">
                  <RoutePointRef ref="OST:RoutePoint:1287165_1" />
                </PointOnRoute>
                <PointOnRoute id="OST:PointOnRoute:7458766" order="17" version="271">
                  <RoutePointRef ref="OST:RoutePoint:1284355_4" />
                </PointOnRoute>
                <PointOnRoute id="OST:PointOnRoute:7458755" order="6" version="271">
                  <RoutePointRef ref="OST:RoutePoint:1287180_1" />
                </PointOnRoute>
                <PointOnRoute id="OST:PointOnRoute:7458750" order="1" version="271">
                  <RoutePointRef ref="OST:RoutePoint:1284315_2" />
                </PointOnRoute>
                <PointOnRoute id="OST:PointOnRoute:7458764" order="15" version="271">
                  <RoutePointRef ref="OST:RoutePoint:1287240_1" />
                </PointOnRoute>
                <PointOnRoute id="OST:PointOnRoute:7458753" order="4" version="271">
                  <RoutePointRef ref="OST:RoutePoint:1287170_1" />
                </PointOnRoute>
                <PointOnRoute id="OST:PointOnRoute:7458758" order="9" version="271">
                  <RoutePointRef ref="OST:RoutePoint:1287195_1" />
                </PointOnRoute>
                <PointOnRoute id="OST:PointOnRoute:7458761" order="12" version="271">
                  <RoutePointRef ref="OST:RoutePoint:1287225_1" />
                </PointOnRoute>
                <PointOnRoute id="OST:PointOnRoute:7458769" order="20" version="271">
                  <RoutePointRef ref="OST:RoutePoint:1288225_1" />
                </PointOnRoute>
                <PointOnRoute id="OST:PointOnRoute:7458756" order="7" version="271">
                  <RoutePointRef ref="OST:RoutePoint:1287185_1" />
                </PointOnRoute>
                <PointOnRoute id="OST:PointOnRoute:7458762" order="13" version="271">
                  <RoutePointRef ref="OST:RoutePoint:1287230_1" />
                </PointOnRoute>
                <PointOnRoute id="OST:PointOnRoute:7458751" order="2" version="271">
                  <RoutePointRef ref="OST:RoutePoint:1284316_1" />
                </PointOnRoute>
                <PointOnRoute id="OST:PointOnRoute:7458770" order="21" version="271">
                  <RoutePointRef ref="OST:RoutePoint:1288230_1" />
                </PointOnRoute>
                <PointOnRoute id="OST:PointOnRoute:7458759" order="10" version="271">
                  <RoutePointRef ref="OST:RoutePoint:1287200_1" />
                </PointOnRoute>
                <PointOnRoute id="OST:PointOnRoute:7458760" order="11" version="271">
                  <RoutePointRef ref="OST:RoutePoint:1287202_1" />
                </PointOnRoute>
                <PointOnRoute id="OST:PointOnRoute:7458768" order="19" version="271">
                  <RoutePointRef ref="OST:RoutePoint:1284370_1" />
                </PointOnRoute>
                <PointOnRoute id="OST:PointOnRoute:7458757" order="8" version="271">
                  <RoutePointRef ref="OST:RoutePoint:1287190_1" />
                </PointOnRoute>
                <PointOnRoute id="OST:PointOnRoute:7458767" order="18" version="271">
                  <RoutePointRef ref="OST:RoutePoint:1284366_1" />
                </PointOnRoute>
              </pointsInSequence>
            </Route>
            <Route id="OST:Route:472_Inbound_211210121983322_211210121975025" version="271">
              <Name>2-2</Name>
              <ShortName>2-2</ShortName>
              <LineRef ref="OST:Line:1_472" version="271" />
              <DirectionType>outbound</DirectionType>
              <pointsInSequence>
                <PointOnRoute id="OST:PointOnRoute:7458783" order="13" version="271">
                  <RoutePointRef ref="OST:RoutePoint:1287980_2" />
                </PointOnRoute>
                <PointOnRoute id="OST:PointOnRoute:7458778" order="8" version="271">
                  <RoutePointRef ref="OST:RoutePoint:1284400_1" />
                </PointOnRoute>
                <PointOnRoute id="OST:PointOnRoute:7458785" order="15" version="271">
                  <RoutePointRef ref="OST:RoutePoint:1284375_2" />
                </PointOnRoute>
                <PointOnRoute id="OST:PointOnRoute:7458781" order="11" version="271">
                  <RoutePointRef ref="OST:RoutePoint:1284415_1" />
                </PointOnRoute>
                <PointOnRoute id="OST:PointOnRoute:7458774" order="4" version="271">
                  <RoutePointRef ref="OST:RoutePoint:1284380_2" />
                </PointOnRoute>
                <PointOnRoute id="OST:PointOnRoute:7458776" order="6" version="271">
                  <RoutePointRef ref="OST:RoutePoint:1284390_2" />
                </PointOnRoute>
                <PointOnRoute id="OST:PointOnRoute:7458782" order="12" version="271">
                  <RoutePointRef ref="OST:RoutePoint:1287995_2" />
                </PointOnRoute>
                <PointOnRoute id="OST:PointOnRoute:7458772" order="2" version="271">
                  <RoutePointRef ref="OST:RoutePoint:1287980_2" />
                </PointOnRoute>
                <PointOnRoute id="OST:PointOnRoute:7458779" order="9" version="271">
                  <RoutePointRef ref="OST:RoutePoint:1284405_1" />
                </PointOnRoute>
                <PointOnRoute id="OST:PointOnRoute:7458784" order="14" version="271">
                  <RoutePointRef ref="OST:RoutePoint:1287975_2" />
                </PointOnRoute>
                <PointOnRoute id="OST:PointOnRoute:7458780" order="10" version="271">
                  <RoutePointRef ref="OST:RoutePoint:1284410_1" />
                </PointOnRoute>
                <PointOnRoute id="OST:PointOnRoute:7458775" order="5" version="271">
                  <RoutePointRef ref="OST:RoutePoint:1284385_1" />
                </PointOnRoute>
                <PointOnRoute id="OST:PointOnRoute:7458771" order="1" version="271">
                  <RoutePointRef ref="OST:RoutePoint:1287990_2" />
                </PointOnRoute>
                <PointOnRoute id="OST:PointOnRoute:7458777" order="7" version="271">
                  <RoutePointRef ref="OST:RoutePoint:1284395_1" />
                </PointOnRoute>
                <PointOnRoute id="OST:PointOnRoute:7458773" order="3" version="271">
                  <RoutePointRef ref="OST:RoutePoint:1287975_2" />
                </PointOnRoute>
              </pointsInSequence>
            </Route>
          </routes>
          <lines>
            <Line id="OST:Line:1_472" version="271">
              <Name>Skoler Rakkestad</Name>
              <TransportMode>bus</TransportMode>
              <TransportSubmode>
                <BusSubmode>localBus</BusSubmode>
              </TransportSubmode>
              <PublicCode>472</PublicCode>
              <PrivateCode>472</PrivateCode>
              <OperatorRef ref="OST:Operator:152" />
              <RepresentedByGroupRef ref="OST:GroupOfLines:bus_1" />
            </Line>
          </lines>
          <journeyPatterns>
            <JourneyPattern id="OST:JourneyPattern:472_Inbound_211210121983323_211210121975025" version="271">
              <Name>2-3</Name>
              <RouteRef ref="OST:Route:472_Inbound_211210121983323_211210121975025" version="271" />
              <pointsInSequence>
                <StopPointInJourneyPattern order="2" id="OST:StopPointInJourneyPattern:472_Inbound_211210121983323_2_211210121975025" version="271">
                  <ScheduledStopPointRef ref="OST:ScheduledStopPoint:1287980_2" />
                </StopPointInJourneyPattern>
                <StopPointInJourneyPattern order="7" id="OST:StopPointInJourneyPattern:472_Inbound_211210121983323_7_211210121975025" version="271">
                  <ScheduledStopPointRef ref="OST:ScheduledStopPoint:1284370_1" />
                </StopPointInJourneyPattern>
                <StopPointInJourneyPattern order="4" id="OST:StopPointInJourneyPattern:472_Inbound_211210121983323_4_211210121975025" version="271">
                  <ScheduledStopPointRef ref="OST:ScheduledStopPoint:1284377_1" />
                </StopPointInJourneyPattern>
                <StopPointInJourneyPattern order="11" id="OST:StopPointInJourneyPattern:472_Inbound_211210121983323_11_211210121975025" version="271">
                  <ForBoarding>false</ForBoarding>
                  <ScheduledStopPointRef ref="OST:ScheduledStopPoint:1284375_1" />
                </StopPointInJourneyPattern>
                <StopPointInJourneyPattern order="6" id="OST:StopPointInJourneyPattern:472_Inbound_211210121983323_6_211210121975025" version="271">
                  <ScheduledStopPointRef ref="OST:ScheduledStopPoint:1284366_1" />
                </StopPointInJourneyPattern>
                <StopPointInJourneyPattern order="10" id="OST:StopPointInJourneyPattern:472_Inbound_211210121983323_10_211210121975025" version="271">
                  <ScheduledStopPointRef ref="OST:ScheduledStopPoint:1288225_2" />
                </StopPointInJourneyPattern>
                <StopPointInJourneyPattern order="9" id="OST:StopPointInJourneyPattern:472_Inbound_211210121983323_9_211210121975025" version="271">
                  <ScheduledStopPointRef ref="OST:ScheduledStopPoint:1288230_1" />
                </StopPointInJourneyPattern>
                <StopPointInJourneyPattern order="8" id="OST:StopPointInJourneyPattern:472_Inbound_211210121983323_8_211210121975025" version="271">
                  <ScheduledStopPointRef ref="OST:ScheduledStopPoint:1288225_1" />
                </StopPointInJourneyPattern>
                <StopPointInJourneyPattern order="3" id="OST:StopPointInJourneyPattern:472_Inbound_211210121983323_3_211210121975025" version="271">
                  <ScheduledStopPointRef ref="OST:ScheduledStopPoint:1287975_2" />
                </StopPointInJourneyPattern>
                <StopPointInJourneyPattern order="5" id="OST:StopPointInJourneyPattern:472_Inbound_211210121983323_5_211210121975025" version="271">
                  <ScheduledStopPointRef ref="OST:ScheduledStopPoint:1284370_2" />
                </StopPointInJourneyPattern>
                <StopPointInJourneyPattern order="1" id="OST:StopPointInJourneyPattern:472_Inbound_211210121983323_1_211210121975025" version="271">
                  <ForAlighting>false</ForAlighting>
                  <DestinationDisplayRef ref="OST:DestinationDisplay:128" />
                  <ScheduledStopPointRef ref="OST:ScheduledStopPoint:1287990_2" />
                </StopPointInJourneyPattern>
              </pointsInSequence>
              <linksInSequence>
                <ServiceLinkInJourneyPattern order="5" id="OST:ServiceLinkInJourneyPattern:7458867" version="271">
                  <ServiceLinkRef ref="OST:ServiceLink:200811072690511_2_200811072690506_1_373" />
                </ServiceLinkInJourneyPattern>
                <ServiceLinkInJourneyPattern order="7" id="OST:ServiceLinkInJourneyPattern:7458869" version="271">
                  <ServiceLinkRef ref="OST:ServiceLink:200811072690513_1_200811072690814_1_764" />
                </ServiceLinkInJourneyPattern>
                <ServiceLinkInJourneyPattern order="2" id="OST:ServiceLinkInJourneyPattern:7458862" version="271">
                  <ServiceLinkRef ref="OST:ServiceLink:200811072690754_2_200811072690749_2_270" />
                </ServiceLinkInJourneyPattern>
                <ServiceLinkInJourneyPattern order="8" id="OST:ServiceLinkInJourneyPattern:7458870" version="271">
                  <ServiceLinkRef ref="OST:ServiceLink:200811072690814_1_200811072690819_1_278" />
                </ServiceLinkInJourneyPattern>
                <ServiceLinkInJourneyPattern order="1" id="OST:ServiceLinkInJourneyPattern:7458861" version="271">
                  <ServiceLinkRef ref="OST:ServiceLink:200811072690764_2_200811072690754_2_1078" />
                </ServiceLinkInJourneyPattern>
                <ServiceLinkInJourneyPattern order="10" id="OST:ServiceLinkInJourneyPattern:7458872" version="271">
                  <ServiceLinkRef ref="OST:ServiceLink:200811072690816_2_200811072690518_1_700" />
                </ServiceLinkInJourneyPattern>
                <ServiceLinkInJourneyPattern order="9" id="OST:ServiceLinkInJourneyPattern:7458871" version="271">
                  <ServiceLinkRef ref="OST:ServiceLink:200811072690819_1_200811072690816_2_281" />
                </ServiceLinkInJourneyPattern>
                <ServiceLinkInJourneyPattern order="3" id="OST:ServiceLinkInJourneyPattern:7458863" version="271">
                  <ServiceLinkRef ref="OST:ServiceLink:200811072690749_2_200811072690522_1_3452" />
                </ServiceLinkInJourneyPattern>
                <ServiceLinkInJourneyPattern order="6" id="OST:ServiceLinkInJourneyPattern:7458868" version="271">
                  <ServiceLinkRef ref="OST:ServiceLink:200811072690506_1_200811072690513_1_240" />
                </ServiceLinkInJourneyPattern>
                <ServiceLinkInJourneyPattern order="4" id="OST:ServiceLinkInJourneyPattern:7458865" version="271">
                  <ServiceLinkRef ref="OST:ServiceLink:200811072690522_1_200811072690511_2_3565" />
                </ServiceLinkInJourneyPattern>
              </linksInSequence>
            </JourneyPattern>
            <JourneyPattern id="OST:JourneyPattern:472_Inbound_211210121983324_211210121975025" version="271">
              <Name>2-4</Name>
              <RouteRef ref="OST:Route:472_Inbound_211210121983324_211210121975025" version="271" />
              <pointsInSequence>
                <StopPointInJourneyPattern order="14" id="OST:StopPointInJourneyPattern:472_Inbound_211210121983324_14_211210121975025" version="271">
                  <ScheduledStopPointRef ref="OST:ScheduledStopPoint:1284400_1" />
                </StopPointInJourneyPattern>
                <StopPointInJourneyPattern order="17" id="OST:StopPointInJourneyPattern:472_Inbound_211210121983324_17_211210121975025" version="271">
                  <ScheduledStopPointRef ref="OST:ScheduledStopPoint:1284415_1" />
                </StopPointInJourneyPattern>
                <StopPointInJourneyPattern order="20" id="OST:StopPointInJourneyPattern:472_Inbound_211210121983324_20_211210121975025" version="271">
                  <ScheduledStopPointRef ref="OST:ScheduledStopPoint:1287975_2" />
                </StopPointInJourneyPattern>
                <StopPointInJourneyPattern order="7" id="OST:StopPointInJourneyPattern:472_Inbound_211210121983324_7_211210121975025" version="271">
                  <ScheduledStopPointRef ref="OST:ScheduledStopPoint:1287990_2" />
                </StopPointInJourneyPattern>
                <StopPointInJourneyPattern order="5" id="OST:StopPointInJourneyPattern:472_Inbound_211210121983324_5_211210121975025" version="271">
                  <ScheduledStopPointRef ref="OST:ScheduledStopPoint:1287975_1" />
                </StopPointInJourneyPattern>
                <StopPointInJourneyPattern order="2" id="OST:StopPointInJourneyPattern:472_Inbound_211210121983324_2_211210121975025" version="271">
                  <ScheduledStopPointRef ref="OST:ScheduledStopPoint:1288230_1" />
                </StopPointInJourneyPattern>
                <StopPointInJourneyPattern order="8" id="OST:StopPointInJourneyPattern:472_Inbound_211210121983324_8_211210121975025" version="271">
                  <ScheduledStopPointRef ref="OST:ScheduledStopPoint:1287980_2" />
                </StopPointInJourneyPattern>
                <StopPointInJourneyPattern order="13" id="OST:StopPointInJourneyPattern:472_Inbound_211210121983324_13_211210121975025" version="271">
                  <ScheduledStopPointRef ref="OST:ScheduledStopPoint:1284395_1" />
                </StopPointInJourneyPattern>
                <StopPointInJourneyPattern order="16" id="OST:StopPointInJourneyPattern:472_Inbound_211210121983324_16_211210121975025" version="271">
                  <ScheduledStopPointRef ref="OST:ScheduledStopPoint:1284410_1" />
                </StopPointInJourneyPattern>
                <StopPointInJourneyPattern order="9" id="OST:StopPointInJourneyPattern:472_Inbound_211210121983324_9_211210121975025" version="271">
                  <ScheduledStopPointRef ref="OST:ScheduledStopPoint:1284377_1" />
                </StopPointInJourneyPattern>
                <StopPointInJourneyPattern order="21" id="OST:StopPointInJourneyPattern:472_Inbound_211210121983324_21_211210121975025" version="271">
                  <ForBoarding>false</ForBoarding>
                  <ScheduledStopPointRef ref="OST:ScheduledStopPoint:1284375_2" />
                </StopPointInJourneyPattern>
                <StopPointInJourneyPattern order="4" id="OST:StopPointInJourneyPattern:472_Inbound_211210121983324_4_211210121975025" version="271">
                  <ScheduledStopPointRef ref="OST:ScheduledStopPoint:1284375_1" />
                </StopPointInJourneyPattern>
                <StopPointInJourneyPattern order="10" id="OST:StopPointInJourneyPattern:472_Inbound_211210121983324_10_211210121975025" version="271">
                  <ScheduledStopPointRef ref="OST:ScheduledStopPoint:1284380_2" />
                </StopPointInJourneyPattern>
                <StopPointInJourneyPattern order="12" id="OST:StopPointInJourneyPattern:472_Inbound_211210121983324_12_211210121975025" version="271">
                  <ScheduledStopPointRef ref="OST:ScheduledStopPoint:1284390_2" />
                </StopPointInJourneyPattern>
                <StopPointInJourneyPattern order="1" id="OST:StopPointInJourneyPattern:472_Inbound_211210121983324_1_211210121975025" version="271">
                  <ForAlighting>false</ForAlighting>
                  <DestinationDisplayRef ref="OST:DestinationDisplay:142" />
                  <ScheduledStopPointRef ref="OST:ScheduledStopPoint:1284375_1" />
                </StopPointInJourneyPattern>
                <StopPointInJourneyPattern order="19" id="OST:StopPointInJourneyPattern:472_Inbound_211210121983324_19_211210121975025" version="271">
                  <ScheduledStopPointRef ref="OST:ScheduledStopPoint:1287980_2" />
                </StopPointInJourneyPattern>
                <StopPointInJourneyPattern order="6" id="OST:StopPointInJourneyPattern:472_Inbound_211210121983324_6_211210121975025" version="271">
                  <ScheduledStopPointRef ref="OST:ScheduledStopPoint:1287980_1" />
                </StopPointInJourneyPattern>
                <StopPointInJourneyPattern order="18" id="OST:StopPointInJourneyPattern:472_Inbound_211210121983324_18_211210121975025" version="271">
                  <ScheduledStopPointRef ref="OST:ScheduledStopPoint:1287995_2" />
                </StopPointInJourneyPattern>
                <StopPointInJourneyPattern order="15" id="OST:StopPointInJourneyPattern:472_Inbound_211210121983324_15_211210121975025" version="271">
                  <ScheduledStopPointRef ref="OST:ScheduledStopPoint:1284405_1" />
                </StopPointInJourneyPattern>
                <StopPointInJourneyPattern order="11" id="OST:StopPointInJourneyPattern:472_Inbound_211210121983324_11_211210121975025" version="271">
                  <ScheduledStopPointRef ref="OST:ScheduledStopPoint:1284385_1" />
                </StopPointInJourneyPattern>
                <StopPointInJourneyPattern order="3" id="OST:StopPointInJourneyPattern:472_Inbound_211210121983324_3_211210121975025" version="271">
                  <ScheduledStopPointRef ref="OST:ScheduledStopPoint:1288225_2" />
                </StopPointInJourneyPattern>
              </pointsInSequence>
              <linksInSequence>
                <ServiceLinkInJourneyPattern order="7" id="OST:ServiceLinkInJourneyPattern:7458879" version="271">
                  <ServiceLinkRef ref="OST:ServiceLink:200811072690764_2_200811072690754_2_1078" />
                </ServiceLinkInJourneyPattern>
                <ServiceLinkInJourneyPattern order="13" id="OST:ServiceLinkInJourneyPattern:7458886" version="271">
                  <ServiceLinkRef ref="OST:ServiceLink:200811072690542_1_200811072690547_1_654" />
                </ServiceLinkInJourneyPattern>
                <ServiceLinkInJourneyPattern order="9" id="OST:ServiceLinkInJourneyPattern:7458882" version="271">
                  <ServiceLinkRef ref="OST:ServiceLink:200811072690522_1_200811072690525_2_3484" />
                </ServiceLinkInJourneyPattern>
                <ServiceLinkInJourneyPattern order="6" id="OST:ServiceLinkInJourneyPattern:7458878" version="271">
                  <ServiceLinkRef ref="OST:ServiceLink:200811072690752_1_200811072690764_2_1020" />
                </ServiceLinkInJourneyPattern>
                <ServiceLinkInJourneyPattern order="2" id="OST:ServiceLinkInJourneyPattern:7458874" version="271">
                  <ServiceLinkRef ref="OST:ServiceLink:200811072690819_1_200811072690816_2_281" />
                </ServiceLinkInJourneyPattern>
                <ServiceLinkInJourneyPattern order="16" id="OST:ServiceLinkInJourneyPattern:7458889" version="271">
                  <ServiceLinkRef ref="OST:ServiceLink:200811072690557_1_200811072690562_1_1022" />
                </ServiceLinkInJourneyPattern>
                <ServiceLinkInJourneyPattern order="12" id="OST:ServiceLinkInJourneyPattern:7458885" version="271">
                  <ServiceLinkRef ref="OST:ServiceLink:200811072690535_2_200811072690542_1_426" />
                </ServiceLinkInJourneyPattern>
                <ServiceLinkInJourneyPattern order="20" id="OST:ServiceLinkInJourneyPattern:7458893" version="271">
                  <ServiceLinkRef ref="OST:ServiceLink:200811072690749_2_200811072690516_2_954" />
                </ServiceLinkInJourneyPattern>
                <ServiceLinkInJourneyPattern order="19" id="OST:ServiceLinkInJourneyPattern:7458892" version="271">
                  <ServiceLinkRef ref="OST:ServiceLink:200811072690754_2_200811072690749_2_270" />
                </ServiceLinkInJourneyPattern>
                <ServiceLinkInJourneyPattern order="5" id="OST:ServiceLinkInJourneyPattern:7458877" version="271">
                  <ServiceLinkRef ref="OST:ServiceLink:200811072690747_1_200811072690752_1_308" />
                </ServiceLinkInJourneyPattern>
                <ServiceLinkInJourneyPattern order="1" id="OST:ServiceLinkInJourneyPattern:7458873" version="271">
                  <ServiceLinkRef ref="OST:ServiceLink:200811072690518_1_200811072690819_1_948" />
                </ServiceLinkInJourneyPattern>
                <ServiceLinkInJourneyPattern order="8" id="OST:ServiceLinkInJourneyPattern:7458880" version="271">
                  <ServiceLinkRef ref="OST:ServiceLink:200811072690754_2_200811072690522_1_3722" />
                </ServiceLinkInJourneyPattern>
                <ServiceLinkInJourneyPattern order="4" id="OST:ServiceLinkInJourneyPattern:7458876" version="271">
                  <ServiceLinkRef ref="OST:ServiceLink:200811072690518_1_200811072690747_1_994" />
                </ServiceLinkInJourneyPattern>
                <ServiceLinkInJourneyPattern order="14" id="OST:ServiceLinkInJourneyPattern:7458887" version="271">
                  <ServiceLinkRef ref="OST:ServiceLink:200811072690547_1_200811072690552_1_587" />
                </ServiceLinkInJourneyPattern>
                <ServiceLinkInJourneyPattern order="15" id="OST:ServiceLinkInJourneyPattern:7458888" version="271">
                  <ServiceLinkRef ref="OST:ServiceLink:200811072690552_1_200811072690557_1_642" />
                </ServiceLinkInJourneyPattern>
                <ServiceLinkInJourneyPattern order="10" id="OST:ServiceLinkInJourneyPattern:7458883" version="271">
                  <ServiceLinkRef ref="OST:ServiceLink:200811072690525_2_200811072690532_1_650" />
                </ServiceLinkInJourneyPattern>
                <ServiceLinkInJourneyPattern order="11" id="OST:ServiceLinkInJourneyPattern:7458884" version="271">
                  <ServiceLinkRef ref="OST:ServiceLink:200811072690532_1_200811072690535_2_637" />
                </ServiceLinkInJourneyPattern>
                <ServiceLinkInJourneyPattern order="18" id="OST:ServiceLinkInJourneyPattern:7458891" version="271">
                  <ServiceLinkRef ref="OST:ServiceLink:200811072690769_2_200811072690754_2_1633" />
                </ServiceLinkInJourneyPattern>
                <ServiceLinkInJourneyPattern order="17" id="OST:ServiceLinkInJourneyPattern:7458890" version="271">
                  <ServiceLinkRef ref="OST:ServiceLink:200811072690562_1_200811072690769_2_8130" />
                </ServiceLinkInJourneyPattern>
                <ServiceLinkInJourneyPattern order="3" id="OST:ServiceLinkInJourneyPattern:7458875" version="271">
                  <ServiceLinkRef ref="OST:ServiceLink:200811072690816_2_200811072690518_1_700" />
                </ServiceLinkInJourneyPattern>
              </linksInSequence>
            </JourneyPattern>
            <JourneyPattern id="OST:JourneyPattern:472_Outbound_211210121983321_211210121975025" version="271">
              <Name>1-1</Name>
              <RouteRef ref="OST:Route:472_Outbound_211210121983321_211210121975025" version="271" />
              <pointsInSequence>
                <StopPointInJourneyPattern order="15" id="OST:StopPointInJourneyPattern:472_Outbound_211210121983321_15_211210121975025" version="271">
                  <ScheduledStopPointRef ref="OST:ScheduledStopPoint:1287240_1" />
                </StopPointInJourneyPattern>
                <StopPointInJourneyPattern order="17" id="OST:StopPointInJourneyPattern:472_Outbound_211210121983321_17_211210121975025" version="271">
                  <ScheduledStopPointRef ref="OST:ScheduledStopPoint:1284355_4" />
                </StopPointInJourneyPattern>
                <StopPointInJourneyPattern order="4" id="OST:StopPointInJourneyPattern:472_Outbound_211210121983321_4_211210121975025" version="271">
                  <ScheduledStopPointRef ref="OST:ScheduledStopPoint:1287170_1" />
                </StopPointInJourneyPattern>
                <StopPointInJourneyPattern order="18" id="OST:StopPointInJourneyPattern:472_Outbound_211210121983321_18_211210121975025" version="271">
                  <ScheduledStopPointRef ref="OST:ScheduledStopPoint:1284366_1" />
                </StopPointInJourneyPattern>
                <StopPointInJourneyPattern order="12" id="OST:StopPointInJourneyPattern:472_Outbound_211210121983321_12_211210121975025" version="271">
                  <ScheduledStopPointRef ref="OST:ScheduledStopPoint:1287225_1" />
                </StopPointInJourneyPattern>
                <StopPointInJourneyPattern order="9" id="OST:StopPointInJourneyPattern:472_Outbound_211210121983321_9_211210121975025" version="271">
                  <ScheduledStopPointRef ref="OST:ScheduledStopPoint:1287195_1" />
                </StopPointInJourneyPattern>
                <StopPointInJourneyPattern order="7" id="OST:StopPointInJourneyPattern:472_Outbound_211210121983321_7_211210121975025" version="271">
                  <ScheduledStopPointRef ref="OST:ScheduledStopPoint:1287185_1" />
                </StopPointInJourneyPattern>
                <StopPointInJourneyPattern order="1" id="OST:StopPointInJourneyPattern:472_Outbound_211210121983321_1_211210121975025" version="271">
                  <ForAlighting>false</ForAlighting>
                  <DestinationDisplayRef ref="OST:DestinationDisplay:30" />
                  <ScheduledStopPointRef ref="OST:ScheduledStopPoint:1284315_2" />
                </StopPointInJourneyPattern>
                <StopPointInJourneyPattern order="13" id="OST:StopPointInJourneyPattern:472_Outbound_211210121983321_13_211210121975025" version="271">
                  <ScheduledStopPointRef ref="OST:ScheduledStopPoint:1287230_1" />
                </StopPointInJourneyPattern>
                <StopPointInJourneyPattern order="2" id="OST:StopPointInJourneyPattern:472_Outbound_211210121983321_2_211210121975025" version="271">
                  <ScheduledStopPointRef ref="OST:ScheduledStopPoint:1284316_1" />
                </StopPointInJourneyPattern>
                <StopPointInJourneyPattern order="19" id="OST:StopPointInJourneyPattern:472_Outbound_211210121983321_19_211210121975025" version="271">
                  <ScheduledStopPointRef ref="OST:ScheduledStopPoint:1284370_1" />
                </StopPointInJourneyPattern>
                <StopPointInJourneyPattern order="16" id="OST:StopPointInJourneyPattern:472_Outbound_211210121983321_16_211210121975025" version="271">
                  <ScheduledStopPointRef ref="OST:ScheduledStopPoint:1284355_3" />
                </StopPointInJourneyPattern>
                <StopPointInJourneyPattern order="21" id="OST:StopPointInJourneyPattern:472_Outbound_211210121983321_21_211210121975025" version="271">
                  <ForBoarding>false</ForBoarding>
                  <ScheduledStopPointRef ref="OST:ScheduledStopPoint:1288230_1" />
                </StopPointInJourneyPattern>
                <StopPointInJourneyPattern order="5" id="OST:StopPointInJourneyPattern:472_Outbound_211210121983321_5_211210121975025" version="271">
                  <ScheduledStopPointRef ref="OST:ScheduledStopPoint:1287175_1" />
                </StopPointInJourneyPattern>
                <StopPointInJourneyPattern order="3" id="OST:StopPointInJourneyPattern:472_Outbound_211210121983321_3_211210121975025" version="271">
                  <ScheduledStopPointRef ref="OST:ScheduledStopPoint:1287165_1" />
                </StopPointInJourneyPattern>
                <StopPointInJourneyPattern order="11" id="OST:StopPointInJourneyPattern:472_Outbound_211210121983321_11_211210121975025" version="271">
                  <ScheduledStopPointRef ref="OST:ScheduledStopPoint:1287202_1" />
                </StopPointInJourneyPattern>
                <StopPointInJourneyPattern order="14" id="OST:StopPointInJourneyPattern:472_Outbound_211210121983321_14_211210121975025" version="271">
                  <ScheduledStopPointRef ref="OST:ScheduledStopPoint:1287235_1" />
                </StopPointInJourneyPattern>
                <StopPointInJourneyPattern order="8" id="OST:StopPointInJourneyPattern:472_Outbound_211210121983321_8_211210121975025" version="271">
                  <ScheduledStopPointRef ref="OST:ScheduledStopPoint:1287190_1" />
                </StopPointInJourneyPattern>
                <StopPointInJourneyPattern order="6" id="OST:StopPointInJourneyPattern:472_Outbound_211210121983321_6_211210121975025" version="271">
                  <ScheduledStopPointRef ref="OST:ScheduledStopPoint:1287180_1" />
                </StopPointInJourneyPattern>
                <StopPointInJourneyPattern order="10" id="OST:StopPointInJourneyPattern:472_Outbound_211210121983321_10_211210121975025" version="271">
                  <ScheduledStopPointRef ref="OST:ScheduledStopPoint:1287200_1" />
                </StopPointInJourneyPattern>
                <StopPointInJourneyPattern order="20" id="OST:StopPointInJourneyPattern:472_Outbound_211210121983321_20_211210121975025" version="271">
                  <ScheduledStopPointRef ref="OST:ScheduledStopPoint:1288225_1" />
                </StopPointInJourneyPattern>
              </pointsInSequence>
              <linksInSequence>
                <ServiceLinkInJourneyPattern order="4" id="OST:ServiceLinkInJourneyPattern:7458823" version="271">
                  <ServiceLinkRef ref="OST:ServiceLink:200811072690595_1_200811072690600_1_1406" />
                </ServiceLinkInJourneyPattern>
                <ServiceLinkInJourneyPattern order="17" id="OST:ServiceLinkInJourneyPattern:7458839" version="271">
                  <ServiceLinkRef ref="OST:ServiceLink:200811072690496_4_200811072690506_1_553" />
                </ServiceLinkInJourneyPattern>
                <ServiceLinkInJourneyPattern order="14" id="OST:ServiceLinkInJourneyPattern:7458835" version="271">
                  <ServiceLinkRef ref="OST:ServiceLink:200811072690668_1_200811072690673_1_335" />
                </ServiceLinkInJourneyPattern>
                <ServiceLinkInJourneyPattern order="2" id="OST:ServiceLinkInJourneyPattern:7458820" version="271">
                  <ServiceLinkRef ref="OST:ServiceLink:200811072690453_1_200811072690590_1_6576" />
                </ServiceLinkInJourneyPattern>
                <ServiceLinkInJourneyPattern order="8" id="OST:ServiceLinkInJourneyPattern:7458827" version="271">
                  <ServiceLinkRef ref="OST:ServiceLink:200811072690621_1_200811072690626_1_631" />
                </ServiceLinkInJourneyPattern>
                <ServiceLinkInJourneyPattern order="9" id="OST:ServiceLinkInJourneyPattern:7458828" version="271">
                  <ServiceLinkRef ref="OST:ServiceLink:200811072690626_1_200811072690633_1_480" />
                </ServiceLinkInJourneyPattern>
                <ServiceLinkInJourneyPattern order="12" id="OST:ServiceLinkInJourneyPattern:7458833" version="271">
                  <ServiceLinkRef ref="OST:ServiceLink:200811072690656_1_200811072690663_1_1889" />
                </ServiceLinkInJourneyPattern>
                <ServiceLinkInJourneyPattern order="5" id="OST:ServiceLinkInJourneyPattern:7458824" version="271">
                  <ServiceLinkRef ref="OST:ServiceLink:200811072690600_1_200811072690611_1_693" />
                </ServiceLinkInJourneyPattern>
                <ServiceLinkInJourneyPattern order="15" id="OST:ServiceLinkInJourneyPattern:7458836" version="271">
                  <ServiceLinkRef ref="OST:ServiceLink:200811072690673_1_200811072690494_3_680" />
                </ServiceLinkInJourneyPattern>
                <ServiceLinkInJourneyPattern order="18" id="OST:ServiceLinkInJourneyPattern:7458841" version="271">
                  <ServiceLinkRef ref="OST:ServiceLink:200811072690506_1_200811072690513_1_240" />
                </ServiceLinkInJourneyPattern>
                <ServiceLinkInJourneyPattern order="10" id="OST:ServiceLinkInJourneyPattern:7458829" version="271">
                  <ServiceLinkRef ref="OST:ServiceLink:200811072690633_1_220211101767385_1_1974" />
                </ServiceLinkInJourneyPattern>
                <ServiceLinkInJourneyPattern order="6" id="OST:ServiceLinkInJourneyPattern:7458825" version="271">
                  <ServiceLinkRef ref="OST:ServiceLink:200811072690611_1_200811072690616_1_646" />
                </ServiceLinkInJourneyPattern>
                <ServiceLinkInJourneyPattern order="19" id="OST:ServiceLinkInJourneyPattern:7458842" version="271">
                  <ServiceLinkRef ref="OST:ServiceLink:200811072690513_1_200811072690814_1_764" />
                </ServiceLinkInJourneyPattern>
                <ServiceLinkInJourneyPattern order="16" id="OST:ServiceLinkInJourneyPattern:7458837" version="271">
                  <ServiceLinkRef ref="OST:ServiceLink:200811072690494_3_200811072690496_4_170" />
                </ServiceLinkInJourneyPattern>
                <ServiceLinkInJourneyPattern order="3" id="OST:ServiceLinkInJourneyPattern:7458822" version="271">
                  <ServiceLinkRef ref="OST:ServiceLink:200811072690590_1_200811072690595_1_2199" />
                </ServiceLinkInJourneyPattern>
                <ServiceLinkInJourneyPattern order="13" id="OST:ServiceLinkInJourneyPattern:7458834" version="271">
                  <ServiceLinkRef ref="OST:ServiceLink:200811072690663_1_200811072690668_1_1171" />
                </ServiceLinkInJourneyPattern>
                <ServiceLinkInJourneyPattern order="1" id="OST:ServiceLinkInJourneyPattern:7458818" version="271">
                  <ServiceLinkRef ref="OST:ServiceLink:200811072690446_2_200811072690453_1_4629" />
                </ServiceLinkInJourneyPattern>
                <ServiceLinkInJourneyPattern order="11" id="OST:ServiceLinkInJourneyPattern:7458831" version="271">
                  <ServiceLinkRef ref="OST:ServiceLink:220211101767385_1_200811072690656_1_3669" />
                </ServiceLinkInJourneyPattern>
                <ServiceLinkInJourneyPattern order="7" id="OST:ServiceLinkInJourneyPattern:7458826" version="271">
                  <ServiceLinkRef ref="OST:ServiceLink:200811072690616_1_200811072690621_1_432" />
                </ServiceLinkInJourneyPattern>
                <ServiceLinkInJourneyPattern order="20" id="OST:ServiceLinkInJourneyPattern:7458843" version="271">
                  <ServiceLinkRef ref="OST:ServiceLink:200811072690814_1_200811072690819_1_278" />
                </ServiceLinkInJourneyPattern>
              </linksInSequence>
            </JourneyPattern>
            <JourneyPattern id="OST:JourneyPattern:472_Inbound_211210121983322_211210121975025" version="271">
              <Name>2-2</Name>
              <RouteRef ref="OST:Route:472_Inbound_211210121983322_211210121975025" version="271" />
              <pointsInSequence>
                <StopPointInJourneyPattern order="5" id="OST:StopPointInJourneyPattern:472_Inbound_211210121983322_5_211210121975025" version="271">
                  <ScheduledStopPointRef ref="OST:ScheduledStopPoint:1284385_1" />
                </StopPointInJourneyPattern>
                <StopPointInJourneyPattern order="12" id="OST:StopPointInJourneyPattern:472_Inbound_211210121983322_12_211210121975025" version="271">
                  <ScheduledStopPointRef ref="OST:ScheduledStopPoint:1287995_2" />
                </StopPointInJourneyPattern>
                <StopPointInJourneyPattern order="1" id="OST:StopPointInJourneyPattern:472_Inbound_211210121983322_1_211210121975025" version="271">
                  <ForAlighting>false</ForAlighting>
                  <DestinationDisplayRef ref="OST:DestinationDisplay:142" />
                  <ScheduledStopPointRef ref="OST:ScheduledStopPoint:1287990_2" />
                </StopPointInJourneyPattern>
                <StopPointInJourneyPattern order="14" id="OST:StopPointInJourneyPattern:472_Inbound_211210121983322_14_211210121975025" version="271">
                  <ScheduledStopPointRef ref="OST:ScheduledStopPoint:1287975_2" />
                </StopPointInJourneyPattern>
                <StopPointInJourneyPattern order="9" id="OST:StopPointInJourneyPattern:472_Inbound_211210121983322_9_211210121975025" version="271">
                  <ScheduledStopPointRef ref="OST:ScheduledStopPoint:1284405_1" />
                </StopPointInJourneyPattern>
                <StopPointInJourneyPattern order="10" id="OST:StopPointInJourneyPattern:472_Inbound_211210121983322_10_211210121975025" version="271">
                  <ScheduledStopPointRef ref="OST:ScheduledStopPoint:1284410_1" />
                </StopPointInJourneyPattern>
                <StopPointInJourneyPattern order="11" id="OST:StopPointInJourneyPattern:472_Inbound_211210121983322_11_211210121975025" version="271">
                  <ScheduledStopPointRef ref="OST:ScheduledStopPoint:1284415_1" />
                </StopPointInJourneyPattern>
                <StopPointInJourneyPattern order="8" id="OST:StopPointInJourneyPattern:472_Inbound_211210121983322_8_211210121975025" version="271">
                  <ScheduledStopPointRef ref="OST:ScheduledStopPoint:1284400_1" />
                </StopPointInJourneyPattern>
                <StopPointInJourneyPattern order="6" id="OST:StopPointInJourneyPattern:472_Inbound_211210121983322_6_211210121975025" version="271">
                  <ScheduledStopPointRef ref="OST:ScheduledStopPoint:1284390_2" />
                </StopPointInJourneyPattern>
                <StopPointInJourneyPattern order="13" id="OST:StopPointInJourneyPattern:472_Inbound_211210121983322_13_211210121975025" version="271">
                  <ScheduledStopPointRef ref="OST:ScheduledStopPoint:1287980_2" />
                </StopPointInJourneyPattern>
                <StopPointInJourneyPattern order="4" id="OST:StopPointInJourneyPattern:472_Inbound_211210121983322_4_211210121975025" version="271">
                  <ScheduledStopPointRef ref="OST:ScheduledStopPoint:1284380_2" />
                </StopPointInJourneyPattern>
                <StopPointInJourneyPattern order="7" id="OST:StopPointInJourneyPattern:472_Inbound_211210121983322_7_211210121975025" version="271">
                  <ScheduledStopPointRef ref="OST:ScheduledStopPoint:1284395_1" />
                </StopPointInJourneyPattern>
                <StopPointInJourneyPattern order="3" id="OST:StopPointInJourneyPattern:472_Inbound_211210121983322_3_211210121975025" version="271">
                  <ScheduledStopPointRef ref="OST:ScheduledStopPoint:1287975_2" />
                </StopPointInJourneyPattern>
                <StopPointInJourneyPattern order="2" id="OST:StopPointInJourneyPattern:472_Inbound_211210121983322_2_211210121975025" version="271">
                  <ScheduledStopPointRef ref="OST:ScheduledStopPoint:1287980_2" />
                </StopPointInJourneyPattern>
                <StopPointInJourneyPattern order="15" id="OST:StopPointInJourneyPattern:472_Inbound_211210121983322_15_211210121975025" version="271">
                  <ForBoarding>false</ForBoarding>
                  <ScheduledStopPointRef ref="OST:ScheduledStopPoint:1284375_2" />
                </StopPointInJourneyPattern>
              </pointsInSequence>
              <linksInSequence>
                <ServiceLinkInJourneyPattern order="3" id="OST:ServiceLinkInJourneyPattern:7458846" version="271">
                  <ServiceLinkRef ref="OST:ServiceLink:200811072690749_2_200811072690525_2_1643" />
                </ServiceLinkInJourneyPattern>
                <ServiceLinkInJourneyPattern order="10" id="OST:ServiceLinkInJourneyPattern:7458854" version="271">
                  <ServiceLinkRef ref="OST:ServiceLink:200811072690557_1_200811072690562_1_1022" />
                </ServiceLinkInJourneyPattern>
                <ServiceLinkInJourneyPattern order="4" id="OST:ServiceLinkInJourneyPattern:7458848" version="271">
                  <ServiceLinkRef ref="OST:ServiceLink:200811072690525_2_200811072690532_1_650" />
                </ServiceLinkInJourneyPattern>
                <ServiceLinkInJourneyPattern order="2" id="OST:ServiceLinkInJourneyPattern:7458845" version="271">
                  <ServiceLinkRef ref="OST:ServiceLink:200811072690754_2_200811072690749_2_270" />
                </ServiceLinkInJourneyPattern>
                <ServiceLinkInJourneyPattern order="6" id="OST:ServiceLinkInJourneyPattern:7458850" version="271">
                  <ServiceLinkRef ref="OST:ServiceLink:200811072690535_2_200811072690542_1_426" />
                </ServiceLinkInJourneyPattern>
                <ServiceLinkInJourneyPattern order="14" id="OST:ServiceLinkInJourneyPattern:7458860" version="271">
                  <ServiceLinkRef ref="OST:ServiceLink:200811072690749_2_200811072690516_2_954" />
                </ServiceLinkInJourneyPattern>
                <ServiceLinkInJourneyPattern order="9" id="OST:ServiceLinkInJourneyPattern:7458853" version="271">
                  <ServiceLinkRef ref="OST:ServiceLink:200811072690552_1_200811072690557_1_642" />
                </ServiceLinkInJourneyPattern>
                <ServiceLinkInJourneyPattern order="11" id="OST:ServiceLinkInJourneyPattern:7458856" version="271">
                  <ServiceLinkRef ref="OST:ServiceLink:200811072690562_1_200811072690769_2_8130" />
                </ServiceLinkInJourneyPattern>
                <ServiceLinkInJourneyPattern order="12" id="OST:ServiceLinkInJourneyPattern:7458858" version="271">
                  <ServiceLinkRef ref="OST:ServiceLink:200811072690769_2_200811072690754_2_1633" />
                </ServiceLinkInJourneyPattern>
                <ServiceLinkInJourneyPattern order="8" id="OST:ServiceLinkInJourneyPattern:7458852" version="271">
                  <ServiceLinkRef ref="OST:ServiceLink:200811072690547_1_200811072690552_1_587" />
                </ServiceLinkInJourneyPattern>
                <ServiceLinkInJourneyPattern order="7" id="OST:ServiceLinkInJourneyPattern:7458851" version="271">
                  <ServiceLinkRef ref="OST:ServiceLink:200811072690542_1_200811072690547_1_654" />
                </ServiceLinkInJourneyPattern>
                <ServiceLinkInJourneyPattern order="5" id="OST:ServiceLinkInJourneyPattern:7458849" version="271">
                  <ServiceLinkRef ref="OST:ServiceLink:200811072690532_1_200811072690535_2_637" />
                </ServiceLinkInJourneyPattern>
                <ServiceLinkInJourneyPattern order="13" id="OST:ServiceLinkInJourneyPattern:7458859" version="271">
                  <ServiceLinkRef ref="OST:ServiceLink:200811072690754_2_200811072690749_2_270" />
                </ServiceLinkInJourneyPattern>
                <ServiceLinkInJourneyPattern order="1" id="OST:ServiceLinkInJourneyPattern:7458844" version="271">
                  <ServiceLinkRef ref="OST:ServiceLink:200811072690764_2_200811072690754_2_1078" />
                </ServiceLinkInJourneyPattern>
              </linksInSequence>
            </JourneyPattern>
          </journeyPatterns>
        </ServiceFrame>
        <TimetableFrame id="1028789111" version="1">
          <vehicleJourneys>
            <ServiceJourney id="OST:ServiceJourney:472_211210122072364_1" publication="public" version="271">
              <Name>Bergenhus skole-Rakkestad u. skole</Name>
              <PrivateCode>1</PrivateCode>
              <dayTypes>
                <DayTypeRef ref="OST:DayType:121" />
              </dayTypes>
              <JourneyPatternRef ref="OST:JourneyPattern:472_Outbound_211210121983321_211210121975025" version="271" />
              <LineRef ref="OST:Line:1_472" version="271" />
              <OperatorRef ref="OST:Operator:152" />
              <passingTimes>
                <TimetabledPassingTime id="OST:TimetabledPassingTime:211210122072364_1_07_40_00" version="271">
                  <DepartureTime>07:40:00</DepartureTime>
                  <StopPointInJourneyPatternRef ref="OST:StopPointInJourneyPattern:472_Outbound_211210121983321_1_211210121975025" version="271" />
                </TimetabledPassingTime>
                <TimetabledPassingTime id="OST:TimetabledPassingTime:211210122072364_2_07_45_00" version="271">
                  <DepartureTime>07:45:00</DepartureTime>
                  <StopPointInJourneyPatternRef ref="OST:StopPointInJourneyPattern:472_Outbound_211210121983321_2_211210121975025" version="271" />
                </TimetabledPassingTime>
                <TimetabledPassingTime id="OST:TimetabledPassingTime:211210122072364_3_07_53_00" version="271">
                  <DepartureTime>07:53:00</DepartureTime>
                  <StopPointInJourneyPatternRef ref="OST:StopPointInJourneyPattern:472_Outbound_211210121983321_3_211210121975025" version="271" />
                </TimetabledPassingTime>
                <TimetabledPassingTime id="OST:TimetabledPassingTime:211210122072364_4_07_56_00" version="271">
                  <DepartureTime>07:56:00</DepartureTime>
                  <StopPointInJourneyPatternRef ref="OST:StopPointInJourneyPattern:472_Outbound_211210121983321_4_211210121975025" version="271" />
                </TimetabledPassingTime>
                <TimetabledPassingTime id="OST:TimetabledPassingTime:211210122072364_5_07_56_00" version="271">
                  <DepartureTime>07:56:00</DepartureTime>
                  <StopPointInJourneyPatternRef ref="OST:StopPointInJourneyPattern:472_Outbound_211210121983321_5_211210121975025" version="271" />
                </TimetabledPassingTime>
                <TimetabledPassingTime id="OST:TimetabledPassingTime:211210122072364_6_07_57_00" version="271">
                  <DepartureTime>07:57:00</DepartureTime>
                  <StopPointInJourneyPatternRef ref="OST:StopPointInJourneyPattern:472_Outbound_211210121983321_6_211210121975025" version="271" />
                </TimetabledPassingTime>
                <TimetabledPassingTime id="OST:TimetabledPassingTime:211210122072364_7_07_58_00" version="271">
                  <DepartureTime>07:58:00</DepartureTime>
                  <StopPointInJourneyPatternRef ref="OST:StopPointInJourneyPattern:472_Outbound_211210121983321_7_211210121975025" version="271" />
                </TimetabledPassingTime>
                <TimetabledPassingTime id="OST:TimetabledPassingTime:211210122072364_8_07_58_00" version="271">
                  <DepartureTime>07:58:00</DepartureTime>
                  <StopPointInJourneyPatternRef ref="OST:StopPointInJourneyPattern:472_Outbound_211210121983321_8_211210121975025" version="271" />
                </TimetabledPassingTime>
                <TimetabledPassingTime id="OST:TimetabledPassingTime:211210122072364_9_07_59_00" version="271">
                  <DepartureTime>07:59:00</DepartureTime>
                  <StopPointInJourneyPatternRef ref="OST:StopPointInJourneyPattern:472_Outbound_211210121983321_9_211210121975025" version="271" />
                </TimetabledPassingTime>
                <TimetabledPassingTime id="OST:TimetabledPassingTime:211210122072364_10_08_01_00" version="271">
                  <DepartureTime>08:01:00</DepartureTime>
                  <StopPointInJourneyPatternRef ref="OST:StopPointInJourneyPattern:472_Outbound_211210121983321_10_211210121975025" version="271" />
                </TimetabledPassingTime>
                <TimetabledPassingTime id="OST:TimetabledPassingTime:211210122072364_11_08_05_00" version="271">
                  <DepartureTime>08:05:00</DepartureTime>
                  <StopPointInJourneyPatternRef ref="OST:StopPointInJourneyPattern:472_Outbound_211210121983321_11_211210121975025" version="271" />
                </TimetabledPassingTime>
                <TimetabledPassingTime id="OST:TimetabledPassingTime:211210122072364_12_08_11_00" version="271">
                  <DepartureTime>08:11:00</DepartureTime>
                  <StopPointInJourneyPatternRef ref="OST:StopPointInJourneyPattern:472_Outbound_211210121983321_12_211210121975025" version="271" />
                </TimetabledPassingTime>
                <TimetabledPassingTime id="OST:TimetabledPassingTime:211210122072364_13_08_12_00" version="271">
                  <DepartureTime>08:12:00</DepartureTime>
                  <StopPointInJourneyPatternRef ref="OST:StopPointInJourneyPattern:472_Outbound_211210121983321_13_211210121975025" version="271" />
                </TimetabledPassingTime>
                <TimetabledPassingTime id="OST:TimetabledPassingTime:211210122072364_14_08_13_00" version="271">
                  <DepartureTime>08:13:00</DepartureTime>
                  <StopPointInJourneyPatternRef ref="OST:StopPointInJourneyPattern:472_Outbound_211210121983321_14_211210121975025" version="271" />
                </TimetabledPassingTime>
                <TimetabledPassingTime id="OST:TimetabledPassingTime:211210122072364_15_08_14_00" version="271">
                  <DepartureTime>08:14:00</DepartureTime>
                  <StopPointInJourneyPatternRef ref="OST:StopPointInJourneyPattern:472_Outbound_211210121983321_15_211210121975025" version="271" />
                </TimetabledPassingTime>
                <TimetabledPassingTime id="OST:TimetabledPassingTime:211210122072364_16_08_14_00" version="271">
                  <DepartureTime>08:14:00</DepartureTime>
                  <StopPointInJourneyPatternRef ref="OST:StopPointInJourneyPattern:472_Outbound_211210121983321_16_211210121975025" version="271" />
                </TimetabledPassingTime>
                <TimetabledPassingTime id="OST:TimetabledPassingTime:211210122072364_17_08_15_00" version="271">
                  <DepartureTime>08:15:00</DepartureTime>
                  <StopPointInJourneyPatternRef ref="OST:StopPointInJourneyPattern:472_Outbound_211210121983321_17_211210121975025" version="271" />
                </TimetabledPassingTime>
                <TimetabledPassingTime id="OST:TimetabledPassingTime:211210122072364_18_08_17_00" version="271">
                  <DepartureTime>08:17:00</DepartureTime>
                  <StopPointInJourneyPatternRef ref="OST:StopPointInJourneyPattern:472_Outbound_211210121983321_18_211210121975025" version="271" />
                </TimetabledPassingTime>
                <TimetabledPassingTime id="OST:TimetabledPassingTime:211210122072364_19_08_18_00" version="271">
                  <DepartureTime>08:18:00</DepartureTime>
                  <StopPointInJourneyPatternRef ref="OST:StopPointInJourneyPattern:472_Outbound_211210121983321_19_211210121975025" version="271" />
                </TimetabledPassingTime>
                <TimetabledPassingTime id="OST:TimetabledPassingTime:211210122072364_20_08_19_00" version="271">
                  <DepartureTime>08:19:00</DepartureTime>
                  <StopPointInJourneyPatternRef ref="OST:StopPointInJourneyPattern:472_Outbound_211210121983321_20_211210121975025" version="271" />
                </TimetabledPassingTime>
                <TimetabledPassingTime id="OST:TimetabledPassingTime:211210122072364_21_08_20_00" version="271">
                  <ArrivalTime>08:20:00</ArrivalTime>
                  <StopPointInJourneyPatternRef ref="OST:StopPointInJourneyPattern:472_Outbound_211210121983321_21_211210121975025" version="271" />
                </TimetabledPassingTime>
              </passingTimes>
            </ServiceJourney>
            <ServiceJourney id="OST:ServiceJourney:472_211210122072366_6" publication="public" version="271">
              <Name>Gjulem-Rakkestad</Name>
              <PrivateCode>6</PrivateCode>
              <dayTypes>
                <DayTypeRef ref="OST:DayType:121" />
              </dayTypes>
              <JourneyPatternRef ref="OST:JourneyPattern:472_Inbound_211210121983322_211210121975025" version="271" />
              <LineRef ref="OST:Line:1_472" version="271" />
              <OperatorRef ref="OST:Operator:152" />
              <passingTimes>
                <TimetabledPassingTime id="OST:TimetabledPassingTime:211210122072366_1_13_05_00" version="271">
                  <DepartureTime>13:05:00</DepartureTime>
                  <StopPointInJourneyPatternRef ref="OST:StopPointInJourneyPattern:472_Inbound_211210121983322_1_211210121975025" version="271" />
                </TimetabledPassingTime>
                <TimetabledPassingTime id="OST:TimetabledPassingTime:211210122072366_3_13_07_00" version="271">
                  <DepartureTime>13:07:00</DepartureTime>
                  <StopPointInJourneyPatternRef ref="OST:StopPointInJourneyPattern:472_Inbound_211210121983322_3_211210121975025" version="271" />
                </TimetabledPassingTime>
                <TimetabledPassingTime id="OST:TimetabledPassingTime:211210122072366_2_13_07_00" version="271">
                  <DepartureTime>13:07:00</DepartureTime>
                  <StopPointInJourneyPatternRef ref="OST:StopPointInJourneyPattern:472_Inbound_211210121983322_2_211210121975025" version="271" />
                </TimetabledPassingTime>
                <TimetabledPassingTime id="OST:TimetabledPassingTime:211210122072366_4_13_10_00" version="271">
                  <DepartureTime>13:10:00</DepartureTime>
                  <StopPointInJourneyPatternRef ref="OST:StopPointInJourneyPattern:472_Inbound_211210121983322_4_211210121975025" version="271" />
                </TimetabledPassingTime>
                <TimetabledPassingTime id="OST:TimetabledPassingTime:211210122072366_5_13_12_00" version="271">
                  <DepartureTime>13:12:00</DepartureTime>
                  <StopPointInJourneyPatternRef ref="OST:StopPointInJourneyPattern:472_Inbound_211210121983322_5_211210121975025" version="271" />
                </TimetabledPassingTime>
                <TimetabledPassingTime id="OST:TimetabledPassingTime:211210122072366_6_13_13_00" version="271">
                  <DepartureTime>13:13:00</DepartureTime>
                  <StopPointInJourneyPatternRef ref="OST:StopPointInJourneyPattern:472_Inbound_211210121983322_6_211210121975025" version="271" />
                </TimetabledPassingTime>
                <TimetabledPassingTime id="OST:TimetabledPassingTime:211210122072366_7_13_14_00" version="271">
                  <DepartureTime>13:14:00</DepartureTime>
                  <StopPointInJourneyPatternRef ref="OST:StopPointInJourneyPattern:472_Inbound_211210121983322_7_211210121975025" version="271" />
                </TimetabledPassingTime>
                <TimetabledPassingTime id="OST:TimetabledPassingTime:211210122072366_8_13_15_00" version="271">
                  <DepartureTime>13:15:00</DepartureTime>
                  <StopPointInJourneyPatternRef ref="OST:StopPointInJourneyPattern:472_Inbound_211210121983322_8_211210121975025" version="271" />
                </TimetabledPassingTime>
                <TimetabledPassingTime id="OST:TimetabledPassingTime:211210122072366_9_13_16_00" version="271">
                  <DepartureTime>13:16:00</DepartureTime>
                  <StopPointInJourneyPatternRef ref="OST:StopPointInJourneyPattern:472_Inbound_211210121983322_9_211210121975025" version="271" />
                </TimetabledPassingTime>
                <TimetabledPassingTime id="OST:TimetabledPassingTime:211210122072366_10_13_17_00" version="271">
                  <DepartureTime>13:17:00</DepartureTime>
                  <StopPointInJourneyPatternRef ref="OST:StopPointInJourneyPattern:472_Inbound_211210121983322_10_211210121975025" version="271" />
                </TimetabledPassingTime>
                <TimetabledPassingTime id="OST:TimetabledPassingTime:211210122072366_11_13_20_00" version="271">
                  <DepartureTime>13:20:00</DepartureTime>
                  <StopPointInJourneyPatternRef ref="OST:StopPointInJourneyPattern:472_Inbound_211210121983322_11_211210121975025" version="271" />
                </TimetabledPassingTime>
                <TimetabledPassingTime id="OST:TimetabledPassingTime:211210122072366_12_13_31_00" version="271">
                  <DepartureTime>13:31:00</DepartureTime>
                  <StopPointInJourneyPatternRef ref="OST:StopPointInJourneyPattern:472_Inbound_211210121983322_12_211210121975025" version="271" />
                </TimetabledPassingTime>
                <TimetabledPassingTime id="OST:TimetabledPassingTime:211210122072366_13_13_33_00" version="271">
                  <DepartureTime>13:33:00</DepartureTime>
                  <StopPointInJourneyPatternRef ref="OST:StopPointInJourneyPattern:472_Inbound_211210121983322_13_211210121975025" version="271" />
                </TimetabledPassingTime>
                <TimetabledPassingTime id="OST:TimetabledPassingTime:211210122072366_14_13_33_00" version="271">
                  <DepartureTime>13:33:00</DepartureTime>
                  <StopPointInJourneyPatternRef ref="OST:StopPointInJourneyPattern:472_Inbound_211210121983322_14_211210121975025" version="271" />
                </TimetabledPassingTime>
                <TimetabledPassingTime id="OST:TimetabledPassingTime:211210122072366_15_13_35_00" version="271">
                  <ArrivalTime>13:35:00</ArrivalTime>
                  <StopPointInJourneyPatternRef ref="OST:StopPointInJourneyPattern:472_Inbound_211210121983322_15_211210121975025" version="271" />
                </TimetabledPassingTime>
              </passingTimes>
            </ServiceJourney>
            <ServiceJourney id="OST:ServiceJourney:472_211210122072365_2" publication="public" version="271">
              <Name>Funderud-Rakkestad</Name>
              <PrivateCode>2</PrivateCode>
              <dayTypes>
                <DayTypeRef ref="OST:DayType:121" />
              </dayTypes>
              <JourneyPatternRef ref="OST:JourneyPattern:472_Inbound_211210121983323_211210121975025" version="271" />
              <LineRef ref="OST:Line:1_472" version="271" />
              <OperatorRef ref="OST:Operator:152" />
              <passingTimes>
                <TimetabledPassingTime id="OST:TimetabledPassingTime:211210122072365_1_13_05_00" version="271">
                  <DepartureTime>13:05:00</DepartureTime>
                  <StopPointInJourneyPatternRef ref="OST:StopPointInJourneyPattern:472_Inbound_211210121983323_1_211210121975025" version="271" />
                </TimetabledPassingTime>
                <TimetabledPassingTime id="OST:TimetabledPassingTime:211210122072365_2_13_06_00" version="271">
                  <DepartureTime>13:06:00</DepartureTime>
                  <StopPointInJourneyPatternRef ref="OST:StopPointInJourneyPattern:472_Inbound_211210121983323_2_211210121975025" version="271" />
                </TimetabledPassingTime>
                <TimetabledPassingTime id="OST:TimetabledPassingTime:211210122072365_3_13_07_00" version="271">
                  <DepartureTime>13:07:00</DepartureTime>
                  <StopPointInJourneyPatternRef ref="OST:StopPointInJourneyPattern:472_Inbound_211210121983323_3_211210121975025" version="271" />
                </TimetabledPassingTime>
                <TimetabledPassingTime id="OST:TimetabledPassingTime:211210122072365_4_13_13_00" version="271">
                  <DepartureTime>13:13:00</DepartureTime>
                  <StopPointInJourneyPatternRef ref="OST:StopPointInJourneyPattern:472_Inbound_211210121983323_4_211210121975025" version="271" />
                </TimetabledPassingTime>
                <TimetabledPassingTime id="OST:TimetabledPassingTime:211210122072365_5_13_19_00" version="271">
                  <DepartureTime>13:19:00</DepartureTime>
                  <StopPointInJourneyPatternRef ref="OST:StopPointInJourneyPattern:472_Inbound_211210121983323_5_211210121975025" version="271" />
                </TimetabledPassingTime>
                <TimetabledPassingTime id="OST:TimetabledPassingTime:211210122072365_6_13_20_00" version="271">
                  <DepartureTime>13:20:00</DepartureTime>
                  <StopPointInJourneyPatternRef ref="OST:StopPointInJourneyPattern:472_Inbound_211210121983323_6_211210121975025" version="271" />
                </TimetabledPassingTime>
                <TimetabledPassingTime id="OST:TimetabledPassingTime:211210122072365_7_13_20_00" version="271">
                  <DepartureTime>13:20:00</DepartureTime>
                  <StopPointInJourneyPatternRef ref="OST:StopPointInJourneyPattern:472_Inbound_211210121983323_7_211210121975025" version="271" />
                </TimetabledPassingTime>
                <TimetabledPassingTime id="OST:TimetabledPassingTime:211210122072365_8_13_24_00" version="271">
                  <DepartureTime>13:24:00</DepartureTime>
                  <StopPointInJourneyPatternRef ref="OST:StopPointInJourneyPattern:472_Inbound_211210121983323_8_211210121975025" version="271" />
                </TimetabledPassingTime>
                <TimetabledPassingTime id="OST:TimetabledPassingTime:211210122072365_9_13_25_00" version="271">
                  <DepartureTime>13:25:00</DepartureTime>
                  <StopPointInJourneyPatternRef ref="OST:StopPointInJourneyPattern:472_Inbound_211210121983323_9_211210121975025" version="271" />
                </TimetabledPassingTime>
                <TimetabledPassingTime id="OST:TimetabledPassingTime:211210122072365_10_13_28_00" version="271">
                  <DepartureTime>13:28:00</DepartureTime>
                  <StopPointInJourneyPatternRef ref="OST:StopPointInJourneyPattern:472_Inbound_211210121983323_10_211210121975025" version="271" />
                </TimetabledPassingTime>
                <TimetabledPassingTime id="OST:TimetabledPassingTime:211210122072365_11_13_30_00" version="271">
                  <ArrivalTime>13:30:00</ArrivalTime>
                  <StopPointInJourneyPatternRef ref="OST:StopPointInJourneyPattern:472_Inbound_211210121983323_11_211210121975025" version="271" />
                </TimetabledPassingTime>
              </passingTimes>
            </ServiceJourney>
            <ServiceJourney id="OST:ServiceJourney:472_211210122072367_8" publication="public" version="271">
              <Name>Gjulem-Rakkestad</Name>
              <PrivateCode>8</PrivateCode>
              <dayTypes>
                <DayTypeRef ref="OST:DayType:123" />
              </dayTypes>
              <JourneyPatternRef ref="OST:JourneyPattern:472_Inbound_211210121983324_211210121975025" version="271" />
              <LineRef ref="OST:Line:1_472" version="271" />
              <OperatorRef ref="OST:Operator:152" />
              <passingTimes>
                <TimetabledPassingTime id="OST:TimetabledPassingTime:211210122072367_1_13_55_00" version="271">
                  <DepartureTime>13:55:00</DepartureTime>
                  <StopPointInJourneyPatternRef ref="OST:StopPointInJourneyPattern:472_Inbound_211210121983324_1_211210121975025" version="271" />
                </TimetabledPassingTime>
                <TimetabledPassingTime id="OST:TimetabledPassingTime:211210122072367_2_14_00_00" version="271">
                  <DepartureTime>14:00:00</DepartureTime>
                  <StopPointInJourneyPatternRef ref="OST:StopPointInJourneyPattern:472_Inbound_211210121983324_2_211210121975025" version="271" />
                </TimetabledPassingTime>
                <TimetabledPassingTime id="OST:TimetabledPassingTime:211210122072367_3_14_03_00" version="271">
                  <DepartureTime>14:03:00</DepartureTime>
                  <StopPointInJourneyPatternRef ref="OST:StopPointInJourneyPattern:472_Inbound_211210121983324_3_211210121975025" version="271" />
                </TimetabledPassingTime>
                <TimetabledPassingTime id="OST:TimetabledPassingTime:211210122072367_4_14_10_00" version="271">
                  <DepartureTime>14:10:00</DepartureTime>
                  <StopPointInJourneyPatternRef ref="OST:StopPointInJourneyPattern:472_Inbound_211210121983324_4_211210121975025" version="271" />
                </TimetabledPassingTime>
                <TimetabledPassingTime id="OST:TimetabledPassingTime:211210122072367_5_14_10_00" version="271">
                  <DepartureTime>14:10:00</DepartureTime>
                  <StopPointInJourneyPatternRef ref="OST:StopPointInJourneyPattern:472_Inbound_211210121983324_5_211210121975025" version="271" />
                </TimetabledPassingTime>
                <TimetabledPassingTime id="OST:TimetabledPassingTime:211210122072367_6_14_10_00" version="271">
                  <DepartureTime>14:10:00</DepartureTime>
                  <StopPointInJourneyPatternRef ref="OST:StopPointInJourneyPattern:472_Inbound_211210121983324_6_211210121975025" version="271" />
                </TimetabledPassingTime>
                <TimetabledPassingTime id="OST:TimetabledPassingTime:211210122072367_7_14_11_00" version="271">
                  <DepartureTime>14:11:00</DepartureTime>
                  <StopPointInJourneyPatternRef ref="OST:StopPointInJourneyPattern:472_Inbound_211210121983324_7_211210121975025" version="271" />
                </TimetabledPassingTime>
                <TimetabledPassingTime id="OST:TimetabledPassingTime:211210122072367_8_14_12_00" version="271">
                  <DepartureTime>14:12:00</DepartureTime>
                  <StopPointInJourneyPatternRef ref="OST:StopPointInJourneyPattern:472_Inbound_211210121983324_8_211210121975025" version="271" />
                </TimetabledPassingTime>
                <TimetabledPassingTime id="OST:TimetabledPassingTime:211210122072367_9_14_15_00" version="271">
                  <DepartureTime>14:15:00</DepartureTime>
                  <StopPointInJourneyPatternRef ref="OST:StopPointInJourneyPattern:472_Inbound_211210121983324_9_211210121975025" version="271" />
                </TimetabledPassingTime>
                <TimetabledPassingTime id="OST:TimetabledPassingTime:211210122072367_10_14_23_00" version="271">
                  <DepartureTime>14:23:00</DepartureTime>
                  <StopPointInJourneyPatternRef ref="OST:StopPointInJourneyPattern:472_Inbound_211210121983324_10_211210121975025" version="271" />
                </TimetabledPassingTime>
                <TimetabledPassingTime id="OST:TimetabledPassingTime:211210122072367_11_14_25_00" version="271">
                  <DepartureTime>14:25:00</DepartureTime>
                  <StopPointInJourneyPatternRef ref="OST:StopPointInJourneyPattern:472_Inbound_211210121983324_11_211210121975025" version="271" />
                </TimetabledPassingTime>
                <TimetabledPassingTime id="OST:TimetabledPassingTime:211210122072367_12_14_26_00" version="271">
                  <DepartureTime>14:26:00</DepartureTime>
                  <StopPointInJourneyPatternRef ref="OST:StopPointInJourneyPattern:472_Inbound_211210121983324_12_211210121975025" version="271" />
                </TimetabledPassingTime>
                <TimetabledPassingTime id="OST:TimetabledPassingTime:211210122072367_13_14_28_00" version="271">
                  <DepartureTime>14:28:00</DepartureTime>
                  <StopPointInJourneyPatternRef ref="OST:StopPointInJourneyPattern:472_Inbound_211210121983324_13_211210121975025" version="271" />
                </TimetabledPassingTime>
                <TimetabledPassingTime id="OST:TimetabledPassingTime:211210122072367_14_14_29_00" version="271">
                  <DepartureTime>14:29:00</DepartureTime>
                  <StopPointInJourneyPatternRef ref="OST:StopPointInJourneyPattern:472_Inbound_211210121983324_14_211210121975025" version="271" />
                </TimetabledPassingTime>
                <TimetabledPassingTime id="OST:TimetabledPassingTime:211210122072367_15_14_30_00" version="271">
                  <DepartureTime>14:30:00</DepartureTime>
                  <StopPointInJourneyPatternRef ref="OST:StopPointInJourneyPattern:472_Inbound_211210121983324_15_211210121975025" version="271" />
                </TimetabledPassingTime>
                <TimetabledPassingTime id="OST:TimetabledPassingTime:211210122072367_16_14_32_00" version="271">
                  <DepartureTime>14:32:00</DepartureTime>
                  <StopPointInJourneyPatternRef ref="OST:StopPointInJourneyPattern:472_Inbound_211210121983324_16_211210121975025" version="271" />
                </TimetabledPassingTime>
                <TimetabledPassingTime id="OST:TimetabledPassingTime:211210122072367_17_14_35_00" version="271">
                  <DepartureTime>14:35:00</DepartureTime>
                  <StopPointInJourneyPatternRef ref="OST:StopPointInJourneyPattern:472_Inbound_211210121983324_17_211210121975025" version="271" />
                </TimetabledPassingTime>
                <TimetabledPassingTime id="OST:TimetabledPassingTime:211210122072367_18_14_49_00" version="271">
                  <DepartureTime>14:49:00</DepartureTime>
                  <StopPointInJourneyPatternRef ref="OST:StopPointInJourneyPattern:472_Inbound_211210121983324_18_211210121975025" version="271" />
                </TimetabledPassingTime>
                <TimetabledPassingTime id="OST:TimetabledPassingTime:211210122072367_19_14_52_00" version="271">
                  <DepartureTime>14:52:00</DepartureTime>
                  <StopPointInJourneyPatternRef ref="OST:StopPointInJourneyPattern:472_Inbound_211210121983324_19_211210121975025" version="271" />
                </TimetabledPassingTime>
                <TimetabledPassingTime id="OST:TimetabledPassingTime:211210122072367_20_14_53_00" version="271">
                  <DepartureTime>14:53:00</DepartureTime>
                  <StopPointInJourneyPatternRef ref="OST:StopPointInJourneyPattern:472_Inbound_211210121983324_20_211210121975025" version="271" />
                </TimetabledPassingTime>
                <TimetabledPassingTime id="OST:TimetabledPassingTime:211210122072367_21_14_55_00" version="271">
                  <ArrivalTime>14:55:00</ArrivalTime>
                  <StopPointInJourneyPatternRef ref="OST:StopPointInJourneyPattern:472_Inbound_211210121983324_21_211210121975025" version="271" />
                </TimetabledPassingTime>
              </passingTimes>
            </ServiceJourney>
          </vehicleJourneys>
        </TimetableFrame>
      </frames>
    </CompositeFrame>
  </dataObjects>
</PublicationDelivery>
