<?xml version="1.0" encoding="UTF-8"?>
<PublicationDelivery xmlns="http://www.netex.org.uk/netex" xmlns:gis="http://www.opengis.net/gml/3.2" xmlns:siri="http://www.siri.org.uk/siri" version="1.13:NO-NeTEx-networktimetable:1.3">
  <PublicationTimestamp>2022-05-26T00:05:35.012</PublicationTimestamp>
  <ParticipantRef>RB</ParticipantRef>
  <Description>Våk skole</Description>
  <dataObjects>
    <CompositeFrame created="2022-04-08T10:32:34.29" id="380525543" version="1">
      <validityConditions>
        <AvailabilityCondition id="672502660" version="1">
          <FromDate>2022-05-23T00:00:00</FromDate>
          <ToDate>2023-05-25T00:00:00</ToDate>
        </AvailabilityCondition>
      </validityConditions>
      <codespaces>
        <Codespace id="ost">
          <Xmlns>OST</Xmlns>
          <XmlnsUrl>http://www.rutebanken.org/ns/ost</XmlnsUrl>
        </Codespace>
        <Codespace id="nsr">
          <Xmlns>NSR</Xmlns>
          <XmlnsUrl>http://www.rutebanken.org/ns/nsr</XmlnsUrl>
        </Codespace>
      </codespaces>
      <FrameDefaults>
        <DefaultLocale>
          <TimeZone>Europe/Oslo</TimeZone>
          <DefaultLanguage>no</DefaultLanguage>
        </DefaultLocale>
      </FrameDefaults>
      <frames>
        <ServiceFrame id="441809172" version="1">
          <routes>
            <Route id="OST:Route:256_Outbound_211210121983022_211210121975025" version="271">
              <Name>1-1</Name>
              <ShortName>1-1</ShortName>
              <LineRef ref="OST:Line:1_256" version="271" />
              <DirectionType>inbound</DirectionType>
              <pointsInSequence>
                <PointOnRoute id="OST:PointOnRoute:7431981" order="7" version="271">
                  <RoutePointRef ref="OST:RoutePoint:1372525_2" />
                </PointOnRoute>
                <PointOnRoute id="OST:PointOnRoute:7431975" order="1" version="271">
                  <RoutePointRef ref="OST:RoutePoint:1371626_2" />
                </PointOnRoute>
                <PointOnRoute id="OST:PointOnRoute:7431985" order="11" version="271">
                  <RoutePointRef ref="OST:RoutePoint:1372551_1" />
                </PointOnRoute>
                <PointOnRoute id="OST:PointOnRoute:7431982" order="8" version="271">
                  <RoutePointRef ref="OST:RoutePoint:1372520_1" />
                </PointOnRoute>
                <PointOnRoute id="OST:PointOnRoute:7431980" order="6" version="271">
                  <RoutePointRef ref="OST:RoutePoint:1372530_1" />
                </PointOnRoute>
                <PointOnRoute id="OST:PointOnRoute:7431984" order="10" version="271">
                  <RoutePointRef ref="OST:RoutePoint:1372540_4" />
                </PointOnRoute>
                <PointOnRoute id="OST:PointOnRoute:7431978" order="4" version="271">
                  <RoutePointRef ref="OST:RoutePoint:1372550_2" />
                </PointOnRoute>
                <PointOnRoute id="OST:PointOnRoute:7431976" order="2" version="271">
                  <RoutePointRef ref="OST:RoutePoint:1371625_2" />
                </PointOnRoute>
                <PointOnRoute id="OST:PointOnRoute:7431979" order="5" version="271">
                  <RoutePointRef ref="OST:RoutePoint:1372535_1" />
                </PointOnRoute>
                <PointOnRoute id="OST:PointOnRoute:7431977" order="3" version="271">
                  <RoutePointRef ref="OST:RoutePoint:1372555_2" />
                </PointOnRoute>
                <PointOnRoute id="OST:PointOnRoute:7431983" order="9" version="271">
                  <RoutePointRef ref="OST:RoutePoint:1372545_2" />
                </PointOnRoute>
              </pointsInSequence>
            </Route>
            <Route id="OST:Route:256_Inbound_211210121983023_211210121975025" version="271">
              <Name>2-2</Name>
              <ShortName>2-2</ShortName>
              <LineRef ref="OST:Line:1_256" version="271" />
              <DirectionType>outbound</DirectionType>
              <pointsInSequence>
                <PointOnRoute id="OST:PointOnRoute:7431986" order="1" version="271">
                  <RoutePointRef ref="OST:RoutePoint:1372551_1" />
                </PointOnRoute>
                <PointOnRoute id="OST:PointOnRoute:7431988" order="3" version="271">
                  <RoutePointRef ref="OST:RoutePoint:1372530_1" />
                </PointOnRoute>
                <PointOnRoute id="OST:PointOnRoute:7431996" order="11" version="271">
                  <RoutePointRef ref="OST:RoutePoint:1371626_1" />
                </PointOnRoute>
                <PointOnRoute id="OST:PointOnRoute:7431987" order="2" version="271">
                  <RoutePointRef ref="OST:RoutePoint:1372535_1" />
                </PointOnRoute>
                <PointOnRoute id="OST:PointOnRoute:7431995" order="10" version="271">
                  <RoutePointRef ref="OST:RoutePoint:1371625_1" />
                </PointOnRoute>
                <PointOnRoute id="OST:PointOnRoute:7431989" order="4" version="271">
                  <RoutePointRef ref="OST:RoutePoint:1372525_2" />
                </PointOnRoute>
                <PointOnRoute id="OST:PointOnRoute:7431991" order="6" version="271">
                  <RoutePointRef ref="OST:RoutePoint:1372545_2" />
                </PointOnRoute>
                <PointOnRoute id="OST:PointOnRoute:7431993" order="8" version="271">
                  <RoutePointRef ref="OST:RoutePoint:1372550_1" />
                </PointOnRoute>
                <PointOnRoute id="OST:PointOnRoute:7431994" order="9" version="271">
                  <RoutePointRef ref="OST:RoutePoint:1372555_1" />
                </PointOnRoute>
                <PointOnRoute id="OST:PointOnRoute:7431990" order="5" version="271">
                  <RoutePointRef ref="OST:RoutePoint:1372520_1" />
                </PointOnRoute>
                <PointOnRoute id="OST:PointOnRoute:7431992" order="7" version="271">
                  <RoutePointRef ref="OST:RoutePoint:1372540_4" />
                </PointOnRoute>
              </pointsInSequence>
            </Route>
            <Route id="OST:Route:256_Inbound_211210121983024_211210121975025" version="271">
              <Name>2-3</Name>
              <ShortName>2-3</ShortName>
              <LineRef ref="OST:Line:1_256" version="271" />
              <DirectionType>outbound</DirectionType>
              <pointsInSequence>
                <PointOnRoute id="OST:PointOnRoute:7432008" order="12" version="271">
                  <RoutePointRef ref="OST:RoutePoint:1372461_1" />
                </PointOnRoute>
                <PointOnRoute id="OST:PointOnRoute:7432005" order="9" version="271">
                  <RoutePointRef ref="OST:RoutePoint:1372480_2" />
                </PointOnRoute>
                <PointOnRoute id="OST:PointOnRoute:7432010" order="14" version="271">
                  <RoutePointRef ref="OST:RoutePoint:1372440_1" />
                </PointOnRoute>
                <PointOnRoute id="OST:PointOnRoute:7432009" order="13" version="271">
                  <RoutePointRef ref="OST:RoutePoint:1372460_2" />
                </PointOnRoute>
                <PointOnRoute id="OST:PointOnRoute:7432013" order="17" version="271">
                  <RoutePointRef ref="OST:RoutePoint:1372450_1" />
                </PointOnRoute>
                <PointOnRoute id="OST:PointOnRoute:7432011" order="15" version="271">
                  <RoutePointRef ref="OST:RoutePoint:1372445_1" />
                </PointOnRoute>
                <PointOnRoute id="OST:PointOnRoute:7431999" order="3" version="271">
                  <RoutePointRef ref="OST:RoutePoint:1372530_1" />
                </PointOnRoute>
                <PointOnRoute id="OST:PointOnRoute:7432015" order="19" version="271">
                  <RoutePointRef ref="OST:RoutePoint:1372405_1" />
                </PointOnRoute>
                <PointOnRoute id="OST:PointOnRoute:7432014" order="18" version="271">
                  <RoutePointRef ref="OST:RoutePoint:1372455_1" />
                </PointOnRoute>
                <PointOnRoute id="OST:PointOnRoute:7432002" order="6" version="271">
                  <RoutePointRef ref="OST:RoutePoint:1372515_1" />
                </PointOnRoute>
                <PointOnRoute id="OST:PointOnRoute:7431997" order="1" version="271">
                  <RoutePointRef ref="OST:RoutePoint:1372551_1" />
                </PointOnRoute>
                <PointOnRoute id="OST:PointOnRoute:7432012" order="16" version="271">
                  <RoutePointRef ref="OST:RoutePoint:1372451_1" />
                </PointOnRoute>
                <PointOnRoute id="OST:PointOnRoute:7432006" order="10" version="271">
                  <RoutePointRef ref="OST:RoutePoint:1372475_2" />
                </PointOnRoute>
                <PointOnRoute id="OST:PointOnRoute:7432003" order="7" version="271">
                  <RoutePointRef ref="OST:RoutePoint:1372505_1" />
                </PointOnRoute>
                <PointOnRoute id="OST:PointOnRoute:7432000" order="4" version="271">
                  <RoutePointRef ref="OST:RoutePoint:1372525_2" />
                </PointOnRoute>
                <PointOnRoute id="OST:PointOnRoute:7432016" order="20" version="271">
                  <RoutePointRef ref="OST:RoutePoint:1372400_1" />
                </PointOnRoute>
                <PointOnRoute id="OST:PointOnRoute:7431998" order="2" version="271">
                  <RoutePointRef ref="OST:RoutePoint:1372535_1" />
                </PointOnRoute>
                <PointOnRoute id="OST:PointOnRoute:7432007" order="11" version="271">
                  <RoutePointRef ref="OST:RoutePoint:1372470_2" />
                </PointOnRoute>
                <PointOnRoute id="OST:PointOnRoute:7432004" order="8" version="271">
                  <RoutePointRef ref="OST:RoutePoint:1372500_2" />
                </PointOnRoute>
                <PointOnRoute id="OST:PointOnRoute:7432001" order="5" version="271">
                  <RoutePointRef ref="OST:RoutePoint:1372520_1" />
                </PointOnRoute>
              </pointsInSequence>
            </Route>
          </routes>
          <lines>
            <Line id="OST:Line:1_256" version="271">
              <Name>Våk skole</Name>
              <TransportMode>bus</TransportMode>
              <TransportSubmode>
                <BusSubmode>localBus</BusSubmode>
              </TransportSubmode>
              <PublicCode>256</PublicCode>
              <PrivateCode>256</PrivateCode>
              <OperatorRef ref="OST:Operator:152" />
              <RepresentedByGroupRef ref="OST:GroupOfLines:bus_1" />
            </Line>
          </lines>
          <journeyPatterns>
            <JourneyPattern id="OST:JourneyPattern:256_Outbound_211210121983022_211210121975025" version="271">
              <Name>1-1</Name>
              <RouteRef ref="OST:Route:256_Outbound_211210121983022_211210121975025" version="271" />
              <pointsInSequence>
                <StopPointInJourneyPattern order="4" id="OST:StopPointInJourneyPattern:256_Outbound_211210121983022_4_211210121975025" version="271">
                  <ScheduledStopPointRef ref="OST:ScheduledStopPoint:1372550_2" />
                </StopPointInJourneyPattern>
                <StopPointInJourneyPattern order="6" id="OST:StopPointInJourneyPattern:256_Outbound_211210121983022_6_211210121975025" version="271">
                  <ScheduledStopPointRef ref="OST:ScheduledStopPoint:1372530_1" />
                </StopPointInJourneyPattern>
                <StopPointInJourneyPattern order="8" id="OST:StopPointInJourneyPattern:256_Outbound_211210121983022_8_211210121975025" version="271">
                  <ScheduledStopPointRef ref="OST:ScheduledStopPoint:1372520_1" />
                </StopPointInJourneyPattern>
                <StopPointInJourneyPattern order="10" id="OST:StopPointInJourneyPattern:256_Outbound_211210121983022_10_211210121975025" version="271">
                  <ScheduledStopPointRef ref="OST:ScheduledStopPoint:1372540_4" />
                </StopPointInJourneyPattern>
                <StopPointInJourneyPattern order="7" id="OST:StopPointInJourneyPattern:256_Outbound_211210121983022_7_211210121975025" version="271">
                  <ScheduledStopPointRef ref="OST:ScheduledStopPoint:1372525_2" />
                </StopPointInJourneyPattern>
                <StopPointInJourneyPattern order="9" id="OST:StopPointInJourneyPattern:256_Outbound_211210121983022_9_211210121975025" version="271">
                  <ScheduledStopPointRef ref="OST:ScheduledStopPoint:1372545_2" />
                </StopPointInJourneyPattern>
                <StopPointInJourneyPattern order="1" id="OST:StopPointInJourneyPattern:256_Outbound_211210121983022_1_211210121975025" version="271">
                  <ForAlighting>false</ForAlighting>
                  <DestinationDisplayRef ref="OST:DestinationDisplay:572" />
                  <ScheduledStopPointRef ref="OST:ScheduledStopPoint:1371626_2" />
                </StopPointInJourneyPattern>
                <StopPointInJourneyPattern order="11" id="OST:StopPointInJourneyPattern:256_Outbound_211210121983022_11_211210121975025" version="271">
                  <ForBoarding>false</ForBoarding>
                  <ScheduledStopPointRef ref="OST:ScheduledStopPoint:1372551_1" />
                </StopPointInJourneyPattern>
                <StopPointInJourneyPattern order="3" id="OST:StopPointInJourneyPattern:256_Outbound_211210121983022_3_211210121975025" version="271">
                  <ScheduledStopPointRef ref="OST:ScheduledStopPoint:1372555_2" />
                </StopPointInJourneyPattern>
                <StopPointInJourneyPattern order="5" id="OST:StopPointInJourneyPattern:256_Outbound_211210121983022_5_211210121975025" version="271">
                  <ScheduledStopPointRef ref="OST:ScheduledStopPoint:1372535_1" />
                </StopPointInJourneyPattern>
                <StopPointInJourneyPattern order="2" id="OST:StopPointInJourneyPattern:256_Outbound_211210121983022_2_211210121975025" version="271">
                  <ScheduledStopPointRef ref="OST:ScheduledStopPoint:1371625_2" />
                </StopPointInJourneyPattern>
              </pointsInSequence>
              <linksInSequence>
                <ServiceLinkInJourneyPattern order="10" id="OST:ServiceLinkInJourneyPattern:7432031" version="271">
                  <ServiceLinkRef ref="OST:ServiceLink:200811072691761_4_200811072691774_1_2127" />
                </ServiceLinkInJourneyPattern>
                <ServiceLinkInJourneyPattern order="4" id="OST:ServiceLinkInJourneyPattern:7432023" version="271">
                  <ServiceLinkRef ref="OST:ServiceLink:200811072691771_2_200811072691754_1_3688" />
                </ServiceLinkInJourneyPattern>
                <ServiceLinkInJourneyPattern order="3" id="OST:ServiceLinkInJourneyPattern:7432021" version="271">
                  <ServiceLinkRef ref="OST:ServiceLink:200811072691779_2_200811072691771_2_475" />
                </ServiceLinkInJourneyPattern>
                <ServiceLinkInJourneyPattern order="7" id="OST:ServiceLinkInJourneyPattern:7432027" version="271">
                  <ServiceLinkRef ref="OST:ServiceLink:200811072691743_2_200811072691738_1_808" />
                </ServiceLinkInJourneyPattern>
                <ServiceLinkInJourneyPattern order="2" id="OST:ServiceLinkInJourneyPattern:7432019" version="271">
                  <ServiceLinkRef ref="OST:ServiceLink:200811072691536_2_200811072691779_2_2183" />
                </ServiceLinkInJourneyPattern>
                <ServiceLinkInJourneyPattern order="1" id="OST:ServiceLinkInJourneyPattern:7432017" version="271">
                  <ServiceLinkRef ref="OST:ServiceLink:200811072691543_2_200811072691536_2_573" />
                </ServiceLinkInJourneyPattern>
                <ServiceLinkInJourneyPattern order="5" id="OST:ServiceLinkInJourneyPattern:7432025" version="271">
                  <ServiceLinkRef ref="OST:ServiceLink:200811072691754_1_200811072691749_1_661" />
                </ServiceLinkInJourneyPattern>
                <ServiceLinkInJourneyPattern order="9" id="OST:ServiceLinkInJourneyPattern:7432030" version="271">
                  <ServiceLinkRef ref="OST:ServiceLink:200811072691766_2_200811072691761_4_1235" />
                </ServiceLinkInJourneyPattern>
                <ServiceLinkInJourneyPattern order="8" id="OST:ServiceLinkInJourneyPattern:7432028" version="271">
                  <ServiceLinkRef ref="OST:ServiceLink:200811072691738_1_200811072691766_2_2833" />
                </ServiceLinkInJourneyPattern>
                <ServiceLinkInJourneyPattern order="6" id="OST:ServiceLinkInJourneyPattern:7432026" version="271">
                  <ServiceLinkRef ref="OST:ServiceLink:200811072691749_1_200811072691743_2_1463" />
                </ServiceLinkInJourneyPattern>
              </linksInSequence>
            </JourneyPattern>
            <JourneyPattern id="OST:JourneyPattern:256_Inbound_211210121983023_211210121975025" version="271">
              <Name>2-2</Name>
              <RouteRef ref="OST:Route:256_Inbound_211210121983023_211210121975025" version="271" />
              <pointsInSequence>
                <StopPointInJourneyPattern order="11" id="OST:StopPointInJourneyPattern:256_Inbound_211210121983023_11_211210121975025" version="271">
                  <ForBoarding>false</ForBoarding>
                  <ScheduledStopPointRef ref="OST:ScheduledStopPoint:1371626_1" />
                </StopPointInJourneyPattern>
                <StopPointInJourneyPattern order="9" id="OST:StopPointInJourneyPattern:256_Inbound_211210121983023_9_211210121975025" version="271">
                  <ScheduledStopPointRef ref="OST:ScheduledStopPoint:1372555_1" />
                </StopPointInJourneyPattern>
                <StopPointInJourneyPattern order="3" id="OST:StopPointInJourneyPattern:256_Inbound_211210121983023_3_211210121975025" version="271">
                  <ScheduledStopPointRef ref="OST:ScheduledStopPoint:1372530_1" />
                </StopPointInJourneyPattern>
                <StopPointInJourneyPattern order="5" id="OST:StopPointInJourneyPattern:256_Inbound_211210121983023_5_211210121975025" version="271">
                  <ScheduledStopPointRef ref="OST:ScheduledStopPoint:1372520_1" />
                </StopPointInJourneyPattern>
                <StopPointInJourneyPattern order="10" id="OST:StopPointInJourneyPattern:256_Inbound_211210121983023_10_211210121975025" version="271">
                  <ScheduledStopPointRef ref="OST:ScheduledStopPoint:1371625_1" />
                </StopPointInJourneyPattern>
                <StopPointInJourneyPattern order="2" id="OST:StopPointInJourneyPattern:256_Inbound_211210121983023_2_211210121975025" version="271">
                  <ScheduledStopPointRef ref="OST:ScheduledStopPoint:1372535_1" />
                </StopPointInJourneyPattern>
                <StopPointInJourneyPattern order="1" id="OST:StopPointInJourneyPattern:256_Inbound_211210121983023_1_211210121975025" version="271">
                  <ForAlighting>false</ForAlighting>
                  <DestinationDisplayRef ref="OST:DestinationDisplay:25" />
                  <ScheduledStopPointRef ref="OST:ScheduledStopPoint:1372551_1" />
                </StopPointInJourneyPattern>
                <StopPointInJourneyPattern order="4" id="OST:StopPointInJourneyPattern:256_Inbound_211210121983023_4_211210121975025" version="271">
                  <ScheduledStopPointRef ref="OST:ScheduledStopPoint:1372525_2" />
                </StopPointInJourneyPattern>
                <StopPointInJourneyPattern order="8" id="OST:StopPointInJourneyPattern:256_Inbound_211210121983023_8_211210121975025" version="271">
                  <ScheduledStopPointRef ref="OST:ScheduledStopPoint:1372550_1" />
                </StopPointInJourneyPattern>
                <StopPointInJourneyPattern order="7" id="OST:StopPointInJourneyPattern:256_Inbound_211210121983023_7_211210121975025" version="271">
                  <ScheduledStopPointRef ref="OST:ScheduledStopPoint:1372540_4" />
                </StopPointInJourneyPattern>
                <StopPointInJourneyPattern order="6" id="OST:StopPointInJourneyPattern:256_Inbound_211210121983023_6_211210121975025" version="271">
                  <ScheduledStopPointRef ref="OST:ScheduledStopPoint:1372545_2" />
                </StopPointInJourneyPattern>
              </pointsInSequence>
              <linksInSequence>
                <ServiceLinkInJourneyPattern order="6" id="OST:ServiceLinkInJourneyPattern:7432039" version="271">
                  <ServiceLinkRef ref="OST:ServiceLink:200811072691766_2_200811072691761_4_1235" />
                </ServiceLinkInJourneyPattern>
                <ServiceLinkInJourneyPattern order="10" id="OST:ServiceLinkInJourneyPattern:7432045" version="271">
                  <ServiceLinkRef ref="OST:ServiceLink:200811072691538_1_200811072691541_1_486" />
                </ServiceLinkInJourneyPattern>
                <ServiceLinkInJourneyPattern order="5" id="OST:ServiceLinkInJourneyPattern:7432038" version="271">
                  <ServiceLinkRef ref="OST:ServiceLink:200811072691738_1_200811072691766_2_2833" />
                </ServiceLinkInJourneyPattern>
                <ServiceLinkInJourneyPattern order="4" id="OST:ServiceLinkInJourneyPattern:7432037" version="271">
                  <ServiceLinkRef ref="OST:ServiceLink:200811072691743_2_200811072691738_1_808" />
                </ServiceLinkInJourneyPattern>
                <ServiceLinkInJourneyPattern order="1" id="OST:ServiceLinkInJourneyPattern:7432033" version="271">
                  <ServiceLinkRef ref="OST:ServiceLink:200811072691774_1_200811072691754_1_4323" />
                </ServiceLinkInJourneyPattern>
                <ServiceLinkInJourneyPattern order="9" id="OST:ServiceLinkInJourneyPattern:7432043" version="271">
                  <ServiceLinkRef ref="OST:ServiceLink:200811072691777_1_200811072691538_1_2259" />
                </ServiceLinkInJourneyPattern>
                <ServiceLinkInJourneyPattern order="3" id="OST:ServiceLinkInJourneyPattern:7432036" version="271">
                  <ServiceLinkRef ref="OST:ServiceLink:200811072691749_1_200811072691743_2_1463" />
                </ServiceLinkInJourneyPattern>
                <ServiceLinkInJourneyPattern order="2" id="OST:ServiceLinkInJourneyPattern:7432035" version="271">
                  <ServiceLinkRef ref="OST:ServiceLink:200811072691754_1_200811072691749_1_661" />
                </ServiceLinkInJourneyPattern>
                <ServiceLinkInJourneyPattern order="8" id="OST:ServiceLinkInJourneyPattern:7432041" version="271">
                  <ServiceLinkRef ref="OST:ServiceLink:200811072691769_1_200811072691777_1_407" />
                </ServiceLinkInJourneyPattern>
                <ServiceLinkInJourneyPattern order="7" id="OST:ServiceLinkInJourneyPattern:7432040" version="271">
                  <ServiceLinkRef ref="OST:ServiceLink:200811072691761_4_200811072691769_1_1568" />
                </ServiceLinkInJourneyPattern>
              </linksInSequence>
            </JourneyPattern>
            <JourneyPattern id="OST:JourneyPattern:256_Inbound_211210121983024_211210121975025" version="271">
              <Name>2-3</Name>
              <RouteRef ref="OST:Route:256_Inbound_211210121983024_211210121975025" version="271" />
              <pointsInSequence>
                <StopPointInJourneyPattern order="6" id="OST:StopPointInJourneyPattern:256_Inbound_211210121983024_6_211210121975025" version="271">
                  <ScheduledStopPointRef ref="OST:ScheduledStopPoint:1372515_1" />
                </StopPointInJourneyPattern>
                <StopPointInJourneyPattern order="9" id="OST:StopPointInJourneyPattern:256_Inbound_211210121983024_9_211210121975025" version="271">
                  <ScheduledStopPointRef ref="OST:ScheduledStopPoint:1372480_2" />
                </StopPointInJourneyPattern>
                <StopPointInJourneyPattern order="17" id="OST:StopPointInJourneyPattern:256_Inbound_211210121983024_17_211210121975025" version="271">
                  <ScheduledStopPointRef ref="OST:ScheduledStopPoint:1372450_1" />
                </StopPointInJourneyPattern>
                <StopPointInJourneyPattern order="16" id="OST:StopPointInJourneyPattern:256_Inbound_211210121983024_16_211210121975025" version="271">
                  <ScheduledStopPointRef ref="OST:ScheduledStopPoint:1372451_1" />
                </StopPointInJourneyPattern>
                <StopPointInJourneyPattern order="7" id="OST:StopPointInJourneyPattern:256_Inbound_211210121983024_7_211210121975025" version="271">
                  <ScheduledStopPointRef ref="OST:ScheduledStopPoint:1372505_1" />
                </StopPointInJourneyPattern>
                <StopPointInJourneyPattern order="13" id="OST:StopPointInJourneyPattern:256_Inbound_211210121983024_13_211210121975025" version="271">
                  <ScheduledStopPointRef ref="OST:ScheduledStopPoint:1372460_2" />
                </StopPointInJourneyPattern>
                <StopPointInJourneyPattern order="1" id="OST:StopPointInJourneyPattern:256_Inbound_211210121983024_1_211210121975025" version="271">
                  <ForAlighting>false</ForAlighting>
                  <DestinationDisplayRef ref="OST:DestinationDisplay:495" />
                  <ScheduledStopPointRef ref="OST:ScheduledStopPoint:1372551_1" />
                </StopPointInJourneyPattern>
                <StopPointInJourneyPattern order="4" id="OST:StopPointInJourneyPattern:256_Inbound_211210121983024_4_211210121975025" version="271">
                  <ScheduledStopPointRef ref="OST:ScheduledStopPoint:1372525_2" />
                </StopPointInJourneyPattern>
                <StopPointInJourneyPattern order="8" id="OST:StopPointInJourneyPattern:256_Inbound_211210121983024_8_211210121975025" version="271">
                  <ScheduledStopPointRef ref="OST:ScheduledStopPoint:1372500_2" />
                </StopPointInJourneyPattern>
                <StopPointInJourneyPattern order="19" id="OST:StopPointInJourneyPattern:256_Inbound_211210121983024_19_211210121975025" version="271">
                  <ScheduledStopPointRef ref="OST:ScheduledStopPoint:1372405_1" />
                </StopPointInJourneyPattern>
                <StopPointInJourneyPattern order="14" id="OST:StopPointInJourneyPattern:256_Inbound_211210121983024_14_211210121975025" version="271">
                  <ScheduledStopPointRef ref="OST:ScheduledStopPoint:1372440_1" />
                </StopPointInJourneyPattern>
                <StopPointInJourneyPattern order="10" id="OST:StopPointInJourneyPattern:256_Inbound_211210121983024_10_211210121975025" version="271">
                  <ScheduledStopPointRef ref="OST:ScheduledStopPoint:1372475_2" />
                </StopPointInJourneyPattern>
                <StopPointInJourneyPattern order="12" id="OST:StopPointInJourneyPattern:256_Inbound_211210121983024_12_211210121975025" version="271">
                  <ScheduledStopPointRef ref="OST:ScheduledStopPoint:1372461_1" />
                </StopPointInJourneyPattern>
                <StopPointInJourneyPattern order="18" id="OST:StopPointInJourneyPattern:256_Inbound_211210121983024_18_211210121975025" version="271">
                  <ScheduledStopPointRef ref="OST:ScheduledStopPoint:1372455_1" />
                </StopPointInJourneyPattern>
                <StopPointInJourneyPattern order="15" id="OST:StopPointInJourneyPattern:256_Inbound_211210121983024_15_211210121975025" version="271">
                  <ScheduledStopPointRef ref="OST:ScheduledStopPoint:1372445_1" />
                </StopPointInJourneyPattern>
                <StopPointInJourneyPattern order="2" id="OST:StopPointInJourneyPattern:256_Inbound_211210121983024_2_211210121975025" version="271">
                  <ScheduledStopPointRef ref="OST:ScheduledStopPoint:1372535_1" />
                </StopPointInJourneyPattern>
                <StopPointInJourneyPattern order="5" id="OST:StopPointInJourneyPattern:256_Inbound_211210121983024_5_211210121975025" version="271">
                  <ScheduledStopPointRef ref="OST:ScheduledStopPoint:1372520_1" />
                </StopPointInJourneyPattern>
                <StopPointInJourneyPattern order="11" id="OST:StopPointInJourneyPattern:256_Inbound_211210121983024_11_211210121975025" version="271">
                  <ScheduledStopPointRef ref="OST:ScheduledStopPoint:1372470_2" />
                </StopPointInJourneyPattern>
                <StopPointInJourneyPattern order="3" id="OST:StopPointInJourneyPattern:256_Inbound_211210121983024_3_211210121975025" version="271">
                  <ScheduledStopPointRef ref="OST:ScheduledStopPoint:1372530_1" />
                </StopPointInJourneyPattern>
                <StopPointInJourneyPattern order="20" id="OST:StopPointInJourneyPattern:256_Inbound_211210121983024_20_211210121975025" version="271">
                  <ForBoarding>false</ForBoarding>
                  <ScheduledStopPointRef ref="OST:ScheduledStopPoint:1372400_1" />
                </StopPointInJourneyPattern>
              </pointsInSequence>
              <linksInSequence>
                <ServiceLinkInJourneyPattern order="15" id="OST:ServiceLinkInJourneyPattern:7432060" version="271">
                  <ServiceLinkRef ref="OST:ServiceLink:200811072691664_1_200811072691674_1_584" />
                </ServiceLinkInJourneyPattern>
                <ServiceLinkInJourneyPattern order="7" id="OST:ServiceLinkInJourneyPattern:7432052" version="271">
                  <ServiceLinkRef ref="OST:ServiceLink:200811072691728_1_200811072691725_2_724" />
                </ServiceLinkInJourneyPattern>
                <ServiceLinkInJourneyPattern order="18" id="OST:ServiceLinkInJourneyPattern:7432063" version="271">
                  <ServiceLinkRef ref="OST:ServiceLink:200811072691677_1_200811072691632_1_1327" />
                </ServiceLinkInJourneyPattern>
                <ServiceLinkInJourneyPattern order="8" id="OST:ServiceLinkInJourneyPattern:7432053" version="271">
                  <ServiceLinkRef ref="OST:ServiceLink:200811072691725_2_200811072691702_2_717" />
                </ServiceLinkInJourneyPattern>
                <ServiceLinkInJourneyPattern order="19" id="OST:ServiceLinkInJourneyPattern:7432064" version="271">
                  <ServiceLinkRef ref="OST:ServiceLink:200811072691632_1_200811072691622_1_733" />
                </ServiceLinkInJourneyPattern>
                <ServiceLinkInJourneyPattern order="13" id="OST:ServiceLinkInJourneyPattern:7432058" version="271">
                  <ServiceLinkRef ref="OST:ServiceLink:200811072691684_2_200811072691661_1_1577" />
                </ServiceLinkInJourneyPattern>
                <ServiceLinkInJourneyPattern order="1" id="OST:ServiceLinkInJourneyPattern:7432046" version="271">
                  <ServiceLinkRef ref="OST:ServiceLink:200811072691774_1_200811072691754_1_4323" />
                </ServiceLinkInJourneyPattern>
                <ServiceLinkInJourneyPattern order="4" id="OST:ServiceLinkInJourneyPattern:7432049" version="271">
                  <ServiceLinkRef ref="OST:ServiceLink:200811072691743_2_200811072691738_1_808" />
                </ServiceLinkInJourneyPattern>
                <ServiceLinkInJourneyPattern order="6" id="OST:ServiceLinkInJourneyPattern:7432051" version="271">
                  <ServiceLinkRef ref="OST:ServiceLink:200811072691733_1_200811072691728_1_604" />
                </ServiceLinkInJourneyPattern>
                <ServiceLinkInJourneyPattern order="11" id="OST:ServiceLinkInJourneyPattern:7432056" version="271">
                  <ServiceLinkRef ref="OST:ServiceLink:200811072691692_2_200811072691687_1_1633" />
                </ServiceLinkInJourneyPattern>
                <ServiceLinkInJourneyPattern order="12" id="OST:ServiceLinkInJourneyPattern:7432057" version="271">
                  <ServiceLinkRef ref="OST:ServiceLink:200811072691687_1_200811072691684_2_269" />
                </ServiceLinkInJourneyPattern>
                <ServiceLinkInJourneyPattern order="2" id="OST:ServiceLinkInJourneyPattern:7432047" version="271">
                  <ServiceLinkRef ref="OST:ServiceLink:200811072691754_1_200811072691749_1_661" />
                </ServiceLinkInJourneyPattern>
                <ServiceLinkInJourneyPattern order="3" id="OST:ServiceLinkInJourneyPattern:7432048" version="271">
                  <ServiceLinkRef ref="OST:ServiceLink:200811072691749_1_200811072691743_2_1463" />
                </ServiceLinkInJourneyPattern>
                <ServiceLinkInJourneyPattern order="5" id="OST:ServiceLinkInJourneyPattern:7432050" version="271">
                  <ServiceLinkRef ref="OST:ServiceLink:200811072691738_1_200811072691733_1_2032" />
                </ServiceLinkInJourneyPattern>
                <ServiceLinkInJourneyPattern order="16" id="OST:ServiceLinkInJourneyPattern:7432061" version="271">
                  <ServiceLinkRef ref="OST:ServiceLink:200811072691674_1_200811072691669_1_1235" />
                </ServiceLinkInJourneyPattern>
                <ServiceLinkInJourneyPattern order="17" id="OST:ServiceLinkInJourneyPattern:7432062" version="271">
                  <ServiceLinkRef ref="OST:ServiceLink:200811072691669_1_200811072691677_1_1659" />
                </ServiceLinkInJourneyPattern>
                <ServiceLinkInJourneyPattern order="9" id="OST:ServiceLinkInJourneyPattern:7432054" version="271">
                  <ServiceLinkRef ref="OST:ServiceLink:200811072691702_2_200811072691697_2_894" />
                </ServiceLinkInJourneyPattern>
                <ServiceLinkInJourneyPattern order="10" id="OST:ServiceLinkInJourneyPattern:7432055" version="271">
                  <ServiceLinkRef ref="OST:ServiceLink:200811072691697_2_200811072691692_2_1346" />
                </ServiceLinkInJourneyPattern>
                <ServiceLinkInJourneyPattern order="14" id="OST:ServiceLinkInJourneyPattern:7432059" version="271">
                  <ServiceLinkRef ref="OST:ServiceLink:200811072691661_1_200811072691664_1_797" />
                </ServiceLinkInJourneyPattern>
              </linksInSequence>
            </JourneyPattern>
          </journeyPatterns>
        </ServiceFrame>
        <TimetableFrame id="1894761411" version="1">
          <vehicleJourneys>
            <ServiceJourney id="OST:ServiceJourney:256_211210122071909_1" publication="public" version="271">
              <Name>Våk skole</Name>
              <PrivateCode>1</PrivateCode>
              <dayTypes>
                <DayTypeRef ref="OST:DayType:121" />
              </dayTypes>
              <JourneyPatternRef ref="OST:JourneyPattern:256_Outbound_211210121983022_211210121975025" version="271" />
              <LineRef ref="OST:Line:1_256" version="271" />
              <OperatorRef ref="OST:Operator:152" />
              <passingTimes>
                <TimetabledPassingTime id="OST:TimetabledPassingTime:211210122071909_1_07_55_00" version="271">
                  <DepartureTime>07:55:00</DepartureTime>
                  <StopPointInJourneyPatternRef ref="OST:StopPointInJourneyPattern:256_Outbound_211210121983022_1_211210121975025" version="271" />
                </TimetabledPassingTime>
                <TimetabledPassingTime id="OST:TimetabledPassingTime:211210122071909_2_07_56_00" version="271">
                  <DepartureTime>07:56:00</DepartureTime>
                  <StopPointInJourneyPatternRef ref="OST:StopPointInJourneyPattern:256_Outbound_211210121983022_2_211210121975025" version="271" />
                </TimetabledPassingTime>
                <TimetabledPassingTime id="OST:TimetabledPassingTime:211210122071909_3_08_02_00" version="271">
                  <DepartureTime>08:02:00</DepartureTime>
                  <StopPointInJourneyPatternRef ref="OST:StopPointInJourneyPattern:256_Outbound_211210121983022_3_211210121975025" version="271" />
                </TimetabledPassingTime>
                <TimetabledPassingTime id="OST:TimetabledPassingTime:211210122071909_4_08_02_00" version="271">
                  <DepartureTime>08:02:00</DepartureTime>
                  <StopPointInJourneyPatternRef ref="OST:StopPointInJourneyPattern:256_Outbound_211210121983022_4_211210121975025" version="271" />
                </TimetabledPassingTime>
                <TimetabledPassingTime id="OST:TimetabledPassingTime:211210122071909_5_08_08_00" version="271">
                  <DepartureTime>08:08:00</DepartureTime>
                  <StopPointInJourneyPatternRef ref="OST:StopPointInJourneyPattern:256_Outbound_211210121983022_5_211210121975025" version="271" />
                </TimetabledPassingTime>
                <TimetabledPassingTime id="OST:TimetabledPassingTime:211210122071909_6_08_10_00" version="271">
                  <DepartureTime>08:10:00</DepartureTime>
                  <StopPointInJourneyPatternRef ref="OST:StopPointInJourneyPattern:256_Outbound_211210121983022_6_211210121975025" version="271" />
                </TimetabledPassingTime>
                <TimetabledPassingTime id="OST:TimetabledPassingTime:211210122071909_7_08_12_00" version="271">
                  <DepartureTime>08:12:00</DepartureTime>
                  <StopPointInJourneyPatternRef ref="OST:StopPointInJourneyPattern:256_Outbound_211210121983022_7_211210121975025" version="271" />
                </TimetabledPassingTime>
                <TimetabledPassingTime id="OST:TimetabledPassingTime:211210122071909_8_08_14_00" version="271">
                  <DepartureTime>08:14:00</DepartureTime>
                  <StopPointInJourneyPatternRef ref="OST:StopPointInJourneyPattern:256_Outbound_211210121983022_8_211210121975025" version="271" />
                </TimetabledPassingTime>
                <TimetabledPassingTime id="OST:TimetabledPassingTime:211210122071909_9_08_19_00" version="271">
                  <DepartureTime>08:19:00</DepartureTime>
                  <StopPointInJourneyPatternRef ref="OST:StopPointInJourneyPattern:256_Outbound_211210121983022_9_211210121975025" version="271" />
                </TimetabledPassingTime>
                <TimetabledPassingTime id="OST:TimetabledPassingTime:211210122071909_10_08_21_00" version="271">
                  <DepartureTime>08:21:00</DepartureTime>
                  <StopPointInJourneyPatternRef ref="OST:StopPointInJourneyPattern:256_Outbound_211210121983022_10_211210121975025" version="271" />
                </TimetabledPassingTime>
                <TimetabledPassingTime id="OST:TimetabledPassingTime:211210122071909_11_08_25_00" version="271">
                  <ArrivalTime>08:25:00</ArrivalTime>
                  <StopPointInJourneyPatternRef ref="OST:StopPointInJourneyPattern:256_Outbound_211210121983022_11_211210121975025" version="271" />
                </TimetabledPassingTime>
              </passingTimes>
            </ServiceJourney>
            <ServiceJourney id="OST:ServiceJourney:256_211210122071910_2" publication="public" version="271">
              <Name>Augerød</Name>
              <PrivateCode>2</PrivateCode>
              <dayTypes>
                <DayTypeRef ref="OST:DayType:76" />
              </dayTypes>
              <JourneyPatternRef ref="OST:JourneyPattern:256_Inbound_211210121983023_211210121975025" version="271" />
              <LineRef ref="OST:Line:1_256" version="271" />
              <OperatorRef ref="OST:Operator:152" />
              <passingTimes>
                <TimetabledPassingTime id="OST:TimetabledPassingTime:211210122071910_1_12_30_00" version="271">
                  <DepartureTime>12:30:00</DepartureTime>
                  <StopPointInJourneyPatternRef ref="OST:StopPointInJourneyPattern:256_Inbound_211210121983023_1_211210121975025" version="271" />
                </TimetabledPassingTime>
                <TimetabledPassingTime id="OST:TimetabledPassingTime:211210122071910_2_12_36_00" version="271">
                  <DepartureTime>12:36:00</DepartureTime>
                  <StopPointInJourneyPatternRef ref="OST:StopPointInJourneyPattern:256_Inbound_211210121983023_2_211210121975025" version="271" />
                </TimetabledPassingTime>
                <TimetabledPassingTime id="OST:TimetabledPassingTime:211210122071910_3_12_37_00" version="271">
                  <DepartureTime>12:37:00</DepartureTime>
                  <StopPointInJourneyPatternRef ref="OST:StopPointInJourneyPattern:256_Inbound_211210121983023_3_211210121975025" version="271" />
                </TimetabledPassingTime>
                <TimetabledPassingTime id="OST:TimetabledPassingTime:211210122071910_4_12_38_00" version="271">
                  <DepartureTime>12:38:00</DepartureTime>
                  <StopPointInJourneyPatternRef ref="OST:StopPointInJourneyPattern:256_Inbound_211210121983023_4_211210121975025" version="271" />
                </TimetabledPassingTime>
                <TimetabledPassingTime id="OST:TimetabledPassingTime:211210122071910_5_12_39_00" version="271">
                  <DepartureTime>12:39:00</DepartureTime>
                  <StopPointInJourneyPatternRef ref="OST:StopPointInJourneyPattern:256_Inbound_211210121983023_5_211210121975025" version="271" />
                </TimetabledPassingTime>
                <TimetabledPassingTime id="OST:TimetabledPassingTime:211210122071910_6_12_42_00" version="271">
                  <DepartureTime>12:42:00</DepartureTime>
                  <StopPointInJourneyPatternRef ref="OST:StopPointInJourneyPattern:256_Inbound_211210121983023_6_211210121975025" version="271" />
                </TimetabledPassingTime>
                <TimetabledPassingTime id="OST:TimetabledPassingTime:211210122071910_7_12_43_00" version="271">
                  <DepartureTime>12:43:00</DepartureTime>
                  <StopPointInJourneyPatternRef ref="OST:StopPointInJourneyPattern:256_Inbound_211210121983023_7_211210121975025" version="271" />
                </TimetabledPassingTime>
                <TimetabledPassingTime id="OST:TimetabledPassingTime:211210122071910_9_12_45_00" version="271">
                  <DepartureTime>12:45:00</DepartureTime>
                  <StopPointInJourneyPatternRef ref="OST:StopPointInJourneyPattern:256_Inbound_211210121983023_9_211210121975025" version="271" />
                </TimetabledPassingTime>
                <TimetabledPassingTime id="OST:TimetabledPassingTime:211210122071910_8_12_45_00" version="271">
                  <DepartureTime>12:45:00</DepartureTime>
                  <StopPointInJourneyPatternRef ref="OST:StopPointInJourneyPattern:256_Inbound_211210121983023_8_211210121975025" version="271" />
                </TimetabledPassingTime>
                <TimetabledPassingTime id="OST:TimetabledPassingTime:211210122071910_10_12_48_00" version="271">
                  <DepartureTime>12:48:00</DepartureTime>
                  <StopPointInJourneyPatternRef ref="OST:StopPointInJourneyPattern:256_Inbound_211210121983023_10_211210121975025" version="271" />
                </TimetabledPassingTime>
                <TimetabledPassingTime id="OST:TimetabledPassingTime:211210122071910_11_12_50_00" version="271">
                  <ArrivalTime>12:50:00</ArrivalTime>
                  <StopPointInJourneyPatternRef ref="OST:StopPointInJourneyPattern:256_Inbound_211210121983023_11_211210121975025" version="271" />
                </TimetabledPassingTime>
              </passingTimes>
            </ServiceJourney>
            <ServiceJourney id="OST:ServiceJourney:256_211210122071912_6" publication="public" version="271">
              <Name>Svinndal</Name>
              <PrivateCode>6</PrivateCode>
              <dayTypes>
                <DayTypeRef ref="OST:DayType:121" />
              </dayTypes>
              <JourneyPatternRef ref="OST:JourneyPattern:256_Inbound_211210121983024_211210121975025" version="271" />
              <LineRef ref="OST:Line:1_256" version="271" />
              <OperatorRef ref="OST:Operator:152" />
              <passingTimes>
                <TimetabledPassingTime id="OST:TimetabledPassingTime:211210122071912_1_14_55_00" version="271">
                  <DepartureTime>14:55:00</DepartureTime>
                  <StopPointInJourneyPatternRef ref="OST:StopPointInJourneyPattern:256_Inbound_211210121983024_1_211210121975025" version="271" />
                </TimetabledPassingTime>
                <TimetabledPassingTime id="OST:TimetabledPassingTime:211210122071912_2_15_01_00" version="271">
                  <DepartureTime>15:01:00</DepartureTime>
                  <StopPointInJourneyPatternRef ref="OST:StopPointInJourneyPattern:256_Inbound_211210121983024_2_211210121975025" version="271" />
                </TimetabledPassingTime>
                <TimetabledPassingTime id="OST:TimetabledPassingTime:211210122071912_3_15_02_00" version="271">
                  <DepartureTime>15:02:00</DepartureTime>
                  <StopPointInJourneyPatternRef ref="OST:StopPointInJourneyPattern:256_Inbound_211210121983024_3_211210121975025" version="271" />
                </TimetabledPassingTime>
                <TimetabledPassingTime id="OST:TimetabledPassingTime:211210122071912_4_15_05_00" version="271">
                  <DepartureTime>15:05:00</DepartureTime>
                  <StopPointInJourneyPatternRef ref="OST:StopPointInJourneyPattern:256_Inbound_211210121983024_4_211210121975025" version="271" />
                </TimetabledPassingTime>
                <TimetabledPassingTime id="OST:TimetabledPassingTime:211210122071912_5_15_07_00" version="271">
                  <DepartureTime>15:07:00</DepartureTime>
                  <StopPointInJourneyPatternRef ref="OST:StopPointInJourneyPattern:256_Inbound_211210121983024_5_211210121975025" version="271" />
                </TimetabledPassingTime>
                <TimetabledPassingTime id="OST:TimetabledPassingTime:211210122071912_6_15_12_00" version="271">
                  <DepartureTime>15:12:00</DepartureTime>
                  <StopPointInJourneyPatternRef ref="OST:StopPointInJourneyPattern:256_Inbound_211210121983024_6_211210121975025" version="271" />
                </TimetabledPassingTime>
                <TimetabledPassingTime id="OST:TimetabledPassingTime:211210122071912_7_15_12_00" version="271">
                  <DepartureTime>15:12:00</DepartureTime>
                  <StopPointInJourneyPatternRef ref="OST:StopPointInJourneyPattern:256_Inbound_211210121983024_7_211210121975025" version="271" />
                </TimetabledPassingTime>
                <TimetabledPassingTime id="OST:TimetabledPassingTime:211210122071912_8_15_13_00" version="271">
                  <DepartureTime>15:13:00</DepartureTime>
                  <StopPointInJourneyPatternRef ref="OST:StopPointInJourneyPattern:256_Inbound_211210121983024_8_211210121975025" version="271" />
                </TimetabledPassingTime>
                <TimetabledPassingTime id="OST:TimetabledPassingTime:211210122071912_9_15_14_00" version="271">
                  <DepartureTime>15:14:00</DepartureTime>
                  <StopPointInJourneyPatternRef ref="OST:StopPointInJourneyPattern:256_Inbound_211210121983024_9_211210121975025" version="271" />
                </TimetabledPassingTime>
                <TimetabledPassingTime id="OST:TimetabledPassingTime:211210122071912_10_15_16_00" version="271">
                  <DepartureTime>15:16:00</DepartureTime>
                  <StopPointInJourneyPatternRef ref="OST:StopPointInJourneyPattern:256_Inbound_211210121983024_10_211210121975025" version="271" />
                </TimetabledPassingTime>
                <TimetabledPassingTime id="OST:TimetabledPassingTime:211210122071912_11_15_18_00" version="271">
                  <DepartureTime>15:18:00</DepartureTime>
                  <StopPointInJourneyPatternRef ref="OST:StopPointInJourneyPattern:256_Inbound_211210121983024_11_211210121975025" version="271" />
                </TimetabledPassingTime>
                <TimetabledPassingTime id="OST:TimetabledPassingTime:211210122071912_12_15_20_00" version="271">
                  <DepartureTime>15:20:00</DepartureTime>
                  <StopPointInJourneyPatternRef ref="OST:StopPointInJourneyPattern:256_Inbound_211210121983024_12_211210121975025" version="271" />
                </TimetabledPassingTime>
                <TimetabledPassingTime id="OST:TimetabledPassingTime:211210122071912_13_15_21_00" version="271">
                  <DepartureTime>15:21:00</DepartureTime>
                  <StopPointInJourneyPatternRef ref="OST:StopPointInJourneyPattern:256_Inbound_211210121983024_13_211210121975025" version="271" />
                </TimetabledPassingTime>
                <TimetabledPassingTime id="OST:TimetabledPassingTime:211210122071912_14_15_23_00" version="271">
                  <DepartureTime>15:23:00</DepartureTime>
                  <StopPointInJourneyPatternRef ref="OST:StopPointInJourneyPattern:256_Inbound_211210121983024_14_211210121975025" version="271" />
                </TimetabledPassingTime>
                <TimetabledPassingTime id="OST:TimetabledPassingTime:211210122071912_15_15_25_00" version="271">
                  <DepartureTime>15:25:00</DepartureTime>
                  <StopPointInJourneyPatternRef ref="OST:StopPointInJourneyPattern:256_Inbound_211210121983024_15_211210121975025" version="271" />
                </TimetabledPassingTime>
                <TimetabledPassingTime id="OST:TimetabledPassingTime:211210122071912_16_15_25_00" version="271">
                  <DepartureTime>15:25:00</DepartureTime>
                  <StopPointInJourneyPatternRef ref="OST:StopPointInJourneyPattern:256_Inbound_211210121983024_16_211210121975025" version="271" />
                </TimetabledPassingTime>
                <TimetabledPassingTime id="OST:TimetabledPassingTime:211210122071912_17_15_27_00" version="271">
                  <DepartureTime>15:27:00</DepartureTime>
                  <StopPointInJourneyPatternRef ref="OST:StopPointInJourneyPattern:256_Inbound_211210121983024_17_211210121975025" version="271" />
                </TimetabledPassingTime>
                <TimetabledPassingTime id="OST:TimetabledPassingTime:211210122071912_18_15_30_00" version="271">
                  <DepartureTime>15:30:00</DepartureTime>
                  <StopPointInJourneyPatternRef ref="OST:StopPointInJourneyPattern:256_Inbound_211210121983024_18_211210121975025" version="271" />
                </TimetabledPassingTime>
                <TimetabledPassingTime id="OST:TimetabledPassingTime:211210122071912_19_15_32_00" version="271">
                  <DepartureTime>15:32:00</DepartureTime>
                  <StopPointInJourneyPatternRef ref="OST:StopPointInJourneyPattern:256_Inbound_211210121983024_19_211210121975025" version="271" />
                </TimetabledPassingTime>
                <TimetabledPassingTime id="OST:TimetabledPassingTime:211210122071912_20_15_34_00" version="271">
                  <ArrivalTime>15:34:00</ArrivalTime>
                  <StopPointInJourneyPatternRef ref="OST:StopPointInJourneyPattern:256_Inbound_211210121983024_20_211210121975025" version="271" />
                </TimetabledPassingTime>
              </passingTimes>
            </ServiceJourney>
            <ServiceJourney id="OST:ServiceJourney:256_211210122071911_4" publication="public" version="271">
              <Name>Augerød</Name>
              <PrivateCode>4</PrivateCode>
              <dayTypes>
                <DayTypeRef ref="OST:DayType:81" />
              </dayTypes>
              <JourneyPatternRef ref="OST:JourneyPattern:256_Inbound_211210121983023_211210121975025" version="271" />
              <LineRef ref="OST:Line:1_256" version="271" />
              <OperatorRef ref="OST:Operator:152" />
              <passingTimes>
                <TimetabledPassingTime id="OST:TimetabledPassingTime:211210122071911_1_14_15_00" version="271">
                  <DepartureTime>14:15:00</DepartureTime>
                  <StopPointInJourneyPatternRef ref="OST:StopPointInJourneyPattern:256_Inbound_211210121983023_1_211210121975025" version="271" />
                </TimetabledPassingTime>
                <TimetabledPassingTime id="OST:TimetabledPassingTime:211210122071911_2_14_21_00" version="271">
                  <DepartureTime>14:21:00</DepartureTime>
                  <StopPointInJourneyPatternRef ref="OST:StopPointInJourneyPattern:256_Inbound_211210121983023_2_211210121975025" version="271" />
                </TimetabledPassingTime>
                <TimetabledPassingTime id="OST:TimetabledPassingTime:211210122071911_3_14_22_00" version="271">
                  <DepartureTime>14:22:00</DepartureTime>
                  <StopPointInJourneyPatternRef ref="OST:StopPointInJourneyPattern:256_Inbound_211210121983023_3_211210121975025" version="271" />
                </TimetabledPassingTime>
                <TimetabledPassingTime id="OST:TimetabledPassingTime:211210122071911_4_14_23_00" version="271">
                  <DepartureTime>14:23:00</DepartureTime>
                  <StopPointInJourneyPatternRef ref="OST:StopPointInJourneyPattern:256_Inbound_211210121983023_4_211210121975025" version="271" />
                </TimetabledPassingTime>
                <TimetabledPassingTime id="OST:TimetabledPassingTime:211210122071911_5_14_24_00" version="271">
                  <DepartureTime>14:24:00</DepartureTime>
                  <StopPointInJourneyPatternRef ref="OST:StopPointInJourneyPattern:256_Inbound_211210121983023_5_211210121975025" version="271" />
                </TimetabledPassingTime>
                <TimetabledPassingTime id="OST:TimetabledPassingTime:211210122071911_6_14_27_00" version="271">
                  <DepartureTime>14:27:00</DepartureTime>
                  <StopPointInJourneyPatternRef ref="OST:StopPointInJourneyPattern:256_Inbound_211210121983023_6_211210121975025" version="271" />
                </TimetabledPassingTime>
                <TimetabledPassingTime id="OST:TimetabledPassingTime:211210122071911_7_14_28_00" version="271">
                  <DepartureTime>14:28:00</DepartureTime>
                  <StopPointInJourneyPatternRef ref="OST:StopPointInJourneyPattern:256_Inbound_211210121983023_7_211210121975025" version="271" />
                </TimetabledPassingTime>
                <TimetabledPassingTime id="OST:TimetabledPassingTime:211210122071911_8_14_30_00" version="271">
                  <DepartureTime>14:30:00</DepartureTime>
                  <StopPointInJourneyPatternRef ref="OST:StopPointInJourneyPattern:256_Inbound_211210121983023_8_211210121975025" version="271" />
                </TimetabledPassingTime>
                <TimetabledPassingTime id="OST:TimetabledPassingTime:211210122071911_9_14_30_00" version="271">
                  <DepartureTime>14:30:00</DepartureTime>
                  <StopPointInJourneyPatternRef ref="OST:StopPointInJourneyPattern:256_Inbound_211210121983023_9_211210121975025" version="271" />
                </TimetabledPassingTime>
                <TimetabledPassingTime id="OST:TimetabledPassingTime:211210122071911_10_14_33_00" version="271">
                  <DepartureTime>14:33:00</DepartureTime>
                  <StopPointInJourneyPatternRef ref="OST:StopPointInJourneyPattern:256_Inbound_211210121983023_10_211210121975025" version="271" />
                </TimetabledPassingTime>
                <TimetabledPassingTime id="OST:TimetabledPassingTime:211210122071911_11_14_35_00" version="271">
                  <ArrivalTime>14:35:00</ArrivalTime>
                  <StopPointInJourneyPatternRef ref="OST:StopPointInJourneyPattern:256_Inbound_211210121983023_11_211210121975025" version="271" />
                </TimetabledPassingTime>
              </passingTimes>
            </ServiceJourney>
          </vehicleJourneys>
        </TimetableFrame>
      </frames>
    </CompositeFrame>
  </dataObjects>
</PublicationDelivery>
