<?xml version="1.0" encoding="UTF-8"?>
<PublicationDelivery xmlns="http://www.netex.org.uk/netex" xmlns:gis="http://www.opengis.net/gml/3.2" xmlns:siri="http://www.siri.org.uk/siri" version="1.13:NO-NeTEx-networktimetable:1.3">
  <PublicationTimestamp>2022-05-26T00:05:35.012</PublicationTimestamp>
  <ParticipantRef>RB</ParticipantRef>
  <Description>Ørje-Kasbo-Buer-Granerud</Description>
  <dataObjects>
    <CompositeFrame created="2022-04-08T10:32:34.29" id="665421559" version="1">
      <validityConditions>
        <AvailabilityCondition id="908758793" version="1">
          <FromDate>2022-05-23T00:00:00</FromDate>
          <ToDate>2023-05-25T00:00:00</ToDate>
        </AvailabilityCondition>
      </validityConditions>
      <codespaces>
        <Codespace id="ost">
          <Xmlns>OST</Xmlns>
          <XmlnsUrl>http://www.rutebanken.org/ns/ost</XmlnsUrl>
        </Codespace>
        <Codespace id="nsr">
          <Xmlns>NSR</Xmlns>
          <XmlnsUrl>http://www.rutebanken.org/ns/nsr</XmlnsUrl>
        </Codespace>
      </codespaces>
      <FrameDefaults>
        <DefaultLocale>
          <TimeZone>Europe/Oslo</TimeZone>
          <DefaultLanguage>no</DefaultLanguage>
        </DefaultLocale>
      </FrameDefaults>
      <frames>
        <ServiceFrame id="1094745571" version="1">
          <routes>
            <Route id="OST:Route:309_Outbound_211210121983066_211210121975025" version="271">
              <Name>1-1</Name>
              <ShortName>1-1</ShortName>
              <LineRef ref="OST:Line:1_309" version="271" />
              <DirectionType>inbound</DirectionType>
              <pointsInSequence>
                <PointOnRoute id="OST:PointOnRoute:7437678" order="9" version="271">
                  <RoutePointRef ref="OST:RoutePoint:1197425_1" />
                </PointOnRoute>
                <PointOnRoute id="OST:PointOnRoute:7437677" order="8" version="271">
                  <RoutePointRef ref="OST:RoutePoint:1197420_1" />
                </PointOnRoute>
                <PointOnRoute id="OST:PointOnRoute:7437676" order="7" version="271">
                  <RoutePointRef ref="OST:RoutePoint:1197415_2" />
                </PointOnRoute>
                <PointOnRoute id="OST:PointOnRoute:7437675" order="6" version="271">
                  <RoutePointRef ref="OST:RoutePoint:1197428_2" />
                </PointOnRoute>
                <PointOnRoute id="OST:PointOnRoute:7437674" order="5" version="271">
                  <RoutePointRef ref="OST:RoutePoint:1197429_1" />
                </PointOnRoute>
                <PointOnRoute id="OST:PointOnRoute:7437673" order="4" version="271">
                  <RoutePointRef ref="OST:RoutePoint:1197395_2" />
                </PointOnRoute>
                <PointOnRoute id="OST:PointOnRoute:7437672" order="3" version="271">
                  <RoutePointRef ref="OST:RoutePoint:1197400_2" />
                </PointOnRoute>
                <PointOnRoute id="OST:PointOnRoute:7437671" order="2" version="271">
                  <RoutePointRef ref="OST:RoutePoint:1197405_2" />
                </PointOnRoute>
                <PointOnRoute id="OST:PointOnRoute:7437670" order="1" version="271">
                  <RoutePointRef ref="OST:RoutePoint:1197410_2" />
                </PointOnRoute>
              </pointsInSequence>
            </Route>
            <Route id="OST:Route:309_Outbound_211210121983067_211210121975025" version="271">
              <Name>1-2</Name>
              <ShortName>1-2</ShortName>
              <LineRef ref="OST:Line:1_309" version="271" />
              <DirectionType>inbound</DirectionType>
              <pointsInSequence>
                <PointOnRoute id="OST:PointOnRoute:7437686" order="8" version="271">
                  <RoutePointRef ref="OST:RoutePoint:1197425_1" />
                </PointOnRoute>
                <PointOnRoute id="OST:PointOnRoute:7437685" order="7" version="271">
                  <RoutePointRef ref="OST:RoutePoint:1197421_2" />
                </PointOnRoute>
                <PointOnRoute id="OST:PointOnRoute:7437684" order="6" version="271">
                  <RoutePointRef ref="OST:RoutePoint:1197420_1" />
                </PointOnRoute>
                <PointOnRoute id="OST:PointOnRoute:7437683" order="5" version="271">
                  <RoutePointRef ref="OST:RoutePoint:1197415_2" />
                </PointOnRoute>
                <PointOnRoute id="OST:PointOnRoute:7437682" order="4" version="271">
                  <RoutePointRef ref="OST:RoutePoint:1197427_2" />
                </PointOnRoute>
                <PointOnRoute id="OST:PointOnRoute:7437681" order="3" version="271">
                  <RoutePointRef ref="OST:RoutePoint:1197428_2" />
                </PointOnRoute>
                <PointOnRoute id="OST:PointOnRoute:7437680" order="2" version="271">
                  <RoutePointRef ref="OST:RoutePoint:1197429_1" />
                </PointOnRoute>
                <PointOnRoute id="OST:PointOnRoute:7437679" order="1" version="271">
                  <RoutePointRef ref="OST:RoutePoint:1197395_2" />
                </PointOnRoute>
              </pointsInSequence>
            </Route>
            <Route id="OST:Route:309_Inbound_211210121983068_211210121975025" version="271">
              <Name>2-3</Name>
              <ShortName>2-3</ShortName>
              <LineRef ref="OST:Line:1_309" version="271" />
              <DirectionType>outbound</DirectionType>
              <pointsInSequence>
                <PointOnRoute id="OST:PointOnRoute:7437693" order="7" version="271">
                  <RoutePointRef ref="OST:RoutePoint:1197395_1" />
                </PointOnRoute>
                <PointOnRoute id="OST:PointOnRoute:7437692" order="6" version="271">
                  <RoutePointRef ref="OST:RoutePoint:1197429_2" />
                </PointOnRoute>
                <PointOnRoute id="OST:PointOnRoute:7437691" order="5" version="271">
                  <RoutePointRef ref="OST:RoutePoint:1197428_1" />
                </PointOnRoute>
                <PointOnRoute id="OST:PointOnRoute:7437690" order="4" version="271">
                  <RoutePointRef ref="OST:RoutePoint:1197427_2" />
                </PointOnRoute>
                <PointOnRoute id="OST:PointOnRoute:7437689" order="3" version="271">
                  <RoutePointRef ref="OST:RoutePoint:1197415_1" />
                </PointOnRoute>
                <PointOnRoute id="OST:PointOnRoute:7437688" order="2" version="271">
                  <RoutePointRef ref="OST:RoutePoint:1197421_2" />
                </PointOnRoute>
                <PointOnRoute id="OST:PointOnRoute:7437687" order="1" version="271">
                  <RoutePointRef ref="OST:RoutePoint:1197425_1" />
                </PointOnRoute>
              </pointsInSequence>
            </Route>
          </routes>
          <lines>
            <Line id="OST:Line:1_309" version="271">
              <Name>Ørje-Kasbo-Buer-Granerud</Name>
              <TransportMode>bus</TransportMode>
              <TransportSubmode>
                <BusSubmode>localBus</BusSubmode>
              </TransportSubmode>
              <PublicCode>309</PublicCode>
              <PrivateCode>309</PrivateCode>
              <OperatorRef ref="OST:Operator:152" />
              <RepresentedByGroupRef ref="OST:GroupOfLines:bus_1" />
            </Line>
          </lines>
          <journeyPatterns>
            <JourneyPattern id="OST:JourneyPattern:309_Outbound_211210121983066_211210121975025" version="271">
              <Name>1-1</Name>
              <RouteRef ref="OST:Route:309_Outbound_211210121983066_211210121975025" version="271" />
              <pointsInSequence>
                <StopPointInJourneyPattern order="9" id="OST:StopPointInJourneyPattern:309_Outbound_211210121983066_9_211210121975025" version="271">
                  <ForBoarding>false</ForBoarding>
                  <ScheduledStopPointRef ref="OST:ScheduledStopPoint:1197425_1" />
                </StopPointInJourneyPattern>
                <StopPointInJourneyPattern order="8" id="OST:StopPointInJourneyPattern:309_Outbound_211210121983066_8_211210121975025" version="271">
                  <ScheduledStopPointRef ref="OST:ScheduledStopPoint:1197420_1" />
                </StopPointInJourneyPattern>
                <StopPointInJourneyPattern order="3" id="OST:StopPointInJourneyPattern:309_Outbound_211210121983066_3_211210121975025" version="271">
                  <ScheduledStopPointRef ref="OST:ScheduledStopPoint:1197400_2" />
                </StopPointInJourneyPattern>
                <StopPointInJourneyPattern order="1" id="OST:StopPointInJourneyPattern:309_Outbound_211210121983066_1_211210121975025" version="271">
                  <ForAlighting>false</ForAlighting>
                  <DestinationDisplayRef ref="OST:DestinationDisplay:579" />
                  <ScheduledStopPointRef ref="OST:ScheduledStopPoint:1197410_2" />
                </StopPointInJourneyPattern>
                <StopPointInJourneyPattern order="6" id="OST:StopPointInJourneyPattern:309_Outbound_211210121983066_6_211210121975025" version="271">
                  <ScheduledStopPointRef ref="OST:ScheduledStopPoint:1197428_2" />
                </StopPointInJourneyPattern>
                <StopPointInJourneyPattern order="2" id="OST:StopPointInJourneyPattern:309_Outbound_211210121983066_2_211210121975025" version="271">
                  <ScheduledStopPointRef ref="OST:ScheduledStopPoint:1197405_2" />
                </StopPointInJourneyPattern>
                <StopPointInJourneyPattern order="4" id="OST:StopPointInJourneyPattern:309_Outbound_211210121983066_4_211210121975025" version="271">
                  <ScheduledStopPointRef ref="OST:ScheduledStopPoint:1197395_2" />
                </StopPointInJourneyPattern>
                <StopPointInJourneyPattern order="7" id="OST:StopPointInJourneyPattern:309_Outbound_211210121983066_7_211210121975025" version="271">
                  <ScheduledStopPointRef ref="OST:ScheduledStopPoint:1197415_2" />
                </StopPointInJourneyPattern>
                <StopPointInJourneyPattern order="5" id="OST:StopPointInJourneyPattern:309_Outbound_211210121983066_5_211210121975025" version="271">
                  <ScheduledStopPointRef ref="OST:ScheduledStopPoint:1197429_1" />
                </StopPointInJourneyPattern>
              </pointsInSequence>
              <linksInSequence>
                <ServiceLinkInJourneyPattern order="4" id="OST:ServiceLinkInJourneyPattern:7437700" version="271">
                  <ServiceLinkRef ref="OST:ServiceLink:200811072688678_2_200811072688725_1_1933" />
                </ServiceLinkInJourneyPattern>
                <ServiceLinkInJourneyPattern order="3" id="OST:ServiceLinkInJourneyPattern:7437698" version="271">
                  <ServiceLinkRef ref="OST:ServiceLink:200811072688683_2_200811072688678_2_1454" />
                </ServiceLinkInJourneyPattern>
                <ServiceLinkInJourneyPattern order="8" id="OST:ServiceLinkInJourneyPattern:7437708" version="271">
                  <ServiceLinkRef ref="OST:ServiceLink:200811072688701_1_200811072688712_1_4104" />
                </ServiceLinkInJourneyPattern>
                <ServiceLinkInJourneyPattern order="2" id="OST:ServiceLinkInJourneyPattern:7437696" version="271">
                  <ServiceLinkRef ref="OST:ServiceLink:200811072688686_2_200811072688683_2_196" />
                </ServiceLinkInJourneyPattern>
                <ServiceLinkInJourneyPattern order="7" id="OST:ServiceLinkInJourneyPattern:7437706" version="271">
                  <ServiceLinkRef ref="OST:ServiceLink:200811072688694_2_200811072688701_1_2912" />
                </ServiceLinkInJourneyPattern>
                <ServiceLinkInJourneyPattern order="1" id="OST:ServiceLinkInJourneyPattern:7437694" version="271">
                  <ServiceLinkRef ref="OST:ServiceLink:200811072688689_2_200811072688686_2_1849" />
                </ServiceLinkInJourneyPattern>
                <ServiceLinkInJourneyPattern order="6" id="OST:ServiceLinkInJourneyPattern:7437704" version="271">
                  <ServiceLinkRef ref="OST:ServiceLink:200811072688722_2_200811072688694_2_5454" />
                </ServiceLinkInJourneyPattern>
                <ServiceLinkInJourneyPattern order="5" id="OST:ServiceLinkInJourneyPattern:7437702" version="271">
                  <ServiceLinkRef ref="OST:ServiceLink:200811072688725_1_200811072688722_2_1152" />
                </ServiceLinkInJourneyPattern>
              </linksInSequence>
            </JourneyPattern>
            <JourneyPattern id="OST:JourneyPattern:309_Outbound_211210121983067_211210121975025" version="271">
              <Name>1-2</Name>
              <RouteRef ref="OST:Route:309_Outbound_211210121983067_211210121975025" version="271" />
              <pointsInSequence>
                <StopPointInJourneyPattern order="7" id="OST:StopPointInJourneyPattern:309_Outbound_211210121983067_7_211210121975025" version="271">
                  <ScheduledStopPointRef ref="OST:ScheduledStopPoint:1197421_2" />
                </StopPointInJourneyPattern>
                <StopPointInJourneyPattern order="4" id="OST:StopPointInJourneyPattern:309_Outbound_211210121983067_4_211210121975025" version="271">
                  <ScheduledStopPointRef ref="OST:ScheduledStopPoint:1197427_2" />
                </StopPointInJourneyPattern>
                <StopPointInJourneyPattern order="1" id="OST:StopPointInJourneyPattern:309_Outbound_211210121983067_1_211210121975025" version="271">
                  <ForAlighting>false</ForAlighting>
                  <DestinationDisplayRef ref="OST:DestinationDisplay:579" />
                  <ScheduledStopPointRef ref="OST:ScheduledStopPoint:1197395_2" />
                </StopPointInJourneyPattern>
                <StopPointInJourneyPattern order="8" id="OST:StopPointInJourneyPattern:309_Outbound_211210121983067_8_211210121975025" version="271">
                  <ForBoarding>false</ForBoarding>
                  <ScheduledStopPointRef ref="OST:ScheduledStopPoint:1197425_1" />
                </StopPointInJourneyPattern>
                <StopPointInJourneyPattern order="3" id="OST:StopPointInJourneyPattern:309_Outbound_211210121983067_3_211210121975025" version="271">
                  <ScheduledStopPointRef ref="OST:ScheduledStopPoint:1197428_2" />
                </StopPointInJourneyPattern>
                <StopPointInJourneyPattern order="5" id="OST:StopPointInJourneyPattern:309_Outbound_211210121983067_5_211210121975025" version="271">
                  <ScheduledStopPointRef ref="OST:ScheduledStopPoint:1197415_2" />
                </StopPointInJourneyPattern>
                <StopPointInJourneyPattern order="6" id="OST:StopPointInJourneyPattern:309_Outbound_211210121983067_6_211210121975025" version="271">
                  <ScheduledStopPointRef ref="OST:ScheduledStopPoint:1197420_1" />
                </StopPointInJourneyPattern>
                <StopPointInJourneyPattern order="2" id="OST:StopPointInJourneyPattern:309_Outbound_211210121983067_2_211210121975025" version="271">
                  <ScheduledStopPointRef ref="OST:ScheduledStopPoint:1197429_1" />
                </StopPointInJourneyPattern>
              </pointsInSequence>
              <linksInSequence>
                <ServiceLinkInJourneyPattern order="7" id="OST:ServiceLinkInJourneyPattern:7437719" version="271">
                  <ServiceLinkRef ref="OST:ServiceLink:200811072688704_2_200811072688712_1_631" />
                </ServiceLinkInJourneyPattern>
                <ServiceLinkInJourneyPattern order="1" id="OST:ServiceLinkInJourneyPattern:7437710" version="271">
                  <ServiceLinkRef ref="OST:ServiceLink:200811072688678_2_200811072688725_1_1933" />
                </ServiceLinkInJourneyPattern>
                <ServiceLinkInJourneyPattern order="2" id="OST:ServiceLinkInJourneyPattern:7437711" version="271">
                  <ServiceLinkRef ref="OST:ServiceLink:200811072688725_1_200811072688722_2_1152" />
                </ServiceLinkInJourneyPattern>
                <ServiceLinkInJourneyPattern order="5" id="OST:ServiceLinkInJourneyPattern:7437716" version="271">
                  <ServiceLinkRef ref="OST:ServiceLink:200811072688694_2_200811072688701_1_2912" />
                </ServiceLinkInJourneyPattern>
                <ServiceLinkInJourneyPattern order="4" id="OST:ServiceLinkInJourneyPattern:7437714" version="271">
                  <ServiceLinkRef ref="OST:ServiceLink:200811072688717_2_200811072688694_2_9215" />
                </ServiceLinkInJourneyPattern>
                <ServiceLinkInJourneyPattern order="3" id="OST:ServiceLinkInJourneyPattern:7437712" version="271">
                  <ServiceLinkRef ref="OST:ServiceLink:200811072688722_2_200811072688717_2_4256" />
                </ServiceLinkInJourneyPattern>
                <ServiceLinkInJourneyPattern order="6" id="OST:ServiceLinkInJourneyPattern:7437717" version="271">
                  <ServiceLinkRef ref="OST:ServiceLink:200811072688701_1_200811072688704_2_3811" />
                </ServiceLinkInJourneyPattern>
              </linksInSequence>
            </JourneyPattern>
            <JourneyPattern id="OST:JourneyPattern:309_Inbound_211210121983068_211210121975025" version="271">
              <Name>2-3</Name>
              <RouteRef ref="OST:Route:309_Inbound_211210121983068_211210121975025" version="271" />
              <pointsInSequence>
                <StopPointInJourneyPattern order="4" id="OST:StopPointInJourneyPattern:309_Inbound_211210121983068_4_211210121975025" version="271">
                  <ScheduledStopPointRef ref="OST:ScheduledStopPoint:1197427_2" />
                </StopPointInJourneyPattern>
                <StopPointInJourneyPattern order="3" id="OST:StopPointInJourneyPattern:309_Inbound_211210121983068_3_211210121975025" version="271">
                  <ScheduledStopPointRef ref="OST:ScheduledStopPoint:1197415_1" />
                </StopPointInJourneyPattern>
                <StopPointInJourneyPattern order="5" id="OST:StopPointInJourneyPattern:309_Inbound_211210121983068_5_211210121975025" version="271">
                  <ScheduledStopPointRef ref="OST:ScheduledStopPoint:1197428_1" />
                </StopPointInJourneyPattern>
                <StopPointInJourneyPattern order="1" id="OST:StopPointInJourneyPattern:309_Inbound_211210121983068_1_211210121975025" version="271">
                  <ForAlighting>false</ForAlighting>
                  <DestinationDisplayRef ref="OST:DestinationDisplay:145" />
                  <ScheduledStopPointRef ref="OST:ScheduledStopPoint:1197425_1" />
                </StopPointInJourneyPattern>
                <StopPointInJourneyPattern order="7" id="OST:StopPointInJourneyPattern:309_Inbound_211210121983068_7_211210121975025" version="271">
                  <ForBoarding>false</ForBoarding>
                  <ScheduledStopPointRef ref="OST:ScheduledStopPoint:1197395_1" />
                </StopPointInJourneyPattern>
                <StopPointInJourneyPattern order="2" id="OST:StopPointInJourneyPattern:309_Inbound_211210121983068_2_211210121975025" version="271">
                  <ScheduledStopPointRef ref="OST:ScheduledStopPoint:1197421_2" />
                </StopPointInJourneyPattern>
                <StopPointInJourneyPattern order="6" id="OST:StopPointInJourneyPattern:309_Inbound_211210121983068_6_211210121975025" version="271">
                  <ScheduledStopPointRef ref="OST:ScheduledStopPoint:1197429_2" />
                </StopPointInJourneyPattern>
              </pointsInSequence>
              <linksInSequence>
                <ServiceLinkInJourneyPattern order="5" id="OST:ServiceLinkInJourneyPattern:7437729" version="271">
                  <ServiceLinkRef ref="OST:ServiceLink:200811072688720_1_200811072688727_2_1240" />
                </ServiceLinkInJourneyPattern>
                <ServiceLinkInJourneyPattern order="6" id="OST:ServiceLinkInJourneyPattern:7437731" version="271">
                  <ServiceLinkRef ref="OST:ServiceLink:200811072688727_2_200811072688680_1_1950" />
                </ServiceLinkInJourneyPattern>
                <ServiceLinkInJourneyPattern order="1" id="OST:ServiceLinkInJourneyPattern:7437721" version="271">
                  <ServiceLinkRef ref="OST:ServiceLink:200811072688712_1_200811072688704_2_574" />
                </ServiceLinkInJourneyPattern>
                <ServiceLinkInJourneyPattern order="3" id="OST:ServiceLinkInJourneyPattern:7437725" version="271">
                  <ServiceLinkRef ref="OST:ServiceLink:200811072688696_1_200811072688717_2_9260" />
                </ServiceLinkInJourneyPattern>
                <ServiceLinkInJourneyPattern order="4" id="OST:ServiceLinkInJourneyPattern:7437727" version="271">
                  <ServiceLinkRef ref="OST:ServiceLink:200811072688717_2_200811072688720_1_4163" />
                </ServiceLinkInJourneyPattern>
                <ServiceLinkInJourneyPattern order="2" id="OST:ServiceLinkInJourneyPattern:7437723" version="271">
                  <ServiceLinkRef ref="OST:ServiceLink:200811072688704_2_200811072688696_1_6022" />
                </ServiceLinkInJourneyPattern>
              </linksInSequence>
            </JourneyPattern>
          </journeyPatterns>
        </ServiceFrame>
        <TimetableFrame id="505195649" version="1">
          <vehicleJourneys>
            <ServiceJourney id="OST:ServiceJourney:309_211210122071958_1" publication="public" version="271">
              <Name>Ørje</Name>
              <PrivateCode>1</PrivateCode>
              <dayTypes>
                <DayTypeRef ref="OST:DayType:121" />
              </dayTypes>
              <JourneyPatternRef ref="OST:JourneyPattern:309_Outbound_211210121983066_211210121975025" version="271" />
              <LineRef ref="OST:Line:1_309" version="271" />
              <OperatorRef ref="OST:Operator:152" />
              <passingTimes>
                <TimetabledPassingTime id="OST:TimetabledPassingTime:211210122071958_1_07_00_00" version="271">
                  <DepartureTime>07:00:00</DepartureTime>
                  <StopPointInJourneyPatternRef ref="OST:StopPointInJourneyPattern:309_Outbound_211210121983066_1_211210121975025" version="271" />
                </TimetabledPassingTime>
                <TimetabledPassingTime id="OST:TimetabledPassingTime:211210122071958_3_07_05_00" version="271">
                  <DepartureTime>07:05:00</DepartureTime>
                  <StopPointInJourneyPatternRef ref="OST:StopPointInJourneyPattern:309_Outbound_211210121983066_3_211210121975025" version="271" />
                </TimetabledPassingTime>
                <TimetabledPassingTime id="OST:TimetabledPassingTime:211210122071958_2_07_05_00" version="271">
                  <DepartureTime>07:05:00</DepartureTime>
                  <StopPointInJourneyPatternRef ref="OST:StopPointInJourneyPattern:309_Outbound_211210121983066_2_211210121975025" version="271" />
                </TimetabledPassingTime>
                <TimetabledPassingTime id="OST:TimetabledPassingTime:211210122071958_4_07_10_00" version="271">
                  <DepartureTime>07:10:00</DepartureTime>
                  <StopPointInJourneyPatternRef ref="OST:StopPointInJourneyPattern:309_Outbound_211210121983066_4_211210121975025" version="271" />
                </TimetabledPassingTime>
                <TimetabledPassingTime id="OST:TimetabledPassingTime:211210122071958_5_07_13_00" version="271">
                  <DepartureTime>07:13:00</DepartureTime>
                  <StopPointInJourneyPatternRef ref="OST:StopPointInJourneyPattern:309_Outbound_211210121983066_5_211210121975025" version="271" />
                </TimetabledPassingTime>
                <TimetabledPassingTime id="OST:TimetabledPassingTime:211210122071958_6_07_15_00" version="271">
                  <DepartureTime>07:15:00</DepartureTime>
                  <StopPointInJourneyPatternRef ref="OST:StopPointInJourneyPattern:309_Outbound_211210121983066_6_211210121975025" version="271" />
                </TimetabledPassingTime>
                <TimetabledPassingTime id="OST:TimetabledPassingTime:211210122071958_7_07_20_00" version="271">
                  <DepartureTime>07:20:00</DepartureTime>
                  <StopPointInJourneyPatternRef ref="OST:StopPointInJourneyPattern:309_Outbound_211210121983066_7_211210121975025" version="271" />
                </TimetabledPassingTime>
                <TimetabledPassingTime id="OST:TimetabledPassingTime:211210122071958_8_07_24_00" version="271">
                  <DepartureTime>07:24:00</DepartureTime>
                  <StopPointInJourneyPatternRef ref="OST:StopPointInJourneyPattern:309_Outbound_211210121983066_8_211210121975025" version="271" />
                </TimetabledPassingTime>
                <TimetabledPassingTime id="OST:TimetabledPassingTime:211210122071958_9_07_35_00" version="271">
                  <ArrivalTime>07:35:00</ArrivalTime>
                  <StopPointInJourneyPatternRef ref="OST:StopPointInJourneyPattern:309_Outbound_211210121983066_9_211210121975025" version="271" />
                </TimetabledPassingTime>
              </passingTimes>
            </ServiceJourney>
            <ServiceJourney id="OST:ServiceJourney:309_211210122071961_4" publication="public" version="271">
              <Name>Granerud</Name>
              <PrivateCode>4</PrivateCode>
              <dayTypes>
                <DayTypeRef ref="OST:DayType:121" />
              </dayTypes>
              <JourneyPatternRef ref="OST:JourneyPattern:309_Inbound_211210121983068_211210121975025" version="271" />
              <LineRef ref="OST:Line:1_309" version="271" />
              <OperatorRef ref="OST:Operator:152" />
              <passingTimes>
                <TimetabledPassingTime id="OST:TimetabledPassingTime:211210122071961_1_14_25_00" version="271">
                  <DepartureTime>14:25:00</DepartureTime>
                  <StopPointInJourneyPatternRef ref="OST:StopPointInJourneyPattern:309_Inbound_211210121983068_1_211210121975025" version="271" />
                </TimetabledPassingTime>
                <TimetabledPassingTime id="OST:TimetabledPassingTime:211210122071961_2_14_30_00" version="271">
                  <DepartureTime>14:30:00</DepartureTime>
                  <StopPointInJourneyPatternRef ref="OST:StopPointInJourneyPattern:309_Inbound_211210121983068_2_211210121975025" version="271" />
                </TimetabledPassingTime>
                <TimetabledPassingTime id="OST:TimetabledPassingTime:211210122071961_3_14_40_00" version="271">
                  <DepartureTime>14:40:00</DepartureTime>
                  <StopPointInJourneyPatternRef ref="OST:StopPointInJourneyPattern:309_Inbound_211210121983068_3_211210121975025" version="271" />
                </TimetabledPassingTime>
                <TimetabledPassingTime id="OST:TimetabledPassingTime:211210122071961_4_14_53_00" version="271">
                  <DepartureTime>14:53:00</DepartureTime>
                  <StopPointInJourneyPatternRef ref="OST:StopPointInJourneyPattern:309_Inbound_211210121983068_4_211210121975025" version="271" />
                </TimetabledPassingTime>
                <TimetabledPassingTime id="OST:TimetabledPassingTime:211210122071961_5_15_00_00" version="271">
                  <DepartureTime>15:00:00</DepartureTime>
                  <StopPointInJourneyPatternRef ref="OST:StopPointInJourneyPattern:309_Inbound_211210121983068_5_211210121975025" version="271" />
                </TimetabledPassingTime>
                <TimetabledPassingTime id="OST:TimetabledPassingTime:211210122071961_6_15_03_00" version="271">
                  <DepartureTime>15:03:00</DepartureTime>
                  <StopPointInJourneyPatternRef ref="OST:StopPointInJourneyPattern:309_Inbound_211210121983068_6_211210121975025" version="271" />
                </TimetabledPassingTime>
                <TimetabledPassingTime id="OST:TimetabledPassingTime:211210122071961_7_15_10_00" version="271">
                  <ArrivalTime>15:10:00</ArrivalTime>
                  <StopPointInJourneyPatternRef ref="OST:StopPointInJourneyPattern:309_Inbound_211210121983068_7_211210121975025" version="271" />
                </TimetabledPassingTime>
              </passingTimes>
            </ServiceJourney>
            <ServiceJourney id="OST:ServiceJourney:309_211210122071959_2" publication="public" version="271">
              <Name>Granerud</Name>
              <PrivateCode>2</PrivateCode>
              <dayTypes>
                <DayTypeRef ref="OST:DayType:81" />
              </dayTypes>
              <JourneyPatternRef ref="OST:JourneyPattern:309_Inbound_211210121983068_211210121975025" version="271" />
              <LineRef ref="OST:Line:1_309" version="271" />
              <OperatorRef ref="OST:Operator:152" />
              <passingTimes>
                <TimetabledPassingTime id="OST:TimetabledPassingTime:211210122071959_1_12_40_00" version="271">
                  <DepartureTime>12:40:00</DepartureTime>
                  <StopPointInJourneyPatternRef ref="OST:StopPointInJourneyPattern:309_Inbound_211210121983068_1_211210121975025" version="271" />
                </TimetabledPassingTime>
                <TimetabledPassingTime id="OST:TimetabledPassingTime:211210122071959_2_12_45_00" version="271">
                  <DepartureTime>12:45:00</DepartureTime>
                  <StopPointInJourneyPatternRef ref="OST:StopPointInJourneyPattern:309_Inbound_211210121983068_2_211210121975025" version="271" />
                </TimetabledPassingTime>
                <TimetabledPassingTime id="OST:TimetabledPassingTime:211210122071959_3_12_55_00" version="271">
                  <DepartureTime>12:55:00</DepartureTime>
                  <StopPointInJourneyPatternRef ref="OST:StopPointInJourneyPattern:309_Inbound_211210121983068_3_211210121975025" version="271" />
                </TimetabledPassingTime>
                <TimetabledPassingTime id="OST:TimetabledPassingTime:211210122071959_4_13_08_00" version="271">
                  <DepartureTime>13:08:00</DepartureTime>
                  <StopPointInJourneyPatternRef ref="OST:StopPointInJourneyPattern:309_Inbound_211210121983068_4_211210121975025" version="271" />
                </TimetabledPassingTime>
                <TimetabledPassingTime id="OST:TimetabledPassingTime:211210122071959_5_13_15_00" version="271">
                  <DepartureTime>13:15:00</DepartureTime>
                  <StopPointInJourneyPatternRef ref="OST:StopPointInJourneyPattern:309_Inbound_211210121983068_5_211210121975025" version="271" />
                </TimetabledPassingTime>
                <TimetabledPassingTime id="OST:TimetabledPassingTime:211210122071959_6_13_18_00" version="271">
                  <DepartureTime>13:18:00</DepartureTime>
                  <StopPointInJourneyPatternRef ref="OST:StopPointInJourneyPattern:309_Inbound_211210121983068_6_211210121975025" version="271" />
                </TimetabledPassingTime>
                <TimetabledPassingTime id="OST:TimetabledPassingTime:211210122071959_7_13_25_00" version="271">
                  <ArrivalTime>13:25:00</ArrivalTime>
                  <StopPointInJourneyPatternRef ref="OST:StopPointInJourneyPattern:309_Inbound_211210121983068_7_211210121975025" version="271" />
                </TimetabledPassingTime>
              </passingTimes>
            </ServiceJourney>
            <ServiceJourney id="OST:ServiceJourney:309_211210122071960_3" publication="public" version="271">
              <Name>Ørje</Name>
              <PrivateCode>3</PrivateCode>
              <dayTypes>
                <DayTypeRef ref="OST:DayType:121" />
              </dayTypes>
              <JourneyPatternRef ref="OST:JourneyPattern:309_Outbound_211210121983067_211210121975025" version="271" />
              <LineRef ref="OST:Line:1_309" version="271" />
              <OperatorRef ref="OST:Operator:152" />
              <passingTimes>
                <TimetabledPassingTime id="OST:TimetabledPassingTime:211210122071960_1_07_55_00" version="271">
                  <DepartureTime>07:55:00</DepartureTime>
                  <StopPointInJourneyPatternRef ref="OST:StopPointInJourneyPattern:309_Outbound_211210121983067_1_211210121975025" version="271" />
                </TimetabledPassingTime>
                <TimetabledPassingTime id="OST:TimetabledPassingTime:211210122071960_2_07_58_00" version="271">
                  <DepartureTime>07:58:00</DepartureTime>
                  <StopPointInJourneyPatternRef ref="OST:StopPointInJourneyPattern:309_Outbound_211210121983067_2_211210121975025" version="271" />
                </TimetabledPassingTime>
                <TimetabledPassingTime id="OST:TimetabledPassingTime:211210122071960_3_08_00_00" version="271">
                  <DepartureTime>08:00:00</DepartureTime>
                  <StopPointInJourneyPatternRef ref="OST:StopPointInJourneyPattern:309_Outbound_211210121983067_3_211210121975025" version="271" />
                </TimetabledPassingTime>
                <TimetabledPassingTime id="OST:TimetabledPassingTime:211210122071960_4_08_10_00" version="271">
                  <DepartureTime>08:10:00</DepartureTime>
                  <StopPointInJourneyPatternRef ref="OST:StopPointInJourneyPattern:309_Outbound_211210121983067_4_211210121975025" version="271" />
                </TimetabledPassingTime>
                <TimetabledPassingTime id="OST:TimetabledPassingTime:211210122071960_5_08_25_00" version="271">
                  <DepartureTime>08:25:00</DepartureTime>
                  <StopPointInJourneyPatternRef ref="OST:StopPointInJourneyPattern:309_Outbound_211210121983067_5_211210121975025" version="271" />
                </TimetabledPassingTime>
                <TimetabledPassingTime id="OST:TimetabledPassingTime:211210122071960_6_08_27_00" version="271">
                  <DepartureTime>08:27:00</DepartureTime>
                  <StopPointInJourneyPatternRef ref="OST:StopPointInJourneyPattern:309_Outbound_211210121983067_6_211210121975025" version="271" />
                </TimetabledPassingTime>
                <TimetabledPassingTime id="OST:TimetabledPassingTime:211210122071960_7_08_30_00" version="271">
                  <DepartureTime>08:30:00</DepartureTime>
                  <StopPointInJourneyPatternRef ref="OST:StopPointInJourneyPattern:309_Outbound_211210121983067_7_211210121975025" version="271" />
                </TimetabledPassingTime>
                <TimetabledPassingTime id="OST:TimetabledPassingTime:211210122071960_8_08_35_00" version="271">
                  <ArrivalTime>08:35:00</ArrivalTime>
                  <StopPointInJourneyPatternRef ref="OST:StopPointInJourneyPattern:309_Outbound_211210121983067_8_211210121975025" version="271" />
                </TimetabledPassingTime>
              </passingTimes>
            </ServiceJourney>
          </vehicleJourneys>
        </TimetableFrame>
      </frames>
    </CompositeFrame>
  </dataObjects>
</PublicationDelivery>
