<?xml version="1.0" encoding="UTF-8"?>
<PublicationDelivery xmlns="http://www.netex.org.uk/netex" xmlns:gis="http://www.opengis.net/gml/3.2" xmlns:siri="http://www.siri.org.uk/siri" version="1.13:NO-NeTEx-networktimetable:1.3">
  <PublicationTimestamp>2022-05-26T00:05:35.012</PublicationTimestamp>
  <ParticipantRef>RB</ParticipantRef>
  <Description>Tronvik</Description>
  <dataObjects>
    <CompositeFrame created="2022-04-08T10:32:34.29" id="264111550" version="1">
      <validityConditions>
        <AvailabilityCondition id="865143577" version="1">
          <FromDate>2022-05-23T00:00:00</FromDate>
          <ToDate>2023-05-25T00:00:00</ToDate>
        </AvailabilityCondition>
      </validityConditions>
      <codespaces>
        <Codespace id="ost">
          <Xmlns>OST</Xmlns>
          <XmlnsUrl>http://www.rutebanken.org/ns/ost</XmlnsUrl>
        </Codespace>
        <Codespace id="nsr">
          <Xmlns>NSR</Xmlns>
          <XmlnsUrl>http://www.rutebanken.org/ns/nsr</XmlnsUrl>
        </Codespace>
      </codespaces>
      <FrameDefaults>
        <DefaultLocale>
          <TimeZone>Europe/Oslo</TimeZone>
          <DefaultLanguage>no</DefaultLanguage>
        </DefaultLocale>
      </FrameDefaults>
      <frames>
        <ServiceFrame id="1366669826" version="1">
          <routes>
            <Route id="OST:Route:207_Inbound_211210121982976_211210121975025" version="271">
              <Name>2-2</Name>
              <ShortName>2-2</ShortName>
              <LineRef ref="OST:Line:1_207" version="271" />
              <DirectionType>outbound</DirectionType>
              <pointsInSequence>
                <PointOnRoute id="OST:PointOnRoute:7437449" order="3" version="271">
                  <RoutePointRef ref="OST:RoutePoint:1040175_2" />
                </PointOnRoute>
                <PointOnRoute id="OST:PointOnRoute:7437447" order="1" version="271">
                  <RoutePointRef ref="OST:RoutePoint:1040190_1" />
                </PointOnRoute>
                <PointOnRoute id="OST:PointOnRoute:7437453" order="7" version="271">
                  <RoutePointRef ref="OST:RoutePoint:1040405_1" />
                </PointOnRoute>
                <PointOnRoute id="OST:PointOnRoute:7437450" order="4" version="271">
                  <RoutePointRef ref="OST:RoutePoint:1040130_2" />
                </PointOnRoute>
                <PointOnRoute id="OST:PointOnRoute:7437451" order="5" version="271">
                  <RoutePointRef ref="OST:RoutePoint:1040395_1" />
                </PointOnRoute>
                <PointOnRoute id="OST:PointOnRoute:7437457" order="11" version="271">
                  <RoutePointRef ref="OST:RoutePoint:1040110_2" />
                </PointOnRoute>
                <PointOnRoute id="OST:PointOnRoute:7437455" order="9" version="271">
                  <RoutePointRef ref="OST:RoutePoint:1040115_2" />
                </PointOnRoute>
                <PointOnRoute id="OST:PointOnRoute:7437448" order="2" version="271">
                  <RoutePointRef ref="OST:RoutePoint:1040180_1" />
                </PointOnRoute>
                <PointOnRoute id="OST:PointOnRoute:7437454" order="8" version="271">
                  <RoutePointRef ref="OST:RoutePoint:1040120_3" />
                </PointOnRoute>
                <PointOnRoute id="OST:PointOnRoute:7437452" order="6" version="271">
                  <RoutePointRef ref="OST:RoutePoint:1040125_2" />
                </PointOnRoute>
                <PointOnRoute id="OST:PointOnRoute:7437458" order="12" version="271">
                  <RoutePointRef ref="OST:RoutePoint:1040105_2" />
                </PointOnRoute>
                <PointOnRoute id="OST:PointOnRoute:7437459" order="13" version="271">
                  <RoutePointRef ref="OST:RoutePoint:1041000_2" />
                </PointOnRoute>
                <PointOnRoute id="OST:PointOnRoute:7437456" order="10" version="271">
                  <RoutePointRef ref="OST:RoutePoint:1040420_1" />
                </PointOnRoute>
              </pointsInSequence>
            </Route>
            <Route id="OST:Route:207_Outbound_211210121982975_211210121975025" version="271">
              <Name>1-1</Name>
              <ShortName>1-1</ShortName>
              <LineRef ref="OST:Line:1_207" version="271" />
              <DirectionType>inbound</DirectionType>
              <pointsInSequence>
                <PointOnRoute id="OST:PointOnRoute:7437437" order="1" version="271">
                  <RoutePointRef ref="OST:RoutePoint:1041000_1" />
                </PointOnRoute>
                <PointOnRoute id="OST:PointOnRoute:7437438" order="2" version="271">
                  <RoutePointRef ref="OST:RoutePoint:1040105_1" />
                </PointOnRoute>
                <PointOnRoute id="OST:PointOnRoute:7437439" order="3" version="271">
                  <RoutePointRef ref="OST:RoutePoint:1040110_1" />
                </PointOnRoute>
                <PointOnRoute id="OST:PointOnRoute:7437446" order="10" version="271">
                  <RoutePointRef ref="OST:RoutePoint:1040190_1" />
                </PointOnRoute>
                <PointOnRoute id="OST:PointOnRoute:7437444" order="8" version="271">
                  <RoutePointRef ref="OST:RoutePoint:1040175_1" />
                </PointOnRoute>
                <PointOnRoute id="OST:PointOnRoute:7437442" order="6" version="271">
                  <RoutePointRef ref="OST:RoutePoint:1040120_1" />
                </PointOnRoute>
                <PointOnRoute id="OST:PointOnRoute:7437440" order="4" version="271">
                  <RoutePointRef ref="OST:RoutePoint:1040422_1" />
                </PointOnRoute>
                <PointOnRoute id="OST:PointOnRoute:7437445" order="9" version="271">
                  <RoutePointRef ref="OST:RoutePoint:1040185_1" />
                </PointOnRoute>
                <PointOnRoute id="OST:PointOnRoute:7437443" order="7" version="271">
                  <RoutePointRef ref="OST:RoutePoint:1040395_2" />
                </PointOnRoute>
                <PointOnRoute id="OST:PointOnRoute:7437441" order="5" version="271">
                  <RoutePointRef ref="OST:RoutePoint:1040115_1" />
                </PointOnRoute>
              </pointsInSequence>
            </Route>
          </routes>
          <lines>
            <Line id="OST:Line:1_207" version="271">
              <Name>Tronvik</Name>
              <TransportMode>bus</TransportMode>
              <TransportSubmode>
                <BusSubmode>localBus</BusSubmode>
              </TransportSubmode>
              <PublicCode>207</PublicCode>
              <PrivateCode>207</PrivateCode>
              <OperatorRef ref="OST:Operator:152" />
              <RepresentedByGroupRef ref="OST:GroupOfLines:bus_1" />
            </Line>
          </lines>
          <journeyPatterns>
            <JourneyPattern id="OST:JourneyPattern:207_Inbound_211210121982976_211210121975025" version="271">
              <Name>2-2</Name>
              <RouteRef ref="OST:Route:207_Inbound_211210121982976_211210121975025" version="271" />
              <pointsInSequence>
                <StopPointInJourneyPattern order="10" id="OST:StopPointInJourneyPattern:207_Inbound_211210121982976_10_211210121975025" version="271">
                  <ScheduledStopPointRef ref="OST:ScheduledStopPoint:1040420_1" />
                </StopPointInJourneyPattern>
                <StopPointInJourneyPattern order="8" id="OST:StopPointInJourneyPattern:207_Inbound_211210121982976_8_211210121975025" version="271">
                  <ScheduledStopPointRef ref="OST:ScheduledStopPoint:1040120_3" />
                </StopPointInJourneyPattern>
                <StopPointInJourneyPattern order="9" id="OST:StopPointInJourneyPattern:207_Inbound_211210121982976_9_211210121975025" version="271">
                  <ScheduledStopPointRef ref="OST:ScheduledStopPoint:1040115_2" />
                </StopPointInJourneyPattern>
                <StopPointInJourneyPattern order="6" id="OST:StopPointInJourneyPattern:207_Inbound_211210121982976_6_211210121975025" version="271">
                  <ScheduledStopPointRef ref="OST:ScheduledStopPoint:1040125_2" />
                </StopPointInJourneyPattern>
                <StopPointInJourneyPattern order="5" id="OST:StopPointInJourneyPattern:207_Inbound_211210121982976_5_211210121975025" version="271">
                  <ScheduledStopPointRef ref="OST:ScheduledStopPoint:1040395_1" />
                </StopPointInJourneyPattern>
                <StopPointInJourneyPattern order="1" id="OST:StopPointInJourneyPattern:207_Inbound_211210121982976_1_211210121975025" version="271">
                  <ForAlighting>false</ForAlighting>
                  <DestinationDisplayRef ref="OST:DestinationDisplay:316" />
                  <ScheduledStopPointRef ref="OST:ScheduledStopPoint:1040190_1" />
                </StopPointInJourneyPattern>
                <StopPointInJourneyPattern order="4" id="OST:StopPointInJourneyPattern:207_Inbound_211210121982976_4_211210121975025" version="271">
                  <ScheduledStopPointRef ref="OST:ScheduledStopPoint:1040130_2" />
                </StopPointInJourneyPattern>
                <StopPointInJourneyPattern order="3" id="OST:StopPointInJourneyPattern:207_Inbound_211210121982976_3_211210121975025" version="271">
                  <ScheduledStopPointRef ref="OST:ScheduledStopPoint:1040175_2" />
                </StopPointInJourneyPattern>
                <StopPointInJourneyPattern order="7" id="OST:StopPointInJourneyPattern:207_Inbound_211210121982976_7_211210121975025" version="271">
                  <ScheduledStopPointRef ref="OST:ScheduledStopPoint:1040405_1" />
                </StopPointInJourneyPattern>
                <StopPointInJourneyPattern order="11" id="OST:StopPointInJourneyPattern:207_Inbound_211210121982976_11_211210121975025" version="271">
                  <ScheduledStopPointRef ref="OST:ScheduledStopPoint:1040110_2" />
                </StopPointInJourneyPattern>
                <StopPointInJourneyPattern order="2" id="OST:StopPointInJourneyPattern:207_Inbound_211210121982976_2_211210121975025" version="271">
                  <ScheduledStopPointRef ref="OST:ScheduledStopPoint:1040180_1" />
                </StopPointInJourneyPattern>
                <StopPointInJourneyPattern order="13" id="OST:StopPointInJourneyPattern:207_Inbound_211210121982976_13_211210121975025" version="271">
                  <ForBoarding>false</ForBoarding>
                  <ScheduledStopPointRef ref="OST:ScheduledStopPoint:1041000_2" />
                </StopPointInJourneyPattern>
                <StopPointInJourneyPattern order="12" id="OST:StopPointInJourneyPattern:207_Inbound_211210121982976_12_211210121975025" version="271">
                  <ScheduledStopPointRef ref="OST:ScheduledStopPoint:1040105_2" />
                </StopPointInJourneyPattern>
              </pointsInSequence>
              <linksInSequence>
                <ServiceLinkInJourneyPattern order="2" id="OST:ServiceLinkInJourneyPattern:7437474" version="271">
                  <ServiceLinkRef ref="OST:ServiceLink:200811072683869_1_200811072683866_2_182" />
                </ServiceLinkInJourneyPattern>
                <ServiceLinkInJourneyPattern order="12" id="OST:ServiceLinkInJourneyPattern:7437486" version="271">
                  <ServiceLinkRef ref="OST:ServiceLink:200811072683821_2_200811072684194_2_554" />
                </ServiceLinkInJourneyPattern>
                <ServiceLinkInJourneyPattern order="7" id="OST:ServiceLinkInJourneyPattern:7437481" version="271">
                  <ServiceLinkRef ref="OST:ServiceLink:200811072683962_1_200811072683834_3_287" />
                </ServiceLinkInJourneyPattern>
                <ServiceLinkInJourneyPattern order="4" id="OST:ServiceLinkInJourneyPattern:7437478" version="271">
                  <ServiceLinkRef ref="OST:ServiceLink:200811072683842_2_200811072683957_1_554" />
                </ServiceLinkInJourneyPattern>
                <ServiceLinkInJourneyPattern order="8" id="OST:ServiceLinkInJourneyPattern:7437482" version="271">
                  <ServiceLinkRef ref="OST:ServiceLink:200811072683834_3_200811072683829_2_436" />
                </ServiceLinkInJourneyPattern>
                <ServiceLinkInJourneyPattern order="1" id="OST:ServiceLinkInJourneyPattern:7437472" version="271">
                  <ServiceLinkRef ref="OST:ServiceLink:200811072683875_1_200811072683869_1_465" />
                </ServiceLinkInJourneyPattern>
                <ServiceLinkInJourneyPattern order="5" id="OST:ServiceLinkInJourneyPattern:7437479" version="271">
                  <ServiceLinkRef ref="OST:ServiceLink:200811072683957_1_200811072683839_2_171" />
                </ServiceLinkInJourneyPattern>
                <ServiceLinkInJourneyPattern order="11" id="OST:ServiceLinkInJourneyPattern:7437485" version="271">
                  <ServiceLinkRef ref="OST:ServiceLink:200811072683824_2_200811072683821_2_308" />
                </ServiceLinkInJourneyPattern>
                <ServiceLinkInJourneyPattern order="10" id="OST:ServiceLinkInJourneyPattern:7437484" version="271">
                  <ServiceLinkRef ref="OST:ServiceLink:200811072683965_1_200811072683824_2_272" />
                </ServiceLinkInJourneyPattern>
                <ServiceLinkInJourneyPattern order="3" id="OST:ServiceLinkInJourneyPattern:7437476" version="271">
                  <ServiceLinkRef ref="OST:ServiceLink:200811072683866_2_200811072683842_2_452" />
                </ServiceLinkInJourneyPattern>
                <ServiceLinkInJourneyPattern order="6" id="OST:ServiceLinkInJourneyPattern:7437480" version="271">
                  <ServiceLinkRef ref="OST:ServiceLink:200811072683839_2_200811072683962_1_275" />
                </ServiceLinkInJourneyPattern>
                <ServiceLinkInJourneyPattern order="9" id="OST:ServiceLinkInJourneyPattern:7437483" version="271">
                  <ServiceLinkRef ref="OST:ServiceLink:200811072683829_2_200811072683965_1_635" />
                </ServiceLinkInJourneyPattern>
              </linksInSequence>
            </JourneyPattern>
            <JourneyPattern id="OST:JourneyPattern:207_Outbound_211210121982975_211210121975025" version="271">
              <Name>1-1</Name>
              <RouteRef ref="OST:Route:207_Outbound_211210121982975_211210121975025" version="271" />
              <pointsInSequence>
                <StopPointInJourneyPattern order="8" id="OST:StopPointInJourneyPattern:207_Outbound_211210121982975_8_211210121975025" version="271">
                  <ScheduledStopPointRef ref="OST:ScheduledStopPoint:1040175_1" />
                </StopPointInJourneyPattern>
                <StopPointInJourneyPattern order="9" id="OST:StopPointInJourneyPattern:207_Outbound_211210121982975_9_211210121975025" version="271">
                  <ScheduledStopPointRef ref="OST:ScheduledStopPoint:1040185_1" />
                </StopPointInJourneyPattern>
                <StopPointInJourneyPattern order="5" id="OST:StopPointInJourneyPattern:207_Outbound_211210121982975_5_211210121975025" version="271">
                  <ScheduledStopPointRef ref="OST:ScheduledStopPoint:1040115_1" />
                </StopPointInJourneyPattern>
                <StopPointInJourneyPattern order="7" id="OST:StopPointInJourneyPattern:207_Outbound_211210121982975_7_211210121975025" version="271">
                  <ScheduledStopPointRef ref="OST:ScheduledStopPoint:1040395_2" />
                </StopPointInJourneyPattern>
                <StopPointInJourneyPattern order="1" id="OST:StopPointInJourneyPattern:207_Outbound_211210121982975_1_211210121975025" version="271">
                  <ForAlighting>false</ForAlighting>
                  <DestinationDisplayRef ref="OST:DestinationDisplay:532" />
                  <ScheduledStopPointRef ref="OST:ScheduledStopPoint:1041000_1" />
                </StopPointInJourneyPattern>
                <StopPointInJourneyPattern order="2" id="OST:StopPointInJourneyPattern:207_Outbound_211210121982975_2_211210121975025" version="271">
                  <ScheduledStopPointRef ref="OST:ScheduledStopPoint:1040105_1" />
                </StopPointInJourneyPattern>
                <StopPointInJourneyPattern order="6" id="OST:StopPointInJourneyPattern:207_Outbound_211210121982975_6_211210121975025" version="271">
                  <ScheduledStopPointRef ref="OST:ScheduledStopPoint:1040120_1" />
                </StopPointInJourneyPattern>
                <StopPointInJourneyPattern order="10" id="OST:StopPointInJourneyPattern:207_Outbound_211210121982975_10_211210121975025" version="271">
                  <ForBoarding>false</ForBoarding>
                  <ScheduledStopPointRef ref="OST:ScheduledStopPoint:1040190_1" />
                </StopPointInJourneyPattern>
                <StopPointInJourneyPattern order="4" id="OST:StopPointInJourneyPattern:207_Outbound_211210121982975_4_211210121975025" version="271">
                  <ScheduledStopPointRef ref="OST:ScheduledStopPoint:1040422_1" />
                </StopPointInJourneyPattern>
                <StopPointInJourneyPattern order="3" id="OST:StopPointInJourneyPattern:207_Outbound_211210121982975_3_211210121975025" version="271">
                  <ScheduledStopPointRef ref="OST:ScheduledStopPoint:1040110_1" />
                </StopPointInJourneyPattern>
              </pointsInSequence>
              <linksInSequence>
                <ServiceLinkInJourneyPattern order="3" id="OST:ServiceLinkInJourneyPattern:7437462" version="271">
                  <ServiceLinkRef ref="OST:ServiceLink:200811072683826_1_200811072683971_1_494" />
                </ServiceLinkInJourneyPattern>
                <ServiceLinkInJourneyPattern order="6" id="OST:ServiceLinkInJourneyPattern:7437465" version="271">
                  <ServiceLinkRef ref="OST:ServiceLink:200811072683836_1_200811072683959_2_598" />
                </ServiceLinkInJourneyPattern>
                <ServiceLinkInJourneyPattern order="8" id="OST:ServiceLinkInJourneyPattern:7437468" version="271">
                  <ServiceLinkRef ref="OST:ServiceLink:200811072683864_1_200811072683872_1_456" />
                </ServiceLinkInJourneyPattern>
                <ServiceLinkInJourneyPattern order="2" id="OST:ServiceLinkInJourneyPattern:7437461" version="271">
                  <ServiceLinkRef ref="OST:ServiceLink:200811072683819_1_200811072683826_1_297" />
                </ServiceLinkInJourneyPattern>
                <ServiceLinkInJourneyPattern order="9" id="OST:ServiceLinkInJourneyPattern:7437470" version="271">
                  <ServiceLinkRef ref="OST:ServiceLink:200811072683872_1_200811072683875_1_188" />
                </ServiceLinkInJourneyPattern>
                <ServiceLinkInJourneyPattern order="5" id="OST:ServiceLinkInJourneyPattern:7437464" version="271">
                  <ServiceLinkRef ref="OST:ServiceLink:200811072683831_1_200811072683836_1_349" />
                </ServiceLinkInJourneyPattern>
                <ServiceLinkInJourneyPattern order="1" id="OST:ServiceLinkInJourneyPattern:7437460" version="271">
                  <ServiceLinkRef ref="OST:ServiceLink:200811072684192_1_200811072683819_1_508" />
                </ServiceLinkInJourneyPattern>
                <ServiceLinkInJourneyPattern order="4" id="OST:ServiceLinkInJourneyPattern:7437463" version="271">
                  <ServiceLinkRef ref="OST:ServiceLink:200811072683971_1_200811072683831_1_649" />
                </ServiceLinkInJourneyPattern>
                <ServiceLinkInJourneyPattern order="7" id="OST:ServiceLinkInJourneyPattern:7437466" version="271">
                  <ServiceLinkRef ref="OST:ServiceLink:200811072683959_2_200811072683864_1_1026" />
                </ServiceLinkInJourneyPattern>
              </linksInSequence>
            </JourneyPattern>
          </journeyPatterns>
        </ServiceFrame>
        <TimetableFrame id="2028727873" version="1">
          <vehicleJourneys>
            <ServiceJourney id="OST:ServiceJourney:207_211210122071351_11" publication="public" version="271">
              <Name>Tronvik</Name>
              <PrivateCode>11</PrivateCode>
              <dayTypes>
                <DayTypeRef ref="OST:DayType:101" />
              </dayTypes>
              <JourneyPatternRef ref="OST:JourneyPattern:207_Outbound_211210121982975_211210121975025" version="271" />
              <LineRef ref="OST:Line:1_207" version="271" />
              <OperatorRef ref="OST:Operator:152" />
              <passingTimes>
                <TimetabledPassingTime id="OST:TimetabledPassingTime:211210122071351_1_17_50_00" version="271">
                  <DepartureTime>17:50:00</DepartureTime>
                  <StopPointInJourneyPatternRef ref="OST:StopPointInJourneyPattern:207_Outbound_211210121982975_1_211210121975025" version="271" />
                </TimetabledPassingTime>
                <TimetabledPassingTime id="OST:TimetabledPassingTime:211210122071351_2_17_51_00" version="271">
                  <DepartureTime>17:51:00</DepartureTime>
                  <StopPointInJourneyPatternRef ref="OST:StopPointInJourneyPattern:207_Outbound_211210121982975_2_211210121975025" version="271" />
                </TimetabledPassingTime>
                <TimetabledPassingTime id="OST:TimetabledPassingTime:211210122071351_3_17_53_00" version="271">
                  <DepartureTime>17:53:00</DepartureTime>
                  <StopPointInJourneyPatternRef ref="OST:StopPointInJourneyPattern:207_Outbound_211210121982975_3_211210121975025" version="271" />
                </TimetabledPassingTime>
                <TimetabledPassingTime id="OST:TimetabledPassingTime:211210122071351_4_17_53_00" version="271">
                  <DepartureTime>17:53:00</DepartureTime>
                  <StopPointInJourneyPatternRef ref="OST:StopPointInJourneyPattern:207_Outbound_211210121982975_4_211210121975025" version="271" />
                </TimetabledPassingTime>
                <TimetabledPassingTime id="OST:TimetabledPassingTime:211210122071351_5_17_55_00" version="271">
                  <DepartureTime>17:55:00</DepartureTime>
                  <StopPointInJourneyPatternRef ref="OST:StopPointInJourneyPattern:207_Outbound_211210121982975_5_211210121975025" version="271" />
                </TimetabledPassingTime>
                <TimetabledPassingTime id="OST:TimetabledPassingTime:211210122071351_6_17_56_00" version="271">
                  <DepartureTime>17:56:00</DepartureTime>
                  <StopPointInJourneyPatternRef ref="OST:StopPointInJourneyPattern:207_Outbound_211210121982975_6_211210121975025" version="271" />
                </TimetabledPassingTime>
                <TimetabledPassingTime id="OST:TimetabledPassingTime:211210122071351_7_17_57_00" version="271">
                  <DepartureTime>17:57:00</DepartureTime>
                  <StopPointInJourneyPatternRef ref="OST:StopPointInJourneyPattern:207_Outbound_211210121982975_7_211210121975025" version="271" />
                </TimetabledPassingTime>
                <TimetabledPassingTime id="OST:TimetabledPassingTime:211210122071351_8_18_00_00" version="271">
                  <DepartureTime>18:00:00</DepartureTime>
                  <StopPointInJourneyPatternRef ref="OST:StopPointInJourneyPattern:207_Outbound_211210121982975_8_211210121975025" version="271" />
                </TimetabledPassingTime>
                <TimetabledPassingTime id="OST:TimetabledPassingTime:211210122071351_9_18_01_00" version="271">
                  <DepartureTime>18:01:00</DepartureTime>
                  <StopPointInJourneyPatternRef ref="OST:StopPointInJourneyPattern:207_Outbound_211210121982975_9_211210121975025" version="271" />
                </TimetabledPassingTime>
                <TimetabledPassingTime id="OST:TimetabledPassingTime:211210122071351_10_18_02_00" version="271">
                  <ArrivalTime>18:02:00</ArrivalTime>
                  <StopPointInJourneyPatternRef ref="OST:StopPointInJourneyPattern:207_Outbound_211210121982975_10_211210121975025" version="271" />
                </TimetabledPassingTime>
              </passingTimes>
            </ServiceJourney>
            <ServiceJourney id="OST:ServiceJourney:207_211210122071349_1" publication="public" version="271">
              <Name>Tronvik</Name>
              <PrivateCode>1</PrivateCode>
              <dayTypes>
                <DayTypeRef ref="OST:DayType:101" />
              </dayTypes>
              <JourneyPatternRef ref="OST:JourneyPattern:207_Outbound_211210121982975_211210121975025" version="271" />
              <LineRef ref="OST:Line:1_207" version="271" />
              <OperatorRef ref="OST:Operator:152" />
              <passingTimes>
                <TimetabledPassingTime id="OST:TimetabledPassingTime:211210122071349_1_05_36_00" version="271">
                  <DepartureTime>05:36:00</DepartureTime>
                  <StopPointInJourneyPatternRef ref="OST:StopPointInJourneyPattern:207_Outbound_211210121982975_1_211210121975025" version="271" />
                </TimetabledPassingTime>
                <TimetabledPassingTime id="OST:TimetabledPassingTime:211210122071349_2_05_37_00" version="271">
                  <DepartureTime>05:37:00</DepartureTime>
                  <StopPointInJourneyPatternRef ref="OST:StopPointInJourneyPattern:207_Outbound_211210121982975_2_211210121975025" version="271" />
                </TimetabledPassingTime>
                <TimetabledPassingTime id="OST:TimetabledPassingTime:211210122071349_4_05_39_00" version="271">
                  <DepartureTime>05:39:00</DepartureTime>
                  <StopPointInJourneyPatternRef ref="OST:StopPointInJourneyPattern:207_Outbound_211210121982975_4_211210121975025" version="271" />
                </TimetabledPassingTime>
                <TimetabledPassingTime id="OST:TimetabledPassingTime:211210122071349_3_05_39_00" version="271">
                  <DepartureTime>05:39:00</DepartureTime>
                  <StopPointInJourneyPatternRef ref="OST:StopPointInJourneyPattern:207_Outbound_211210121982975_3_211210121975025" version="271" />
                </TimetabledPassingTime>
                <TimetabledPassingTime id="OST:TimetabledPassingTime:211210122071349_5_05_41_00" version="271">
                  <DepartureTime>05:41:00</DepartureTime>
                  <StopPointInJourneyPatternRef ref="OST:StopPointInJourneyPattern:207_Outbound_211210121982975_5_211210121975025" version="271" />
                </TimetabledPassingTime>
                <TimetabledPassingTime id="OST:TimetabledPassingTime:211210122071349_6_05_42_00" version="271">
                  <DepartureTime>05:42:00</DepartureTime>
                  <StopPointInJourneyPatternRef ref="OST:StopPointInJourneyPattern:207_Outbound_211210121982975_6_211210121975025" version="271" />
                </TimetabledPassingTime>
                <TimetabledPassingTime id="OST:TimetabledPassingTime:211210122071349_7_05_43_00" version="271">
                  <DepartureTime>05:43:00</DepartureTime>
                  <StopPointInJourneyPatternRef ref="OST:StopPointInJourneyPattern:207_Outbound_211210121982975_7_211210121975025" version="271" />
                </TimetabledPassingTime>
                <TimetabledPassingTime id="OST:TimetabledPassingTime:211210122071349_8_05_46_00" version="271">
                  <DepartureTime>05:46:00</DepartureTime>
                  <StopPointInJourneyPatternRef ref="OST:StopPointInJourneyPattern:207_Outbound_211210121982975_8_211210121975025" version="271" />
                </TimetabledPassingTime>
                <TimetabledPassingTime id="OST:TimetabledPassingTime:211210122071349_9_05_47_00" version="271">
                  <DepartureTime>05:47:00</DepartureTime>
                  <StopPointInJourneyPatternRef ref="OST:StopPointInJourneyPattern:207_Outbound_211210121982975_9_211210121975025" version="271" />
                </TimetabledPassingTime>
                <TimetabledPassingTime id="OST:TimetabledPassingTime:211210122071349_10_05_48_00" version="271">
                  <ArrivalTime>05:48:00</ArrivalTime>
                  <StopPointInJourneyPatternRef ref="OST:StopPointInJourneyPattern:207_Outbound_211210121982975_10_211210121975025" version="271" />
                </TimetabledPassingTime>
              </passingTimes>
            </ServiceJourney>
            <ServiceJourney id="OST:ServiceJourney:207_211210122071358_7" publication="public" version="271">
              <Name>Tronvik</Name>
              <PrivateCode>7</PrivateCode>
              <dayTypes>
                <DayTypeRef ref="OST:DayType:101" />
              </dayTypes>
              <JourneyPatternRef ref="OST:JourneyPattern:207_Outbound_211210121982975_211210121975025" version="271" />
              <LineRef ref="OST:Line:1_207" version="271" />
              <OperatorRef ref="OST:Operator:152" />
              <passingTimes>
                <TimetabledPassingTime id="OST:TimetabledPassingTime:211210122071358_1_15_50_00" version="271">
                  <DepartureTime>15:50:00</DepartureTime>
                  <StopPointInJourneyPatternRef ref="OST:StopPointInJourneyPattern:207_Outbound_211210121982975_1_211210121975025" version="271" />
                </TimetabledPassingTime>
                <TimetabledPassingTime id="OST:TimetabledPassingTime:211210122071358_2_15_51_00" version="271">
                  <DepartureTime>15:51:00</DepartureTime>
                  <StopPointInJourneyPatternRef ref="OST:StopPointInJourneyPattern:207_Outbound_211210121982975_2_211210121975025" version="271" />
                </TimetabledPassingTime>
                <TimetabledPassingTime id="OST:TimetabledPassingTime:211210122071358_4_15_53_00" version="271">
                  <DepartureTime>15:53:00</DepartureTime>
                  <StopPointInJourneyPatternRef ref="OST:StopPointInJourneyPattern:207_Outbound_211210121982975_4_211210121975025" version="271" />
                </TimetabledPassingTime>
                <TimetabledPassingTime id="OST:TimetabledPassingTime:211210122071358_3_15_53_00" version="271">
                  <DepartureTime>15:53:00</DepartureTime>
                  <StopPointInJourneyPatternRef ref="OST:StopPointInJourneyPattern:207_Outbound_211210121982975_3_211210121975025" version="271" />
                </TimetabledPassingTime>
                <TimetabledPassingTime id="OST:TimetabledPassingTime:211210122071358_5_15_55_00" version="271">
                  <DepartureTime>15:55:00</DepartureTime>
                  <StopPointInJourneyPatternRef ref="OST:StopPointInJourneyPattern:207_Outbound_211210121982975_5_211210121975025" version="271" />
                </TimetabledPassingTime>
                <TimetabledPassingTime id="OST:TimetabledPassingTime:211210122071358_6_15_56_00" version="271">
                  <DepartureTime>15:56:00</DepartureTime>
                  <StopPointInJourneyPatternRef ref="OST:StopPointInJourneyPattern:207_Outbound_211210121982975_6_211210121975025" version="271" />
                </TimetabledPassingTime>
                <TimetabledPassingTime id="OST:TimetabledPassingTime:211210122071358_7_15_57_00" version="271">
                  <DepartureTime>15:57:00</DepartureTime>
                  <StopPointInJourneyPatternRef ref="OST:StopPointInJourneyPattern:207_Outbound_211210121982975_7_211210121975025" version="271" />
                </TimetabledPassingTime>
                <TimetabledPassingTime id="OST:TimetabledPassingTime:211210122071358_8_16_00_00" version="271">
                  <DepartureTime>16:00:00</DepartureTime>
                  <StopPointInJourneyPatternRef ref="OST:StopPointInJourneyPattern:207_Outbound_211210121982975_8_211210121975025" version="271" />
                </TimetabledPassingTime>
                <TimetabledPassingTime id="OST:TimetabledPassingTime:211210122071358_9_16_01_00" version="271">
                  <DepartureTime>16:01:00</DepartureTime>
                  <StopPointInJourneyPatternRef ref="OST:StopPointInJourneyPattern:207_Outbound_211210121982975_9_211210121975025" version="271" />
                </TimetabledPassingTime>
                <TimetabledPassingTime id="OST:TimetabledPassingTime:211210122071358_10_16_02_00" version="271">
                  <ArrivalTime>16:02:00</ArrivalTime>
                  <StopPointInJourneyPatternRef ref="OST:StopPointInJourneyPattern:207_Outbound_211210121982975_10_211210121975025" version="271" />
                </TimetabledPassingTime>
              </passingTimes>
            </ServiceJourney>
            <ServiceJourney id="OST:ServiceJourney:207_211210122071354_3" publication="public" version="271">
              <Name>Tronvik</Name>
              <PrivateCode>3</PrivateCode>
              <dayTypes>
                <DayTypeRef ref="OST:DayType:101" />
              </dayTypes>
              <JourneyPatternRef ref="OST:JourneyPattern:207_Outbound_211210121982975_211210121975025" version="271" />
              <LineRef ref="OST:Line:1_207" version="271" />
              <OperatorRef ref="OST:Operator:152" />
              <passingTimes>
                <TimetabledPassingTime id="OST:TimetabledPassingTime:211210122071354_1_06_36_00" version="271">
                  <DepartureTime>06:36:00</DepartureTime>
                  <StopPointInJourneyPatternRef ref="OST:StopPointInJourneyPattern:207_Outbound_211210121982975_1_211210121975025" version="271" />
                </TimetabledPassingTime>
                <TimetabledPassingTime id="OST:TimetabledPassingTime:211210122071354_2_06_37_00" version="271">
                  <DepartureTime>06:37:00</DepartureTime>
                  <StopPointInJourneyPatternRef ref="OST:StopPointInJourneyPattern:207_Outbound_211210121982975_2_211210121975025" version="271" />
                </TimetabledPassingTime>
                <TimetabledPassingTime id="OST:TimetabledPassingTime:211210122071354_4_06_39_00" version="271">
                  <DepartureTime>06:39:00</DepartureTime>
                  <StopPointInJourneyPatternRef ref="OST:StopPointInJourneyPattern:207_Outbound_211210121982975_4_211210121975025" version="271" />
                </TimetabledPassingTime>
                <TimetabledPassingTime id="OST:TimetabledPassingTime:211210122071354_3_06_39_00" version="271">
                  <DepartureTime>06:39:00</DepartureTime>
                  <StopPointInJourneyPatternRef ref="OST:StopPointInJourneyPattern:207_Outbound_211210121982975_3_211210121975025" version="271" />
                </TimetabledPassingTime>
                <TimetabledPassingTime id="OST:TimetabledPassingTime:211210122071354_5_06_41_00" version="271">
                  <DepartureTime>06:41:00</DepartureTime>
                  <StopPointInJourneyPatternRef ref="OST:StopPointInJourneyPattern:207_Outbound_211210121982975_5_211210121975025" version="271" />
                </TimetabledPassingTime>
                <TimetabledPassingTime id="OST:TimetabledPassingTime:211210122071354_6_06_42_00" version="271">
                  <DepartureTime>06:42:00</DepartureTime>
                  <StopPointInJourneyPatternRef ref="OST:StopPointInJourneyPattern:207_Outbound_211210121982975_6_211210121975025" version="271" />
                </TimetabledPassingTime>
                <TimetabledPassingTime id="OST:TimetabledPassingTime:211210122071354_7_06_43_00" version="271">
                  <DepartureTime>06:43:00</DepartureTime>
                  <StopPointInJourneyPatternRef ref="OST:StopPointInJourneyPattern:207_Outbound_211210121982975_7_211210121975025" version="271" />
                </TimetabledPassingTime>
                <TimetabledPassingTime id="OST:TimetabledPassingTime:211210122071354_8_06_46_00" version="271">
                  <DepartureTime>06:46:00</DepartureTime>
                  <StopPointInJourneyPatternRef ref="OST:StopPointInJourneyPattern:207_Outbound_211210121982975_8_211210121975025" version="271" />
                </TimetabledPassingTime>
                <TimetabledPassingTime id="OST:TimetabledPassingTime:211210122071354_9_06_47_00" version="271">
                  <DepartureTime>06:47:00</DepartureTime>
                  <StopPointInJourneyPatternRef ref="OST:StopPointInJourneyPattern:207_Outbound_211210121982975_9_211210121975025" version="271" />
                </TimetabledPassingTime>
                <TimetabledPassingTime id="OST:TimetabledPassingTime:211210122071354_10_06_48_00" version="271">
                  <ArrivalTime>06:48:00</ArrivalTime>
                  <StopPointInJourneyPatternRef ref="OST:StopPointInJourneyPattern:207_Outbound_211210121982975_10_211210121975025" version="271" />
                </TimetabledPassingTime>
              </passingTimes>
            </ServiceJourney>
            <ServiceJourney id="OST:ServiceJourney:207_211210122071356_5" publication="public" version="271">
              <Name>Tronvik</Name>
              <PrivateCode>5</PrivateCode>
              <dayTypes>
                <DayTypeRef ref="OST:DayType:101" />
              </dayTypes>
              <JourneyPatternRef ref="OST:JourneyPattern:207_Outbound_211210121982975_211210121975025" version="271" />
              <LineRef ref="OST:Line:1_207" version="271" />
              <OperatorRef ref="OST:Operator:152" />
              <passingTimes>
                <TimetabledPassingTime id="OST:TimetabledPassingTime:211210122071356_1_07_36_00" version="271">
                  <DepartureTime>07:36:00</DepartureTime>
                  <StopPointInJourneyPatternRef ref="OST:StopPointInJourneyPattern:207_Outbound_211210121982975_1_211210121975025" version="271" />
                </TimetabledPassingTime>
                <TimetabledPassingTime id="OST:TimetabledPassingTime:211210122071356_2_07_37_00" version="271">
                  <DepartureTime>07:37:00</DepartureTime>
                  <StopPointInJourneyPatternRef ref="OST:StopPointInJourneyPattern:207_Outbound_211210121982975_2_211210121975025" version="271" />
                </TimetabledPassingTime>
                <TimetabledPassingTime id="OST:TimetabledPassingTime:211210122071356_4_07_39_00" version="271">
                  <DepartureTime>07:39:00</DepartureTime>
                  <StopPointInJourneyPatternRef ref="OST:StopPointInJourneyPattern:207_Outbound_211210121982975_4_211210121975025" version="271" />
                </TimetabledPassingTime>
                <TimetabledPassingTime id="OST:TimetabledPassingTime:211210122071356_3_07_39_00" version="271">
                  <DepartureTime>07:39:00</DepartureTime>
                  <StopPointInJourneyPatternRef ref="OST:StopPointInJourneyPattern:207_Outbound_211210121982975_3_211210121975025" version="271" />
                </TimetabledPassingTime>
                <TimetabledPassingTime id="OST:TimetabledPassingTime:211210122071356_5_07_41_00" version="271">
                  <DepartureTime>07:41:00</DepartureTime>
                  <StopPointInJourneyPatternRef ref="OST:StopPointInJourneyPattern:207_Outbound_211210121982975_5_211210121975025" version="271" />
                </TimetabledPassingTime>
                <TimetabledPassingTime id="OST:TimetabledPassingTime:211210122071356_6_07_42_00" version="271">
                  <DepartureTime>07:42:00</DepartureTime>
                  <StopPointInJourneyPatternRef ref="OST:StopPointInJourneyPattern:207_Outbound_211210121982975_6_211210121975025" version="271" />
                </TimetabledPassingTime>
                <TimetabledPassingTime id="OST:TimetabledPassingTime:211210122071356_7_07_43_00" version="271">
                  <DepartureTime>07:43:00</DepartureTime>
                  <StopPointInJourneyPatternRef ref="OST:StopPointInJourneyPattern:207_Outbound_211210121982975_7_211210121975025" version="271" />
                </TimetabledPassingTime>
                <TimetabledPassingTime id="OST:TimetabledPassingTime:211210122071356_8_07_46_00" version="271">
                  <DepartureTime>07:46:00</DepartureTime>
                  <StopPointInJourneyPatternRef ref="OST:StopPointInJourneyPattern:207_Outbound_211210121982975_8_211210121975025" version="271" />
                </TimetabledPassingTime>
                <TimetabledPassingTime id="OST:TimetabledPassingTime:211210122071356_9_07_47_00" version="271">
                  <DepartureTime>07:47:00</DepartureTime>
                  <StopPointInJourneyPatternRef ref="OST:StopPointInJourneyPattern:207_Outbound_211210121982975_9_211210121975025" version="271" />
                </TimetabledPassingTime>
                <TimetabledPassingTime id="OST:TimetabledPassingTime:211210122071356_10_07_48_00" version="271">
                  <ArrivalTime>07:48:00</ArrivalTime>
                  <StopPointInJourneyPatternRef ref="OST:StopPointInJourneyPattern:207_Outbound_211210121982975_10_211210121975025" version="271" />
                </TimetabledPassingTime>
              </passingTimes>
            </ServiceJourney>
            <ServiceJourney id="OST:ServiceJourney:207_211210122071350_10" publication="public" version="271">
              <Name>Moss sentrum</Name>
              <PrivateCode>10</PrivateCode>
              <dayTypes>
                <DayTypeRef ref="OST:DayType:101" />
              </dayTypes>
              <JourneyPatternRef ref="OST:JourneyPattern:207_Inbound_211210121982976_211210121975025" version="271" />
              <LineRef ref="OST:Line:1_207" version="271" />
              <OperatorRef ref="OST:Operator:152" />
              <passingTimes>
                <TimetabledPassingTime id="OST:TimetabledPassingTime:211210122071350_2_17_04_00" version="271">
                  <DepartureTime>17:04:00</DepartureTime>
                  <StopPointInJourneyPatternRef ref="OST:StopPointInJourneyPattern:207_Inbound_211210121982976_2_211210121975025" version="271" />
                </TimetabledPassingTime>
                <TimetabledPassingTime id="OST:TimetabledPassingTime:211210122071350_1_17_04_00" version="271">
                  <DepartureTime>17:04:00</DepartureTime>
                  <StopPointInJourneyPatternRef ref="OST:StopPointInJourneyPattern:207_Inbound_211210121982976_1_211210121975025" version="271" />
                </TimetabledPassingTime>
                <TimetabledPassingTime id="OST:TimetabledPassingTime:211210122071350_3_17_05_00" version="271">
                  <DepartureTime>17:05:00</DepartureTime>
                  <StopPointInJourneyPatternRef ref="OST:StopPointInJourneyPattern:207_Inbound_211210121982976_3_211210121975025" version="271" />
                </TimetabledPassingTime>
                <TimetabledPassingTime id="OST:TimetabledPassingTime:211210122071350_4_17_06_00" version="271">
                  <DepartureTime>17:06:00</DepartureTime>
                  <StopPointInJourneyPatternRef ref="OST:StopPointInJourneyPattern:207_Inbound_211210121982976_4_211210121975025" version="271" />
                </TimetabledPassingTime>
                <TimetabledPassingTime id="OST:TimetabledPassingTime:211210122071350_5_17_07_00" version="271">
                  <DepartureTime>17:07:00</DepartureTime>
                  <StopPointInJourneyPatternRef ref="OST:StopPointInJourneyPattern:207_Inbound_211210121982976_5_211210121975025" version="271" />
                </TimetabledPassingTime>
                <TimetabledPassingTime id="OST:TimetabledPassingTime:211210122071350_6_17_07_00" version="271">
                  <DepartureTime>17:07:00</DepartureTime>
                  <StopPointInJourneyPatternRef ref="OST:StopPointInJourneyPattern:207_Inbound_211210121982976_6_211210121975025" version="271" />
                </TimetabledPassingTime>
                <TimetabledPassingTime id="OST:TimetabledPassingTime:211210122071350_7_17_08_00" version="271">
                  <DepartureTime>17:08:00</DepartureTime>
                  <StopPointInJourneyPatternRef ref="OST:StopPointInJourneyPattern:207_Inbound_211210121982976_7_211210121975025" version="271" />
                </TimetabledPassingTime>
                <TimetabledPassingTime id="OST:TimetabledPassingTime:211210122071350_8_17_09_00" version="271">
                  <DepartureTime>17:09:00</DepartureTime>
                  <StopPointInJourneyPatternRef ref="OST:StopPointInJourneyPattern:207_Inbound_211210121982976_8_211210121975025" version="271" />
                </TimetabledPassingTime>
                <TimetabledPassingTime id="OST:TimetabledPassingTime:211210122071350_9_17_10_00" version="271">
                  <DepartureTime>17:10:00</DepartureTime>
                  <StopPointInJourneyPatternRef ref="OST:StopPointInJourneyPattern:207_Inbound_211210121982976_9_211210121975025" version="271" />
                </TimetabledPassingTime>
                <TimetabledPassingTime id="OST:TimetabledPassingTime:211210122071350_10_17_11_00" version="271">
                  <DepartureTime>17:11:00</DepartureTime>
                  <StopPointInJourneyPatternRef ref="OST:StopPointInJourneyPattern:207_Inbound_211210121982976_10_211210121975025" version="271" />
                </TimetabledPassingTime>
                <TimetabledPassingTime id="OST:TimetabledPassingTime:211210122071350_11_17_12_00" version="271">
                  <DepartureTime>17:12:00</DepartureTime>
                  <StopPointInJourneyPatternRef ref="OST:StopPointInJourneyPattern:207_Inbound_211210121982976_11_211210121975025" version="271" />
                </TimetabledPassingTime>
                <TimetabledPassingTime id="OST:TimetabledPassingTime:211210122071350_12_17_13_00" version="271">
                  <DepartureTime>17:13:00</DepartureTime>
                  <StopPointInJourneyPatternRef ref="OST:StopPointInJourneyPattern:207_Inbound_211210121982976_12_211210121975025" version="271" />
                </TimetabledPassingTime>
                <TimetabledPassingTime id="OST:TimetabledPassingTime:211210122071350_13_17_15_00" version="271">
                  <ArrivalTime>17:15:00</ArrivalTime>
                  <StopPointInJourneyPatternRef ref="OST:StopPointInJourneyPattern:207_Inbound_211210121982976_13_211210121975025" version="271" />
                </TimetabledPassingTime>
              </passingTimes>
            </ServiceJourney>
            <ServiceJourney id="OST:ServiceJourney:207_211210122071357_6" publication="public" version="271">
              <Name>Moss sentrum</Name>
              <PrivateCode>6</PrivateCode>
              <dayTypes>
                <DayTypeRef ref="OST:DayType:101" />
              </dayTypes>
              <JourneyPatternRef ref="OST:JourneyPattern:207_Inbound_211210121982976_211210121975025" version="271" />
              <LineRef ref="OST:Line:1_207" version="271" />
              <OperatorRef ref="OST:Operator:152" />
              <passingTimes>
                <TimetabledPassingTime id="OST:TimetabledPassingTime:211210122071357_2_07_50_00" version="271">
                  <DepartureTime>07:50:00</DepartureTime>
                  <StopPointInJourneyPatternRef ref="OST:StopPointInJourneyPattern:207_Inbound_211210121982976_2_211210121975025" version="271" />
                </TimetabledPassingTime>
                <TimetabledPassingTime id="OST:TimetabledPassingTime:211210122071357_1_07_50_00" version="271">
                  <DepartureTime>07:50:00</DepartureTime>
                  <StopPointInJourneyPatternRef ref="OST:StopPointInJourneyPattern:207_Inbound_211210121982976_1_211210121975025" version="271" />
                </TimetabledPassingTime>
                <TimetabledPassingTime id="OST:TimetabledPassingTime:211210122071357_3_07_51_00" version="271">
                  <DepartureTime>07:51:00</DepartureTime>
                  <StopPointInJourneyPatternRef ref="OST:StopPointInJourneyPattern:207_Inbound_211210121982976_3_211210121975025" version="271" />
                </TimetabledPassingTime>
                <TimetabledPassingTime id="OST:TimetabledPassingTime:211210122071357_4_07_52_00" version="271">
                  <DepartureTime>07:52:00</DepartureTime>
                  <StopPointInJourneyPatternRef ref="OST:StopPointInJourneyPattern:207_Inbound_211210121982976_4_211210121975025" version="271" />
                </TimetabledPassingTime>
                <TimetabledPassingTime id="OST:TimetabledPassingTime:211210122071357_5_07_53_00" version="271">
                  <DepartureTime>07:53:00</DepartureTime>
                  <StopPointInJourneyPatternRef ref="OST:StopPointInJourneyPattern:207_Inbound_211210121982976_5_211210121975025" version="271" />
                </TimetabledPassingTime>
                <TimetabledPassingTime id="OST:TimetabledPassingTime:211210122071357_6_07_53_00" version="271">
                  <DepartureTime>07:53:00</DepartureTime>
                  <StopPointInJourneyPatternRef ref="OST:StopPointInJourneyPattern:207_Inbound_211210121982976_6_211210121975025" version="271" />
                </TimetabledPassingTime>
                <TimetabledPassingTime id="OST:TimetabledPassingTime:211210122071357_7_07_54_00" version="271">
                  <DepartureTime>07:54:00</DepartureTime>
                  <StopPointInJourneyPatternRef ref="OST:StopPointInJourneyPattern:207_Inbound_211210121982976_7_211210121975025" version="271" />
                </TimetabledPassingTime>
                <TimetabledPassingTime id="OST:TimetabledPassingTime:211210122071357_8_07_55_00" version="271">
                  <DepartureTime>07:55:00</DepartureTime>
                  <StopPointInJourneyPatternRef ref="OST:StopPointInJourneyPattern:207_Inbound_211210121982976_8_211210121975025" version="271" />
                </TimetabledPassingTime>
                <TimetabledPassingTime id="OST:TimetabledPassingTime:211210122071357_9_07_56_00" version="271">
                  <DepartureTime>07:56:00</DepartureTime>
                  <StopPointInJourneyPatternRef ref="OST:StopPointInJourneyPattern:207_Inbound_211210121982976_9_211210121975025" version="271" />
                </TimetabledPassingTime>
                <TimetabledPassingTime id="OST:TimetabledPassingTime:211210122071357_10_07_57_00" version="271">
                  <DepartureTime>07:57:00</DepartureTime>
                  <StopPointInJourneyPatternRef ref="OST:StopPointInJourneyPattern:207_Inbound_211210121982976_10_211210121975025" version="271" />
                </TimetabledPassingTime>
                <TimetabledPassingTime id="OST:TimetabledPassingTime:211210122071357_11_07_58_00" version="271">
                  <DepartureTime>07:58:00</DepartureTime>
                  <StopPointInJourneyPatternRef ref="OST:StopPointInJourneyPattern:207_Inbound_211210121982976_11_211210121975025" version="271" />
                </TimetabledPassingTime>
                <TimetabledPassingTime id="OST:TimetabledPassingTime:211210122071357_12_07_59_00" version="271">
                  <DepartureTime>07:59:00</DepartureTime>
                  <StopPointInJourneyPatternRef ref="OST:StopPointInJourneyPattern:207_Inbound_211210121982976_12_211210121975025" version="271" />
                </TimetabledPassingTime>
                <TimetabledPassingTime id="OST:TimetabledPassingTime:211210122071357_13_08_01_00" version="271">
                  <ArrivalTime>08:01:00</ArrivalTime>
                  <StopPointInJourneyPatternRef ref="OST:StopPointInJourneyPattern:207_Inbound_211210121982976_13_211210121975025" version="271" />
                </TimetabledPassingTime>
              </passingTimes>
            </ServiceJourney>
            <ServiceJourney id="OST:ServiceJourney:207_211210122071353_2" publication="public" version="271">
              <Name>Moss sentrum</Name>
              <PrivateCode>2</PrivateCode>
              <dayTypes>
                <DayTypeRef ref="OST:DayType:101" />
              </dayTypes>
              <JourneyPatternRef ref="OST:JourneyPattern:207_Inbound_211210121982976_211210121975025" version="271" />
              <LineRef ref="OST:Line:1_207" version="271" />
              <OperatorRef ref="OST:Operator:152" />
              <passingTimes>
                <TimetabledPassingTime id="OST:TimetabledPassingTime:211210122071353_1_05_50_00" version="271">
                  <DepartureTime>05:50:00</DepartureTime>
                  <StopPointInJourneyPatternRef ref="OST:StopPointInJourneyPattern:207_Inbound_211210121982976_1_211210121975025" version="271" />
                </TimetabledPassingTime>
                <TimetabledPassingTime id="OST:TimetabledPassingTime:211210122071353_2_05_50_00" version="271">
                  <DepartureTime>05:50:00</DepartureTime>
                  <StopPointInJourneyPatternRef ref="OST:StopPointInJourneyPattern:207_Inbound_211210121982976_2_211210121975025" version="271" />
                </TimetabledPassingTime>
                <TimetabledPassingTime id="OST:TimetabledPassingTime:211210122071353_3_05_51_00" version="271">
                  <DepartureTime>05:51:00</DepartureTime>
                  <StopPointInJourneyPatternRef ref="OST:StopPointInJourneyPattern:207_Inbound_211210121982976_3_211210121975025" version="271" />
                </TimetabledPassingTime>
                <TimetabledPassingTime id="OST:TimetabledPassingTime:211210122071353_4_05_52_00" version="271">
                  <DepartureTime>05:52:00</DepartureTime>
                  <StopPointInJourneyPatternRef ref="OST:StopPointInJourneyPattern:207_Inbound_211210121982976_4_211210121975025" version="271" />
                </TimetabledPassingTime>
                <TimetabledPassingTime id="OST:TimetabledPassingTime:211210122071353_6_05_53_00" version="271">
                  <DepartureTime>05:53:00</DepartureTime>
                  <StopPointInJourneyPatternRef ref="OST:StopPointInJourneyPattern:207_Inbound_211210121982976_6_211210121975025" version="271" />
                </TimetabledPassingTime>
                <TimetabledPassingTime id="OST:TimetabledPassingTime:211210122071353_5_05_53_00" version="271">
                  <DepartureTime>05:53:00</DepartureTime>
                  <StopPointInJourneyPatternRef ref="OST:StopPointInJourneyPattern:207_Inbound_211210121982976_5_211210121975025" version="271" />
                </TimetabledPassingTime>
                <TimetabledPassingTime id="OST:TimetabledPassingTime:211210122071353_7_05_54_00" version="271">
                  <DepartureTime>05:54:00</DepartureTime>
                  <StopPointInJourneyPatternRef ref="OST:StopPointInJourneyPattern:207_Inbound_211210121982976_7_211210121975025" version="271" />
                </TimetabledPassingTime>
                <TimetabledPassingTime id="OST:TimetabledPassingTime:211210122071353_8_05_55_00" version="271">
                  <DepartureTime>05:55:00</DepartureTime>
                  <StopPointInJourneyPatternRef ref="OST:StopPointInJourneyPattern:207_Inbound_211210121982976_8_211210121975025" version="271" />
                </TimetabledPassingTime>
                <TimetabledPassingTime id="OST:TimetabledPassingTime:211210122071353_9_05_56_00" version="271">
                  <DepartureTime>05:56:00</DepartureTime>
                  <StopPointInJourneyPatternRef ref="OST:StopPointInJourneyPattern:207_Inbound_211210121982976_9_211210121975025" version="271" />
                </TimetabledPassingTime>
                <TimetabledPassingTime id="OST:TimetabledPassingTime:211210122071353_10_05_57_00" version="271">
                  <DepartureTime>05:57:00</DepartureTime>
                  <StopPointInJourneyPatternRef ref="OST:StopPointInJourneyPattern:207_Inbound_211210121982976_10_211210121975025" version="271" />
                </TimetabledPassingTime>
                <TimetabledPassingTime id="OST:TimetabledPassingTime:211210122071353_11_05_58_00" version="271">
                  <DepartureTime>05:58:00</DepartureTime>
                  <StopPointInJourneyPatternRef ref="OST:StopPointInJourneyPattern:207_Inbound_211210121982976_11_211210121975025" version="271" />
                </TimetabledPassingTime>
                <TimetabledPassingTime id="OST:TimetabledPassingTime:211210122071353_12_05_59_00" version="271">
                  <DepartureTime>05:59:00</DepartureTime>
                  <StopPointInJourneyPatternRef ref="OST:StopPointInJourneyPattern:207_Inbound_211210121982976_12_211210121975025" version="271" />
                </TimetabledPassingTime>
                <TimetabledPassingTime id="OST:TimetabledPassingTime:211210122071353_13_06_01_00" version="271">
                  <ArrivalTime>06:01:00</ArrivalTime>
                  <StopPointInJourneyPatternRef ref="OST:StopPointInJourneyPattern:207_Inbound_211210121982976_13_211210121975025" version="271" />
                </TimetabledPassingTime>
              </passingTimes>
            </ServiceJourney>
            <ServiceJourney id="OST:ServiceJourney:207_211210122071352_12" publication="public" version="271">
              <Name>Moss sentrum</Name>
              <PrivateCode>12</PrivateCode>
              <dayTypes>
                <DayTypeRef ref="OST:DayType:101" />
              </dayTypes>
              <JourneyPatternRef ref="OST:JourneyPattern:207_Inbound_211210121982976_211210121975025" version="271" />
              <LineRef ref="OST:Line:1_207" version="271" />
              <OperatorRef ref="OST:Operator:152" />
              <passingTimes>
                <TimetabledPassingTime id="OST:TimetabledPassingTime:211210122071352_1_18_04_00" version="271">
                  <DepartureTime>18:04:00</DepartureTime>
                  <StopPointInJourneyPatternRef ref="OST:StopPointInJourneyPattern:207_Inbound_211210121982976_1_211210121975025" version="271" />
                </TimetabledPassingTime>
                <TimetabledPassingTime id="OST:TimetabledPassingTime:211210122071352_2_18_04_00" version="271">
                  <DepartureTime>18:04:00</DepartureTime>
                  <StopPointInJourneyPatternRef ref="OST:StopPointInJourneyPattern:207_Inbound_211210121982976_2_211210121975025" version="271" />
                </TimetabledPassingTime>
                <TimetabledPassingTime id="OST:TimetabledPassingTime:211210122071352_3_18_05_00" version="271">
                  <DepartureTime>18:05:00</DepartureTime>
                  <StopPointInJourneyPatternRef ref="OST:StopPointInJourneyPattern:207_Inbound_211210121982976_3_211210121975025" version="271" />
                </TimetabledPassingTime>
                <TimetabledPassingTime id="OST:TimetabledPassingTime:211210122071352_4_18_06_00" version="271">
                  <DepartureTime>18:06:00</DepartureTime>
                  <StopPointInJourneyPatternRef ref="OST:StopPointInJourneyPattern:207_Inbound_211210121982976_4_211210121975025" version="271" />
                </TimetabledPassingTime>
                <TimetabledPassingTime id="OST:TimetabledPassingTime:211210122071352_6_18_07_00" version="271">
                  <DepartureTime>18:07:00</DepartureTime>
                  <StopPointInJourneyPatternRef ref="OST:StopPointInJourneyPattern:207_Inbound_211210121982976_6_211210121975025" version="271" />
                </TimetabledPassingTime>
                <TimetabledPassingTime id="OST:TimetabledPassingTime:211210122071352_5_18_07_00" version="271">
                  <DepartureTime>18:07:00</DepartureTime>
                  <StopPointInJourneyPatternRef ref="OST:StopPointInJourneyPattern:207_Inbound_211210121982976_5_211210121975025" version="271" />
                </TimetabledPassingTime>
                <TimetabledPassingTime id="OST:TimetabledPassingTime:211210122071352_7_18_08_00" version="271">
                  <DepartureTime>18:08:00</DepartureTime>
                  <StopPointInJourneyPatternRef ref="OST:StopPointInJourneyPattern:207_Inbound_211210121982976_7_211210121975025" version="271" />
                </TimetabledPassingTime>
                <TimetabledPassingTime id="OST:TimetabledPassingTime:211210122071352_8_18_09_00" version="271">
                  <DepartureTime>18:09:00</DepartureTime>
                  <StopPointInJourneyPatternRef ref="OST:StopPointInJourneyPattern:207_Inbound_211210121982976_8_211210121975025" version="271" />
                </TimetabledPassingTime>
                <TimetabledPassingTime id="OST:TimetabledPassingTime:211210122071352_9_18_10_00" version="271">
                  <DepartureTime>18:10:00</DepartureTime>
                  <StopPointInJourneyPatternRef ref="OST:StopPointInJourneyPattern:207_Inbound_211210121982976_9_211210121975025" version="271" />
                </TimetabledPassingTime>
                <TimetabledPassingTime id="OST:TimetabledPassingTime:211210122071352_10_18_11_00" version="271">
                  <DepartureTime>18:11:00</DepartureTime>
                  <StopPointInJourneyPatternRef ref="OST:StopPointInJourneyPattern:207_Inbound_211210121982976_10_211210121975025" version="271" />
                </TimetabledPassingTime>
                <TimetabledPassingTime id="OST:TimetabledPassingTime:211210122071352_11_18_12_00" version="271">
                  <DepartureTime>18:12:00</DepartureTime>
                  <StopPointInJourneyPatternRef ref="OST:StopPointInJourneyPattern:207_Inbound_211210121982976_11_211210121975025" version="271" />
                </TimetabledPassingTime>
                <TimetabledPassingTime id="OST:TimetabledPassingTime:211210122071352_12_18_13_00" version="271">
                  <DepartureTime>18:13:00</DepartureTime>
                  <StopPointInJourneyPatternRef ref="OST:StopPointInJourneyPattern:207_Inbound_211210121982976_12_211210121975025" version="271" />
                </TimetabledPassingTime>
                <TimetabledPassingTime id="OST:TimetabledPassingTime:211210122071352_13_18_15_00" version="271">
                  <ArrivalTime>18:15:00</ArrivalTime>
                  <StopPointInJourneyPatternRef ref="OST:StopPointInJourneyPattern:207_Inbound_211210121982976_13_211210121975025" version="271" />
                </TimetabledPassingTime>
              </passingTimes>
            </ServiceJourney>
            <ServiceJourney id="OST:ServiceJourney:207_211210122071359_8" publication="public" version="271">
              <Name>Moss sentrum</Name>
              <PrivateCode>8</PrivateCode>
              <dayTypes>
                <DayTypeRef ref="OST:DayType:101" />
              </dayTypes>
              <JourneyPatternRef ref="OST:JourneyPattern:207_Inbound_211210121982976_211210121975025" version="271" />
              <LineRef ref="OST:Line:1_207" version="271" />
              <OperatorRef ref="OST:Operator:152" />
              <passingTimes>
                <TimetabledPassingTime id="OST:TimetabledPassingTime:211210122071359_2_16_04_00" version="271">
                  <DepartureTime>16:04:00</DepartureTime>
                  <StopPointInJourneyPatternRef ref="OST:StopPointInJourneyPattern:207_Inbound_211210121982976_2_211210121975025" version="271" />
                </TimetabledPassingTime>
                <TimetabledPassingTime id="OST:TimetabledPassingTime:211210122071359_1_16_04_00" version="271">
                  <DepartureTime>16:04:00</DepartureTime>
                  <StopPointInJourneyPatternRef ref="OST:StopPointInJourneyPattern:207_Inbound_211210121982976_1_211210121975025" version="271" />
                </TimetabledPassingTime>
                <TimetabledPassingTime id="OST:TimetabledPassingTime:211210122071359_3_16_05_00" version="271">
                  <DepartureTime>16:05:00</DepartureTime>
                  <StopPointInJourneyPatternRef ref="OST:StopPointInJourneyPattern:207_Inbound_211210121982976_3_211210121975025" version="271" />
                </TimetabledPassingTime>
                <TimetabledPassingTime id="OST:TimetabledPassingTime:211210122071359_4_16_06_00" version="271">
                  <DepartureTime>16:06:00</DepartureTime>
                  <StopPointInJourneyPatternRef ref="OST:StopPointInJourneyPattern:207_Inbound_211210121982976_4_211210121975025" version="271" />
                </TimetabledPassingTime>
                <TimetabledPassingTime id="OST:TimetabledPassingTime:211210122071359_6_16_07_00" version="271">
                  <DepartureTime>16:07:00</DepartureTime>
                  <StopPointInJourneyPatternRef ref="OST:StopPointInJourneyPattern:207_Inbound_211210121982976_6_211210121975025" version="271" />
                </TimetabledPassingTime>
                <TimetabledPassingTime id="OST:TimetabledPassingTime:211210122071359_5_16_07_00" version="271">
                  <DepartureTime>16:07:00</DepartureTime>
                  <StopPointInJourneyPatternRef ref="OST:StopPointInJourneyPattern:207_Inbound_211210121982976_5_211210121975025" version="271" />
                </TimetabledPassingTime>
                <TimetabledPassingTime id="OST:TimetabledPassingTime:211210122071359_7_16_08_00" version="271">
                  <DepartureTime>16:08:00</DepartureTime>
                  <StopPointInJourneyPatternRef ref="OST:StopPointInJourneyPattern:207_Inbound_211210121982976_7_211210121975025" version="271" />
                </TimetabledPassingTime>
                <TimetabledPassingTime id="OST:TimetabledPassingTime:211210122071359_8_16_09_00" version="271">
                  <DepartureTime>16:09:00</DepartureTime>
                  <StopPointInJourneyPatternRef ref="OST:StopPointInJourneyPattern:207_Inbound_211210121982976_8_211210121975025" version="271" />
                </TimetabledPassingTime>
                <TimetabledPassingTime id="OST:TimetabledPassingTime:211210122071359_9_16_10_00" version="271">
                  <DepartureTime>16:10:00</DepartureTime>
                  <StopPointInJourneyPatternRef ref="OST:StopPointInJourneyPattern:207_Inbound_211210121982976_9_211210121975025" version="271" />
                </TimetabledPassingTime>
                <TimetabledPassingTime id="OST:TimetabledPassingTime:211210122071359_10_16_11_00" version="271">
                  <DepartureTime>16:11:00</DepartureTime>
                  <StopPointInJourneyPatternRef ref="OST:StopPointInJourneyPattern:207_Inbound_211210121982976_10_211210121975025" version="271" />
                </TimetabledPassingTime>
                <TimetabledPassingTime id="OST:TimetabledPassingTime:211210122071359_11_16_12_00" version="271">
                  <DepartureTime>16:12:00</DepartureTime>
                  <StopPointInJourneyPatternRef ref="OST:StopPointInJourneyPattern:207_Inbound_211210121982976_11_211210121975025" version="271" />
                </TimetabledPassingTime>
                <TimetabledPassingTime id="OST:TimetabledPassingTime:211210122071359_12_16_13_00" version="271">
                  <DepartureTime>16:13:00</DepartureTime>
                  <StopPointInJourneyPatternRef ref="OST:StopPointInJourneyPattern:207_Inbound_211210121982976_12_211210121975025" version="271" />
                </TimetabledPassingTime>
                <TimetabledPassingTime id="OST:TimetabledPassingTime:211210122071359_13_16_15_00" version="271">
                  <ArrivalTime>16:15:00</ArrivalTime>
                  <StopPointInJourneyPatternRef ref="OST:StopPointInJourneyPattern:207_Inbound_211210121982976_13_211210121975025" version="271" />
                </TimetabledPassingTime>
              </passingTimes>
            </ServiceJourney>
            <ServiceJourney id="OST:ServiceJourney:207_211210122071355_4" publication="public" version="271">
              <Name>Moss sentrum</Name>
              <PrivateCode>4</PrivateCode>
              <dayTypes>
                <DayTypeRef ref="OST:DayType:101" />
              </dayTypes>
              <JourneyPatternRef ref="OST:JourneyPattern:207_Inbound_211210121982976_211210121975025" version="271" />
              <LineRef ref="OST:Line:1_207" version="271" />
              <OperatorRef ref="OST:Operator:152" />
              <passingTimes>
                <TimetabledPassingTime id="OST:TimetabledPassingTime:211210122071355_1_06_50_00" version="271">
                  <DepartureTime>06:50:00</DepartureTime>
                  <StopPointInJourneyPatternRef ref="OST:StopPointInJourneyPattern:207_Inbound_211210121982976_1_211210121975025" version="271" />
                </TimetabledPassingTime>
                <TimetabledPassingTime id="OST:TimetabledPassingTime:211210122071355_2_06_50_00" version="271">
                  <DepartureTime>06:50:00</DepartureTime>
                  <StopPointInJourneyPatternRef ref="OST:StopPointInJourneyPattern:207_Inbound_211210121982976_2_211210121975025" version="271" />
                </TimetabledPassingTime>
                <TimetabledPassingTime id="OST:TimetabledPassingTime:211210122071355_3_06_51_00" version="271">
                  <DepartureTime>06:51:00</DepartureTime>
                  <StopPointInJourneyPatternRef ref="OST:StopPointInJourneyPattern:207_Inbound_211210121982976_3_211210121975025" version="271" />
                </TimetabledPassingTime>
                <TimetabledPassingTime id="OST:TimetabledPassingTime:211210122071355_4_06_52_00" version="271">
                  <DepartureTime>06:52:00</DepartureTime>
                  <StopPointInJourneyPatternRef ref="OST:StopPointInJourneyPattern:207_Inbound_211210121982976_4_211210121975025" version="271" />
                </TimetabledPassingTime>
                <TimetabledPassingTime id="OST:TimetabledPassingTime:211210122071355_5_06_53_00" version="271">
                  <DepartureTime>06:53:00</DepartureTime>
                  <StopPointInJourneyPatternRef ref="OST:StopPointInJourneyPattern:207_Inbound_211210121982976_5_211210121975025" version="271" />
                </TimetabledPassingTime>
                <TimetabledPassingTime id="OST:TimetabledPassingTime:211210122071355_6_06_53_00" version="271">
                  <DepartureTime>06:53:00</DepartureTime>
                  <StopPointInJourneyPatternRef ref="OST:StopPointInJourneyPattern:207_Inbound_211210121982976_6_211210121975025" version="271" />
                </TimetabledPassingTime>
                <TimetabledPassingTime id="OST:TimetabledPassingTime:211210122071355_7_06_54_00" version="271">
                  <DepartureTime>06:54:00</DepartureTime>
                  <StopPointInJourneyPatternRef ref="OST:StopPointInJourneyPattern:207_Inbound_211210121982976_7_211210121975025" version="271" />
                </TimetabledPassingTime>
                <TimetabledPassingTime id="OST:TimetabledPassingTime:211210122071355_8_06_55_00" version="271">
                  <DepartureTime>06:55:00</DepartureTime>
                  <StopPointInJourneyPatternRef ref="OST:StopPointInJourneyPattern:207_Inbound_211210121982976_8_211210121975025" version="271" />
                </TimetabledPassingTime>
                <TimetabledPassingTime id="OST:TimetabledPassingTime:211210122071355_9_06_56_00" version="271">
                  <DepartureTime>06:56:00</DepartureTime>
                  <StopPointInJourneyPatternRef ref="OST:StopPointInJourneyPattern:207_Inbound_211210121982976_9_211210121975025" version="271" />
                </TimetabledPassingTime>
                <TimetabledPassingTime id="OST:TimetabledPassingTime:211210122071355_10_06_57_00" version="271">
                  <DepartureTime>06:57:00</DepartureTime>
                  <StopPointInJourneyPatternRef ref="OST:StopPointInJourneyPattern:207_Inbound_211210121982976_10_211210121975025" version="271" />
                </TimetabledPassingTime>
                <TimetabledPassingTime id="OST:TimetabledPassingTime:211210122071355_11_06_58_00" version="271">
                  <DepartureTime>06:58:00</DepartureTime>
                  <StopPointInJourneyPatternRef ref="OST:StopPointInJourneyPattern:207_Inbound_211210121982976_11_211210121975025" version="271" />
                </TimetabledPassingTime>
                <TimetabledPassingTime id="OST:TimetabledPassingTime:211210122071355_12_06_59_00" version="271">
                  <DepartureTime>06:59:00</DepartureTime>
                  <StopPointInJourneyPatternRef ref="OST:StopPointInJourneyPattern:207_Inbound_211210121982976_12_211210121975025" version="271" />
                </TimetabledPassingTime>
                <TimetabledPassingTime id="OST:TimetabledPassingTime:211210122071355_13_07_01_00" version="271">
                  <ArrivalTime>07:01:00</ArrivalTime>
                  <StopPointInJourneyPatternRef ref="OST:StopPointInJourneyPattern:207_Inbound_211210121982976_13_211210121975025" version="271" />
                </TimetabledPassingTime>
              </passingTimes>
            </ServiceJourney>
            <ServiceJourney id="OST:ServiceJourney:207_211210122071360_9" publication="public" version="271">
              <Name>Tronvik</Name>
              <PrivateCode>9</PrivateCode>
              <dayTypes>
                <DayTypeRef ref="OST:DayType:101" />
              </dayTypes>
              <JourneyPatternRef ref="OST:JourneyPattern:207_Outbound_211210121982975_211210121975025" version="271" />
              <LineRef ref="OST:Line:1_207" version="271" />
              <OperatorRef ref="OST:Operator:152" />
              <passingTimes>
                <TimetabledPassingTime id="OST:TimetabledPassingTime:211210122071360_1_16_50_00" version="271">
                  <DepartureTime>16:50:00</DepartureTime>
                  <StopPointInJourneyPatternRef ref="OST:StopPointInJourneyPattern:207_Outbound_211210121982975_1_211210121975025" version="271" />
                </TimetabledPassingTime>
                <TimetabledPassingTime id="OST:TimetabledPassingTime:211210122071360_2_16_51_00" version="271">
                  <DepartureTime>16:51:00</DepartureTime>
                  <StopPointInJourneyPatternRef ref="OST:StopPointInJourneyPattern:207_Outbound_211210121982975_2_211210121975025" version="271" />
                </TimetabledPassingTime>
                <TimetabledPassingTime id="OST:TimetabledPassingTime:211210122071360_4_16_53_00" version="271">
                  <DepartureTime>16:53:00</DepartureTime>
                  <StopPointInJourneyPatternRef ref="OST:StopPointInJourneyPattern:207_Outbound_211210121982975_4_211210121975025" version="271" />
                </TimetabledPassingTime>
                <TimetabledPassingTime id="OST:TimetabledPassingTime:211210122071360_3_16_53_00" version="271">
                  <DepartureTime>16:53:00</DepartureTime>
                  <StopPointInJourneyPatternRef ref="OST:StopPointInJourneyPattern:207_Outbound_211210121982975_3_211210121975025" version="271" />
                </TimetabledPassingTime>
                <TimetabledPassingTime id="OST:TimetabledPassingTime:211210122071360_5_16_55_00" version="271">
                  <DepartureTime>16:55:00</DepartureTime>
                  <StopPointInJourneyPatternRef ref="OST:StopPointInJourneyPattern:207_Outbound_211210121982975_5_211210121975025" version="271" />
                </TimetabledPassingTime>
                <TimetabledPassingTime id="OST:TimetabledPassingTime:211210122071360_6_16_56_00" version="271">
                  <DepartureTime>16:56:00</DepartureTime>
                  <StopPointInJourneyPatternRef ref="OST:StopPointInJourneyPattern:207_Outbound_211210121982975_6_211210121975025" version="271" />
                </TimetabledPassingTime>
                <TimetabledPassingTime id="OST:TimetabledPassingTime:211210122071360_7_16_57_00" version="271">
                  <DepartureTime>16:57:00</DepartureTime>
                  <StopPointInJourneyPatternRef ref="OST:StopPointInJourneyPattern:207_Outbound_211210121982975_7_211210121975025" version="271" />
                </TimetabledPassingTime>
                <TimetabledPassingTime id="OST:TimetabledPassingTime:211210122071360_8_17_00_00" version="271">
                  <DepartureTime>17:00:00</DepartureTime>
                  <StopPointInJourneyPatternRef ref="OST:StopPointInJourneyPattern:207_Outbound_211210121982975_8_211210121975025" version="271" />
                </TimetabledPassingTime>
                <TimetabledPassingTime id="OST:TimetabledPassingTime:211210122071360_9_17_01_00" version="271">
                  <DepartureTime>17:01:00</DepartureTime>
                  <StopPointInJourneyPatternRef ref="OST:StopPointInJourneyPattern:207_Outbound_211210121982975_9_211210121975025" version="271" />
                </TimetabledPassingTime>
                <TimetabledPassingTime id="OST:TimetabledPassingTime:211210122071360_10_17_02_00" version="271">
                  <ArrivalTime>17:02:00</ArrivalTime>
                  <StopPointInJourneyPatternRef ref="OST:StopPointInJourneyPattern:207_Outbound_211210121982975_10_211210121975025" version="271" />
                </TimetabledPassingTime>
              </passingTimes>
            </ServiceJourney>
          </vehicleJourneys>
        </TimetableFrame>
      </frames>
    </CompositeFrame>
  </dataObjects>
</PublicationDelivery>
