<?xml version="1.0" encoding="UTF-8"?>
<PublicationDelivery xmlns="http://www.netex.org.uk/netex" xmlns:gis="http://www.opengis.net/gml/3.2" xmlns:siri="http://www.siri.org.uk/siri" version="1.13:NO-NeTEx-networktimetable:1.3">
  <PublicationTimestamp>2022-05-26T00:05:35.012</PublicationTimestamp>
  <ParticipantRef>RB</ParticipantRef>
  <Description>Svinndal skole</Description>
  <dataObjects>
    <CompositeFrame created="2022-04-08T10:32:34.29" id="884291945" version="1">
      <validityConditions>
        <AvailabilityCondition id="354496846" version="1">
          <FromDate>2022-05-23T00:00:00</FromDate>
          <ToDate>2023-05-25T00:00:00</ToDate>
        </AvailabilityCondition>
      </validityConditions>
      <codespaces>
        <Codespace id="ost">
          <Xmlns>OST</Xmlns>
          <XmlnsUrl>http://www.rutebanken.org/ns/ost</XmlnsUrl>
        </Codespace>
        <Codespace id="nsr">
          <Xmlns>NSR</Xmlns>
          <XmlnsUrl>http://www.rutebanken.org/ns/nsr</XmlnsUrl>
        </Codespace>
      </codespaces>
      <FrameDefaults>
        <DefaultLocale>
          <TimeZone>Europe/Oslo</TimeZone>
          <DefaultLanguage>no</DefaultLanguage>
        </DefaultLocale>
      </FrameDefaults>
      <frames>
        <ServiceFrame id="499968739" version="1">
          <routes>
            <Route id="OST:Route:255_Inbound_211210121983019_211210121975025" version="271">
              <Name>2-2</Name>
              <ShortName>2-2</ShortName>
              <LineRef ref="OST:Line:1_255" version="271" />
              <DirectionType>outbound</DirectionType>
              <pointsInSequence>
                <PointOnRoute id="OST:PointOnRoute:7434397" order="8" version="271">
                  <RoutePointRef ref="OST:RoutePoint:1372401_1" />
                </PointOnRoute>
                <PointOnRoute id="OST:PointOnRoute:7434396" order="7" version="271">
                  <RoutePointRef ref="OST:RoutePoint:1372526_1" />
                </PointOnRoute>
                <PointOnRoute id="OST:PointOnRoute:7434395" order="6" version="271">
                  <RoutePointRef ref="OST:RoutePoint:1372430_2" />
                </PointOnRoute>
                <PointOnRoute id="OST:PointOnRoute:7434394" order="5" version="271">
                  <RoutePointRef ref="OST:RoutePoint:1372425_2" />
                </PointOnRoute>
                <PointOnRoute id="OST:PointOnRoute:7434393" order="4" version="271">
                  <RoutePointRef ref="OST:RoutePoint:1372420_1" />
                </PointOnRoute>
                <PointOnRoute id="OST:PointOnRoute:7434392" order="3" version="271">
                  <RoutePointRef ref="OST:RoutePoint:1372410_1" />
                </PointOnRoute>
                <PointOnRoute id="OST:PointOnRoute:7434391" order="2" version="271">
                  <RoutePointRef ref="OST:RoutePoint:1372400_2" />
                </PointOnRoute>
                <PointOnRoute id="OST:PointOnRoute:7434390" order="1" version="271">
                  <RoutePointRef ref="OST:RoutePoint:1372395_2" />
                </PointOnRoute>
              </pointsInSequence>
            </Route>
            <Route id="OST:Route:255_Inbound_211210121983020_211210121975025" version="271">
              <Name>2-3</Name>
              <ShortName>2-3</ShortName>
              <LineRef ref="OST:Line:1_255" version="271" />
              <DirectionType>outbound</DirectionType>
              <pointsInSequence>
                <PointOnRoute id="OST:PointOnRoute:7434404" order="7" version="271">
                  <RoutePointRef ref="OST:RoutePoint:1272130_1" />
                </PointOnRoute>
                <PointOnRoute id="OST:PointOnRoute:7434403" order="6" version="271">
                  <RoutePointRef ref="OST:RoutePoint:1272125_1" />
                </PointOnRoute>
                <PointOnRoute id="OST:PointOnRoute:7434402" order="5" version="271">
                  <RoutePointRef ref="OST:RoutePoint:1372120_1" />
                </PointOnRoute>
                <PointOnRoute id="OST:PointOnRoute:7434401" order="4" version="271">
                  <RoutePointRef ref="OST:RoutePoint:1372115_1" />
                </PointOnRoute>
                <PointOnRoute id="OST:PointOnRoute:7434400" order="3" version="271">
                  <RoutePointRef ref="OST:RoutePoint:1372385_2" />
                </PointOnRoute>
                <PointOnRoute id="OST:PointOnRoute:7434399" order="2" version="271">
                  <RoutePointRef ref="OST:RoutePoint:1372390_2" />
                </PointOnRoute>
                <PointOnRoute id="OST:PointOnRoute:7434398" order="1" version="271">
                  <RoutePointRef ref="OST:RoutePoint:1372395_2" />
                </PointOnRoute>
              </pointsInSequence>
            </Route>
            <Route id="OST:Route:255_Outbound_211210121983018_211210121975025" version="271">
              <Name>1-1</Name>
              <ShortName>1-1</ShortName>
              <LineRef ref="OST:Line:1_255" version="271" />
              <DirectionType>inbound</DirectionType>
              <pointsInSequence>
                <PointOnRoute id="OST:PointOnRoute:7434383" order="9" version="271">
                  <RoutePointRef ref="OST:RoutePoint:1372526_1" />
                </PointOnRoute>
                <PointOnRoute id="OST:PointOnRoute:7434376" order="2" version="271">
                  <RoutePointRef ref="OST:RoutePoint:1372405_2" />
                </PointOnRoute>
                <PointOnRoute id="OST:PointOnRoute:7434384" order="10" version="271">
                  <RoutePointRef ref="OST:RoutePoint:1372425_1" />
                </PointOnRoute>
                <PointOnRoute id="OST:PointOnRoute:7434386" order="12" version="271">
                  <RoutePointRef ref="OST:RoutePoint:1372410_2" />
                </PointOnRoute>
                <PointOnRoute id="OST:PointOnRoute:7434377" order="3" version="271">
                  <RoutePointRef ref="OST:RoutePoint:1372455_2" />
                </PointOnRoute>
                <PointOnRoute id="OST:PointOnRoute:7434382" order="8" version="271">
                  <RoutePointRef ref="OST:RoutePoint:1372427_1" />
                </PointOnRoute>
                <PointOnRoute id="OST:PointOnRoute:7434381" order="7" version="271">
                  <RoutePointRef ref="OST:RoutePoint:1372430_1" />
                </PointOnRoute>
                <PointOnRoute id="OST:PointOnRoute:7434378" order="4" version="271">
                  <RoutePointRef ref="OST:RoutePoint:1372450_2" />
                </PointOnRoute>
                <PointOnRoute id="OST:PointOnRoute:7434389" order="15" version="271">
                  <RoutePointRef ref="OST:RoutePoint:1372395_2" />
                </PointOnRoute>
                <PointOnRoute id="OST:PointOnRoute:7434375" order="1" version="271">
                  <RoutePointRef ref="OST:RoutePoint:1372400_2" />
                </PointOnRoute>
                <PointOnRoute id="OST:PointOnRoute:7434380" order="6" version="271">
                  <RoutePointRef ref="OST:RoutePoint:1372401_2" />
                </PointOnRoute>
                <PointOnRoute id="OST:PointOnRoute:7434387" order="13" version="271">
                  <RoutePointRef ref="OST:RoutePoint:1372405_1" />
                </PointOnRoute>
                <PointOnRoute id="OST:PointOnRoute:7434379" order="5" version="271">
                  <RoutePointRef ref="OST:RoutePoint:1372445_2" />
                </PointOnRoute>
                <PointOnRoute id="OST:PointOnRoute:7434385" order="11" version="271">
                  <RoutePointRef ref="OST:RoutePoint:1372415_2" />
                </PointOnRoute>
                <PointOnRoute id="OST:PointOnRoute:7434388" order="14" version="271">
                  <RoutePointRef ref="OST:RoutePoint:1372400_1" />
                </PointOnRoute>
              </pointsInSequence>
            </Route>
            <Route id="OST:Route:255_Inbound_211210121983021_211210121975025" version="271">
              <Name>2-4</Name>
              <ShortName>2-4</ShortName>
              <LineRef ref="OST:Line:1_255" version="271" />
              <DirectionType>outbound</DirectionType>
              <pointsInSequence>
                <PointOnRoute id="OST:PointOnRoute:7434418" order="14" version="271">
                  <RoutePointRef ref="OST:RoutePoint:1372490_1" />
                </PointOnRoute>
                <PointOnRoute id="OST:PointOnRoute:7434405" order="1" version="271">
                  <RoutePointRef ref="OST:RoutePoint:1372395_2" />
                </PointOnRoute>
                <PointOnRoute id="OST:PointOnRoute:7434409" order="5" version="271">
                  <RoutePointRef ref="OST:RoutePoint:1372425_2" />
                </PointOnRoute>
                <PointOnRoute id="OST:PointOnRoute:7434406" order="2" version="271">
                  <RoutePointRef ref="OST:RoutePoint:1372400_2" />
                </PointOnRoute>
                <PointOnRoute id="OST:PointOnRoute:7434407" order="3" version="271">
                  <RoutePointRef ref="OST:RoutePoint:1372410_1" />
                </PointOnRoute>
                <PointOnRoute id="OST:PointOnRoute:7434420" order="16" version="271">
                  <RoutePointRef ref="OST:RoutePoint:1371661_1" />
                </PointOnRoute>
                <PointOnRoute id="OST:PointOnRoute:7434411" order="7" version="271">
                  <RoutePointRef ref="OST:RoutePoint:1372526_1" />
                </PointOnRoute>
                <PointOnRoute id="OST:PointOnRoute:7434415" order="11" version="271">
                  <RoutePointRef ref="OST:RoutePoint:1372475_1" />
                </PointOnRoute>
                <PointOnRoute id="OST:PointOnRoute:7434419" order="15" version="271">
                  <RoutePointRef ref="OST:RoutePoint:1371660_1" />
                </PointOnRoute>
                <PointOnRoute id="OST:PointOnRoute:7434413" order="9" version="271">
                  <RoutePointRef ref="OST:RoutePoint:1372460_1" />
                </PointOnRoute>
                <PointOnRoute id="OST:PointOnRoute:7434412" order="8" version="271">
                  <RoutePointRef ref="OST:RoutePoint:1372401_1" />
                </PointOnRoute>
                <PointOnRoute id="OST:PointOnRoute:7434417" order="13" version="271">
                  <RoutePointRef ref="OST:RoutePoint:1372485_3" />
                </PointOnRoute>
                <PointOnRoute id="OST:PointOnRoute:7434416" order="12" version="271">
                  <RoutePointRef ref="OST:RoutePoint:1372480_1" />
                </PointOnRoute>
                <PointOnRoute id="OST:PointOnRoute:7434410" order="6" version="271">
                  <RoutePointRef ref="OST:RoutePoint:1372430_2" />
                </PointOnRoute>
                <PointOnRoute id="OST:PointOnRoute:7434408" order="4" version="271">
                  <RoutePointRef ref="OST:RoutePoint:1372420_1" />
                </PointOnRoute>
                <PointOnRoute id="OST:PointOnRoute:7434414" order="10" version="271">
                  <RoutePointRef ref="OST:RoutePoint:1372470_1" />
                </PointOnRoute>
              </pointsInSequence>
            </Route>
          </routes>
          <lines>
            <Line id="OST:Line:1_255" version="271">
              <Name>Svinndal skole</Name>
              <TransportMode>bus</TransportMode>
              <TransportSubmode>
                <BusSubmode>localBus</BusSubmode>
              </TransportSubmode>
              <PublicCode>255</PublicCode>
              <PrivateCode>255</PrivateCode>
              <OperatorRef ref="OST:Operator:152" />
              <RepresentedByGroupRef ref="OST:GroupOfLines:bus_1" />
            </Line>
          </lines>
          <journeyPatterns>
            <JourneyPattern id="OST:JourneyPattern:255_Inbound_211210121983019_211210121975025" version="271">
              <Name>2-2</Name>
              <RouteRef ref="OST:Route:255_Inbound_211210121983019_211210121975025" version="271" />
              <pointsInSequence>
                <StopPointInJourneyPattern order="2" id="OST:StopPointInJourneyPattern:255_Inbound_211210121983019_2_211210121975025" version="271">
                  <ScheduledStopPointRef ref="OST:ScheduledStopPoint:1372400_2" />
                </StopPointInJourneyPattern>
                <StopPointInJourneyPattern order="8" id="OST:StopPointInJourneyPattern:255_Inbound_211210121983019_8_211210121975025" version="271">
                  <ForBoarding>false</ForBoarding>
                  <ScheduledStopPointRef ref="OST:ScheduledStopPoint:1372401_1" />
                </StopPointInJourneyPattern>
                <StopPointInJourneyPattern order="7" id="OST:StopPointInJourneyPattern:255_Inbound_211210121983019_7_211210121975025" version="271">
                  <ScheduledStopPointRef ref="OST:ScheduledStopPoint:1372526_1" />
                </StopPointInJourneyPattern>
                <StopPointInJourneyPattern order="1" id="OST:StopPointInJourneyPattern:255_Inbound_211210121983019_1_211210121975025" version="271">
                  <ForAlighting>false</ForAlighting>
                  <DestinationDisplayRef ref="OST:DestinationDisplay:299" />
                  <ScheduledStopPointRef ref="OST:ScheduledStopPoint:1372395_2" />
                </StopPointInJourneyPattern>
                <StopPointInJourneyPattern order="6" id="OST:StopPointInJourneyPattern:255_Inbound_211210121983019_6_211210121975025" version="271">
                  <ScheduledStopPointRef ref="OST:ScheduledStopPoint:1372430_2" />
                </StopPointInJourneyPattern>
                <StopPointInJourneyPattern order="4" id="OST:StopPointInJourneyPattern:255_Inbound_211210121983019_4_211210121975025" version="271">
                  <ScheduledStopPointRef ref="OST:ScheduledStopPoint:1372420_1" />
                </StopPointInJourneyPattern>
                <StopPointInJourneyPattern order="3" id="OST:StopPointInJourneyPattern:255_Inbound_211210121983019_3_211210121975025" version="271">
                  <ScheduledStopPointRef ref="OST:ScheduledStopPoint:1372410_1" />
                </StopPointInJourneyPattern>
                <StopPointInJourneyPattern order="5" id="OST:StopPointInJourneyPattern:255_Inbound_211210121983019_5_211210121975025" version="271">
                  <ScheduledStopPointRef ref="OST:ScheduledStopPoint:1372425_2" />
                </StopPointInJourneyPattern>
              </pointsInSequence>
              <linksInSequence>
                <ServiceLinkInJourneyPattern order="6" id="OST:ServiceLinkInJourneyPattern:7434446" version="271">
                  <ServiceLinkRef ref="OST:ServiceLink:200811072691658_2_200811072691746_1_2467" />
                </ServiceLinkInJourneyPattern>
                <ServiceLinkInJourneyPattern order="5" id="OST:ServiceLinkInJourneyPattern:7434445" version="271">
                  <ServiceLinkRef ref="OST:ServiceLink:200811072691648_2_200811072691658_2_596" />
                </ServiceLinkInJourneyPattern>
                <ServiceLinkInJourneyPattern order="4" id="OST:ServiceLinkInJourneyPattern:7434444" version="271">
                  <ServiceLinkRef ref="OST:ServiceLink:200811072691645_1_200811072691648_2_376" />
                </ServiceLinkInJourneyPattern>
                <ServiceLinkInJourneyPattern order="2" id="OST:ServiceLinkInJourneyPattern:7434442" version="271">
                  <ServiceLinkRef ref="OST:ServiceLink:200811072691624_2_200811072691639_1_3087" />
                </ServiceLinkInJourneyPattern>
                <ServiceLinkInJourneyPattern order="7" id="OST:ServiceLinkInJourneyPattern:7434448" version="271">
                  <ServiceLinkRef ref="OST:ServiceLink:200811072691746_1_200811072691627_1_5785" />
                </ServiceLinkInJourneyPattern>
                <ServiceLinkInJourneyPattern order="1" id="OST:ServiceLinkInJourneyPattern:7434440" version="271">
                  <ServiceLinkRef ref="OST:ServiceLink:200811072691619_2_200811072691624_2_311" />
                </ServiceLinkInJourneyPattern>
                <ServiceLinkInJourneyPattern order="3" id="OST:ServiceLinkInJourneyPattern:7434443" version="271">
                  <ServiceLinkRef ref="OST:ServiceLink:200811072691639_1_200811072691645_1_1988" />
                </ServiceLinkInJourneyPattern>
              </linksInSequence>
            </JourneyPattern>
            <JourneyPattern id="OST:JourneyPattern:255_Inbound_211210121983020_211210121975025" version="271">
              <Name>2-3</Name>
              <RouteRef ref="OST:Route:255_Inbound_211210121983020_211210121975025" version="271" />
              <pointsInSequence>
                <StopPointInJourneyPattern order="7" id="OST:StopPointInJourneyPattern:255_Inbound_211210121983020_7_211210121975025" version="271">
                  <ForBoarding>false</ForBoarding>
                  <ScheduledStopPointRef ref="OST:ScheduledStopPoint:1272130_1" />
                </StopPointInJourneyPattern>
                <StopPointInJourneyPattern order="5" id="OST:StopPointInJourneyPattern:255_Inbound_211210121983020_5_211210121975025" version="271">
                  <ScheduledStopPointRef ref="OST:ScheduledStopPoint:1372120_1" />
                </StopPointInJourneyPattern>
                <StopPointInJourneyPattern order="1" id="OST:StopPointInJourneyPattern:255_Inbound_211210121983020_1_211210121975025" version="271">
                  <ForAlighting>false</ForAlighting>
                  <DestinationDisplayRef ref="OST:DestinationDisplay:139" />
                  <ScheduledStopPointRef ref="OST:ScheduledStopPoint:1372395_2" />
                </StopPointInJourneyPattern>
                <StopPointInJourneyPattern order="3" id="OST:StopPointInJourneyPattern:255_Inbound_211210121983020_3_211210121975025" version="271">
                  <ScheduledStopPointRef ref="OST:ScheduledStopPoint:1372385_2" />
                </StopPointInJourneyPattern>
                <StopPointInJourneyPattern order="6" id="OST:StopPointInJourneyPattern:255_Inbound_211210121983020_6_211210121975025" version="271">
                  <ScheduledStopPointRef ref="OST:ScheduledStopPoint:1272125_1" />
                </StopPointInJourneyPattern>
                <StopPointInJourneyPattern order="4" id="OST:StopPointInJourneyPattern:255_Inbound_211210121983020_4_211210121975025" version="271">
                  <ScheduledStopPointRef ref="OST:ScheduledStopPoint:1372115_1" />
                </StopPointInJourneyPattern>
                <StopPointInJourneyPattern order="2" id="OST:StopPointInJourneyPattern:255_Inbound_211210121983020_2_211210121975025" version="271">
                  <ScheduledStopPointRef ref="OST:ScheduledStopPoint:1372390_2" />
                </StopPointInJourneyPattern>
              </pointsInSequence>
              <linksInSequence>
                <ServiceLinkInJourneyPattern order="3" id="OST:ServiceLinkInJourneyPattern:7434454" version="271">
                  <ServiceLinkRef ref="OST:ServiceLink:200811072691609_2_200811072691597_1_2801" />
                </ServiceLinkInJourneyPattern>
                <ServiceLinkInJourneyPattern order="6" id="OST:ServiceLinkInJourneyPattern:7434460" version="271">
                  <ServiceLinkRef ref="OST:ServiceLink:200811072690174_1_200811072690179_1_315" />
                </ServiceLinkInJourneyPattern>
                <ServiceLinkInJourneyPattern order="5" id="OST:ServiceLinkInJourneyPattern:7434458" version="271">
                  <ServiceLinkRef ref="OST:ServiceLink:200811072691602_1_200811072690174_1_1002" />
                </ServiceLinkInJourneyPattern>
                <ServiceLinkInJourneyPattern order="2" id="OST:ServiceLinkInJourneyPattern:7434452" version="271">
                  <ServiceLinkRef ref="OST:ServiceLink:200811072691614_2_200811072691609_2_1243" />
                </ServiceLinkInJourneyPattern>
                <ServiceLinkInJourneyPattern order="4" id="OST:ServiceLinkInJourneyPattern:7434456" version="271">
                  <ServiceLinkRef ref="OST:ServiceLink:200811072691597_1_200811072691602_1_290" />
                </ServiceLinkInJourneyPattern>
                <ServiceLinkInJourneyPattern order="1" id="OST:ServiceLinkInJourneyPattern:7434450" version="271">
                  <ServiceLinkRef ref="OST:ServiceLink:200811072691619_2_200811072691614_2_1456" />
                </ServiceLinkInJourneyPattern>
              </linksInSequence>
            </JourneyPattern>
            <JourneyPattern id="OST:JourneyPattern:255_Outbound_211210121983018_211210121975025" version="271">
              <Name>1-1</Name>
              <RouteRef ref="OST:Route:255_Outbound_211210121983018_211210121975025" version="271" />
              <pointsInSequence>
                <StopPointInJourneyPattern order="9" id="OST:StopPointInJourneyPattern:255_Outbound_211210121983018_9_211210121975025" version="271">
                  <ScheduledStopPointRef ref="OST:ScheduledStopPoint:1372526_1" />
                </StopPointInJourneyPattern>
                <StopPointInJourneyPattern order="13" id="OST:StopPointInJourneyPattern:255_Outbound_211210121983018_13_211210121975025" version="271">
                  <ScheduledStopPointRef ref="OST:ScheduledStopPoint:1372405_1" />
                </StopPointInJourneyPattern>
                <StopPointInJourneyPattern order="1" id="OST:StopPointInJourneyPattern:255_Outbound_211210121983018_1_211210121975025" version="271">
                  <ForAlighting>false</ForAlighting>
                  <DestinationDisplayRef ref="OST:DestinationDisplay:497" />
                  <ScheduledStopPointRef ref="OST:ScheduledStopPoint:1372400_2" />
                </StopPointInJourneyPattern>
                <StopPointInJourneyPattern order="6" id="OST:StopPointInJourneyPattern:255_Outbound_211210121983018_6_211210121975025" version="271">
                  <ScheduledStopPointRef ref="OST:ScheduledStopPoint:1372401_2" />
                </StopPointInJourneyPattern>
                <StopPointInJourneyPattern order="3" id="OST:StopPointInJourneyPattern:255_Outbound_211210121983018_3_211210121975025" version="271">
                  <ScheduledStopPointRef ref="OST:ScheduledStopPoint:1372455_2" />
                </StopPointInJourneyPattern>
                <StopPointInJourneyPattern order="15" id="OST:StopPointInJourneyPattern:255_Outbound_211210121983018_15_211210121975025" version="271">
                  <ForBoarding>false</ForBoarding>
                  <ScheduledStopPointRef ref="OST:ScheduledStopPoint:1372395_2" />
                </StopPointInJourneyPattern>
                <StopPointInJourneyPattern order="11" id="OST:StopPointInJourneyPattern:255_Outbound_211210121983018_11_211210121975025" version="271">
                  <ScheduledStopPointRef ref="OST:ScheduledStopPoint:1372415_2" />
                </StopPointInJourneyPattern>
                <StopPointInJourneyPattern order="2" id="OST:StopPointInJourneyPattern:255_Outbound_211210121983018_2_211210121975025" version="271">
                  <ScheduledStopPointRef ref="OST:ScheduledStopPoint:1372405_2" />
                </StopPointInJourneyPattern>
                <StopPointInJourneyPattern order="14" id="OST:StopPointInJourneyPattern:255_Outbound_211210121983018_14_211210121975025" version="271">
                  <ScheduledStopPointRef ref="OST:ScheduledStopPoint:1372400_1" />
                </StopPointInJourneyPattern>
                <StopPointInJourneyPattern order="7" id="OST:StopPointInJourneyPattern:255_Outbound_211210121983018_7_211210121975025" version="271">
                  <ScheduledStopPointRef ref="OST:ScheduledStopPoint:1372430_1" />
                </StopPointInJourneyPattern>
                <StopPointInJourneyPattern order="4" id="OST:StopPointInJourneyPattern:255_Outbound_211210121983018_4_211210121975025" version="271">
                  <ScheduledStopPointRef ref="OST:ScheduledStopPoint:1372450_2" />
                </StopPointInJourneyPattern>
                <StopPointInJourneyPattern order="12" id="OST:StopPointInJourneyPattern:255_Outbound_211210121983018_12_211210121975025" version="271">
                  <ScheduledStopPointRef ref="OST:ScheduledStopPoint:1372410_2" />
                </StopPointInJourneyPattern>
                <StopPointInJourneyPattern order="8" id="OST:StopPointInJourneyPattern:255_Outbound_211210121983018_8_211210121975025" version="271">
                  <ScheduledStopPointRef ref="OST:ScheduledStopPoint:1372427_1" />
                </StopPointInJourneyPattern>
                <StopPointInJourneyPattern order="10" id="OST:StopPointInJourneyPattern:255_Outbound_211210121983018_10_211210121975025" version="271">
                  <ScheduledStopPointRef ref="OST:ScheduledStopPoint:1372425_1" />
                </StopPointInJourneyPattern>
                <StopPointInJourneyPattern order="5" id="OST:StopPointInJourneyPattern:255_Outbound_211210121983018_5_211210121975025" version="271">
                  <ScheduledStopPointRef ref="OST:ScheduledStopPoint:1372445_2" />
                </StopPointInJourneyPattern>
              </pointsInSequence>
              <linksInSequence>
                <ServiceLinkInJourneyPattern order="6" id="OST:ServiceLinkInJourneyPattern:7434427" version="271">
                  <ServiceLinkRef ref="OST:ServiceLink:200811072691629_2_200811072691656_1_3288" />
                </ServiceLinkInJourneyPattern>
                <ServiceLinkInJourneyPattern order="14" id="OST:ServiceLinkInJourneyPattern:7434438" version="271">
                  <ServiceLinkRef ref="OST:ServiceLink:200811072691622_1_200811072691619_2_303" />
                </ServiceLinkInJourneyPattern>
                <ServiceLinkInJourneyPattern order="2" id="OST:ServiceLinkInJourneyPattern:7434422" version="271">
                  <ServiceLinkRef ref="OST:ServiceLink:200811072691634_2_200811072691679_2_1319" />
                </ServiceLinkInJourneyPattern>
                <ServiceLinkInJourneyPattern order="11" id="OST:ServiceLinkInJourneyPattern:7434435" version="271">
                  <ServiceLinkRef ref="OST:ServiceLink:200811072691642_2_200811072691637_2_561" />
                </ServiceLinkInJourneyPattern>
                <ServiceLinkInJourneyPattern order="5" id="OST:ServiceLinkInJourneyPattern:7434425" version="271">
                  <ServiceLinkRef ref="OST:ServiceLink:200811072691666_2_200811072691629_2_1944" />
                </ServiceLinkInJourneyPattern>
                <ServiceLinkInJourneyPattern order="12" id="OST:ServiceLinkInJourneyPattern:7434436" version="271">
                  <ServiceLinkRef ref="OST:ServiceLink:200811072691637_2_200811072691632_1_2387" />
                </ServiceLinkInJourneyPattern>
                <ServiceLinkInJourneyPattern order="8" id="OST:ServiceLinkInJourneyPattern:7434431" version="271">
                  <ServiceLinkRef ref="OST:ServiceLink:200811072691653_1_200811072691746_1_1069" />
                </ServiceLinkInJourneyPattern>
                <ServiceLinkInJourneyPattern order="1" id="OST:ServiceLinkInJourneyPattern:7434421" version="271">
                  <ServiceLinkRef ref="OST:ServiceLink:200811072691624_2_200811072691634_2_776" />
                </ServiceLinkInJourneyPattern>
                <ServiceLinkInJourneyPattern order="9" id="OST:ServiceLinkInJourneyPattern:7434433" version="271">
                  <ServiceLinkRef ref="OST:ServiceLink:200811072691746_1_200811072691650_1_3016" />
                </ServiceLinkInJourneyPattern>
                <ServiceLinkInJourneyPattern order="7" id="OST:ServiceLinkInJourneyPattern:7434429" version="271">
                  <ServiceLinkRef ref="OST:ServiceLink:200811072691656_1_200811072691653_1_3509" />
                </ServiceLinkInJourneyPattern>
                <ServiceLinkInJourneyPattern order="3" id="OST:ServiceLinkInJourneyPattern:7434423" version="271">
                  <ServiceLinkRef ref="OST:ServiceLink:200811072691679_2_200811072691671_2_1572" />
                </ServiceLinkInJourneyPattern>
                <ServiceLinkInJourneyPattern order="10" id="OST:ServiceLinkInJourneyPattern:7434434" version="271">
                  <ServiceLinkRef ref="OST:ServiceLink:200811072691650_1_200811072691642_2_1827" />
                </ServiceLinkInJourneyPattern>
                <ServiceLinkInJourneyPattern order="4" id="OST:ServiceLinkInJourneyPattern:7434424" version="271">
                  <ServiceLinkRef ref="OST:ServiceLink:200811072691671_2_200811072691666_2_1850" />
                </ServiceLinkInJourneyPattern>
                <ServiceLinkInJourneyPattern order="13" id="OST:ServiceLinkInJourneyPattern:7434437" version="271">
                  <ServiceLinkRef ref="OST:ServiceLink:200811072691632_1_200811072691622_1_733" />
                </ServiceLinkInJourneyPattern>
              </linksInSequence>
            </JourneyPattern>
            <JourneyPattern id="OST:JourneyPattern:255_Inbound_211210121983021_211210121975025" version="271">
              <Name>2-4</Name>
              <RouteRef ref="OST:Route:255_Inbound_211210121983021_211210121975025" version="271" />
              <pointsInSequence>
                <StopPointInJourneyPattern order="7" id="OST:StopPointInJourneyPattern:255_Inbound_211210121983021_7_211210121975025" version="271">
                  <ScheduledStopPointRef ref="OST:ScheduledStopPoint:1372526_1" />
                </StopPointInJourneyPattern>
                <StopPointInJourneyPattern order="2" id="OST:StopPointInJourneyPattern:255_Inbound_211210121983021_2_211210121975025" version="271">
                  <ScheduledStopPointRef ref="OST:ScheduledStopPoint:1372400_2" />
                </StopPointInJourneyPattern>
                <StopPointInJourneyPattern order="14" id="OST:StopPointInJourneyPattern:255_Inbound_211210121983021_14_211210121975025" version="271">
                  <ScheduledStopPointRef ref="OST:ScheduledStopPoint:1372490_1" />
                </StopPointInJourneyPattern>
                <StopPointInJourneyPattern order="15" id="OST:StopPointInJourneyPattern:255_Inbound_211210121983021_15_211210121975025" version="271">
                  <ScheduledStopPointRef ref="OST:ScheduledStopPoint:1371660_1" />
                </StopPointInJourneyPattern>
                <StopPointInJourneyPattern order="11" id="OST:StopPointInJourneyPattern:255_Inbound_211210121983021_11_211210121975025" version="271">
                  <ScheduledStopPointRef ref="OST:ScheduledStopPoint:1372475_1" />
                </StopPointInJourneyPattern>
                <StopPointInJourneyPattern order="13" id="OST:StopPointInJourneyPattern:255_Inbound_211210121983021_13_211210121975025" version="271">
                  <ScheduledStopPointRef ref="OST:ScheduledStopPoint:1372485_3" />
                </StopPointInJourneyPattern>
                <StopPointInJourneyPattern order="8" id="OST:StopPointInJourneyPattern:255_Inbound_211210121983021_8_211210121975025" version="271">
                  <ScheduledStopPointRef ref="OST:ScheduledStopPoint:1372401_1" />
                </StopPointInJourneyPattern>
                <StopPointInJourneyPattern order="12" id="OST:StopPointInJourneyPattern:255_Inbound_211210121983021_12_211210121975025" version="271">
                  <ScheduledStopPointRef ref="OST:ScheduledStopPoint:1372480_1" />
                </StopPointInJourneyPattern>
                <StopPointInJourneyPattern order="5" id="OST:StopPointInJourneyPattern:255_Inbound_211210121983021_5_211210121975025" version="271">
                  <ScheduledStopPointRef ref="OST:ScheduledStopPoint:1372425_2" />
                </StopPointInJourneyPattern>
                <StopPointInJourneyPattern order="6" id="OST:StopPointInJourneyPattern:255_Inbound_211210121983021_6_211210121975025" version="271">
                  <ScheduledStopPointRef ref="OST:ScheduledStopPoint:1372430_2" />
                </StopPointInJourneyPattern>
                <StopPointInJourneyPattern order="1" id="OST:StopPointInJourneyPattern:255_Inbound_211210121983021_1_211210121975025" version="271">
                  <ForAlighting>false</ForAlighting>
                  <DestinationDisplayRef ref="OST:DestinationDisplay:253" />
                  <ScheduledStopPointRef ref="OST:ScheduledStopPoint:1372395_2" />
                </StopPointInJourneyPattern>
                <StopPointInJourneyPattern order="10" id="OST:StopPointInJourneyPattern:255_Inbound_211210121983021_10_211210121975025" version="271">
                  <ScheduledStopPointRef ref="OST:ScheduledStopPoint:1372470_1" />
                </StopPointInJourneyPattern>
                <StopPointInJourneyPattern order="16" id="OST:StopPointInJourneyPattern:255_Inbound_211210121983021_16_211210121975025" version="271">
                  <ForBoarding>false</ForBoarding>
                  <ScheduledStopPointRef ref="OST:ScheduledStopPoint:1371661_1" />
                </StopPointInJourneyPattern>
                <StopPointInJourneyPattern order="3" id="OST:StopPointInJourneyPattern:255_Inbound_211210121983021_3_211210121975025" version="271">
                  <ScheduledStopPointRef ref="OST:ScheduledStopPoint:1372410_1" />
                </StopPointInJourneyPattern>
                <StopPointInJourneyPattern order="9" id="OST:StopPointInJourneyPattern:255_Inbound_211210121983021_9_211210121975025" version="271">
                  <ScheduledStopPointRef ref="OST:ScheduledStopPoint:1372460_1" />
                </StopPointInJourneyPattern>
                <StopPointInJourneyPattern order="4" id="OST:StopPointInJourneyPattern:255_Inbound_211210121983021_4_211210121975025" version="271">
                  <ScheduledStopPointRef ref="OST:ScheduledStopPoint:1372420_1" />
                </StopPointInJourneyPattern>
              </pointsInSequence>
              <linksInSequence>
                <ServiceLinkInJourneyPattern order="9" id="OST:ServiceLinkInJourneyPattern:7434470" version="271">
                  <ServiceLinkRef ref="OST:ServiceLink:200811072691682_1_200811072691690_1_1867" />
                </ServiceLinkInJourneyPattern>
                <ServiceLinkInJourneyPattern order="2" id="OST:ServiceLinkInJourneyPattern:7434463" version="271">
                  <ServiceLinkRef ref="OST:ServiceLink:200811072691624_2_200811072691639_1_3087" />
                </ServiceLinkInJourneyPattern>
                <ServiceLinkInJourneyPattern order="3" id="OST:ServiceLinkInJourneyPattern:7434464" version="271">
                  <ServiceLinkRef ref="OST:ServiceLink:200811072691639_1_200811072691645_1_1988" />
                </ServiceLinkInJourneyPattern>
                <ServiceLinkInJourneyPattern order="12" id="OST:ServiceLinkInJourneyPattern:7434473" version="271">
                  <ServiceLinkRef ref="OST:ServiceLink:200811072691700_1_200811072691705_3_909" />
                </ServiceLinkInJourneyPattern>
                <ServiceLinkInJourneyPattern order="8" id="OST:ServiceLinkInJourneyPattern:7434469" version="271">
                  <ServiceLinkRef ref="OST:ServiceLink:200811072691627_1_200811072691682_1_445" />
                </ServiceLinkInJourneyPattern>
                <ServiceLinkInJourneyPattern order="1" id="OST:ServiceLinkInJourneyPattern:7434462" version="271">
                  <ServiceLinkRef ref="OST:ServiceLink:200811072691619_2_200811072691624_2_311" />
                </ServiceLinkInJourneyPattern>
                <ServiceLinkInJourneyPattern order="10" id="OST:ServiceLinkInJourneyPattern:7434471" version="271">
                  <ServiceLinkRef ref="OST:ServiceLink:200811072691690_1_200811072691695_1_1339" />
                </ServiceLinkInJourneyPattern>
                <ServiceLinkInJourneyPattern order="15" id="OST:ServiceLinkInJourneyPattern:7434478" version="271">
                  <ServiceLinkRef ref="OST:ServiceLink:200811072691576_1_200811072691579_1_612" />
                </ServiceLinkInJourneyPattern>
                <ServiceLinkInJourneyPattern order="11" id="OST:ServiceLinkInJourneyPattern:7434472" version="271">
                  <ServiceLinkRef ref="OST:ServiceLink:200811072691695_1_200811072691700_1_936" />
                </ServiceLinkInJourneyPattern>
                <ServiceLinkInJourneyPattern order="4" id="OST:ServiceLinkInJourneyPattern:7434465" version="271">
                  <ServiceLinkRef ref="OST:ServiceLink:200811072691645_1_200811072691648_2_376" />
                </ServiceLinkInJourneyPattern>
                <ServiceLinkInJourneyPattern order="6" id="OST:ServiceLinkInJourneyPattern:7434467" version="271">
                  <ServiceLinkRef ref="OST:ServiceLink:200811072691658_2_200811072691746_1_2467" />
                </ServiceLinkInJourneyPattern>
                <ServiceLinkInJourneyPattern order="5" id="OST:ServiceLinkInJourneyPattern:7434466" version="271">
                  <ServiceLinkRef ref="OST:ServiceLink:200811072691648_2_200811072691658_2_596" />
                </ServiceLinkInJourneyPattern>
                <ServiceLinkInJourneyPattern order="7" id="OST:ServiceLinkInJourneyPattern:7434468" version="271">
                  <ServiceLinkRef ref="OST:ServiceLink:200811072691746_1_200811072691627_1_5785" />
                </ServiceLinkInJourneyPattern>
                <ServiceLinkInJourneyPattern order="13" id="OST:ServiceLinkInJourneyPattern:7434475" version="271">
                  <ServiceLinkRef ref="OST:ServiceLink:200811072691705_3_200811072691713_1_243" />
                </ServiceLinkInJourneyPattern>
                <ServiceLinkInJourneyPattern order="14" id="OST:ServiceLinkInJourneyPattern:7434476" version="271">
                  <ServiceLinkRef ref="OST:ServiceLink:200811072691713_1_200811072691576_1_515" />
                </ServiceLinkInJourneyPattern>
              </linksInSequence>
            </JourneyPattern>
          </journeyPatterns>
        </ServiceFrame>
        <TimetableFrame id="288460804" version="1">
          <vehicleJourneys>
            <ServiceJourney id="OST:ServiceJourney:255_211210122071905_1" publication="public" version="271">
              <Name>Svinndal skole</Name>
              <PrivateCode>1</PrivateCode>
              <dayTypes>
                <DayTypeRef ref="OST:DayType:121" />
              </dayTypes>
              <JourneyPatternRef ref="OST:JourneyPattern:255_Outbound_211210121983018_211210121975025" version="271" />
              <LineRef ref="OST:Line:1_255" version="271" />
              <OperatorRef ref="OST:Operator:152" />
              <passingTimes>
                <TimetabledPassingTime id="OST:TimetabledPassingTime:211210122071905_1_07_30_00" version="271">
                  <DepartureTime>07:30:00</DepartureTime>
                  <StopPointInJourneyPatternRef ref="OST:StopPointInJourneyPattern:255_Outbound_211210121983018_1_211210121975025" version="271" />
                </TimetabledPassingTime>
                <TimetabledPassingTime id="OST:TimetabledPassingTime:211210122071905_2_07_32_00" version="271">
                  <DepartureTime>07:32:00</DepartureTime>
                  <StopPointInJourneyPatternRef ref="OST:StopPointInJourneyPattern:255_Outbound_211210121983018_2_211210121975025" version="271" />
                </TimetabledPassingTime>
                <TimetabledPassingTime id="OST:TimetabledPassingTime:211210122071905_3_07_35_00" version="271">
                  <DepartureTime>07:35:00</DepartureTime>
                  <StopPointInJourneyPatternRef ref="OST:StopPointInJourneyPattern:255_Outbound_211210121983018_3_211210121975025" version="271" />
                </TimetabledPassingTime>
                <TimetabledPassingTime id="OST:TimetabledPassingTime:211210122071905_4_07_40_00" version="271">
                  <DepartureTime>07:40:00</DepartureTime>
                  <StopPointInJourneyPatternRef ref="OST:StopPointInJourneyPattern:255_Outbound_211210121983018_4_211210121975025" version="271" />
                </TimetabledPassingTime>
                <TimetabledPassingTime id="OST:TimetabledPassingTime:211210122071905_5_07_41_00" version="271">
                  <DepartureTime>07:41:00</DepartureTime>
                  <StopPointInJourneyPatternRef ref="OST:StopPointInJourneyPattern:255_Outbound_211210121983018_5_211210121975025" version="271" />
                </TimetabledPassingTime>
                <TimetabledPassingTime id="OST:TimetabledPassingTime:211210122071905_6_07_43_00" version="271">
                  <DepartureTime>07:43:00</DepartureTime>
                  <StopPointInJourneyPatternRef ref="OST:StopPointInJourneyPattern:255_Outbound_211210121983018_6_211210121975025" version="271" />
                </TimetabledPassingTime>
                <TimetabledPassingTime id="OST:TimetabledPassingTime:211210122071905_7_07_46_00" version="271">
                  <DepartureTime>07:46:00</DepartureTime>
                  <StopPointInJourneyPatternRef ref="OST:StopPointInJourneyPattern:255_Outbound_211210121983018_7_211210121975025" version="271" />
                </TimetabledPassingTime>
                <TimetabledPassingTime id="OST:TimetabledPassingTime:211210122071905_8_07_49_00" version="271">
                  <DepartureTime>07:49:00</DepartureTime>
                  <StopPointInJourneyPatternRef ref="OST:StopPointInJourneyPattern:255_Outbound_211210121983018_8_211210121975025" version="271" />
                </TimetabledPassingTime>
                <TimetabledPassingTime id="OST:TimetabledPassingTime:211210122071905_9_07_51_00" version="271">
                  <DepartureTime>07:51:00</DepartureTime>
                  <StopPointInJourneyPatternRef ref="OST:StopPointInJourneyPattern:255_Outbound_211210121983018_9_211210121975025" version="271" />
                </TimetabledPassingTime>
                <TimetabledPassingTime id="OST:TimetabledPassingTime:211210122071905_10_07_56_00" version="271">
                  <DepartureTime>07:56:00</DepartureTime>
                  <StopPointInJourneyPatternRef ref="OST:StopPointInJourneyPattern:255_Outbound_211210121983018_10_211210121975025" version="271" />
                </TimetabledPassingTime>
                <TimetabledPassingTime id="OST:TimetabledPassingTime:211210122071905_11_07_59_00" version="271">
                  <DepartureTime>07:59:00</DepartureTime>
                  <StopPointInJourneyPatternRef ref="OST:StopPointInJourneyPattern:255_Outbound_211210121983018_11_211210121975025" version="271" />
                </TimetabledPassingTime>
                <TimetabledPassingTime id="OST:TimetabledPassingTime:211210122071905_12_08_00_00" version="271">
                  <DepartureTime>08:00:00</DepartureTime>
                  <StopPointInJourneyPatternRef ref="OST:StopPointInJourneyPattern:255_Outbound_211210121983018_12_211210121975025" version="271" />
                </TimetabledPassingTime>
                <TimetabledPassingTime id="OST:TimetabledPassingTime:211210122071905_13_08_03_00" version="271">
                  <DepartureTime>08:03:00</DepartureTime>
                  <StopPointInJourneyPatternRef ref="OST:StopPointInJourneyPattern:255_Outbound_211210121983018_13_211210121975025" version="271" />
                </TimetabledPassingTime>
                <TimetabledPassingTime id="OST:TimetabledPassingTime:211210122071905_14_08_04_00" version="271">
                  <DepartureTime>08:04:00</DepartureTime>
                  <StopPointInJourneyPatternRef ref="OST:StopPointInJourneyPattern:255_Outbound_211210121983018_14_211210121975025" version="271" />
                </TimetabledPassingTime>
                <TimetabledPassingTime id="OST:TimetabledPassingTime:211210122071905_15_08_05_00" version="271">
                  <ArrivalTime>08:05:00</ArrivalTime>
                  <StopPointInJourneyPatternRef ref="OST:StopPointInJourneyPattern:255_Outbound_211210121983018_15_211210121975025" version="271" />
                </TimetabledPassingTime>
              </passingTimes>
            </ServiceJourney>
            <ServiceJourney id="OST:ServiceJourney:255_211210122071907_4" publication="public" version="271">
              <Name>Gjerstad</Name>
              <PrivateCode>4</PrivateCode>
              <dayTypes>
                <DayTypeRef ref="OST:DayType:76" />
              </dayTypes>
              <JourneyPatternRef ref="OST:JourneyPattern:255_Inbound_211210121983020_211210121975025" version="271" />
              <LineRef ref="OST:Line:1_255" version="271" />
              <OperatorRef ref="OST:Operator:152" />
              <passingTimes>
                <TimetabledPassingTime id="OST:TimetabledPassingTime:211210122071907_1_12_25_00" version="271">
                  <DepartureTime>12:25:00</DepartureTime>
                  <StopPointInJourneyPatternRef ref="OST:StopPointInJourneyPattern:255_Inbound_211210121983020_1_211210121975025" version="271" />
                </TimetabledPassingTime>
                <TimetabledPassingTime id="OST:TimetabledPassingTime:211210122071907_2_12_27_00" version="271">
                  <DepartureTime>12:27:00</DepartureTime>
                  <StopPointInJourneyPatternRef ref="OST:StopPointInJourneyPattern:255_Inbound_211210121983020_2_211210121975025" version="271" />
                </TimetabledPassingTime>
                <TimetabledPassingTime id="OST:TimetabledPassingTime:211210122071907_3_12_29_00" version="271">
                  <DepartureTime>12:29:00</DepartureTime>
                  <StopPointInJourneyPatternRef ref="OST:StopPointInJourneyPattern:255_Inbound_211210121983020_3_211210121975025" version="271" />
                </TimetabledPassingTime>
                <TimetabledPassingTime id="OST:TimetabledPassingTime:211210122071907_4_12_33_00" version="271">
                  <DepartureTime>12:33:00</DepartureTime>
                  <StopPointInJourneyPatternRef ref="OST:StopPointInJourneyPattern:255_Inbound_211210121983020_4_211210121975025" version="271" />
                </TimetabledPassingTime>
                <TimetabledPassingTime id="OST:TimetabledPassingTime:211210122071907_5_12_34_00" version="271">
                  <DepartureTime>12:34:00</DepartureTime>
                  <StopPointInJourneyPatternRef ref="OST:StopPointInJourneyPattern:255_Inbound_211210121983020_5_211210121975025" version="271" />
                </TimetabledPassingTime>
                <TimetabledPassingTime id="OST:TimetabledPassingTime:211210122071907_6_12_35_00" version="271">
                  <DepartureTime>12:35:00</DepartureTime>
                  <StopPointInJourneyPatternRef ref="OST:StopPointInJourneyPattern:255_Inbound_211210121983020_6_211210121975025" version="271" />
                </TimetabledPassingTime>
                <TimetabledPassingTime id="OST:TimetabledPassingTime:211210122071907_7_12_35_00" version="271">
                  <ArrivalTime>12:35:00</ArrivalTime>
                  <StopPointInJourneyPatternRef ref="OST:StopPointInJourneyPattern:255_Inbound_211210121983020_7_211210121975025" version="271" />
                </TimetabledPassingTime>
              </passingTimes>
            </ServiceJourney>
            <ServiceJourney id="OST:ServiceJourney:255_211210122071906_2" publication="public" version="271">
              <Name>Lunderveien</Name>
              <PrivateCode>2</PrivateCode>
              <dayTypes>
                <DayTypeRef ref="OST:DayType:76" />
              </dayTypes>
              <JourneyPatternRef ref="OST:JourneyPattern:255_Inbound_211210121983019_211210121975025" version="271" />
              <LineRef ref="OST:Line:1_255" version="271" />
              <OperatorRef ref="OST:Operator:152" />
              <passingTimes>
                <TimetabledPassingTime id="OST:TimetabledPassingTime:211210122071906_1_12_25_00" version="271">
                  <DepartureTime>12:25:00</DepartureTime>
                  <StopPointInJourneyPatternRef ref="OST:StopPointInJourneyPattern:255_Inbound_211210121983019_1_211210121975025" version="271" />
                </TimetabledPassingTime>
                <TimetabledPassingTime id="OST:TimetabledPassingTime:211210122071906_2_12_25_00" version="271">
                  <DepartureTime>12:25:00</DepartureTime>
                  <StopPointInJourneyPatternRef ref="OST:StopPointInJourneyPattern:255_Inbound_211210121983019_2_211210121975025" version="271" />
                </TimetabledPassingTime>
                <TimetabledPassingTime id="OST:TimetabledPassingTime:211210122071906_3_12_31_00" version="271">
                  <DepartureTime>12:31:00</DepartureTime>
                  <StopPointInJourneyPatternRef ref="OST:StopPointInJourneyPattern:255_Inbound_211210121983019_3_211210121975025" version="271" />
                </TimetabledPassingTime>
                <TimetabledPassingTime id="OST:TimetabledPassingTime:211210122071906_5_12_35_00" version="271">
                  <DepartureTime>12:35:00</DepartureTime>
                  <StopPointInJourneyPatternRef ref="OST:StopPointInJourneyPattern:255_Inbound_211210121983019_5_211210121975025" version="271" />
                </TimetabledPassingTime>
                <TimetabledPassingTime id="OST:TimetabledPassingTime:211210122071906_4_12_35_00" version="271">
                  <DepartureTime>12:35:00</DepartureTime>
                  <StopPointInJourneyPatternRef ref="OST:StopPointInJourneyPattern:255_Inbound_211210121983019_4_211210121975025" version="271" />
                </TimetabledPassingTime>
                <TimetabledPassingTime id="OST:TimetabledPassingTime:211210122071906_6_12_36_00" version="271">
                  <DepartureTime>12:36:00</DepartureTime>
                  <StopPointInJourneyPatternRef ref="OST:StopPointInJourneyPattern:255_Inbound_211210121983019_6_211210121975025" version="271" />
                </TimetabledPassingTime>
                <TimetabledPassingTime id="OST:TimetabledPassingTime:211210122071906_7_12_38_00" version="271">
                  <DepartureTime>12:38:00</DepartureTime>
                  <StopPointInJourneyPatternRef ref="OST:StopPointInJourneyPattern:255_Inbound_211210121983019_7_211210121975025" version="271" />
                </TimetabledPassingTime>
                <TimetabledPassingTime id="OST:TimetabledPassingTime:211210122071906_8_12_45_00" version="271">
                  <ArrivalTime>12:45:00</ArrivalTime>
                  <StopPointInJourneyPatternRef ref="OST:StopPointInJourneyPattern:255_Inbound_211210121983019_8_211210121975025" version="271" />
                </TimetabledPassingTime>
              </passingTimes>
            </ServiceJourney>
            <ServiceJourney id="OST:ServiceJourney:255_211210122071908_6" publication="public" version="271">
              <Name>Kirkebygda skole</Name>
              <PrivateCode>6</PrivateCode>
              <dayTypes>
                <DayTypeRef ref="OST:DayType:81" />
              </dayTypes>
              <JourneyPatternRef ref="OST:JourneyPattern:255_Inbound_211210121983021_211210121975025" version="271" />
              <LineRef ref="OST:Line:1_255" version="271" />
              <OperatorRef ref="OST:Operator:152" />
              <passingTimes>
                <TimetabledPassingTime id="OST:TimetabledPassingTime:211210122071908_1_14_05_00" version="271">
                  <DepartureTime>14:05:00</DepartureTime>
                  <StopPointInJourneyPatternRef ref="OST:StopPointInJourneyPattern:255_Inbound_211210121983021_1_211210121975025" version="271" />
                </TimetabledPassingTime>
                <TimetabledPassingTime id="OST:TimetabledPassingTime:211210122071908_2_14_05_00" version="271">
                  <DepartureTime>14:05:00</DepartureTime>
                  <StopPointInJourneyPatternRef ref="OST:StopPointInJourneyPattern:255_Inbound_211210121983021_2_211210121975025" version="271" />
                </TimetabledPassingTime>
                <TimetabledPassingTime id="OST:TimetabledPassingTime:211210122071908_3_14_10_00" version="271">
                  <DepartureTime>14:10:00</DepartureTime>
                  <StopPointInJourneyPatternRef ref="OST:StopPointInJourneyPattern:255_Inbound_211210121983021_3_211210121975025" version="271" />
                </TimetabledPassingTime>
                <TimetabledPassingTime id="OST:TimetabledPassingTime:211210122071908_5_14_14_00" version="271">
                  <DepartureTime>14:14:00</DepartureTime>
                  <StopPointInJourneyPatternRef ref="OST:StopPointInJourneyPattern:255_Inbound_211210121983021_5_211210121975025" version="271" />
                </TimetabledPassingTime>
                <TimetabledPassingTime id="OST:TimetabledPassingTime:211210122071908_4_14_14_00" version="271">
                  <DepartureTime>14:14:00</DepartureTime>
                  <StopPointInJourneyPatternRef ref="OST:StopPointInJourneyPattern:255_Inbound_211210121983021_4_211210121975025" version="271" />
                </TimetabledPassingTime>
                <TimetabledPassingTime id="OST:TimetabledPassingTime:211210122071908_6_14_15_00" version="271">
                  <DepartureTime>14:15:00</DepartureTime>
                  <StopPointInJourneyPatternRef ref="OST:StopPointInJourneyPattern:255_Inbound_211210121983021_6_211210121975025" version="271" />
                </TimetabledPassingTime>
                <TimetabledPassingTime id="OST:TimetabledPassingTime:211210122071908_7_14_19_00" version="271">
                  <DepartureTime>14:19:00</DepartureTime>
                  <StopPointInJourneyPatternRef ref="OST:StopPointInJourneyPattern:255_Inbound_211210121983021_7_211210121975025" version="271" />
                </TimetabledPassingTime>
                <TimetabledPassingTime id="OST:TimetabledPassingTime:211210122071908_8_14_29_00" version="271">
                  <DepartureTime>14:29:00</DepartureTime>
                  <StopPointInJourneyPatternRef ref="OST:StopPointInJourneyPattern:255_Inbound_211210121983021_8_211210121975025" version="271" />
                </TimetabledPassingTime>
                <TimetabledPassingTime id="OST:TimetabledPassingTime:211210122071908_9_14_30_00" version="271">
                  <DepartureTime>14:30:00</DepartureTime>
                  <StopPointInJourneyPatternRef ref="OST:StopPointInJourneyPattern:255_Inbound_211210121983021_9_211210121975025" version="271" />
                </TimetabledPassingTime>
                <TimetabledPassingTime id="OST:TimetabledPassingTime:211210122071908_10_14_32_00" version="271">
                  <DepartureTime>14:32:00</DepartureTime>
                  <StopPointInJourneyPatternRef ref="OST:StopPointInJourneyPattern:255_Inbound_211210121983021_10_211210121975025" version="271" />
                </TimetabledPassingTime>
                <TimetabledPassingTime id="OST:TimetabledPassingTime:211210122071908_11_14_34_00" version="271">
                  <DepartureTime>14:34:00</DepartureTime>
                  <StopPointInJourneyPatternRef ref="OST:StopPointInJourneyPattern:255_Inbound_211210121983021_11_211210121975025" version="271" />
                </TimetabledPassingTime>
                <TimetabledPassingTime id="OST:TimetabledPassingTime:211210122071908_12_14_36_00" version="271">
                  <DepartureTime>14:36:00</DepartureTime>
                  <StopPointInJourneyPatternRef ref="OST:StopPointInJourneyPattern:255_Inbound_211210121983021_12_211210121975025" version="271" />
                </TimetabledPassingTime>
                <TimetabledPassingTime id="OST:TimetabledPassingTime:211210122071908_13_14_37_00" version="271">
                  <DepartureTime>14:37:00</DepartureTime>
                  <StopPointInJourneyPatternRef ref="OST:StopPointInJourneyPattern:255_Inbound_211210121983021_13_211210121975025" version="271" />
                </TimetabledPassingTime>
                <TimetabledPassingTime id="OST:TimetabledPassingTime:211210122071908_15_14_38_00" version="271">
                  <DepartureTime>14:38:00</DepartureTime>
                  <StopPointInJourneyPatternRef ref="OST:StopPointInJourneyPattern:255_Inbound_211210121983021_15_211210121975025" version="271" />
                </TimetabledPassingTime>
                <TimetabledPassingTime id="OST:TimetabledPassingTime:211210122071908_14_14_38_00" version="271">
                  <DepartureTime>14:38:00</DepartureTime>
                  <StopPointInJourneyPatternRef ref="OST:StopPointInJourneyPattern:255_Inbound_211210121983021_14_211210121975025" version="271" />
                </TimetabledPassingTime>
                <TimetabledPassingTime id="OST:TimetabledPassingTime:211210122071908_16_14_40_00" version="271">
                  <ArrivalTime>14:40:00</ArrivalTime>
                  <StopPointInJourneyPatternRef ref="OST:StopPointInJourneyPattern:255_Inbound_211210121983021_16_211210121975025" version="271" />
                </TimetabledPassingTime>
              </passingTimes>
            </ServiceJourney>
          </vehicleJourneys>
        </TimetableFrame>
      </frames>
    </CompositeFrame>
  </dataObjects>
</PublicationDelivery>
