<?xml version="1.0" encoding="UTF-8"?>
<PublicationDelivery xmlns="http://www.netex.org.uk/netex" xmlns:gis="http://www.opengis.net/gml/3.2" xmlns:siri="http://www.siri.org.uk/siri" version="1.13:NO-NeTEx-networktimetable:1.3">
  <PublicationTimestamp>2022-05-26T00:05:35.012</PublicationTimestamp>
  <ParticipantRef>RB</ParticipantRef>
  <Description>Askim stasjon</Description>
  <dataObjects>
    <CompositeFrame created="2022-04-08T10:32:34.29" id="1243119301" version="1">
      <validityConditions>
        <AvailabilityCondition id="1065434673" version="1">
          <FromDate>2022-05-23T00:00:00</FromDate>
          <ToDate>2023-05-25T00:00:00</ToDate>
        </AvailabilityCondition>
      </validityConditions>
      <codespaces>
        <Codespace id="ost">
          <Xmlns>OST</Xmlns>
          <XmlnsUrl>http://www.rutebanken.org/ns/ost</XmlnsUrl>
        </Codespace>
        <Codespace id="nsr">
          <Xmlns>NSR</Xmlns>
          <XmlnsUrl>http://www.rutebanken.org/ns/nsr</XmlnsUrl>
        </Codespace>
      </codespaces>
      <FrameDefaults>
        <DefaultLocale>
          <TimeZone>Europe/Oslo</TimeZone>
          <DefaultLanguage>no</DefaultLanguage>
        </DefaultLocale>
      </FrameDefaults>
      <frames>
        <ServiceFrame id="1800429831" version="1">
          <routes>
            <Route id="OST:Route:457_Inbound_211210121983271_211210121975025" version="271">
              <Name>2-2</Name>
              <ShortName>2-2</ShortName>
              <LineRef ref="OST:Line:1_457" version="271" />
              <DirectionType>outbound</DirectionType>
              <pointsInSequence>
                <PointOnRoute id="OST:PointOnRoute:7452241" order="3" version="271">
                  <RoutePointRef ref="OST:RoutePoint:1242295_2" />
                </PointOnRoute>
                <PointOnRoute id="OST:PointOnRoute:7452239" order="1" version="271">
                  <RoutePointRef ref="OST:RoutePoint:1241890_2" />
                </PointOnRoute>
                <PointOnRoute id="OST:PointOnRoute:7452248" order="10" version="271">
                  <RoutePointRef ref="OST:RoutePoint:1242260_2" />
                </PointOnRoute>
                <PointOnRoute id="OST:PointOnRoute:7452249" order="11" version="271">
                  <RoutePointRef ref="OST:RoutePoint:1242255_1" />
                </PointOnRoute>
                <PointOnRoute id="OST:PointOnRoute:7452246" order="8" version="271">
                  <RoutePointRef ref="OST:RoutePoint:1242270_2" />
                </PointOnRoute>
                <PointOnRoute id="OST:PointOnRoute:7452247" order="9" version="271">
                  <RoutePointRef ref="OST:RoutePoint:1242265_2" />
                </PointOnRoute>
                <PointOnRoute id="OST:PointOnRoute:7452244" order="6" version="271">
                  <RoutePointRef ref="OST:RoutePoint:1242280_2" />
                </PointOnRoute>
                <PointOnRoute id="OST:PointOnRoute:7452245" order="7" version="271">
                  <RoutePointRef ref="OST:RoutePoint:1242275_2" />
                </PointOnRoute>
                <PointOnRoute id="OST:PointOnRoute:7452242" order="4" version="271">
                  <RoutePointRef ref="OST:RoutePoint:1242290_2" />
                </PointOnRoute>
                <PointOnRoute id="OST:PointOnRoute:7452243" order="5" version="271">
                  <RoutePointRef ref="OST:RoutePoint:1242285_2" />
                </PointOnRoute>
                <PointOnRoute id="OST:PointOnRoute:7452240" order="2" version="271">
                  <RoutePointRef ref="OST:RoutePoint:1242300_2" />
                </PointOnRoute>
              </pointsInSequence>
            </Route>
            <Route id="OST:Route:457_Outbound_211210121983270_211210121975025" version="271">
              <Name>1-1</Name>
              <ShortName>1-1</ShortName>
              <LineRef ref="OST:Line:1_457" version="271" />
              <DirectionType>inbound</DirectionType>
              <pointsInSequence>
                <PointOnRoute id="OST:PointOnRoute:7452229" order="1" version="271">
                  <RoutePointRef ref="OST:RoutePoint:1242260_1" />
                </PointOnRoute>
                <PointOnRoute id="OST:PointOnRoute:7452237" order="9" version="271">
                  <RoutePointRef ref="OST:RoutePoint:1243226_1" />
                </PointOnRoute>
                <PointOnRoute id="OST:PointOnRoute:7452235" order="7" version="271">
                  <RoutePointRef ref="OST:RoutePoint:1242290_1" />
                </PointOnRoute>
                <PointOnRoute id="OST:PointOnRoute:7452238" order="10" version="271">
                  <RoutePointRef ref="OST:RoutePoint:1241890_2" />
                </PointOnRoute>
                <PointOnRoute id="OST:PointOnRoute:7452233" order="5" version="271">
                  <RoutePointRef ref="OST:RoutePoint:1242280_1" />
                </PointOnRoute>
                <PointOnRoute id="OST:PointOnRoute:7452236" order="8" version="271">
                  <RoutePointRef ref="OST:RoutePoint:1242295_3" />
                </PointOnRoute>
                <PointOnRoute id="OST:PointOnRoute:7452231" order="3" version="271">
                  <RoutePointRef ref="OST:RoutePoint:1242270_1" />
                </PointOnRoute>
                <PointOnRoute id="OST:PointOnRoute:7452230" order="2" version="271">
                  <RoutePointRef ref="OST:RoutePoint:1242265_1" />
                </PointOnRoute>
                <PointOnRoute id="OST:PointOnRoute:7452234" order="6" version="271">
                  <RoutePointRef ref="OST:RoutePoint:1242285_1" />
                </PointOnRoute>
                <PointOnRoute id="OST:PointOnRoute:7452232" order="4" version="271">
                  <RoutePointRef ref="OST:RoutePoint:1242275_1" />
                </PointOnRoute>
              </pointsInSequence>
            </Route>
          </routes>
          <lines>
            <Line id="OST:Line:1_457" version="271">
              <Name>Askim stasjon</Name>
              <TransportMode>bus</TransportMode>
              <TransportSubmode>
                <BusSubmode>localBus</BusSubmode>
              </TransportSubmode>
              <PublicCode>457</PublicCode>
              <PrivateCode>457</PrivateCode>
              <OperatorRef ref="OST:Operator:152" />
              <RepresentedByGroupRef ref="OST:GroupOfLines:bus_1" />
            </Line>
          </lines>
          <journeyPatterns>
            <JourneyPattern id="OST:JourneyPattern:457_Inbound_211210121983271_211210121975025" version="271">
              <Name>2-2</Name>
              <RouteRef ref="OST:Route:457_Inbound_211210121983271_211210121975025" version="271" />
              <pointsInSequence>
                <StopPointInJourneyPattern order="5" id="OST:StopPointInJourneyPattern:457_Inbound_211210121983271_5_211210121975025" version="271">
                  <ScheduledStopPointRef ref="OST:ScheduledStopPoint:1242285_2" />
                </StopPointInJourneyPattern>
                <StopPointInJourneyPattern order="7" id="OST:StopPointInJourneyPattern:457_Inbound_211210121983271_7_211210121975025" version="271">
                  <ScheduledStopPointRef ref="OST:ScheduledStopPoint:1242275_2" />
                </StopPointInJourneyPattern>
                <StopPointInJourneyPattern order="3" id="OST:StopPointInJourneyPattern:457_Inbound_211210121983271_3_211210121975025" version="271">
                  <ScheduledStopPointRef ref="OST:ScheduledStopPoint:1242295_2" />
                </StopPointInJourneyPattern>
                <StopPointInJourneyPattern order="2" id="OST:StopPointInJourneyPattern:457_Inbound_211210121983271_2_211210121975025" version="271">
                  <ScheduledStopPointRef ref="OST:ScheduledStopPoint:1242300_2" />
                </StopPointInJourneyPattern>
                <StopPointInJourneyPattern order="11" id="OST:StopPointInJourneyPattern:457_Inbound_211210121983271_11_211210121975025" version="271">
                  <ForBoarding>false</ForBoarding>
                  <ScheduledStopPointRef ref="OST:ScheduledStopPoint:1242255_1" />
                </StopPointInJourneyPattern>
                <StopPointInJourneyPattern order="4" id="OST:StopPointInJourneyPattern:457_Inbound_211210121983271_4_211210121975025" version="271">
                  <ScheduledStopPointRef ref="OST:ScheduledStopPoint:1242290_2" />
                </StopPointInJourneyPattern>
                <StopPointInJourneyPattern order="6" id="OST:StopPointInJourneyPattern:457_Inbound_211210121983271_6_211210121975025" version="271">
                  <ScheduledStopPointRef ref="OST:ScheduledStopPoint:1242280_2" />
                </StopPointInJourneyPattern>
                <StopPointInJourneyPattern order="8" id="OST:StopPointInJourneyPattern:457_Inbound_211210121983271_8_211210121975025" version="271">
                  <ScheduledStopPointRef ref="OST:ScheduledStopPoint:1242270_2" />
                </StopPointInJourneyPattern>
                <StopPointInJourneyPattern order="9" id="OST:StopPointInJourneyPattern:457_Inbound_211210121983271_9_211210121975025" version="271">
                  <ScheduledStopPointRef ref="OST:ScheduledStopPoint:1242265_2" />
                </StopPointInJourneyPattern>
                <StopPointInJourneyPattern order="1" id="OST:StopPointInJourneyPattern:457_Inbound_211210121983271_1_211210121975025" version="271">
                  <ForAlighting>false</ForAlighting>
                  <DestinationDisplayRef ref="OST:DestinationDisplay:550" />
                  <ScheduledStopPointRef ref="OST:ScheduledStopPoint:1241890_2" />
                </StopPointInJourneyPattern>
                <StopPointInJourneyPattern order="10" id="OST:StopPointInJourneyPattern:457_Inbound_211210121983271_10_211210121975025" version="271">
                  <ScheduledStopPointRef ref="OST:ScheduledStopPoint:1242260_2" />
                </StopPointInJourneyPattern>
              </pointsInSequence>
              <linksInSequence>
                <ServiceLinkInJourneyPattern order="2" id="OST:ServiceLinkInJourneyPattern:7452262" version="271">
                  <ServiceLinkRef ref="OST:ServiceLink:200811072689411_2_200811072689406_2_625" />
                </ServiceLinkInJourneyPattern>
                <ServiceLinkInJourneyPattern order="10" id="OST:ServiceLinkInJourneyPattern:7452270" version="271">
                  <ServiceLinkRef ref="OST:ServiceLink:200811072689369_2_200811072689362_1_445" />
                </ServiceLinkInJourneyPattern>
                <ServiceLinkInJourneyPattern order="9" id="OST:ServiceLinkInJourneyPattern:7452269" version="271">
                  <ServiceLinkRef ref="OST:ServiceLink:200811072689374_2_200811072689369_2_314" />
                </ServiceLinkInJourneyPattern>
                <ServiceLinkInJourneyPattern order="4" id="OST:ServiceLinkInJourneyPattern:7452264" version="271">
                  <ServiceLinkRef ref="OST:ServiceLink:200811072689399_2_200811072689394_2_406" />
                </ServiceLinkInJourneyPattern>
                <ServiceLinkInJourneyPattern order="1" id="OST:ServiceLinkInJourneyPattern:7452261" version="271">
                  <ServiceLinkRef ref="OST:ServiceLink:200811072689347_2_200811072689411_2_247" />
                </ServiceLinkInJourneyPattern>
                <ServiceLinkInJourneyPattern order="6" id="OST:ServiceLinkInJourneyPattern:7452266" version="271">
                  <ServiceLinkRef ref="OST:ServiceLink:200811072689389_2_200811072689384_2_841" />
                </ServiceLinkInJourneyPattern>
                <ServiceLinkInJourneyPattern order="3" id="OST:ServiceLinkInJourneyPattern:7452263" version="271">
                  <ServiceLinkRef ref="OST:ServiceLink:200811072689406_2_200811072689399_2_335" />
                </ServiceLinkInJourneyPattern>
                <ServiceLinkInJourneyPattern order="8" id="OST:ServiceLinkInJourneyPattern:7452268" version="271">
                  <ServiceLinkRef ref="OST:ServiceLink:200811072689379_2_200811072689374_2_359" />
                </ServiceLinkInJourneyPattern>
                <ServiceLinkInJourneyPattern order="5" id="OST:ServiceLinkInJourneyPattern:7452265" version="271">
                  <ServiceLinkRef ref="OST:ServiceLink:200811072689394_2_200811072689389_2_1104" />
                </ServiceLinkInJourneyPattern>
                <ServiceLinkInJourneyPattern order="7" id="OST:ServiceLinkInJourneyPattern:7452267" version="271">
                  <ServiceLinkRef ref="OST:ServiceLink:200811072689384_2_200811072689379_2_255" />
                </ServiceLinkInJourneyPattern>
              </linksInSequence>
            </JourneyPattern>
            <JourneyPattern id="OST:JourneyPattern:457_Outbound_211210121983270_211210121975025" version="271">
              <Name>1-1</Name>
              <RouteRef ref="OST:Route:457_Outbound_211210121983270_211210121975025" version="271" />
              <pointsInSequence>
                <StopPointInJourneyPattern order="3" id="OST:StopPointInJourneyPattern:457_Outbound_211210121983270_3_211210121975025" version="271">
                  <ScheduledStopPointRef ref="OST:ScheduledStopPoint:1242270_1" />
                </StopPointInJourneyPattern>
                <StopPointInJourneyPattern order="9" id="OST:StopPointInJourneyPattern:457_Outbound_211210121983270_9_211210121975025" version="271">
                  <ScheduledStopPointRef ref="OST:ScheduledStopPoint:1243226_1" />
                </StopPointInJourneyPattern>
                <StopPointInJourneyPattern order="4" id="OST:StopPointInJourneyPattern:457_Outbound_211210121983270_4_211210121975025" version="271">
                  <ScheduledStopPointRef ref="OST:ScheduledStopPoint:1242275_1" />
                </StopPointInJourneyPattern>
                <StopPointInJourneyPattern order="7" id="OST:StopPointInJourneyPattern:457_Outbound_211210121983270_7_211210121975025" version="271">
                  <ScheduledStopPointRef ref="OST:ScheduledStopPoint:1242290_1" />
                </StopPointInJourneyPattern>
                <StopPointInJourneyPattern order="1" id="OST:StopPointInJourneyPattern:457_Outbound_211210121983270_1_211210121975025" version="271">
                  <ForAlighting>false</ForAlighting>
                  <DestinationDisplayRef ref="OST:DestinationDisplay:12" />
                  <ScheduledStopPointRef ref="OST:ScheduledStopPoint:1242260_1" />
                </StopPointInJourneyPattern>
                <StopPointInJourneyPattern order="6" id="OST:StopPointInJourneyPattern:457_Outbound_211210121983270_6_211210121975025" version="271">
                  <ScheduledStopPointRef ref="OST:ScheduledStopPoint:1242285_1" />
                </StopPointInJourneyPattern>
                <StopPointInJourneyPattern order="8" id="OST:StopPointInJourneyPattern:457_Outbound_211210121983270_8_211210121975025" version="271">
                  <ScheduledStopPointRef ref="OST:ScheduledStopPoint:1242295_3" />
                </StopPointInJourneyPattern>
                <StopPointInJourneyPattern order="5" id="OST:StopPointInJourneyPattern:457_Outbound_211210121983270_5_211210121975025" version="271">
                  <ScheduledStopPointRef ref="OST:ScheduledStopPoint:1242280_1" />
                </StopPointInJourneyPattern>
                <StopPointInJourneyPattern order="10" id="OST:StopPointInJourneyPattern:457_Outbound_211210121983270_10_211210121975025" version="271">
                  <ForBoarding>false</ForBoarding>
                  <ScheduledStopPointRef ref="OST:ScheduledStopPoint:1241890_2" />
                </StopPointInJourneyPattern>
                <StopPointInJourneyPattern order="2" id="OST:StopPointInJourneyPattern:457_Outbound_211210121983270_2_211210121975025" version="271">
                  <ScheduledStopPointRef ref="OST:ScheduledStopPoint:1242265_1" />
                </StopPointInJourneyPattern>
              </pointsInSequence>
              <linksInSequence>
                <ServiceLinkInJourneyPattern order="4" id="OST:ServiceLinkInJourneyPattern:7452253" version="271">
                  <ServiceLinkRef ref="OST:ServiceLink:200811072689382_1_200811072689387_1_765" />
                </ServiceLinkInJourneyPattern>
                <ServiceLinkInJourneyPattern order="9" id="OST:ServiceLinkInJourneyPattern:7452259" version="271">
                  <ServiceLinkRef ref="OST:ServiceLink:200811072689629_1_200811072689347_2_1050" />
                </ServiceLinkInJourneyPattern>
                <ServiceLinkInJourneyPattern order="1" id="OST:ServiceLinkInJourneyPattern:7452250" version="271">
                  <ServiceLinkRef ref="OST:ServiceLink:200811072689367_1_200811072689372_1_263" />
                </ServiceLinkInJourneyPattern>
                <ServiceLinkInJourneyPattern order="2" id="OST:ServiceLinkInJourneyPattern:7452251" version="271">
                  <ServiceLinkRef ref="OST:ServiceLink:200811072689372_1_200811072689377_1_372" />
                </ServiceLinkInJourneyPattern>
                <ServiceLinkInJourneyPattern order="5" id="OST:ServiceLinkInJourneyPattern:7452254" version="271">
                  <ServiceLinkRef ref="OST:ServiceLink:200811072689387_1_200811072689392_1_1155" />
                </ServiceLinkInJourneyPattern>
                <ServiceLinkInJourneyPattern order="6" id="OST:ServiceLinkInJourneyPattern:7452255" version="271">
                  <ServiceLinkRef ref="OST:ServiceLink:200811072689392_1_200811072689397_1_361" />
                </ServiceLinkInJourneyPattern>
                <ServiceLinkInJourneyPattern order="3" id="OST:ServiceLinkInJourneyPattern:7452252" version="271">
                  <ServiceLinkRef ref="OST:ServiceLink:200811072689377_1_200811072689382_1_320" />
                </ServiceLinkInJourneyPattern>
                <ServiceLinkInJourneyPattern order="7" id="OST:ServiceLinkInJourneyPattern:7452256" version="271">
                  <ServiceLinkRef ref="OST:ServiceLink:200811072689397_1_200811072689404_3_341" />
                </ServiceLinkInJourneyPattern>
                <ServiceLinkInJourneyPattern order="8" id="OST:ServiceLinkInJourneyPattern:7452257" version="271">
                  <ServiceLinkRef ref="OST:ServiceLink:200811072689404_3_200811072689629_1_783" />
                </ServiceLinkInJourneyPattern>
              </linksInSequence>
            </JourneyPattern>
          </journeyPatterns>
        </ServiceFrame>
        <TimetableFrame id="1112106101" version="1">
          <vehicleJourneys>
            <ServiceJourney id="OST:ServiceJourney:457_211210122072313_1" publication="public" version="271">
              <Name>Askim</Name>
              <PrivateCode>1</PrivateCode>
              <dayTypes>
                <DayTypeRef ref="OST:DayType:121" />
              </dayTypes>
              <JourneyPatternRef ref="OST:JourneyPattern:457_Outbound_211210121983270_211210121975025" version="271" />
              <LineRef ref="OST:Line:1_457" version="271" />
              <OperatorRef ref="OST:Operator:152" />
              <passingTimes>
                <TimetabledPassingTime id="OST:TimetabledPassingTime:211210122072313_3_08_15_00" version="271">
                  <DepartureTime>08:15:00</DepartureTime>
                  <StopPointInJourneyPatternRef ref="OST:StopPointInJourneyPattern:457_Outbound_211210121983270_3_211210121975025" version="271" />
                </TimetabledPassingTime>
                <TimetabledPassingTime id="OST:TimetabledPassingTime:211210122072313_1_08_15_00" version="271">
                  <DepartureTime>08:15:00</DepartureTime>
                  <StopPointInJourneyPatternRef ref="OST:StopPointInJourneyPattern:457_Outbound_211210121983270_1_211210121975025" version="271" />
                </TimetabledPassingTime>
                <TimetabledPassingTime id="OST:TimetabledPassingTime:211210122072313_2_08_15_00" version="271">
                  <DepartureTime>08:15:00</DepartureTime>
                  <StopPointInJourneyPatternRef ref="OST:StopPointInJourneyPattern:457_Outbound_211210121983270_2_211210121975025" version="271" />
                </TimetabledPassingTime>
                <TimetabledPassingTime id="OST:TimetabledPassingTime:211210122072313_4_08_16_00" version="271">
                  <DepartureTime>08:16:00</DepartureTime>
                  <StopPointInJourneyPatternRef ref="OST:StopPointInJourneyPattern:457_Outbound_211210121983270_4_211210121975025" version="271" />
                </TimetabledPassingTime>
                <TimetabledPassingTime id="OST:TimetabledPassingTime:211210122072313_5_08_17_00" version="271">
                  <DepartureTime>08:17:00</DepartureTime>
                  <StopPointInJourneyPatternRef ref="OST:StopPointInJourneyPattern:457_Outbound_211210121983270_5_211210121975025" version="271" />
                </TimetabledPassingTime>
                <TimetabledPassingTime id="OST:TimetabledPassingTime:211210122072313_7_08_19_00" version="271">
                  <DepartureTime>08:19:00</DepartureTime>
                  <StopPointInJourneyPatternRef ref="OST:StopPointInJourneyPattern:457_Outbound_211210121983270_7_211210121975025" version="271" />
                </TimetabledPassingTime>
                <TimetabledPassingTime id="OST:TimetabledPassingTime:211210122072313_6_08_19_00" version="271">
                  <DepartureTime>08:19:00</DepartureTime>
                  <StopPointInJourneyPatternRef ref="OST:StopPointInJourneyPattern:457_Outbound_211210121983270_6_211210121975025" version="271" />
                </TimetabledPassingTime>
                <TimetabledPassingTime id="OST:TimetabledPassingTime:211210122072313_8_08_20_00" version="271">
                  <DepartureTime>08:20:00</DepartureTime>
                  <StopPointInJourneyPatternRef ref="OST:StopPointInJourneyPattern:457_Outbound_211210121983270_8_211210121975025" version="271" />
                </TimetabledPassingTime>
                <TimetabledPassingTime id="OST:TimetabledPassingTime:211210122072313_9_08_22_00" version="271">
                  <DepartureTime>08:22:00</DepartureTime>
                  <StopPointInJourneyPatternRef ref="OST:StopPointInJourneyPattern:457_Outbound_211210121983270_9_211210121975025" version="271" />
                </TimetabledPassingTime>
                <TimetabledPassingTime id="OST:TimetabledPassingTime:211210122072313_10_08_24_00" version="271">
                  <ArrivalTime>08:24:00</ArrivalTime>
                  <StopPointInJourneyPatternRef ref="OST:StopPointInJourneyPattern:457_Outbound_211210121983270_10_211210121975025" version="271" />
                </TimetabledPassingTime>
              </passingTimes>
            </ServiceJourney>
            <ServiceJourney id="OST:ServiceJourney:457_211210122072314_2" publication="public" version="271">
              <Name>Vamma</Name>
              <PrivateCode>2</PrivateCode>
              <dayTypes>
                <DayTypeRef ref="OST:DayType:121" />
              </dayTypes>
              <JourneyPatternRef ref="OST:JourneyPattern:457_Inbound_211210121983271_211210121975025" version="271" />
              <LineRef ref="OST:Line:1_457" version="271" />
              <OperatorRef ref="OST:Operator:152" />
              <passingTimes>
                <TimetabledPassingTime id="OST:TimetabledPassingTime:211210122072314_1_14_25_00" version="271">
                  <DepartureTime>14:25:00</DepartureTime>
                  <StopPointInJourneyPatternRef ref="OST:StopPointInJourneyPattern:457_Inbound_211210121983271_1_211210121975025" version="271" />
                </TimetabledPassingTime>
                <TimetabledPassingTime id="OST:TimetabledPassingTime:211210122072314_2_14_25_00" version="271">
                  <DepartureTime>14:25:00</DepartureTime>
                  <StopPointInJourneyPatternRef ref="OST:StopPointInJourneyPattern:457_Inbound_211210121983271_2_211210121975025" version="271" />
                </TimetabledPassingTime>
                <TimetabledPassingTime id="OST:TimetabledPassingTime:211210122072314_3_14_27_00" version="271">
                  <DepartureTime>14:27:00</DepartureTime>
                  <StopPointInJourneyPatternRef ref="OST:StopPointInJourneyPattern:457_Inbound_211210121983271_3_211210121975025" version="271" />
                </TimetabledPassingTime>
                <TimetabledPassingTime id="OST:TimetabledPassingTime:211210122072314_4_14_27_00" version="271">
                  <DepartureTime>14:27:00</DepartureTime>
                  <StopPointInJourneyPatternRef ref="OST:StopPointInJourneyPattern:457_Inbound_211210121983271_4_211210121975025" version="271" />
                </TimetabledPassingTime>
                <TimetabledPassingTime id="OST:TimetabledPassingTime:211210122072314_5_14_28_00" version="271">
                  <DepartureTime>14:28:00</DepartureTime>
                  <StopPointInJourneyPatternRef ref="OST:StopPointInJourneyPattern:457_Inbound_211210121983271_5_211210121975025" version="271" />
                </TimetabledPassingTime>
                <TimetabledPassingTime id="OST:TimetabledPassingTime:211210122072314_6_14_28_00" version="271">
                  <DepartureTime>14:28:00</DepartureTime>
                  <StopPointInJourneyPatternRef ref="OST:StopPointInJourneyPattern:457_Inbound_211210121983271_6_211210121975025" version="271" />
                </TimetabledPassingTime>
                <TimetabledPassingTime id="OST:TimetabledPassingTime:211210122072314_7_14_29_00" version="271">
                  <DepartureTime>14:29:00</DepartureTime>
                  <StopPointInJourneyPatternRef ref="OST:StopPointInJourneyPattern:457_Inbound_211210121983271_7_211210121975025" version="271" />
                </TimetabledPassingTime>
                <TimetabledPassingTime id="OST:TimetabledPassingTime:211210122072314_8_14_29_00" version="271">
                  <DepartureTime>14:29:00</DepartureTime>
                  <StopPointInJourneyPatternRef ref="OST:StopPointInJourneyPattern:457_Inbound_211210121983271_8_211210121975025" version="271" />
                </TimetabledPassingTime>
                <TimetabledPassingTime id="OST:TimetabledPassingTime:211210122072314_10_14_30_00" version="271">
                  <DepartureTime>14:30:00</DepartureTime>
                  <StopPointInJourneyPatternRef ref="OST:StopPointInJourneyPattern:457_Inbound_211210121983271_10_211210121975025" version="271" />
                </TimetabledPassingTime>
                <TimetabledPassingTime id="OST:TimetabledPassingTime:211210122072314_9_14_30_00" version="271">
                  <DepartureTime>14:30:00</DepartureTime>
                  <StopPointInJourneyPatternRef ref="OST:StopPointInJourneyPattern:457_Inbound_211210121983271_9_211210121975025" version="271" />
                </TimetabledPassingTime>
                <TimetabledPassingTime id="OST:TimetabledPassingTime:211210122072314_11_14_31_00" version="271">
                  <ArrivalTime>14:31:00</ArrivalTime>
                  <StopPointInJourneyPatternRef ref="OST:StopPointInJourneyPattern:457_Inbound_211210121983271_11_211210121975025" version="271" />
                </TimetabledPassingTime>
              </passingTimes>
            </ServiceJourney>
          </vehicleJourneys>
        </TimetableFrame>
      </frames>
    </CompositeFrame>
  </dataObjects>
</PublicationDelivery>
