<?xml version="1.0" encoding="UTF-8"?>
<PublicationDelivery xmlns="http://www.netex.org.uk/netex" xmlns:gis="http://www.opengis.net/gml/3.2" xmlns:siri="http://www.siri.org.uk/siri" version="1.13:NO-NeTEx-networktimetable:1.3">
  <PublicationTimestamp>2022-05-26T00:05:35.012</PublicationTimestamp>
  <ParticipantRef>RB</ParticipantRef>
  <Description>Marker skole</Description>
  <dataObjects>
    <CompositeFrame created="2022-04-08T10:32:34.29" id="2116350936" version="1">
      <validityConditions>
        <AvailabilityCondition id="1298636168" version="1">
          <FromDate>2022-05-23T00:00:00</FromDate>
          <ToDate>2023-05-25T00:00:00</ToDate>
        </AvailabilityCondition>
      </validityConditions>
      <codespaces>
        <Codespace id="ost">
          <Xmlns>OST</Xmlns>
          <XmlnsUrl>http://www.rutebanken.org/ns/ost</XmlnsUrl>
        </Codespace>
        <Codespace id="nsr">
          <Xmlns>NSR</Xmlns>
          <XmlnsUrl>http://www.rutebanken.org/ns/nsr</XmlnsUrl>
        </Codespace>
      </codespaces>
      <FrameDefaults>
        <DefaultLocale>
          <TimeZone>Europe/Oslo</TimeZone>
          <DefaultLanguage>no</DefaultLanguage>
        </DefaultLocale>
      </FrameDefaults>
      <frames>
        <ServiceFrame id="164538156" version="1">
          <routes>
            <Route id="OST:Route:474_Inbound_211210121983341_211210121975025" version="271">
              <Name>2-1</Name>
              <ShortName>2-1</ShortName>
              <LineRef ref="OST:Line:1_474" version="271" />
              <DirectionType>outbound</DirectionType>
              <pointsInSequence>
                <PointOnRoute id="OST:PointOnRoute:7459181" order="3" version="271">
                  <RoutePointRef ref="OST:RoutePoint:1197420_2" />
                </PointOnRoute>
                <PointOnRoute id="OST:PointOnRoute:7459182" order="4" version="271">
                  <RoutePointRef ref="OST:RoutePoint:1197410_2" />
                </PointOnRoute>
                <PointOnRoute id="OST:PointOnRoute:7459179" order="1" version="271">
                  <RoutePointRef ref="OST:RoutePoint:1197425_1" />
                </PointOnRoute>
                <PointOnRoute id="OST:PointOnRoute:7459186" order="8" version="271">
                  <RoutePointRef ref="OST:RoutePoint:1197390_2" />
                </PointOnRoute>
                <PointOnRoute id="OST:PointOnRoute:7459184" order="6" version="271">
                  <RoutePointRef ref="OST:RoutePoint:1197400_2" />
                </PointOnRoute>
                <PointOnRoute id="OST:PointOnRoute:7459183" order="5" version="271">
                  <RoutePointRef ref="OST:RoutePoint:1197405_2" />
                </PointOnRoute>
                <PointOnRoute id="OST:PointOnRoute:7459188" order="10" version="271">
                  <RoutePointRef ref="OST:RoutePoint:1197380_2" />
                </PointOnRoute>
                <PointOnRoute id="OST:PointOnRoute:7459187" order="9" version="271">
                  <RoutePointRef ref="OST:RoutePoint:1197386_2" />
                </PointOnRoute>
                <PointOnRoute id="OST:PointOnRoute:7459185" order="7" version="271">
                  <RoutePointRef ref="OST:RoutePoint:1197395_2" />
                </PointOnRoute>
                <PointOnRoute id="OST:PointOnRoute:7459189" order="11" version="271">
                  <RoutePointRef ref="OST:RoutePoint:1197375_2" />
                </PointOnRoute>
                <PointOnRoute id="OST:PointOnRoute:7459180" order="2" version="271">
                  <RoutePointRef ref="OST:RoutePoint:1197421_2" />
                </PointOnRoute>
              </pointsInSequence>
            </Route>
          </routes>
          <lines>
            <Line id="OST:Line:1_474" version="271">
              <Name>Marker skole</Name>
              <TransportMode>bus</TransportMode>
              <TransportSubmode>
                <BusSubmode>localBus</BusSubmode>
              </TransportSubmode>
              <PublicCode>474</PublicCode>
              <PrivateCode>474</PrivateCode>
              <OperatorRef ref="OST:Operator:152" />
              <RepresentedByGroupRef ref="OST:GroupOfLines:bus_1" />
            </Line>
          </lines>
          <journeyPatterns>
            <JourneyPattern id="OST:JourneyPattern:474_Inbound_211210121983341_211210121975025" version="271">
              <Name>2-1</Name>
              <RouteRef ref="OST:Route:474_Inbound_211210121983341_211210121975025" version="271" />
              <pointsInSequence>
                <StopPointInJourneyPattern order="11" id="OST:StopPointInJourneyPattern:474_Inbound_211210121983341_11_211210121975025" version="271">
                  <ForBoarding>false</ForBoarding>
                  <ScheduledStopPointRef ref="OST:ScheduledStopPoint:1197375_2" />
                </StopPointInJourneyPattern>
                <StopPointInJourneyPattern order="10" id="OST:StopPointInJourneyPattern:474_Inbound_211210121983341_10_211210121975025" version="271">
                  <ScheduledStopPointRef ref="OST:ScheduledStopPoint:1197380_2" />
                </StopPointInJourneyPattern>
                <StopPointInJourneyPattern order="9" id="OST:StopPointInJourneyPattern:474_Inbound_211210121983341_9_211210121975025" version="271">
                  <ScheduledStopPointRef ref="OST:ScheduledStopPoint:1197386_2" />
                </StopPointInJourneyPattern>
                <StopPointInJourneyPattern order="5" id="OST:StopPointInJourneyPattern:474_Inbound_211210121983341_5_211210121975025" version="271">
                  <ScheduledStopPointRef ref="OST:ScheduledStopPoint:1197405_2" />
                </StopPointInJourneyPattern>
                <StopPointInJourneyPattern order="8" id="OST:StopPointInJourneyPattern:474_Inbound_211210121983341_8_211210121975025" version="271">
                  <ScheduledStopPointRef ref="OST:ScheduledStopPoint:1197390_2" />
                </StopPointInJourneyPattern>
                <StopPointInJourneyPattern order="6" id="OST:StopPointInJourneyPattern:474_Inbound_211210121983341_6_211210121975025" version="271">
                  <ScheduledStopPointRef ref="OST:ScheduledStopPoint:1197400_2" />
                </StopPointInJourneyPattern>
                <StopPointInJourneyPattern order="7" id="OST:StopPointInJourneyPattern:474_Inbound_211210121983341_7_211210121975025" version="271">
                  <ScheduledStopPointRef ref="OST:ScheduledStopPoint:1197395_2" />
                </StopPointInJourneyPattern>
                <StopPointInJourneyPattern order="4" id="OST:StopPointInJourneyPattern:474_Inbound_211210121983341_4_211210121975025" version="271">
                  <ScheduledStopPointRef ref="OST:ScheduledStopPoint:1197410_2" />
                </StopPointInJourneyPattern>
                <StopPointInJourneyPattern order="1" id="OST:StopPointInJourneyPattern:474_Inbound_211210121983341_1_211210121975025" version="271">
                  <ForAlighting>false</ForAlighting>
                  <DestinationDisplayRef ref="OST:DestinationDisplay:351" />
                  <ScheduledStopPointRef ref="OST:ScheduledStopPoint:1197425_1" />
                </StopPointInJourneyPattern>
                <StopPointInJourneyPattern order="3" id="OST:StopPointInJourneyPattern:474_Inbound_211210121983341_3_211210121975025" version="271">
                  <ScheduledStopPointRef ref="OST:ScheduledStopPoint:1197420_2" />
                </StopPointInJourneyPattern>
                <StopPointInJourneyPattern order="2" id="OST:StopPointInJourneyPattern:474_Inbound_211210121983341_2_211210121975025" version="271">
                  <ScheduledStopPointRef ref="OST:ScheduledStopPoint:1197421_2" />
                </StopPointInJourneyPattern>
              </pointsInSequence>
              <linksInSequence>
                <ServiceLinkInJourneyPattern order="3" id="OST:ServiceLinkInJourneyPattern:7459193" version="271">
                  <ServiceLinkRef ref="OST:ServiceLink:200811072688699_2_200811072688689_2_1258" />
                </ServiceLinkInJourneyPattern>
                <ServiceLinkInJourneyPattern order="6" id="OST:ServiceLinkInJourneyPattern:7459197" version="271">
                  <ServiceLinkRef ref="OST:ServiceLink:200811072688683_2_200811072688678_2_1454" />
                </ServiceLinkInJourneyPattern>
                <ServiceLinkInJourneyPattern order="10" id="OST:ServiceLinkInJourneyPattern:7459201" version="271">
                  <ServiceLinkRef ref="OST:ServiceLink:200811072688662_2_200811072688657_2_1421" />
                </ServiceLinkInJourneyPattern>
                <ServiceLinkInJourneyPattern order="2" id="OST:ServiceLinkInJourneyPattern:7459191" version="271">
                  <ServiceLinkRef ref="OST:ServiceLink:200811072688704_2_200811072688699_2_3701" />
                </ServiceLinkInJourneyPattern>
                <ServiceLinkInJourneyPattern order="9" id="OST:ServiceLinkInJourneyPattern:7459200" version="271">
                  <ServiceLinkRef ref="OST:ServiceLink:200811072688670_2_200811072688662_2_3024" />
                </ServiceLinkInJourneyPattern>
                <ServiceLinkInJourneyPattern order="4" id="OST:ServiceLinkInJourneyPattern:7459195" version="271">
                  <ServiceLinkRef ref="OST:ServiceLink:200811072688689_2_200811072688686_2_1849" />
                </ServiceLinkInJourneyPattern>
                <ServiceLinkInJourneyPattern order="1" id="OST:ServiceLinkInJourneyPattern:7459190" version="271">
                  <ServiceLinkRef ref="OST:ServiceLink:200811072688712_1_200811072688704_2_574" />
                </ServiceLinkInJourneyPattern>
                <ServiceLinkInJourneyPattern order="7" id="OST:ServiceLinkInJourneyPattern:7459198" version="271">
                  <ServiceLinkRef ref="OST:ServiceLink:200811072688678_2_200811072688673_2_436" />
                </ServiceLinkInJourneyPattern>
                <ServiceLinkInJourneyPattern order="5" id="OST:ServiceLinkInJourneyPattern:7459196" version="271">
                  <ServiceLinkRef ref="OST:ServiceLink:200811072688686_2_200811072688683_2_196" />
                </ServiceLinkInJourneyPattern>
                <ServiceLinkInJourneyPattern order="8" id="OST:ServiceLinkInJourneyPattern:7459199" version="271">
                  <ServiceLinkRef ref="OST:ServiceLink:200811072688673_2_200811072688670_2_2352" />
                </ServiceLinkInJourneyPattern>
              </linksInSequence>
            </JourneyPattern>
          </journeyPatterns>
        </ServiceFrame>
        <TimetableFrame id="1847257767" version="1">
          <vehicleJourneys>
            <ServiceJourney id="OST:ServiceJourney:474_211210122072385_2" publication="public" version="271">
              <Name>Otteid</Name>
              <PrivateCode>2</PrivateCode>
              <dayTypes>
                <DayTypeRef ref="OST:DayType:81" />
              </dayTypes>
              <JourneyPatternRef ref="OST:JourneyPattern:474_Inbound_211210121983341_211210121975025" version="271" />
              <LineRef ref="OST:Line:1_474" version="271" />
              <OperatorRef ref="OST:Operator:152" />
              <passingTimes>
                <TimetabledPassingTime id="OST:TimetabledPassingTime:211210122072385_1_12_40_00" version="271">
                  <DepartureTime>12:40:00</DepartureTime>
                  <StopPointInJourneyPatternRef ref="OST:StopPointInJourneyPattern:474_Inbound_211210121983341_1_211210121975025" version="271" />
                </TimetabledPassingTime>
                <TimetabledPassingTime id="OST:TimetabledPassingTime:211210122072385_2_12_50_00" version="271">
                  <DepartureTime>12:50:00</DepartureTime>
                  <StopPointInJourneyPatternRef ref="OST:StopPointInJourneyPattern:474_Inbound_211210121983341_2_211210121975025" version="271" />
                </TimetabledPassingTime>
                <TimetabledPassingTime id="OST:TimetabledPassingTime:211210122072385_3_12_53_00" version="271">
                  <DepartureTime>12:53:00</DepartureTime>
                  <StopPointInJourneyPatternRef ref="OST:StopPointInJourneyPattern:474_Inbound_211210121983341_3_211210121975025" version="271" />
                </TimetabledPassingTime>
                <TimetabledPassingTime id="OST:TimetabledPassingTime:211210122072385_4_12_54_00" version="271">
                  <DepartureTime>12:54:00</DepartureTime>
                  <StopPointInJourneyPatternRef ref="OST:StopPointInJourneyPattern:474_Inbound_211210121983341_4_211210121975025" version="271" />
                </TimetabledPassingTime>
                <TimetabledPassingTime id="OST:TimetabledPassingTime:211210122072385_5_12_55_00" version="271">
                  <DepartureTime>12:55:00</DepartureTime>
                  <StopPointInJourneyPatternRef ref="OST:StopPointInJourneyPattern:474_Inbound_211210121983341_5_211210121975025" version="271" />
                </TimetabledPassingTime>
                <TimetabledPassingTime id="OST:TimetabledPassingTime:211210122072385_6_12_55_00" version="271">
                  <DepartureTime>12:55:00</DepartureTime>
                  <StopPointInJourneyPatternRef ref="OST:StopPointInJourneyPattern:474_Inbound_211210121983341_6_211210121975025" version="271" />
                </TimetabledPassingTime>
                <TimetabledPassingTime id="OST:TimetabledPassingTime:211210122072385_7_12_57_00" version="271">
                  <DepartureTime>12:57:00</DepartureTime>
                  <StopPointInJourneyPatternRef ref="OST:StopPointInJourneyPattern:474_Inbound_211210121983341_7_211210121975025" version="271" />
                </TimetabledPassingTime>
                <TimetabledPassingTime id="OST:TimetabledPassingTime:211210122072385_8_12_57_00" version="271">
                  <DepartureTime>12:57:00</DepartureTime>
                  <StopPointInJourneyPatternRef ref="OST:StopPointInJourneyPattern:474_Inbound_211210121983341_8_211210121975025" version="271" />
                </TimetabledPassingTime>
                <TimetabledPassingTime id="OST:TimetabledPassingTime:211210122072385_9_13_00_00" version="271">
                  <DepartureTime>13:00:00</DepartureTime>
                  <StopPointInJourneyPatternRef ref="OST:StopPointInJourneyPattern:474_Inbound_211210121983341_9_211210121975025" version="271" />
                </TimetabledPassingTime>
                <TimetabledPassingTime id="OST:TimetabledPassingTime:211210122072385_10_13_03_00" version="271">
                  <DepartureTime>13:03:00</DepartureTime>
                  <StopPointInJourneyPatternRef ref="OST:StopPointInJourneyPattern:474_Inbound_211210121983341_10_211210121975025" version="271" />
                </TimetabledPassingTime>
                <TimetabledPassingTime id="OST:TimetabledPassingTime:211210122072385_11_13_05_00" version="271">
                  <ArrivalTime>13:05:00</ArrivalTime>
                  <StopPointInJourneyPatternRef ref="OST:StopPointInJourneyPattern:474_Inbound_211210121983341_11_211210121975025" version="271" />
                </TimetabledPassingTime>
              </passingTimes>
            </ServiceJourney>
          </vehicleJourneys>
        </TimetableFrame>
      </frames>
    </CompositeFrame>
  </dataObjects>
</PublicationDelivery>
