<?xml version="1.0" encoding="UTF-8"?>
<PublicationDelivery xmlns="http://www.netex.org.uk/netex" xmlns:gis="http://www.opengis.net/gml/3.2" xmlns:siri="http://www.siri.org.uk/siri" version="1.13:NO-NeTEx-networktimetable:1.3">
  <PublicationTimestamp>2022-05-26T00:05:35.012</PublicationTimestamp>
  <ParticipantRef>RB</ParticipantRef>
  <Description>Spydeberg U.skole-Spydeberg sk</Description>
  <dataObjects>
    <CompositeFrame created="2022-04-08T10:32:34.29" id="1363178033" version="1">
      <validityConditions>
        <AvailabilityCondition id="458983206" version="1">
          <FromDate>2022-05-23T00:00:00</FromDate>
          <ToDate>2023-05-25T00:00:00</ToDate>
        </AvailabilityCondition>
      </validityConditions>
      <codespaces>
        <Codespace id="ost">
          <Xmlns>OST</Xmlns>
          <XmlnsUrl>http://www.rutebanken.org/ns/ost</XmlnsUrl>
        </Codespace>
        <Codespace id="nsr">
          <Xmlns>NSR</Xmlns>
          <XmlnsUrl>http://www.rutebanken.org/ns/nsr</XmlnsUrl>
        </Codespace>
      </codespaces>
      <FrameDefaults>
        <DefaultLocale>
          <TimeZone>Europe/Oslo</TimeZone>
          <DefaultLanguage>no</DefaultLanguage>
        </DefaultLocale>
      </FrameDefaults>
      <frames>
        <ServiceFrame id="1669163412" version="1">
          <routes>
            <Route id="OST:Route:456_Inbound_211210121983269_211210121975025" version="271">
              <Name>2-1</Name>
              <ShortName>2-1</ShortName>
              <LineRef ref="OST:Line:1_456" version="271" />
              <DirectionType>outbound</DirectionType>
              <pointsInSequence>
                <PointOnRoute id="OST:PointOnRoute:7452284" order="8" version="271">
                  <RoutePointRef ref="OST:RoutePoint:1231820_1" />
                </PointOnRoute>
                <PointOnRoute id="OST:PointOnRoute:7452283" order="7" version="271">
                  <RoutePointRef ref="OST:RoutePoint:1231815_1" />
                </PointOnRoute>
                <PointOnRoute id="OST:PointOnRoute:7452282" order="6" version="271">
                  <RoutePointRef ref="OST:RoutePoint:1231810_1" />
                </PointOnRoute>
                <PointOnRoute id="OST:PointOnRoute:7452281" order="5" version="271">
                  <RoutePointRef ref="OST:RoutePoint:1231805_1" />
                </PointOnRoute>
                <PointOnRoute id="OST:PointOnRoute:7452280" order="4" version="271">
                  <RoutePointRef ref="OST:RoutePoint:1233445_1" />
                </PointOnRoute>
                <PointOnRoute id="OST:PointOnRoute:7452279" order="3" version="271">
                  <RoutePointRef ref="OST:RoutePoint:1233440_1" />
                </PointOnRoute>
                <PointOnRoute id="OST:PointOnRoute:7452278" order="2" version="271">
                  <RoutePointRef ref="OST:RoutePoint:1233435_1" />
                </PointOnRoute>
                <PointOnRoute id="OST:PointOnRoute:7452277" order="1" version="271">
                  <RoutePointRef ref="OST:RoutePoint:1233381_2" />
                </PointOnRoute>
              </pointsInSequence>
            </Route>
          </routes>
          <lines>
            <Line id="OST:Line:1_456" version="271">
              <Name>Spydeberg U.skole-Spydeberg sk</Name>
              <TransportMode>bus</TransportMode>
              <TransportSubmode>
                <BusSubmode>localBus</BusSubmode>
              </TransportSubmode>
              <PublicCode>456</PublicCode>
              <PrivateCode>456</PrivateCode>
              <OperatorRef ref="OST:Operator:152" />
              <RepresentedByGroupRef ref="OST:GroupOfLines:bus_1" />
            </Line>
          </lines>
          <journeyPatterns>
            <JourneyPattern id="OST:JourneyPattern:456_Inbound_211210121983269_211210121975025" version="271">
              <Name>2-1</Name>
              <RouteRef ref="OST:Route:456_Inbound_211210121983269_211210121975025" version="271" />
              <pointsInSequence>
                <StopPointInJourneyPattern order="4" id="OST:StopPointInJourneyPattern:456_Inbound_211210121983269_4_211210121975025" version="271">
                  <ScheduledStopPointRef ref="OST:ScheduledStopPoint:1233445_1" />
                </StopPointInJourneyPattern>
                <StopPointInJourneyPattern order="1" id="OST:StopPointInJourneyPattern:456_Inbound_211210121983269_1_211210121975025" version="271">
                  <ForAlighting>false</ForAlighting>
                  <DestinationDisplayRef ref="OST:DestinationDisplay:34" />
                  <ScheduledStopPointRef ref="OST:ScheduledStopPoint:1233381_2" />
                </StopPointInJourneyPattern>
                <StopPointInJourneyPattern order="5" id="OST:StopPointInJourneyPattern:456_Inbound_211210121983269_5_211210121975025" version="271">
                  <ScheduledStopPointRef ref="OST:ScheduledStopPoint:1231805_1" />
                </StopPointInJourneyPattern>
                <StopPointInJourneyPattern order="2" id="OST:StopPointInJourneyPattern:456_Inbound_211210121983269_2_211210121975025" version="271">
                  <ScheduledStopPointRef ref="OST:ScheduledStopPoint:1233435_1" />
                </StopPointInJourneyPattern>
                <StopPointInJourneyPattern order="7" id="OST:StopPointInJourneyPattern:456_Inbound_211210121983269_7_211210121975025" version="271">
                  <ScheduledStopPointRef ref="OST:ScheduledStopPoint:1231815_1" />
                </StopPointInJourneyPattern>
                <StopPointInJourneyPattern order="8" id="OST:StopPointInJourneyPattern:456_Inbound_211210121983269_8_211210121975025" version="271">
                  <ForBoarding>false</ForBoarding>
                  <ScheduledStopPointRef ref="OST:ScheduledStopPoint:1231820_1" />
                </StopPointInJourneyPattern>
                <StopPointInJourneyPattern order="6" id="OST:StopPointInJourneyPattern:456_Inbound_211210121983269_6_211210121975025" version="271">
                  <ScheduledStopPointRef ref="OST:ScheduledStopPoint:1231810_1" />
                </StopPointInJourneyPattern>
                <StopPointInJourneyPattern order="3" id="OST:StopPointInJourneyPattern:456_Inbound_211210121983269_3_211210121975025" version="271">
                  <ScheduledStopPointRef ref="OST:ScheduledStopPoint:1233440_1" />
                </StopPointInJourneyPattern>
              </pointsInSequence>
              <linksInSequence>
                <ServiceLinkInJourneyPattern order="5" id="OST:ServiceLinkInJourneyPattern:7452291" version="271">
                  <ServiceLinkRef ref="OST:ServiceLink:200811072689095_1_200811072689100_1_904" />
                </ServiceLinkInJourneyPattern>
                <ServiceLinkInJourneyPattern order="7" id="OST:ServiceLinkInJourneyPattern:7452293" version="271">
                  <ServiceLinkRef ref="OST:ServiceLink:200811072689105_1_200811072689110_1_793" />
                </ServiceLinkInJourneyPattern>
                <ServiceLinkInJourneyPattern order="2" id="OST:ServiceLinkInJourneyPattern:7452287" version="271">
                  <ServiceLinkRef ref="OST:ServiceLink:200811072689230_1_200811072689233_1_949" />
                </ServiceLinkInJourneyPattern>
                <ServiceLinkInJourneyPattern order="1" id="OST:ServiceLinkInJourneyPattern:7452285" version="271">
                  <ServiceLinkRef ref="OST:ServiceLink:200811072689177_2_200811072689230_1_943" />
                </ServiceLinkInJourneyPattern>
                <ServiceLinkInJourneyPattern order="4" id="OST:ServiceLinkInJourneyPattern:7452289" version="271">
                  <ServiceLinkRef ref="OST:ServiceLink:200811072689238_1_200811072689095_1_4977" />
                </ServiceLinkInJourneyPattern>
                <ServiceLinkInJourneyPattern order="6" id="OST:ServiceLinkInJourneyPattern:7452292" version="271">
                  <ServiceLinkRef ref="OST:ServiceLink:200811072689100_1_200811072689105_1_739" />
                </ServiceLinkInJourneyPattern>
                <ServiceLinkInJourneyPattern order="3" id="OST:ServiceLinkInJourneyPattern:7452288" version="271">
                  <ServiceLinkRef ref="OST:ServiceLink:200811072689233_1_200811072689238_1_1441" />
                </ServiceLinkInJourneyPattern>
              </linksInSequence>
            </JourneyPattern>
          </journeyPatterns>
        </ServiceFrame>
        <TimetableFrame id="11975926" version="1">
          <vehicleJourneys>
            <ServiceJourney id="OST:ServiceJourney:456_211210122072312_2" publication="public" version="271">
              <Name>Bjaberg</Name>
              <PrivateCode>2</PrivateCode>
              <dayTypes>
                <DayTypeRef ref="OST:DayType:121" />
              </dayTypes>
              <JourneyPatternRef ref="OST:JourneyPattern:456_Inbound_211210121983269_211210121975025" version="271" />
              <LineRef ref="OST:Line:1_456" version="271" />
              <OperatorRef ref="OST:Operator:152" />
              <passingTimes>
                <TimetabledPassingTime id="OST:TimetabledPassingTime:211210122072312_1_14_05_00" version="271">
                  <DepartureTime>14:05:00</DepartureTime>
                  <StopPointInJourneyPatternRef ref="OST:StopPointInJourneyPattern:456_Inbound_211210121983269_1_211210121975025" version="271" />
                </TimetabledPassingTime>
                <TimetabledPassingTime id="OST:TimetabledPassingTime:211210122072312_2_14_06_00" version="271">
                  <DepartureTime>14:06:00</DepartureTime>
                  <StopPointInJourneyPatternRef ref="OST:StopPointInJourneyPattern:456_Inbound_211210121983269_2_211210121975025" version="271" />
                </TimetabledPassingTime>
                <TimetabledPassingTime id="OST:TimetabledPassingTime:211210122072312_3_14_08_00" version="271">
                  <DepartureTime>14:08:00</DepartureTime>
                  <StopPointInJourneyPatternRef ref="OST:StopPointInJourneyPattern:456_Inbound_211210121983269_3_211210121975025" version="271" />
                </TimetabledPassingTime>
                <TimetabledPassingTime id="OST:TimetabledPassingTime:211210122072312_4_14_10_00" version="271">
                  <DepartureTime>14:10:00</DepartureTime>
                  <StopPointInJourneyPatternRef ref="OST:StopPointInJourneyPattern:456_Inbound_211210121983269_4_211210121975025" version="271" />
                </TimetabledPassingTime>
                <TimetabledPassingTime id="OST:TimetabledPassingTime:211210122072312_5_14_20_00" version="271">
                  <DepartureTime>14:20:00</DepartureTime>
                  <StopPointInJourneyPatternRef ref="OST:StopPointInJourneyPattern:456_Inbound_211210121983269_5_211210121975025" version="271" />
                </TimetabledPassingTime>
                <TimetabledPassingTime id="OST:TimetabledPassingTime:211210122072312_6_14_22_00" version="271">
                  <DepartureTime>14:22:00</DepartureTime>
                  <StopPointInJourneyPatternRef ref="OST:StopPointInJourneyPattern:456_Inbound_211210121983269_6_211210121975025" version="271" />
                </TimetabledPassingTime>
                <TimetabledPassingTime id="OST:TimetabledPassingTime:211210122072312_7_14_23_00" version="271">
                  <DepartureTime>14:23:00</DepartureTime>
                  <StopPointInJourneyPatternRef ref="OST:StopPointInJourneyPattern:456_Inbound_211210121983269_7_211210121975025" version="271" />
                </TimetabledPassingTime>
                <TimetabledPassingTime id="OST:TimetabledPassingTime:211210122072312_8_14_25_00" version="271">
                  <ArrivalTime>14:25:00</ArrivalTime>
                  <StopPointInJourneyPatternRef ref="OST:StopPointInJourneyPattern:456_Inbound_211210121983269_8_211210121975025" version="271" />
                </TimetabledPassingTime>
              </passingTimes>
            </ServiceJourney>
          </vehicleJourneys>
        </TimetableFrame>
      </frames>
    </CompositeFrame>
  </dataObjects>
</PublicationDelivery>
