<?xml version="1.0" encoding="UTF-8"?>
<PublicationDelivery xmlns="http://www.netex.org.uk/netex" xmlns:gis="http://www.opengis.net/gml/3.2" xmlns:siri="http://www.siri.org.uk/siri" version="1.13:NO-NeTEx-networktimetable:1.3">
  <PublicationTimestamp>2022-05-26T00:05:35.012</PublicationTimestamp>
  <ParticipantRef>RB</ParticipantRef>
  <Description>Idd Kirke - Elgklev</Description>
  <dataObjects>
    <CompositeFrame created="2022-04-08T10:32:34.29" id="755112417" version="1">
      <validityConditions>
        <AvailabilityCondition id="1447286574" version="1">
          <FromDate>2022-05-23T00:00:00</FromDate>
          <ToDate>2023-05-25T00:00:00</ToDate>
        </AvailabilityCondition>
      </validityConditions>
      <codespaces>
        <Codespace id="ost">
          <Xmlns>OST</Xmlns>
          <XmlnsUrl>http://www.rutebanken.org/ns/ost</XmlnsUrl>
        </Codespace>
        <Codespace id="nsr">
          <Xmlns>NSR</Xmlns>
          <XmlnsUrl>http://www.rutebanken.org/ns/nsr</XmlnsUrl>
        </Codespace>
      </codespaces>
      <FrameDefaults>
        <DefaultLocale>
          <TimeZone>Europe/Oslo</TimeZone>
          <DefaultLanguage>no</DefaultLanguage>
        </DefaultLocale>
      </FrameDefaults>
      <frames>
        <ServiceFrame id="2111480951" version="1">
          <routes>
            <Route id="OST:Route:351_Inbound_211210121983082_211210121975025" version="271">
              <Name>2-1</Name>
              <ShortName>2-1</ShortName>
              <LineRef ref="OST:Line:1_351" version="271" />
              <DirectionType>outbound</DirectionType>
              <pointsInSequence>
                <PointOnRoute id="OST:PointOnRoute:7439730" order="4" version="271">
                  <RoutePointRef ref="OST:RoutePoint:1016735_1" />
                </PointOnRoute>
                <PointOnRoute id="OST:PointOnRoute:7439729" order="3" version="271">
                  <RoutePointRef ref="OST:RoutePoint:1016730_1" />
                </PointOnRoute>
                <PointOnRoute id="OST:PointOnRoute:7439728" order="2" version="271">
                  <RoutePointRef ref="OST:RoutePoint:1016725_1" />
                </PointOnRoute>
                <PointOnRoute id="OST:PointOnRoute:7439727" order="1" version="271">
                  <RoutePointRef ref="OST:RoutePoint:1016720_1" />
                </PointOnRoute>
                <PointOnRoute id="OST:PointOnRoute:7439733" order="7" version="271">
                  <RoutePointRef ref="OST:RoutePoint:1016746_1" />
                </PointOnRoute>
                <PointOnRoute id="OST:PointOnRoute:7439732" order="6" version="271">
                  <RoutePointRef ref="OST:RoutePoint:1016745_1" />
                </PointOnRoute>
                <PointOnRoute id="OST:PointOnRoute:7439731" order="5" version="271">
                  <RoutePointRef ref="OST:RoutePoint:1016740_1" />
                </PointOnRoute>
              </pointsInSequence>
            </Route>
          </routes>
          <lines>
            <Line id="OST:Line:1_351" version="271">
              <Name>Idd Kirke - Elgklev</Name>
              <TransportMode>bus</TransportMode>
              <TransportSubmode>
                <BusSubmode>localBus</BusSubmode>
              </TransportSubmode>
              <PublicCode>351</PublicCode>
              <PrivateCode>351</PrivateCode>
              <OperatorRef ref="OST:Operator:152" />
              <RepresentedByGroupRef ref="OST:GroupOfLines:bus_1" />
            </Line>
          </lines>
          <journeyPatterns>
            <JourneyPattern id="OST:JourneyPattern:351_Inbound_211210121983082_211210121975025" version="271">
              <Name>2-1</Name>
              <RouteRef ref="OST:Route:351_Inbound_211210121983082_211210121975025" version="271" />
              <pointsInSequence>
                <StopPointInJourneyPattern order="1" id="OST:StopPointInJourneyPattern:351_Inbound_211210121983082_1_211210121975025" version="271">
                  <ForAlighting>false</ForAlighting>
                  <DestinationDisplayRef ref="OST:DestinationDisplay:89" />
                  <ScheduledStopPointRef ref="OST:ScheduledStopPoint:1016720_1" />
                </StopPointInJourneyPattern>
                <StopPointInJourneyPattern order="3" id="OST:StopPointInJourneyPattern:351_Inbound_211210121983082_3_211210121975025" version="271">
                  <ScheduledStopPointRef ref="OST:ScheduledStopPoint:1016730_1" />
                </StopPointInJourneyPattern>
                <StopPointInJourneyPattern order="4" id="OST:StopPointInJourneyPattern:351_Inbound_211210121983082_4_211210121975025" version="271">
                  <ScheduledStopPointRef ref="OST:ScheduledStopPoint:1016735_1" />
                </StopPointInJourneyPattern>
                <StopPointInJourneyPattern order="5" id="OST:StopPointInJourneyPattern:351_Inbound_211210121983082_5_211210121975025" version="271">
                  <ScheduledStopPointRef ref="OST:ScheduledStopPoint:1016740_1" />
                </StopPointInJourneyPattern>
                <StopPointInJourneyPattern order="7" id="OST:StopPointInJourneyPattern:351_Inbound_211210121983082_7_211210121975025" version="271">
                  <ForBoarding>false</ForBoarding>
                  <ScheduledStopPointRef ref="OST:ScheduledStopPoint:1016746_1" />
                </StopPointInJourneyPattern>
                <StopPointInJourneyPattern order="2" id="OST:StopPointInJourneyPattern:351_Inbound_211210121983082_2_211210121975025" version="271">
                  <ScheduledStopPointRef ref="OST:ScheduledStopPoint:1016725_1" />
                </StopPointInJourneyPattern>
                <StopPointInJourneyPattern order="6" id="OST:StopPointInJourneyPattern:351_Inbound_211210121983082_6_211210121975025" version="271">
                  <ScheduledStopPointRef ref="OST:ScheduledStopPoint:1016745_1" />
                </StopPointInJourneyPattern>
              </pointsInSequence>
              <linksInSequence>
                <ServiceLinkInJourneyPattern order="2" id="OST:ServiceLinkInJourneyPattern:7439735" version="271">
                  <ServiceLinkRef ref="OST:ServiceLink:200811072683360_1_200811072683365_1_704" />
                </ServiceLinkInJourneyPattern>
                <ServiceLinkInJourneyPattern order="5" id="OST:ServiceLinkInJourneyPattern:7439738" version="271">
                  <ServiceLinkRef ref="OST:ServiceLink:200811072683375_1_200811072683380_1_1220" />
                </ServiceLinkInJourneyPattern>
                <ServiceLinkInJourneyPattern order="3" id="OST:ServiceLinkInJourneyPattern:7439736" version="271">
                  <ServiceLinkRef ref="OST:ServiceLink:200811072683365_1_200811072683370_1_1014" />
                </ServiceLinkInJourneyPattern>
                <ServiceLinkInJourneyPattern order="6" id="OST:ServiceLinkInJourneyPattern:7439739" version="271">
                  <ServiceLinkRef ref="OST:ServiceLink:200811072683380_1_200811072683385_1_9791" />
                </ServiceLinkInJourneyPattern>
                <ServiceLinkInJourneyPattern order="1" id="OST:ServiceLinkInJourneyPattern:7439734" version="271">
                  <ServiceLinkRef ref="OST:ServiceLink:200811072683355_1_200811072683360_1_644" />
                </ServiceLinkInJourneyPattern>
                <ServiceLinkInJourneyPattern order="4" id="OST:ServiceLinkInJourneyPattern:7439737" version="271">
                  <ServiceLinkRef ref="OST:ServiceLink:200811072683370_1_200811072683375_1_905" />
                </ServiceLinkInJourneyPattern>
              </linksInSequence>
            </JourneyPattern>
          </journeyPatterns>
        </ServiceFrame>
        <TimetableFrame id="733937279" version="1">
          <vehicleJourneys>
            <ServiceJourney id="OST:ServiceJourney:351_211210122071979_2" publication="public" version="271">
              <Name>Elgklev</Name>
              <PrivateCode>2</PrivateCode>
              <dayTypes>
                <DayTypeRef ref="OST:DayType:123" />
              </dayTypes>
              <JourneyPatternRef ref="OST:JourneyPattern:351_Inbound_211210121983082_211210121975025" version="271" />
              <LineRef ref="OST:Line:1_351" version="271" />
              <OperatorRef ref="OST:Operator:152" />
              <passingTimes>
                <TimetabledPassingTime id="OST:TimetabledPassingTime:211210122071979_1_15_15_00" version="271">
                  <DepartureTime>15:15:00</DepartureTime>
                  <StopPointInJourneyPatternRef ref="OST:StopPointInJourneyPattern:351_Inbound_211210121983082_1_211210121975025" version="271" />
                </TimetabledPassingTime>
                <TimetabledPassingTime id="OST:TimetabledPassingTime:211210122071979_2_15_17_00" version="271">
                  <DepartureTime>15:17:00</DepartureTime>
                  <StopPointInJourneyPatternRef ref="OST:StopPointInJourneyPattern:351_Inbound_211210121983082_2_211210121975025" version="271" />
                </TimetabledPassingTime>
                <TimetabledPassingTime id="OST:TimetabledPassingTime:211210122071979_3_15_20_00" version="271">
                  <DepartureTime>15:20:00</DepartureTime>
                  <StopPointInJourneyPatternRef ref="OST:StopPointInJourneyPattern:351_Inbound_211210121983082_3_211210121975025" version="271" />
                </TimetabledPassingTime>
                <TimetabledPassingTime id="OST:TimetabledPassingTime:211210122071979_4_15_25_00" version="271">
                  <DepartureTime>15:25:00</DepartureTime>
                  <StopPointInJourneyPatternRef ref="OST:StopPointInJourneyPattern:351_Inbound_211210121983082_4_211210121975025" version="271" />
                </TimetabledPassingTime>
                <TimetabledPassingTime id="OST:TimetabledPassingTime:211210122071979_5_15_26_00" version="271">
                  <DepartureTime>15:26:00</DepartureTime>
                  <StopPointInJourneyPatternRef ref="OST:StopPointInJourneyPattern:351_Inbound_211210121983082_5_211210121975025" version="271" />
                </TimetabledPassingTime>
                <TimetabledPassingTime id="OST:TimetabledPassingTime:211210122071979_6_15_27_00" version="271">
                  <DepartureTime>15:27:00</DepartureTime>
                  <StopPointInJourneyPatternRef ref="OST:StopPointInJourneyPattern:351_Inbound_211210121983082_6_211210121975025" version="271" />
                </TimetabledPassingTime>
                <TimetabledPassingTime id="OST:TimetabledPassingTime:211210122071979_7_15_40_00" version="271">
                  <ArrivalTime>15:40:00</ArrivalTime>
                  <StopPointInJourneyPatternRef ref="OST:StopPointInJourneyPattern:351_Inbound_211210121983082_7_211210121975025" version="271" />
                </TimetabledPassingTime>
              </passingTimes>
            </ServiceJourney>
          </vehicleJourneys>
        </TimetableFrame>
      </frames>
    </CompositeFrame>
  </dataObjects>
</PublicationDelivery>
