<?xml version="1.0" encoding="UTF-8"?>
<PublicationDelivery xmlns="http://www.netex.org.uk/netex" xmlns:gis="http://www.opengis.net/gml/3.2" xmlns:siri="http://www.siri.org.uk/siri" version="1.13:NO-NeTEx-networktimetable:1.3">
  <PublicationTimestamp>2022-05-26T00:05:35.012</PublicationTimestamp>
  <ParticipantRef>RB</ParticipantRef>
  <Description>Spydeberg-Spydeberg U.skole</Description>
  <dataObjects>
    <CompositeFrame created="2022-04-08T10:32:34.29" id="941462457" version="1">
      <validityConditions>
        <AvailabilityCondition id="461729743" version="1">
          <FromDate>2022-05-23T00:00:00</FromDate>
          <ToDate>2023-05-25T00:00:00</ToDate>
        </AvailabilityCondition>
      </validityConditions>
      <codespaces>
        <Codespace id="ost">
          <Xmlns>OST</Xmlns>
          <XmlnsUrl>http://www.rutebanken.org/ns/ost</XmlnsUrl>
        </Codespace>
        <Codespace id="nsr">
          <Xmlns>NSR</Xmlns>
          <XmlnsUrl>http://www.rutebanken.org/ns/nsr</XmlnsUrl>
        </Codespace>
      </codespaces>
      <FrameDefaults>
        <DefaultLocale>
          <TimeZone>Europe/Oslo</TimeZone>
          <DefaultLanguage>no</DefaultLanguage>
        </DefaultLocale>
      </FrameDefaults>
      <frames>
        <ServiceFrame id="231368134" version="1">
          <routes>
            <Route id="OST:Route:455_Outbound_211210121983508_211210121975025" version="271">
              <Name>1-1</Name>
              <ShortName>1-1</ShortName>
              <LineRef ref="OST:Line:1_455" version="271" />
              <DirectionType>inbound</DirectionType>
              <pointsInSequence>
                <PointOnRoute id="OST:PointOnRoute:7450625" order="9" version="271">
                  <RoutePointRef ref="OST:RoutePoint:1233220_1" />
                </PointOnRoute>
                <PointOnRoute id="OST:PointOnRoute:7450624" order="8" version="271">
                  <RoutePointRef ref="OST:RoutePoint:1233381_1" />
                </PointOnRoute>
                <PointOnRoute id="OST:PointOnRoute:7450623" order="7" version="271">
                  <RoutePointRef ref="OST:RoutePoint:1233440_2" />
                </PointOnRoute>
                <PointOnRoute id="OST:PointOnRoute:7450622" order="6" version="271">
                  <RoutePointRef ref="OST:RoutePoint:1233445_1" />
                </PointOnRoute>
                <PointOnRoute id="OST:PointOnRoute:7450621" order="5" version="271">
                  <RoutePointRef ref="OST:RoutePoint:1233450_2" />
                </PointOnRoute>
                <PointOnRoute id="OST:PointOnRoute:7450620" order="4" version="271">
                  <RoutePointRef ref="OST:RoutePoint:1231805_2" />
                </PointOnRoute>
                <PointOnRoute id="OST:PointOnRoute:7450619" order="3" version="271">
                  <RoutePointRef ref="OST:RoutePoint:1231810_2" />
                </PointOnRoute>
                <PointOnRoute id="OST:PointOnRoute:7450618" order="2" version="271">
                  <RoutePointRef ref="OST:RoutePoint:1231815_2" />
                </PointOnRoute>
                <PointOnRoute id="OST:PointOnRoute:7450617" order="1" version="271">
                  <RoutePointRef ref="OST:RoutePoint:1231820_1" />
                </PointOnRoute>
              </pointsInSequence>
            </Route>
            <Route id="OST:Route:455_Inbound_211210121983268_211210121975025" version="271">
              <Name>2-2</Name>
              <ShortName>2-2</ShortName>
              <LineRef ref="OST:Line:1_455" version="271" />
              <DirectionType>outbound</DirectionType>
              <pointsInSequence>
                <PointOnRoute id="OST:PointOnRoute:7450632" order="7" version="271">
                  <RoutePointRef ref="OST:RoutePoint:1231820_2" />
                </PointOnRoute>
                <PointOnRoute id="OST:PointOnRoute:7450631" order="6" version="271">
                  <RoutePointRef ref="OST:RoutePoint:1233440_2" />
                </PointOnRoute>
                <PointOnRoute id="OST:PointOnRoute:7450630" order="5" version="271">
                  <RoutePointRef ref="OST:RoutePoint:1233445_1" />
                </PointOnRoute>
                <PointOnRoute id="OST:PointOnRoute:7450629" order="4" version="271">
                  <RoutePointRef ref="OST:RoutePoint:1233440_1" />
                </PointOnRoute>
                <PointOnRoute id="OST:PointOnRoute:7450628" order="3" version="271">
                  <RoutePointRef ref="OST:RoutePoint:1233435_1" />
                </PointOnRoute>
                <PointOnRoute id="OST:PointOnRoute:7450627" order="2" version="271">
                  <RoutePointRef ref="OST:RoutePoint:1233380_2" />
                </PointOnRoute>
                <PointOnRoute id="OST:PointOnRoute:7450626" order="1" version="271">
                  <RoutePointRef ref="OST:RoutePoint:1233220_1" />
                </PointOnRoute>
              </pointsInSequence>
            </Route>
          </routes>
          <lines>
            <Line id="OST:Line:1_455" version="271">
              <Name>Spydeberg-Spydeberg U.skole</Name>
              <TransportMode>bus</TransportMode>
              <TransportSubmode>
                <BusSubmode>localBus</BusSubmode>
              </TransportSubmode>
              <PublicCode>455</PublicCode>
              <PrivateCode>455</PrivateCode>
              <OperatorRef ref="OST:Operator:152" />
              <RepresentedByGroupRef ref="OST:GroupOfLines:bus_1" />
            </Line>
          </lines>
          <journeyPatterns>
            <JourneyPattern id="OST:JourneyPattern:455_Outbound_211210121983508_211210121975025" version="271">
              <Name>1-1</Name>
              <RouteRef ref="OST:Route:455_Outbound_211210121983508_211210121975025" version="271" />
              <pointsInSequence>
                <StopPointInJourneyPattern order="9" id="OST:StopPointInJourneyPattern:455_Outbound_211210121983508_9_211210121975025" version="271">
                  <ForBoarding>false</ForBoarding>
                  <ScheduledStopPointRef ref="OST:ScheduledStopPoint:1233220_1" />
                </StopPointInJourneyPattern>
                <StopPointInJourneyPattern order="6" id="OST:StopPointInJourneyPattern:455_Outbound_211210121983508_6_211210121975025" version="271">
                  <ScheduledStopPointRef ref="OST:ScheduledStopPoint:1233445_1" />
                </StopPointInJourneyPattern>
                <StopPointInJourneyPattern order="1" id="OST:StopPointInJourneyPattern:455_Outbound_211210121983508_1_211210121975025" version="271">
                  <ForAlighting>false</ForAlighting>
                  <DestinationDisplayRef ref="OST:DestinationDisplay:34" />
                  <ScheduledStopPointRef ref="OST:ScheduledStopPoint:1231820_1" />
                </StopPointInJourneyPattern>
                <StopPointInJourneyPattern order="8" id="OST:StopPointInJourneyPattern:455_Outbound_211210121983508_8_211210121975025" version="271">
                  <ScheduledStopPointRef ref="OST:ScheduledStopPoint:1233381_1" />
                </StopPointInJourneyPattern>
                <StopPointInJourneyPattern order="3" id="OST:StopPointInJourneyPattern:455_Outbound_211210121983508_3_211210121975025" version="271">
                  <ScheduledStopPointRef ref="OST:ScheduledStopPoint:1231810_2" />
                </StopPointInJourneyPattern>
                <StopPointInJourneyPattern order="7" id="OST:StopPointInJourneyPattern:455_Outbound_211210121983508_7_211210121975025" version="271">
                  <ScheduledStopPointRef ref="OST:ScheduledStopPoint:1233440_2" />
                </StopPointInJourneyPattern>
                <StopPointInJourneyPattern order="4" id="OST:StopPointInJourneyPattern:455_Outbound_211210121983508_4_211210121975025" version="271">
                  <ScheduledStopPointRef ref="OST:ScheduledStopPoint:1231805_2" />
                </StopPointInJourneyPattern>
                <StopPointInJourneyPattern order="5" id="OST:StopPointInJourneyPattern:455_Outbound_211210121983508_5_211210121975025" version="271">
                  <ScheduledStopPointRef ref="OST:ScheduledStopPoint:1233450_2" />
                </StopPointInJourneyPattern>
                <StopPointInJourneyPattern order="2" id="OST:StopPointInJourneyPattern:455_Outbound_211210121983508_2_211210121975025" version="271">
                  <ScheduledStopPointRef ref="OST:ScheduledStopPoint:1231815_2" />
                </StopPointInJourneyPattern>
              </pointsInSequence>
              <linksInSequence>
                <ServiceLinkInJourneyPattern order="6" id="OST:ServiceLinkInJourneyPattern:7450639" version="271">
                  <ServiceLinkRef ref="OST:ServiceLink:200811072689238_1_200811072689235_2_1318" />
                </ServiceLinkInJourneyPattern>
                <ServiceLinkInJourneyPattern order="2" id="OST:ServiceLinkInJourneyPattern:7450634" version="271">
                  <ServiceLinkRef ref="OST:ServiceLink:200811072689107_2_200811072689102_2_435" />
                </ServiceLinkInJourneyPattern>
                <ServiceLinkInJourneyPattern order="4" id="OST:ServiceLinkInJourneyPattern:7450636" version="271">
                  <ServiceLinkRef ref="OST:ServiceLink:200811072689097_2_200811072689245_2_4611" />
                </ServiceLinkInJourneyPattern>
                <ServiceLinkInJourneyPattern order="1" id="OST:ServiceLinkInJourneyPattern:7450633" version="271">
                  <ServiceLinkRef ref="OST:ServiceLink:200811072689110_1_200811072689107_2_1140" />
                </ServiceLinkInJourneyPattern>
                <ServiceLinkInJourneyPattern order="5" id="OST:ServiceLinkInJourneyPattern:7450638" version="271">
                  <ServiceLinkRef ref="OST:ServiceLink:200811072689245_2_200811072689238_1_690" />
                </ServiceLinkInJourneyPattern>
                <ServiceLinkInJourneyPattern order="3" id="OST:ServiceLinkInJourneyPattern:7450635" version="271">
                  <ServiceLinkRef ref="OST:ServiceLink:200811072689102_2_200811072689097_2_970" />
                </ServiceLinkInJourneyPattern>
                <ServiceLinkInJourneyPattern order="7" id="OST:ServiceLinkInJourneyPattern:7450640" version="271">
                  <ServiceLinkRef ref="OST:ServiceLink:200811072689235_2_200811072689175_1_2006" />
                </ServiceLinkInJourneyPattern>
                <ServiceLinkInJourneyPattern order="8" id="OST:ServiceLinkInJourneyPattern:7450642" version="271">
                  <ServiceLinkRef ref="OST:ServiceLink:200811072689175_1_200811072689167_1_1074" />
                </ServiceLinkInJourneyPattern>
              </linksInSequence>
            </JourneyPattern>
            <JourneyPattern id="OST:JourneyPattern:455_Inbound_211210121983268_211210121975025" version="271">
              <Name>2-2</Name>
              <RouteRef ref="OST:Route:455_Inbound_211210121983268_211210121975025" version="271" />
              <pointsInSequence>
                <StopPointInJourneyPattern order="2" id="OST:StopPointInJourneyPattern:455_Inbound_211210121983268_2_211210121975025" version="271">
                  <ScheduledStopPointRef ref="OST:ScheduledStopPoint:1233380_2" />
                </StopPointInJourneyPattern>
                <StopPointInJourneyPattern order="7" id="OST:StopPointInJourneyPattern:455_Inbound_211210121983268_7_211210121975025" version="271">
                  <ForBoarding>false</ForBoarding>
                  <ScheduledStopPointRef ref="OST:ScheduledStopPoint:1231820_2" />
                </StopPointInJourneyPattern>
                <StopPointInJourneyPattern order="6" id="OST:StopPointInJourneyPattern:455_Inbound_211210121983268_6_211210121975025" version="271">
                  <ScheduledStopPointRef ref="OST:ScheduledStopPoint:1233440_2" />
                </StopPointInJourneyPattern>
                <StopPointInJourneyPattern order="4" id="OST:StopPointInJourneyPattern:455_Inbound_211210121983268_4_211210121975025" version="271">
                  <ScheduledStopPointRef ref="OST:ScheduledStopPoint:1233440_1" />
                </StopPointInJourneyPattern>
                <StopPointInJourneyPattern order="3" id="OST:StopPointInJourneyPattern:455_Inbound_211210121983268_3_211210121975025" version="271">
                  <ScheduledStopPointRef ref="OST:ScheduledStopPoint:1233435_1" />
                </StopPointInJourneyPattern>
                <StopPointInJourneyPattern order="5" id="OST:StopPointInJourneyPattern:455_Inbound_211210121983268_5_211210121975025" version="271">
                  <ScheduledStopPointRef ref="OST:ScheduledStopPoint:1233445_1" />
                </StopPointInJourneyPattern>
                <StopPointInJourneyPattern order="1" id="OST:StopPointInJourneyPattern:455_Inbound_211210121983268_1_211210121975025" version="271">
                  <ForAlighting>false</ForAlighting>
                  <DestinationDisplayRef ref="OST:DestinationDisplay:464" />
                  <ScheduledStopPointRef ref="OST:ScheduledStopPoint:1233220_1" />
                </StopPointInJourneyPattern>
              </pointsInSequence>
              <linksInSequence>
                <ServiceLinkInJourneyPattern order="5" id="OST:ServiceLinkInJourneyPattern:7450650" version="271">
                  <ServiceLinkRef ref="OST:ServiceLink:200811072689238_1_200811072689235_2_1318" />
                </ServiceLinkInJourneyPattern>
                <ServiceLinkInJourneyPattern order="1" id="OST:ServiceLinkInJourneyPattern:7450644" version="271">
                  <ServiceLinkRef ref="OST:ServiceLink:200811072689167_1_200811072689170_2_293" />
                </ServiceLinkInJourneyPattern>
                <ServiceLinkInJourneyPattern order="6" id="OST:ServiceLinkInJourneyPattern:7450651" version="271">
                  <ServiceLinkRef ref="OST:ServiceLink:200811072689235_2_200811072689112_2_1553" />
                </ServiceLinkInJourneyPattern>
                <ServiceLinkInJourneyPattern order="3" id="OST:ServiceLinkInJourneyPattern:7450647" version="271">
                  <ServiceLinkRef ref="OST:ServiceLink:200811072689230_1_200811072689233_1_949" />
                </ServiceLinkInJourneyPattern>
                <ServiceLinkInJourneyPattern order="2" id="OST:ServiceLinkInJourneyPattern:7450645" version="271">
                  <ServiceLinkRef ref="OST:ServiceLink:200811072689170_2_200811072689230_1_1032" />
                </ServiceLinkInJourneyPattern>
                <ServiceLinkInJourneyPattern order="4" id="OST:ServiceLinkInJourneyPattern:7450648" version="271">
                  <ServiceLinkRef ref="OST:ServiceLink:200811072689233_1_200811072689238_1_1441" />
                </ServiceLinkInJourneyPattern>
              </linksInSequence>
            </JourneyPattern>
          </journeyPatterns>
        </ServiceFrame>
        <TimetableFrame id="1095347630" version="1">
          <vehicleJourneys>
            <ServiceJourney id="OST:ServiceJourney:455_211210122073454_1" publication="public" version="271">
              <Name>Bjaberg</Name>
              <PrivateCode>1</PrivateCode>
              <dayTypes>
                <DayTypeRef ref="OST:DayType:121" />
              </dayTypes>
              <JourneyPatternRef ref="OST:JourneyPattern:455_Outbound_211210121983508_211210121975025" version="271" />
              <LineRef ref="OST:Line:1_455" version="271" />
              <OperatorRef ref="OST:Operator:152" />
              <passingTimes>
                <TimetabledPassingTime id="OST:TimetabledPassingTime:211210122073454_1_07_35_00" version="271">
                  <DepartureTime>07:35:00</DepartureTime>
                  <StopPointInJourneyPatternRef ref="OST:StopPointInJourneyPattern:455_Outbound_211210121983508_1_211210121975025" version="271" />
                </TimetabledPassingTime>
                <TimetabledPassingTime id="OST:TimetabledPassingTime:211210122073454_2_07_37_00" version="271">
                  <DepartureTime>07:37:00</DepartureTime>
                  <StopPointInJourneyPatternRef ref="OST:StopPointInJourneyPattern:455_Outbound_211210121983508_2_211210121975025" version="271" />
                </TimetabledPassingTime>
                <TimetabledPassingTime id="OST:TimetabledPassingTime:211210122073454_3_07_38_00" version="271">
                  <DepartureTime>07:38:00</DepartureTime>
                  <StopPointInJourneyPatternRef ref="OST:StopPointInJourneyPattern:455_Outbound_211210121983508_3_211210121975025" version="271" />
                </TimetabledPassingTime>
                <TimetabledPassingTime id="OST:TimetabledPassingTime:211210122073454_4_07_41_00" version="271">
                  <DepartureTime>07:41:00</DepartureTime>
                  <StopPointInJourneyPatternRef ref="OST:StopPointInJourneyPattern:455_Outbound_211210121983508_4_211210121975025" version="271" />
                </TimetabledPassingTime>
                <TimetabledPassingTime id="OST:TimetabledPassingTime:211210122073454_5_07_52_00" version="271">
                  <DepartureTime>07:52:00</DepartureTime>
                  <StopPointInJourneyPatternRef ref="OST:StopPointInJourneyPattern:455_Outbound_211210121983508_5_211210121975025" version="271" />
                </TimetabledPassingTime>
                <TimetabledPassingTime id="OST:TimetabledPassingTime:211210122073454_6_07_54_00" version="271">
                  <DepartureTime>07:54:00</DepartureTime>
                  <StopPointInJourneyPatternRef ref="OST:StopPointInJourneyPattern:455_Outbound_211210121983508_6_211210121975025" version="271" />
                </TimetabledPassingTime>
                <TimetabledPassingTime id="OST:TimetabledPassingTime:211210122073454_7_07_57_00" version="271">
                  <DepartureTime>07:57:00</DepartureTime>
                  <StopPointInJourneyPatternRef ref="OST:StopPointInJourneyPattern:455_Outbound_211210121983508_7_211210121975025" version="271" />
                </TimetabledPassingTime>
                <TimetabledPassingTime id="OST:TimetabledPassingTime:211210122073454_8_08_02_00" version="271">
                  <DepartureTime>08:02:00</DepartureTime>
                  <StopPointInJourneyPatternRef ref="OST:StopPointInJourneyPattern:455_Outbound_211210121983508_8_211210121975025" version="271" />
                </TimetabledPassingTime>
                <TimetabledPassingTime id="OST:TimetabledPassingTime:211210122073454_9_08_05_00" version="271">
                  <ArrivalTime>08:05:00</ArrivalTime>
                  <StopPointInJourneyPatternRef ref="OST:StopPointInJourneyPattern:455_Outbound_211210121983508_9_211210121975025" version="271" />
                </TimetabledPassingTime>
              </passingTimes>
            </ServiceJourney>
            <ServiceJourney id="OST:ServiceJourney:455_211210122072311_2" publication="public" version="271">
              <Name>Spydeberg sentrum</Name>
              <PrivateCode>2</PrivateCode>
              <dayTypes>
                <DayTypeRef ref="OST:DayType:125" />
              </dayTypes>
              <JourneyPatternRef ref="OST:JourneyPattern:455_Inbound_211210121983268_211210121975025" version="271" />
              <LineRef ref="OST:Line:1_455" version="271" />
              <OperatorRef ref="OST:Operator:152" />
              <passingTimes>
                <TimetabledPassingTime id="OST:TimetabledPassingTime:211210122072311_1_14_05_00" version="271">
                  <DepartureTime>14:05:00</DepartureTime>
                  <StopPointInJourneyPatternRef ref="OST:StopPointInJourneyPattern:455_Inbound_211210121983268_1_211210121975025" version="271" />
                </TimetabledPassingTime>
                <TimetabledPassingTime id="OST:TimetabledPassingTime:211210122072311_2_14_05_00" version="271">
                  <DepartureTime>14:05:00</DepartureTime>
                  <StopPointInJourneyPatternRef ref="OST:StopPointInJourneyPattern:455_Inbound_211210121983268_2_211210121975025" version="271" />
                </TimetabledPassingTime>
                <TimetabledPassingTime id="OST:TimetabledPassingTime:211210122072311_3_14_08_00" version="271">
                  <DepartureTime>14:08:00</DepartureTime>
                  <StopPointInJourneyPatternRef ref="OST:StopPointInJourneyPattern:455_Inbound_211210121983268_3_211210121975025" version="271" />
                </TimetabledPassingTime>
                <TimetabledPassingTime id="OST:TimetabledPassingTime:211210122072311_4_14_11_00" version="271">
                  <DepartureTime>14:11:00</DepartureTime>
                  <StopPointInJourneyPatternRef ref="OST:StopPointInJourneyPattern:455_Inbound_211210121983268_4_211210121975025" version="271" />
                </TimetabledPassingTime>
                <TimetabledPassingTime id="OST:TimetabledPassingTime:211210122072311_5_14_15_00" version="271">
                  <DepartureTime>14:15:00</DepartureTime>
                  <StopPointInJourneyPatternRef ref="OST:StopPointInJourneyPattern:455_Inbound_211210121983268_5_211210121975025" version="271" />
                </TimetabledPassingTime>
                <TimetabledPassingTime id="OST:TimetabledPassingTime:211210122072311_6_14_19_00" version="271">
                  <DepartureTime>14:19:00</DepartureTime>
                  <StopPointInJourneyPatternRef ref="OST:StopPointInJourneyPattern:455_Inbound_211210121983268_6_211210121975025" version="271" />
                </TimetabledPassingTime>
                <TimetabledPassingTime id="OST:TimetabledPassingTime:211210122072311_7_14_25_00" version="271">
                  <ArrivalTime>14:25:00</ArrivalTime>
                  <StopPointInJourneyPatternRef ref="OST:StopPointInJourneyPattern:455_Inbound_211210121983268_7_211210121975025" version="271" />
                </TimetabledPassingTime>
              </passingTimes>
            </ServiceJourney>
          </vehicleJourneys>
        </TimetableFrame>
      </frames>
    </CompositeFrame>
  </dataObjects>
</PublicationDelivery>
