<?xml version="1.0" encoding="UTF-8"?>
<PublicationDelivery xmlns="http://www.netex.org.uk/netex" xmlns:gis="http://www.opengis.net/gml/3.2" xmlns:siri="http://www.siri.org.uk/siri" version="1.13:NO-NeTEx-networktimetable:1.3">
  <PublicationTimestamp>2022-05-26T00:05:35.012</PublicationTimestamp>
  <ParticipantRef>RB</ParticipantRef>
  <Description>Aremark-Strømsfoss-Halden</Description>
  <dataObjects>
    <CompositeFrame created="2022-04-08T10:32:34.29" id="1511138647" version="1">
      <validityConditions>
        <AvailabilityCondition id="1493032982" version="1">
          <FromDate>2022-05-23T00:00:00</FromDate>
          <ToDate>2023-05-25T00:00:00</ToDate>
        </AvailabilityCondition>
      </validityConditions>
      <codespaces>
        <Codespace id="ost">
          <Xmlns>OST</Xmlns>
          <XmlnsUrl>http://www.rutebanken.org/ns/ost</XmlnsUrl>
        </Codespace>
        <Codespace id="nsr">
          <Xmlns>NSR</Xmlns>
          <XmlnsUrl>http://www.rutebanken.org/ns/nsr</XmlnsUrl>
        </Codespace>
      </codespaces>
      <FrameDefaults>
        <DefaultLocale>
          <TimeZone>Europe/Oslo</TimeZone>
          <DefaultLanguage>no</DefaultLanguage>
        </DefaultLocale>
      </FrameDefaults>
      <frames>
        <ServiceFrame id="940539083" version="1">
          <routes>
            <Route id="OST:Route:308_Outbound_211210121983062_211210121975025" version="271">
              <Name>1-1</Name>
              <ShortName>1-1</ShortName>
              <LineRef ref="OST:Line:1_308" version="271" />
              <DirectionType>inbound</DirectionType>
              <pointsInSequence>
                <PointOnRoute id="OST:PointOnRoute:7437757" order="5" version="271">
                  <RoutePointRef ref="OST:RoutePoint:1187310_2" />
                </PointOnRoute>
                <PointOnRoute id="OST:PointOnRoute:7437756" order="4" version="271">
                  <RoutePointRef ref="OST:RoutePoint:1187368_2" />
                </PointOnRoute>
                <PointOnRoute id="OST:PointOnRoute:7437755" order="3" version="271">
                  <RoutePointRef ref="OST:RoutePoint:1187366_2" />
                </PointOnRoute>
                <PointOnRoute id="OST:PointOnRoute:7437754" order="2" version="271">
                  <RoutePointRef ref="OST:RoutePoint:1187367_3" />
                </PointOnRoute>
                <PointOnRoute id="OST:PointOnRoute:7437753" order="1" version="271">
                  <RoutePointRef ref="OST:RoutePoint:1187365_2" />
                </PointOnRoute>
              </pointsInSequence>
            </Route>
            <Route id="OST:Route:308_Outbound_211210121983063_211210121975025" version="271">
              <Name>1-2</Name>
              <ShortName>1-2</ShortName>
              <LineRef ref="OST:Line:1_308" version="271" />
              <DirectionType>inbound</DirectionType>
              <pointsInSequence>
                <PointOnRoute id="OST:PointOnRoute:7437759" order="2" version="271">
                  <RoutePointRef ref="OST:RoutePoint:1187310_1" />
                </PointOnRoute>
                <PointOnRoute id="OST:PointOnRoute:7437767" order="10" version="271">
                  <RoutePointRef ref="OST:RoutePoint:1187345_1" />
                </PointOnRoute>
                <PointOnRoute id="OST:PointOnRoute:7437765" order="8" version="271">
                  <RoutePointRef ref="OST:RoutePoint:1187355_2" />
                </PointOnRoute>
                <PointOnRoute id="OST:PointOnRoute:7437772" order="15" version="271">
                  <RoutePointRef ref="OST:RoutePoint:1187320_3" />
                </PointOnRoute>
                <PointOnRoute id="OST:PointOnRoute:7437769" order="12" version="271">
                  <RoutePointRef ref="OST:RoutePoint:1187335_2" />
                </PointOnRoute>
                <PointOnRoute id="OST:PointOnRoute:7437766" order="9" version="271">
                  <RoutePointRef ref="OST:RoutePoint:1187350_2" />
                </PointOnRoute>
                <PointOnRoute id="OST:PointOnRoute:7437764" order="7" version="271">
                  <RoutePointRef ref="OST:RoutePoint:1187360_2" />
                </PointOnRoute>
                <PointOnRoute id="OST:PointOnRoute:7437771" order="14" version="271">
                  <RoutePointRef ref="OST:RoutePoint:1187325_4" />
                </PointOnRoute>
                <PointOnRoute id="OST:PointOnRoute:7437763" order="6" version="271">
                  <RoutePointRef ref="OST:RoutePoint:1187365_1" />
                </PointOnRoute>
                <PointOnRoute id="OST:PointOnRoute:7437768" order="11" version="271">
                  <RoutePointRef ref="OST:RoutePoint:1187340_2" />
                </PointOnRoute>
                <PointOnRoute id="OST:PointOnRoute:7437761" order="4" version="271">
                  <RoutePointRef ref="OST:RoutePoint:1187366_1" />
                </PointOnRoute>
                <PointOnRoute id="OST:PointOnRoute:7437762" order="5" version="271">
                  <RoutePointRef ref="OST:RoutePoint:1187367_4" />
                </PointOnRoute>
                <PointOnRoute id="OST:PointOnRoute:7437770" order="13" version="271">
                  <RoutePointRef ref="OST:RoutePoint:1187330_2" />
                </PointOnRoute>
                <PointOnRoute id="OST:PointOnRoute:7437758" order="1" version="271">
                  <RoutePointRef ref="OST:RoutePoint:1187305_5" />
                </PointOnRoute>
                <PointOnRoute id="OST:PointOnRoute:7437760" order="3" version="271">
                  <RoutePointRef ref="OST:RoutePoint:1187368_1" />
                </PointOnRoute>
              </pointsInSequence>
            </Route>
            <Route id="OST:Route:308_Inbound_211210121983065_211210121975025" version="271">
              <Name>2-4</Name>
              <ShortName>2-4</ShortName>
              <LineRef ref="OST:Line:1_308" version="271" />
              <DirectionType>outbound</DirectionType>
              <pointsInSequence>
                <PointOnRoute id="OST:PointOnRoute:7437786" order="9" version="271">
                  <RoutePointRef ref="OST:RoutePoint:1187350_2" />
                </PointOnRoute>
                <PointOnRoute id="OST:PointOnRoute:7437783" order="6" version="271">
                  <RoutePointRef ref="OST:RoutePoint:1187365_1" />
                </PointOnRoute>
                <PointOnRoute id="OST:PointOnRoute:7437784" order="7" version="271">
                  <RoutePointRef ref="OST:RoutePoint:1187360_2" />
                </PointOnRoute>
                <PointOnRoute id="OST:PointOnRoute:7437778" order="1" version="271">
                  <RoutePointRef ref="OST:RoutePoint:1187320_3" />
                </PointOnRoute>
                <PointOnRoute id="OST:PointOnRoute:7437781" order="4" version="271">
                  <RoutePointRef ref="OST:RoutePoint:1187366_1" />
                </PointOnRoute>
                <PointOnRoute id="OST:PointOnRoute:7437779" order="2" version="271">
                  <RoutePointRef ref="OST:RoutePoint:1187315_2" />
                </PointOnRoute>
                <PointOnRoute id="OST:PointOnRoute:7437782" order="5" version="271">
                  <RoutePointRef ref="OST:RoutePoint:1187367_4" />
                </PointOnRoute>
                <PointOnRoute id="OST:PointOnRoute:7437780" order="3" version="271">
                  <RoutePointRef ref="OST:RoutePoint:1187368_1" />
                </PointOnRoute>
                <PointOnRoute id="OST:PointOnRoute:7437787" order="10" version="271">
                  <RoutePointRef ref="OST:RoutePoint:1187345_1" />
                </PointOnRoute>
                <PointOnRoute id="OST:PointOnRoute:7437788" order="11" version="271">
                  <RoutePointRef ref="OST:RoutePoint:1187340_2" />
                </PointOnRoute>
                <PointOnRoute id="OST:PointOnRoute:7437785" order="8" version="271">
                  <RoutePointRef ref="OST:RoutePoint:1187355_2" />
                </PointOnRoute>
              </pointsInSequence>
            </Route>
            <Route id="OST:Route:308_Outbound_211210121983064_211210121975025" version="271">
              <Name>1-3</Name>
              <ShortName>1-3</ShortName>
              <LineRef ref="OST:Line:1_308" version="271" />
              <DirectionType>inbound</DirectionType>
              <pointsInSequence>
                <PointOnRoute id="OST:PointOnRoute:7437777" order="5" version="271">
                  <RoutePointRef ref="OST:RoutePoint:1187365_1" />
                </PointOnRoute>
                <PointOnRoute id="OST:PointOnRoute:7437776" order="4" version="271">
                  <RoutePointRef ref="OST:RoutePoint:1187367_4" />
                </PointOnRoute>
                <PointOnRoute id="OST:PointOnRoute:7437775" order="3" version="271">
                  <RoutePointRef ref="OST:RoutePoint:1187366_1" />
                </PointOnRoute>
                <PointOnRoute id="OST:PointOnRoute:7437774" order="2" version="271">
                  <RoutePointRef ref="OST:RoutePoint:1187368_1" />
                </PointOnRoute>
                <PointOnRoute id="OST:PointOnRoute:7437773" order="1" version="271">
                  <RoutePointRef ref="OST:RoutePoint:1187310_1" />
                </PointOnRoute>
              </pointsInSequence>
            </Route>
          </routes>
          <lines>
            <Line id="OST:Line:1_308" version="271">
              <Name>Aremark-Strømsfoss-Halden</Name>
              <TransportMode>bus</TransportMode>
              <TransportSubmode>
                <BusSubmode>localBus</BusSubmode>
              </TransportSubmode>
              <PublicCode>308</PublicCode>
              <PrivateCode>308</PrivateCode>
              <OperatorRef ref="OST:Operator:152" />
              <RepresentedByGroupRef ref="OST:GroupOfLines:bus_1" />
            </Line>
          </lines>
          <journeyPatterns>
            <JourneyPattern id="OST:JourneyPattern:308_Outbound_211210121983062_211210121975025" version="271">
              <Name>1-1</Name>
              <RouteRef ref="OST:Route:308_Outbound_211210121983062_211210121975025" version="271" />
              <pointsInSequence>
                <StopPointInJourneyPattern order="5" id="OST:StopPointInJourneyPattern:308_Outbound_211210121983062_5_211210121975025" version="271">
                  <ForBoarding>false</ForBoarding>
                  <ScheduledStopPointRef ref="OST:ScheduledStopPoint:1187310_2" />
                </StopPointInJourneyPattern>
                <StopPointInJourneyPattern order="1" id="OST:StopPointInJourneyPattern:308_Outbound_211210121983062_1_211210121975025" version="271">
                  <ForAlighting>false</ForAlighting>
                  <DestinationDisplayRef ref="OST:DestinationDisplay:439" />
                  <ScheduledStopPointRef ref="OST:ScheduledStopPoint:1187365_2" />
                </StopPointInJourneyPattern>
                <StopPointInJourneyPattern order="4" id="OST:StopPointInJourneyPattern:308_Outbound_211210121983062_4_211210121975025" version="271">
                  <ScheduledStopPointRef ref="OST:ScheduledStopPoint:1187368_2" />
                </StopPointInJourneyPattern>
                <StopPointInJourneyPattern order="3" id="OST:StopPointInJourneyPattern:308_Outbound_211210121983062_3_211210121975025" version="271">
                  <ScheduledStopPointRef ref="OST:ScheduledStopPoint:1187366_2" />
                </StopPointInJourneyPattern>
                <StopPointInJourneyPattern order="2" id="OST:StopPointInJourneyPattern:308_Outbound_211210121983062_2_211210121975025" version="271">
                  <ScheduledStopPointRef ref="OST:ScheduledStopPoint:1187367_3" />
                </StopPointInJourneyPattern>
              </pointsInSequence>
              <linksInSequence>
                <ServiceLinkInJourneyPattern order="2" id="OST:ServiceLinkInJourneyPattern:7437791" version="271">
                  <ServiceLinkRef ref="OST:ServiceLink:200811072688642_3_200811072688639_2_5862" />
                </ServiceLinkInJourneyPattern>
                <ServiceLinkInJourneyPattern order="4" id="OST:ServiceLinkInJourneyPattern:7437795" version="271">
                  <ServiceLinkRef ref="OST:ServiceLink:200811072688649_2_200811072688547_2_3039" />
                </ServiceLinkInJourneyPattern>
                <ServiceLinkInJourneyPattern order="1" id="OST:ServiceLinkInJourneyPattern:7437789" version="271">
                  <ServiceLinkRef ref="OST:ServiceLink:200811072688632_2_200811072688642_3_2033" />
                </ServiceLinkInJourneyPattern>
                <ServiceLinkInJourneyPattern order="3" id="OST:ServiceLinkInJourneyPattern:7437793" version="271">
                  <ServiceLinkRef ref="OST:ServiceLink:200811072688639_2_200811072688649_2_3078" />
                </ServiceLinkInJourneyPattern>
              </linksInSequence>
            </JourneyPattern>
            <JourneyPattern id="OST:JourneyPattern:308_Outbound_211210121983063_211210121975025" version="271">
              <Name>1-2</Name>
              <RouteRef ref="OST:Route:308_Outbound_211210121983063_211210121975025" version="271" />
              <pointsInSequence>
                <StopPointInJourneyPattern order="1" id="OST:StopPointInJourneyPattern:308_Outbound_211210121983063_1_211210121975025" version="271">
                  <ForAlighting>false</ForAlighting>
                  <DestinationDisplayRef ref="OST:DestinationDisplay:11" />
                  <ScheduledStopPointRef ref="OST:ScheduledStopPoint:1187305_5" />
                </StopPointInJourneyPattern>
                <StopPointInJourneyPattern order="9" id="OST:StopPointInJourneyPattern:308_Outbound_211210121983063_9_211210121975025" version="271">
                  <ScheduledStopPointRef ref="OST:ScheduledStopPoint:1187350_2" />
                </StopPointInJourneyPattern>
                <StopPointInJourneyPattern order="4" id="OST:StopPointInJourneyPattern:308_Outbound_211210121983063_4_211210121975025" version="271">
                  <ScheduledStopPointRef ref="OST:ScheduledStopPoint:1187366_1" />
                </StopPointInJourneyPattern>
                <StopPointInJourneyPattern order="2" id="OST:StopPointInJourneyPattern:308_Outbound_211210121983063_2_211210121975025" version="271">
                  <ScheduledStopPointRef ref="OST:ScheduledStopPoint:1187310_1" />
                </StopPointInJourneyPattern>
                <StopPointInJourneyPattern order="5" id="OST:StopPointInJourneyPattern:308_Outbound_211210121983063_5_211210121975025" version="271">
                  <ScheduledStopPointRef ref="OST:ScheduledStopPoint:1187367_4" />
                </StopPointInJourneyPattern>
                <StopPointInJourneyPattern order="10" id="OST:StopPointInJourneyPattern:308_Outbound_211210121983063_10_211210121975025" version="271">
                  <ScheduledStopPointRef ref="OST:ScheduledStopPoint:1187345_1" />
                </StopPointInJourneyPattern>
                <StopPointInJourneyPattern order="3" id="OST:StopPointInJourneyPattern:308_Outbound_211210121983063_3_211210121975025" version="271">
                  <ScheduledStopPointRef ref="OST:ScheduledStopPoint:1187368_1" />
                </StopPointInJourneyPattern>
                <StopPointInJourneyPattern order="6" id="OST:StopPointInJourneyPattern:308_Outbound_211210121983063_6_211210121975025" version="271">
                  <ScheduledStopPointRef ref="OST:ScheduledStopPoint:1187365_1" />
                </StopPointInJourneyPattern>
                <StopPointInJourneyPattern order="15" id="OST:StopPointInJourneyPattern:308_Outbound_211210121983063_15_211210121975025" version="271">
                  <ForBoarding>false</ForBoarding>
                  <ScheduledStopPointRef ref="OST:ScheduledStopPoint:1187320_3" />
                </StopPointInJourneyPattern>
                <StopPointInJourneyPattern order="11" id="OST:StopPointInJourneyPattern:308_Outbound_211210121983063_11_211210121975025" version="271">
                  <ScheduledStopPointRef ref="OST:ScheduledStopPoint:1187340_2" />
                </StopPointInJourneyPattern>
                <StopPointInJourneyPattern order="8" id="OST:StopPointInJourneyPattern:308_Outbound_211210121983063_8_211210121975025" version="271">
                  <ScheduledStopPointRef ref="OST:ScheduledStopPoint:1187355_2" />
                </StopPointInJourneyPattern>
                <StopPointInJourneyPattern order="12" id="OST:StopPointInJourneyPattern:308_Outbound_211210121983063_12_211210121975025" version="271">
                  <ScheduledStopPointRef ref="OST:ScheduledStopPoint:1187335_2" />
                </StopPointInJourneyPattern>
                <StopPointInJourneyPattern order="14" id="OST:StopPointInJourneyPattern:308_Outbound_211210121983063_14_211210121975025" version="271">
                  <ScheduledStopPointRef ref="OST:ScheduledStopPoint:1187325_4" />
                </StopPointInJourneyPattern>
                <StopPointInJourneyPattern order="7" id="OST:StopPointInJourneyPattern:308_Outbound_211210121983063_7_211210121975025" version="271">
                  <ScheduledStopPointRef ref="OST:ScheduledStopPoint:1187360_2" />
                </StopPointInJourneyPattern>
                <StopPointInJourneyPattern order="13" id="OST:StopPointInJourneyPattern:308_Outbound_211210121983063_13_211210121975025" version="271">
                  <ScheduledStopPointRef ref="OST:ScheduledStopPoint:1187330_2" />
                </StopPointInJourneyPattern>
              </pointsInSequence>
              <linksInSequence>
                <ServiceLinkInJourneyPattern order="12" id="OST:ServiceLinkInJourneyPattern:7437819" version="271">
                  <ServiceLinkRef ref="OST:ServiceLink:200811072688576_2_200811072688569_2_263" />
                </ServiceLinkInJourneyPattern>
                <ServiceLinkInJourneyPattern order="9" id="OST:ServiceLinkInJourneyPattern:7437813" version="271">
                  <ServiceLinkRef ref="OST:ServiceLink:200811072688617_2_200811072688599_1_1100" />
                </ServiceLinkInJourneyPattern>
                <ServiceLinkInJourneyPattern order="5" id="OST:ServiceLinkInJourneyPattern:7437805" version="271">
                  <ServiceLinkRef ref="OST:ServiceLink:200811072688644_4_200811072688634_1_2034" />
                </ServiceLinkInJourneyPattern>
                <ServiceLinkInJourneyPattern order="1" id="OST:ServiceLinkInJourneyPattern:7437797" version="271">
                  <ServiceLinkRef ref="OST:ServiceLink:200811072688542_5_200811072688549_1_1767" />
                </ServiceLinkInJourneyPattern>
                <ServiceLinkInJourneyPattern order="8" id="OST:ServiceLinkInJourneyPattern:7437811" version="271">
                  <ServiceLinkRef ref="OST:ServiceLink:200811072688622_2_200811072688617_2_596" />
                </ServiceLinkInJourneyPattern>
                <ServiceLinkInJourneyPattern order="11" id="OST:ServiceLinkInJourneyPattern:7437817" version="271">
                  <ServiceLinkRef ref="OST:ServiceLink:200811072688579_2_200811072688576_2_275" />
                </ServiceLinkInJourneyPattern>
                <ServiceLinkInJourneyPattern order="4" id="OST:ServiceLinkInJourneyPattern:7437803" version="271">
                  <ServiceLinkRef ref="OST:ServiceLink:200811072688637_1_200811072688644_4_5641" />
                </ServiceLinkInJourneyPattern>
                <ServiceLinkInJourneyPattern order="14" id="OST:ServiceLinkInJourneyPattern:7437823" version="271">
                  <ServiceLinkRef ref="OST:ServiceLink:200811072688564_4_200811072688561_3_435" />
                </ServiceLinkInJourneyPattern>
                <ServiceLinkInJourneyPattern order="10" id="OST:ServiceLinkInJourneyPattern:7437815" version="271">
                  <ServiceLinkRef ref="OST:ServiceLink:200811072688599_1_200811072688579_2_1545" />
                </ServiceLinkInJourneyPattern>
                <ServiceLinkInJourneyPattern order="13" id="OST:ServiceLinkInJourneyPattern:7437821" version="271">
                  <ServiceLinkRef ref="OST:ServiceLink:200811072688569_2_200811072688564_4_1518" />
                </ServiceLinkInJourneyPattern>
                <ServiceLinkInJourneyPattern order="2" id="OST:ServiceLinkInJourneyPattern:7437799" version="271">
                  <ServiceLinkRef ref="OST:ServiceLink:200811072688549_1_200811072688647_1_3014" />
                </ServiceLinkInJourneyPattern>
                <ServiceLinkInJourneyPattern order="7" id="OST:ServiceLinkInJourneyPattern:7437809" version="271">
                  <ServiceLinkRef ref="OST:ServiceLink:200811072688627_2_200811072688622_2_1532" />
                </ServiceLinkInJourneyPattern>
                <ServiceLinkInJourneyPattern order="6" id="OST:ServiceLinkInJourneyPattern:7437807" version="271">
                  <ServiceLinkRef ref="OST:ServiceLink:200811072688634_1_200811072688627_2_2493" />
                </ServiceLinkInJourneyPattern>
                <ServiceLinkInJourneyPattern order="3" id="OST:ServiceLinkInJourneyPattern:7437801" version="271">
                  <ServiceLinkRef ref="OST:ServiceLink:200811072688647_1_200811072688637_1_3332" />
                </ServiceLinkInJourneyPattern>
              </linksInSequence>
            </JourneyPattern>
            <JourneyPattern id="OST:JourneyPattern:308_Inbound_211210121983065_211210121975025" version="271">
              <Name>2-4</Name>
              <RouteRef ref="OST:Route:308_Inbound_211210121983065_211210121975025" version="271" />
              <pointsInSequence>
                <StopPointInJourneyPattern order="9" id="OST:StopPointInJourneyPattern:308_Inbound_211210121983065_9_211210121975025" version="271">
                  <ScheduledStopPointRef ref="OST:ScheduledStopPoint:1187350_2" />
                </StopPointInJourneyPattern>
                <StopPointInJourneyPattern order="1" id="OST:StopPointInJourneyPattern:308_Inbound_211210121983065_1_211210121975025" version="271">
                  <ForAlighting>false</ForAlighting>
                  <DestinationDisplayRef ref="OST:DestinationDisplay:9" />
                  <ScheduledStopPointRef ref="OST:ScheduledStopPoint:1187320_3" />
                </StopPointInJourneyPattern>
                <StopPointInJourneyPattern order="3" id="OST:StopPointInJourneyPattern:308_Inbound_211210121983065_3_211210121975025" version="271">
                  <ScheduledStopPointRef ref="OST:ScheduledStopPoint:1187368_1" />
                </StopPointInJourneyPattern>
                <StopPointInJourneyPattern order="5" id="OST:StopPointInJourneyPattern:308_Inbound_211210121983065_5_211210121975025" version="271">
                  <ScheduledStopPointRef ref="OST:ScheduledStopPoint:1187367_4" />
                </StopPointInJourneyPattern>
                <StopPointInJourneyPattern order="4" id="OST:StopPointInJourneyPattern:308_Inbound_211210121983065_4_211210121975025" version="271">
                  <ScheduledStopPointRef ref="OST:ScheduledStopPoint:1187366_1" />
                </StopPointInJourneyPattern>
                <StopPointInJourneyPattern order="6" id="OST:StopPointInJourneyPattern:308_Inbound_211210121983065_6_211210121975025" version="271">
                  <ScheduledStopPointRef ref="OST:ScheduledStopPoint:1187365_1" />
                </StopPointInJourneyPattern>
                <StopPointInJourneyPattern order="10" id="OST:StopPointInJourneyPattern:308_Inbound_211210121983065_10_211210121975025" version="271">
                  <ScheduledStopPointRef ref="OST:ScheduledStopPoint:1187345_1" />
                </StopPointInJourneyPattern>
                <StopPointInJourneyPattern order="2" id="OST:StopPointInJourneyPattern:308_Inbound_211210121983065_2_211210121975025" version="271">
                  <ScheduledStopPointRef ref="OST:ScheduledStopPoint:1187315_2" />
                </StopPointInJourneyPattern>
                <StopPointInJourneyPattern order="8" id="OST:StopPointInJourneyPattern:308_Inbound_211210121983065_8_211210121975025" version="271">
                  <ScheduledStopPointRef ref="OST:ScheduledStopPoint:1187355_2" />
                </StopPointInJourneyPattern>
                <StopPointInJourneyPattern order="7" id="OST:StopPointInJourneyPattern:308_Inbound_211210121983065_7_211210121975025" version="271">
                  <ScheduledStopPointRef ref="OST:ScheduledStopPoint:1187360_2" />
                </StopPointInJourneyPattern>
                <StopPointInJourneyPattern order="11" id="OST:StopPointInJourneyPattern:308_Inbound_211210121983065_11_211210121975025" version="271">
                  <ForBoarding>false</ForBoarding>
                  <ScheduledStopPointRef ref="OST:ScheduledStopPoint:1187340_2" />
                </StopPointInJourneyPattern>
              </pointsInSequence>
              <linksInSequence>
                <ServiceLinkInJourneyPattern order="10" id="OST:ServiceLinkInJourneyPattern:7437840" version="271">
                  <ServiceLinkRef ref="OST:ServiceLink:200811072688599_1_200811072688579_2_1545" />
                </ServiceLinkInJourneyPattern>
                <ServiceLinkInJourneyPattern order="9" id="OST:ServiceLinkInJourneyPattern:7437839" version="271">
                  <ServiceLinkRef ref="OST:ServiceLink:200811072688617_2_200811072688599_1_1100" />
                </ServiceLinkInJourneyPattern>
                <ServiceLinkInJourneyPattern order="1" id="OST:ServiceLinkInJourneyPattern:7437829" version="271">
                  <ServiceLinkRef ref="OST:ServiceLink:200811072688561_3_200811072688552_2_756" />
                </ServiceLinkInJourneyPattern>
                <ServiceLinkInJourneyPattern order="4" id="OST:ServiceLinkInJourneyPattern:7437834" version="271">
                  <ServiceLinkRef ref="OST:ServiceLink:200811072688637_1_200811072688644_4_5641" />
                </ServiceLinkInJourneyPattern>
                <ServiceLinkInJourneyPattern order="2" id="OST:ServiceLinkInJourneyPattern:7437831" version="271">
                  <ServiceLinkRef ref="OST:ServiceLink:200811072688552_2_200811072688647_1_4807" />
                </ServiceLinkInJourneyPattern>
                <ServiceLinkInJourneyPattern order="6" id="OST:ServiceLinkInJourneyPattern:7437836" version="271">
                  <ServiceLinkRef ref="OST:ServiceLink:200811072688634_1_200811072688627_2_2493" />
                </ServiceLinkInJourneyPattern>
                <ServiceLinkInJourneyPattern order="3" id="OST:ServiceLinkInJourneyPattern:7437833" version="271">
                  <ServiceLinkRef ref="OST:ServiceLink:200811072688647_1_200811072688637_1_3332" />
                </ServiceLinkInJourneyPattern>
                <ServiceLinkInJourneyPattern order="8" id="OST:ServiceLinkInJourneyPattern:7437838" version="271">
                  <ServiceLinkRef ref="OST:ServiceLink:200811072688622_2_200811072688617_2_596" />
                </ServiceLinkInJourneyPattern>
                <ServiceLinkInJourneyPattern order="5" id="OST:ServiceLinkInJourneyPattern:7437835" version="271">
                  <ServiceLinkRef ref="OST:ServiceLink:200811072688644_4_200811072688634_1_2034" />
                </ServiceLinkInJourneyPattern>
                <ServiceLinkInJourneyPattern order="7" id="OST:ServiceLinkInJourneyPattern:7437837" version="271">
                  <ServiceLinkRef ref="OST:ServiceLink:200811072688627_2_200811072688622_2_1532" />
                </ServiceLinkInJourneyPattern>
              </linksInSequence>
            </JourneyPattern>
            <JourneyPattern id="OST:JourneyPattern:308_Outbound_211210121983064_211210121975025" version="271">
              <Name>1-3</Name>
              <RouteRef ref="OST:Route:308_Outbound_211210121983064_211210121975025" version="271" />
              <pointsInSequence>
                <StopPointInJourneyPattern order="4" id="OST:StopPointInJourneyPattern:308_Outbound_211210121983064_4_211210121975025" version="271">
                  <ScheduledStopPointRef ref="OST:ScheduledStopPoint:1187367_4" />
                </StopPointInJourneyPattern>
                <StopPointInJourneyPattern order="3" id="OST:StopPointInJourneyPattern:308_Outbound_211210121983064_3_211210121975025" version="271">
                  <ScheduledStopPointRef ref="OST:ScheduledStopPoint:1187366_1" />
                </StopPointInJourneyPattern>
                <StopPointInJourneyPattern order="2" id="OST:StopPointInJourneyPattern:308_Outbound_211210121983064_2_211210121975025" version="271">
                  <ScheduledStopPointRef ref="OST:ScheduledStopPoint:1187368_1" />
                </StopPointInJourneyPattern>
                <StopPointInJourneyPattern order="1" id="OST:StopPointInJourneyPattern:308_Outbound_211210121983064_1_211210121975025" version="271">
                  <ForAlighting>false</ForAlighting>
                  <DestinationDisplayRef ref="OST:DestinationDisplay:486" />
                  <ScheduledStopPointRef ref="OST:ScheduledStopPoint:1187310_1" />
                </StopPointInJourneyPattern>
                <StopPointInJourneyPattern order="5" id="OST:StopPointInJourneyPattern:308_Outbound_211210121983064_5_211210121975025" version="271">
                  <ForBoarding>false</ForBoarding>
                  <ScheduledStopPointRef ref="OST:ScheduledStopPoint:1187365_1" />
                </StopPointInJourneyPattern>
              </pointsInSequence>
              <linksInSequence>
                <ServiceLinkInJourneyPattern order="1" id="OST:ServiceLinkInJourneyPattern:7437825" version="271">
                  <ServiceLinkRef ref="OST:ServiceLink:200811072688549_1_200811072688647_1_3014" />
                </ServiceLinkInJourneyPattern>
                <ServiceLinkInJourneyPattern order="3" id="OST:ServiceLinkInJourneyPattern:7437827" version="271">
                  <ServiceLinkRef ref="OST:ServiceLink:200811072688637_1_200811072688644_4_5641" />
                </ServiceLinkInJourneyPattern>
                <ServiceLinkInJourneyPattern order="2" id="OST:ServiceLinkInJourneyPattern:7437826" version="271">
                  <ServiceLinkRef ref="OST:ServiceLink:200811072688647_1_200811072688637_1_3332" />
                </ServiceLinkInJourneyPattern>
                <ServiceLinkInJourneyPattern order="4" id="OST:ServiceLinkInJourneyPattern:7437828" version="271">
                  <ServiceLinkRef ref="OST:ServiceLink:200811072688644_4_200811072688634_1_2034" />
                </ServiceLinkInJourneyPattern>
              </linksInSequence>
            </JourneyPattern>
          </journeyPatterns>
        </ServiceFrame>
        <TimetableFrame id="1116193229" version="1">
          <vehicleJourneys>
            <ServiceJourney id="OST:ServiceJourney:308_211210122071953_10" publication="public" version="271">
              <Name>Aremark kirke</Name>
              <PrivateCode>10</PrivateCode>
              <dayTypes>
                <DayTypeRef ref="OST:DayType:123" />
              </dayTypes>
              <JourneyPatternRef ref="OST:JourneyPattern:308_Inbound_211210121983065_211210121975025" version="271" />
              <LineRef ref="OST:Line:1_308" version="271" />
              <OperatorRef ref="OST:Operator:152" />
              <passingTimes>
                <TimetabledPassingTime id="OST:TimetabledPassingTime:211210122071953_1_14_50_00" version="271">
                  <DepartureTime>14:50:00</DepartureTime>
                  <StopPointInJourneyPatternRef ref="OST:StopPointInJourneyPattern:308_Inbound_211210121983065_1_211210121975025" version="271" />
                </TimetabledPassingTime>
                <TimetabledPassingTime id="OST:TimetabledPassingTime:211210122071953_2_14_51_00" version="271">
                  <DepartureTime>14:51:00</DepartureTime>
                  <StopPointInJourneyPatternRef ref="OST:StopPointInJourneyPattern:308_Inbound_211210121983065_2_211210121975025" version="271" />
                </TimetabledPassingTime>
                <TimetabledPassingTime id="OST:TimetabledPassingTime:211210122071953_3_14_59_00" version="271">
                  <DepartureTime>14:59:00</DepartureTime>
                  <StopPointInJourneyPatternRef ref="OST:StopPointInJourneyPattern:308_Inbound_211210121983065_3_211210121975025" version="271" />
                </TimetabledPassingTime>
                <TimetabledPassingTime id="OST:TimetabledPassingTime:211210122071953_4_15_05_00" version="271">
                  <DepartureTime>15:05:00</DepartureTime>
                  <StopPointInJourneyPatternRef ref="OST:StopPointInJourneyPattern:308_Inbound_211210121983065_4_211210121975025" version="271" />
                </TimetabledPassingTime>
                <TimetabledPassingTime id="OST:TimetabledPassingTime:211210122071953_5_15_12_00" version="271">
                  <DepartureTime>15:12:00</DepartureTime>
                  <StopPointInJourneyPatternRef ref="OST:StopPointInJourneyPattern:308_Inbound_211210121983065_5_211210121975025" version="271" />
                </TimetabledPassingTime>
                <TimetabledPassingTime id="OST:TimetabledPassingTime:211210122071953_6_15_15_00" version="271">
                  <DepartureTime>15:15:00</DepartureTime>
                  <StopPointInJourneyPatternRef ref="OST:StopPointInJourneyPattern:308_Inbound_211210121983065_6_211210121975025" version="271" />
                </TimetabledPassingTime>
                <TimetabledPassingTime id="OST:TimetabledPassingTime:211210122071953_7_15_20_00" version="271">
                  <DepartureTime>15:20:00</DepartureTime>
                  <StopPointInJourneyPatternRef ref="OST:StopPointInJourneyPattern:308_Inbound_211210121983065_7_211210121975025" version="271" />
                </TimetabledPassingTime>
                <TimetabledPassingTime id="OST:TimetabledPassingTime:211210122071953_8_15_23_00" version="271">
                  <DepartureTime>15:23:00</DepartureTime>
                  <StopPointInJourneyPatternRef ref="OST:StopPointInJourneyPattern:308_Inbound_211210121983065_8_211210121975025" version="271" />
                </TimetabledPassingTime>
                <TimetabledPassingTime id="OST:TimetabledPassingTime:211210122071953_9_15_24_00" version="271">
                  <DepartureTime>15:24:00</DepartureTime>
                  <StopPointInJourneyPatternRef ref="OST:StopPointInJourneyPattern:308_Inbound_211210121983065_9_211210121975025" version="271" />
                </TimetabledPassingTime>
                <TimetabledPassingTime id="OST:TimetabledPassingTime:211210122071953_10_15_26_00" version="271">
                  <DepartureTime>15:26:00</DepartureTime>
                  <StopPointInJourneyPatternRef ref="OST:StopPointInJourneyPattern:308_Inbound_211210121983065_10_211210121975025" version="271" />
                </TimetabledPassingTime>
                <TimetabledPassingTime id="OST:TimetabledPassingTime:211210122071953_11_15_30_00" version="271">
                  <ArrivalTime>15:30:00</ArrivalTime>
                  <StopPointInJourneyPatternRef ref="OST:StopPointInJourneyPattern:308_Inbound_211210121983065_11_211210121975025" version="271" />
                </TimetabledPassingTime>
              </passingTimes>
            </ServiceJourney>
            <ServiceJourney id="OST:ServiceJourney:308_211210122071955_5" publication="public" version="271">
              <Name>Strømsfoss</Name>
              <PrivateCode>5</PrivateCode>
              <dayTypes>
                <DayTypeRef ref="OST:DayType:119" />
              </dayTypes>
              <JourneyPatternRef ref="OST:JourneyPattern:308_Outbound_211210121983064_211210121975025" version="271" />
              <LineRef ref="OST:Line:1_308" version="271" />
              <OperatorRef ref="OST:Operator:152" />
              <passingTimes>
                <TimetabledPassingTime id="OST:TimetabledPassingTime:211210122071955_1_09_35_00" version="271">
                  <DepartureTime>09:35:00</DepartureTime>
                  <StopPointInJourneyPatternRef ref="OST:StopPointInJourneyPattern:308_Outbound_211210121983064_1_211210121975025" version="271" />
                </TimetabledPassingTime>
                <TimetabledPassingTime id="OST:TimetabledPassingTime:211210122071955_2_09_39_00" version="271">
                  <DepartureTime>09:39:00</DepartureTime>
                  <StopPointInJourneyPatternRef ref="OST:StopPointInJourneyPattern:308_Outbound_211210121983064_2_211210121975025" version="271" />
                </TimetabledPassingTime>
                <TimetabledPassingTime id="OST:TimetabledPassingTime:211210122071955_3_09_45_00" version="271">
                  <DepartureTime>09:45:00</DepartureTime>
                  <StopPointInJourneyPatternRef ref="OST:StopPointInJourneyPattern:308_Outbound_211210121983064_3_211210121975025" version="271" />
                </TimetabledPassingTime>
                <TimetabledPassingTime id="OST:TimetabledPassingTime:211210122071955_4_09_52_00" version="271">
                  <DepartureTime>09:52:00</DepartureTime>
                  <StopPointInJourneyPatternRef ref="OST:StopPointInJourneyPattern:308_Outbound_211210121983064_4_211210121975025" version="271" />
                </TimetabledPassingTime>
                <TimetabledPassingTime id="OST:TimetabledPassingTime:211210122071955_5_09_55_00" version="271">
                  <ArrivalTime>09:55:00</ArrivalTime>
                  <StopPointInJourneyPatternRef ref="OST:StopPointInJourneyPattern:308_Outbound_211210121983064_5_211210121975025" version="271" />
                </TimetabledPassingTime>
              </passingTimes>
            </ServiceJourney>
            <ServiceJourney id="OST:ServiceJourney:308_211210122071957_8" publication="public" version="271">
              <Name>Aremark kirke</Name>
              <PrivateCode>8</PrivateCode>
              <dayTypes>
                <DayTypeRef ref="OST:DayType:81" />
              </dayTypes>
              <JourneyPatternRef ref="OST:JourneyPattern:308_Inbound_211210121983065_211210121975025" version="271" />
              <LineRef ref="OST:Line:1_308" version="271" />
              <OperatorRef ref="OST:Operator:152" />
              <passingTimes>
                <TimetabledPassingTime id="OST:TimetabledPassingTime:211210122071957_1_14_20_00" version="271">
                  <DepartureTime>14:20:00</DepartureTime>
                  <StopPointInJourneyPatternRef ref="OST:StopPointInJourneyPattern:308_Inbound_211210121983065_1_211210121975025" version="271" />
                </TimetabledPassingTime>
                <TimetabledPassingTime id="OST:TimetabledPassingTime:211210122071957_2_14_21_00" version="271">
                  <DepartureTime>14:21:00</DepartureTime>
                  <StopPointInJourneyPatternRef ref="OST:StopPointInJourneyPattern:308_Inbound_211210121983065_2_211210121975025" version="271" />
                </TimetabledPassingTime>
                <TimetabledPassingTime id="OST:TimetabledPassingTime:211210122071957_3_14_29_00" version="271">
                  <DepartureTime>14:29:00</DepartureTime>
                  <StopPointInJourneyPatternRef ref="OST:StopPointInJourneyPattern:308_Inbound_211210121983065_3_211210121975025" version="271" />
                </TimetabledPassingTime>
                <TimetabledPassingTime id="OST:TimetabledPassingTime:211210122071957_4_14_35_00" version="271">
                  <DepartureTime>14:35:00</DepartureTime>
                  <StopPointInJourneyPatternRef ref="OST:StopPointInJourneyPattern:308_Inbound_211210121983065_4_211210121975025" version="271" />
                </TimetabledPassingTime>
                <TimetabledPassingTime id="OST:TimetabledPassingTime:211210122071957_5_14_42_00" version="271">
                  <DepartureTime>14:42:00</DepartureTime>
                  <StopPointInJourneyPatternRef ref="OST:StopPointInJourneyPattern:308_Inbound_211210121983065_5_211210121975025" version="271" />
                </TimetabledPassingTime>
                <TimetabledPassingTime id="OST:TimetabledPassingTime:211210122071957_6_14_45_00" version="271">
                  <DepartureTime>14:45:00</DepartureTime>
                  <StopPointInJourneyPatternRef ref="OST:StopPointInJourneyPattern:308_Inbound_211210121983065_6_211210121975025" version="271" />
                </TimetabledPassingTime>
                <TimetabledPassingTime id="OST:TimetabledPassingTime:211210122071957_7_14_50_00" version="271">
                  <DepartureTime>14:50:00</DepartureTime>
                  <StopPointInJourneyPatternRef ref="OST:StopPointInJourneyPattern:308_Inbound_211210121983065_7_211210121975025" version="271" />
                </TimetabledPassingTime>
                <TimetabledPassingTime id="OST:TimetabledPassingTime:211210122071957_8_14_53_00" version="271">
                  <DepartureTime>14:53:00</DepartureTime>
                  <StopPointInJourneyPatternRef ref="OST:StopPointInJourneyPattern:308_Inbound_211210121983065_8_211210121975025" version="271" />
                </TimetabledPassingTime>
                <TimetabledPassingTime id="OST:TimetabledPassingTime:211210122071957_9_14_54_00" version="271">
                  <DepartureTime>14:54:00</DepartureTime>
                  <StopPointInJourneyPatternRef ref="OST:StopPointInJourneyPattern:308_Inbound_211210121983065_9_211210121975025" version="271" />
                </TimetabledPassingTime>
                <TimetabledPassingTime id="OST:TimetabledPassingTime:211210122071957_10_14_56_00" version="271">
                  <DepartureTime>14:56:00</DepartureTime>
                  <StopPointInJourneyPatternRef ref="OST:StopPointInJourneyPattern:308_Inbound_211210121983065_10_211210121975025" version="271" />
                </TimetabledPassingTime>
                <TimetabledPassingTime id="OST:TimetabledPassingTime:211210122071957_11_15_00_00" version="271">
                  <ArrivalTime>15:00:00</ArrivalTime>
                  <StopPointInJourneyPatternRef ref="OST:StopPointInJourneyPattern:308_Inbound_211210121983065_11_211210121975025" version="271" />
                </TimetabledPassingTime>
              </passingTimes>
            </ServiceJourney>
            <ServiceJourney id="OST:ServiceJourney:308_211210122071952_1" publication="public" version="271">
              <Name>Skodsberg</Name>
              <PrivateCode>1</PrivateCode>
              <dayTypes>
                <DayTypeRef ref="OST:DayType:121" />
              </dayTypes>
              <JourneyPatternRef ref="OST:JourneyPattern:308_Outbound_211210121983062_211210121975025" version="271" />
              <LineRef ref="OST:Line:1_308" version="271" />
              <OperatorRef ref="OST:Operator:152" />
              <passingTimes>
                <TimetabledPassingTime id="OST:TimetabledPassingTime:211210122071952_1_06_45_00" version="271">
                  <DepartureTime>06:45:00</DepartureTime>
                  <StopPointInJourneyPatternRef ref="OST:StopPointInJourneyPattern:308_Outbound_211210121983062_1_211210121975025" version="271" />
                </TimetabledPassingTime>
                <TimetabledPassingTime id="OST:TimetabledPassingTime:211210122071952_2_06_47_00" version="271">
                  <DepartureTime>06:47:00</DepartureTime>
                  <StopPointInJourneyPatternRef ref="OST:StopPointInJourneyPattern:308_Outbound_211210121983062_2_211210121975025" version="271" />
                </TimetabledPassingTime>
                <TimetabledPassingTime id="OST:TimetabledPassingTime:211210122071952_3_06_55_00" version="271">
                  <DepartureTime>06:55:00</DepartureTime>
                  <StopPointInJourneyPatternRef ref="OST:StopPointInJourneyPattern:308_Outbound_211210121983062_3_211210121975025" version="271" />
                </TimetabledPassingTime>
                <TimetabledPassingTime id="OST:TimetabledPassingTime:211210122071952_4_06_59_00" version="271">
                  <DepartureTime>06:59:00</DepartureTime>
                  <StopPointInJourneyPatternRef ref="OST:StopPointInJourneyPattern:308_Outbound_211210121983062_4_211210121975025" version="271" />
                </TimetabledPassingTime>
                <TimetabledPassingTime id="OST:TimetabledPassingTime:211210122071952_5_07_05_00" version="271">
                  <ArrivalTime>07:05:00</ArrivalTime>
                  <StopPointInJourneyPatternRef ref="OST:StopPointInJourneyPattern:308_Outbound_211210121983062_5_211210121975025" version="271" />
                </TimetabledPassingTime>
              </passingTimes>
            </ServiceJourney>
            <ServiceJourney id="OST:ServiceJourney:308_211210122071954_3" publication="public" version="271">
              <Name>Aremark skole</Name>
              <PrivateCode>3</PrivateCode>
              <dayTypes>
                <DayTypeRef ref="OST:DayType:121" />
              </dayTypes>
              <JourneyPatternRef ref="OST:JourneyPattern:308_Outbound_211210121983063_211210121975025" version="271" />
              <LineRef ref="OST:Line:1_308" version="271" />
              <OperatorRef ref="OST:Operator:152" />
              <passingTimes>
                <TimetabledPassingTime id="OST:TimetabledPassingTime:211210122071954_1_07_35_00" version="271">
                  <DepartureTime>07:35:00</DepartureTime>
                  <StopPointInJourneyPatternRef ref="OST:StopPointInJourneyPattern:308_Outbound_211210121983063_1_211210121975025" version="271" />
                </TimetabledPassingTime>
                <TimetabledPassingTime id="OST:TimetabledPassingTime:211210122071954_2_07_43_00" version="271">
                  <DepartureTime>07:43:00</DepartureTime>
                  <StopPointInJourneyPatternRef ref="OST:StopPointInJourneyPattern:308_Outbound_211210121983063_2_211210121975025" version="271" />
                </TimetabledPassingTime>
                <TimetabledPassingTime id="OST:TimetabledPassingTime:211210122071954_3_07_50_00" version="271">
                  <DepartureTime>07:50:00</DepartureTime>
                  <StopPointInJourneyPatternRef ref="OST:StopPointInJourneyPattern:308_Outbound_211210121983063_3_211210121975025" version="271" />
                </TimetabledPassingTime>
                <TimetabledPassingTime id="OST:TimetabledPassingTime:211210122071954_4_07_55_00" version="271">
                  <DepartureTime>07:55:00</DepartureTime>
                  <StopPointInJourneyPatternRef ref="OST:StopPointInJourneyPattern:308_Outbound_211210121983063_4_211210121975025" version="271" />
                </TimetabledPassingTime>
                <TimetabledPassingTime id="OST:TimetabledPassingTime:211210122071954_5_08_02_00" version="271">
                  <DepartureTime>08:02:00</DepartureTime>
                  <StopPointInJourneyPatternRef ref="OST:StopPointInJourneyPattern:308_Outbound_211210121983063_5_211210121975025" version="271" />
                </TimetabledPassingTime>
                <TimetabledPassingTime id="OST:TimetabledPassingTime:211210122071954_6_08_05_00" version="271">
                  <DepartureTime>08:05:00</DepartureTime>
                  <StopPointInJourneyPatternRef ref="OST:StopPointInJourneyPattern:308_Outbound_211210121983063_6_211210121975025" version="271" />
                </TimetabledPassingTime>
                <TimetabledPassingTime id="OST:TimetabledPassingTime:211210122071954_7_08_09_00" version="271">
                  <DepartureTime>08:09:00</DepartureTime>
                  <StopPointInJourneyPatternRef ref="OST:StopPointInJourneyPattern:308_Outbound_211210121983063_7_211210121975025" version="271" />
                </TimetabledPassingTime>
                <TimetabledPassingTime id="OST:TimetabledPassingTime:211210122071954_8_08_11_00" version="271">
                  <DepartureTime>08:11:00</DepartureTime>
                  <StopPointInJourneyPatternRef ref="OST:StopPointInJourneyPattern:308_Outbound_211210121983063_8_211210121975025" version="271" />
                </TimetabledPassingTime>
                <TimetabledPassingTime id="OST:TimetabledPassingTime:211210122071954_9_08_12_00" version="271">
                  <DepartureTime>08:12:00</DepartureTime>
                  <StopPointInJourneyPatternRef ref="OST:StopPointInJourneyPattern:308_Outbound_211210121983063_9_211210121975025" version="271" />
                </TimetabledPassingTime>
                <TimetabledPassingTime id="OST:TimetabledPassingTime:211210122071954_10_08_14_00" version="271">
                  <DepartureTime>08:14:00</DepartureTime>
                  <StopPointInJourneyPatternRef ref="OST:StopPointInJourneyPattern:308_Outbound_211210121983063_10_211210121975025" version="271" />
                </TimetabledPassingTime>
                <TimetabledPassingTime id="OST:TimetabledPassingTime:211210122071954_12_08_17_00" version="271">
                  <DepartureTime>08:17:00</DepartureTime>
                  <StopPointInJourneyPatternRef ref="OST:StopPointInJourneyPattern:308_Outbound_211210121983063_12_211210121975025" version="271" />
                </TimetabledPassingTime>
                <TimetabledPassingTime id="OST:TimetabledPassingTime:211210122071954_11_08_17_00" version="271">
                  <DepartureTime>08:17:00</DepartureTime>
                  <StopPointInJourneyPatternRef ref="OST:StopPointInJourneyPattern:308_Outbound_211210121983063_11_211210121975025" version="271" />
                </TimetabledPassingTime>
                <TimetabledPassingTime id="OST:TimetabledPassingTime:211210122071954_13_08_18_00" version="271">
                  <DepartureTime>08:18:00</DepartureTime>
                  <StopPointInJourneyPatternRef ref="OST:StopPointInJourneyPattern:308_Outbound_211210121983063_13_211210121975025" version="271" />
                </TimetabledPassingTime>
                <TimetabledPassingTime id="OST:TimetabledPassingTime:211210122071954_14_08_23_00" version="271">
                  <DepartureTime>08:23:00</DepartureTime>
                  <StopPointInJourneyPatternRef ref="OST:StopPointInJourneyPattern:308_Outbound_211210121983063_14_211210121975025" version="271" />
                </TimetabledPassingTime>
                <TimetabledPassingTime id="OST:TimetabledPassingTime:211210122071954_15_08_27_00" version="271">
                  <ArrivalTime>08:27:00</ArrivalTime>
                  <StopPointInJourneyPatternRef ref="OST:StopPointInJourneyPattern:308_Outbound_211210121983063_15_211210121975025" version="271" />
                </TimetabledPassingTime>
              </passingTimes>
            </ServiceJourney>
            <ServiceJourney id="OST:ServiceJourney:308_211210122071956_6" publication="public" version="271">
              <Name>Aremark kirke</Name>
              <PrivateCode>6</PrivateCode>
              <dayTypes>
                <DayTypeRef ref="OST:DayType:123" />
              </dayTypes>
              <JourneyPatternRef ref="OST:JourneyPattern:308_Inbound_211210121983065_211210121975025" version="271" />
              <LineRef ref="OST:Line:1_308" version="271" />
              <OperatorRef ref="OST:Operator:152" />
              <passingTimes>
                <TimetabledPassingTime id="OST:TimetabledPassingTime:211210122071956_1_12_05_00" version="271">
                  <DepartureTime>12:05:00</DepartureTime>
                  <StopPointInJourneyPatternRef ref="OST:StopPointInJourneyPattern:308_Inbound_211210121983065_1_211210121975025" version="271" />
                </TimetabledPassingTime>
                <TimetabledPassingTime id="OST:TimetabledPassingTime:211210122071956_2_12_06_00" version="271">
                  <DepartureTime>12:06:00</DepartureTime>
                  <StopPointInJourneyPatternRef ref="OST:StopPointInJourneyPattern:308_Inbound_211210121983065_2_211210121975025" version="271" />
                </TimetabledPassingTime>
                <TimetabledPassingTime id="OST:TimetabledPassingTime:211210122071956_3_12_14_00" version="271">
                  <DepartureTime>12:14:00</DepartureTime>
                  <StopPointInJourneyPatternRef ref="OST:StopPointInJourneyPattern:308_Inbound_211210121983065_3_211210121975025" version="271" />
                </TimetabledPassingTime>
                <TimetabledPassingTime id="OST:TimetabledPassingTime:211210122071956_4_12_20_00" version="271">
                  <DepartureTime>12:20:00</DepartureTime>
                  <StopPointInJourneyPatternRef ref="OST:StopPointInJourneyPattern:308_Inbound_211210121983065_4_211210121975025" version="271" />
                </TimetabledPassingTime>
                <TimetabledPassingTime id="OST:TimetabledPassingTime:211210122071956_5_12_27_00" version="271">
                  <DepartureTime>12:27:00</DepartureTime>
                  <StopPointInJourneyPatternRef ref="OST:StopPointInJourneyPattern:308_Inbound_211210121983065_5_211210121975025" version="271" />
                </TimetabledPassingTime>
                <TimetabledPassingTime id="OST:TimetabledPassingTime:211210122071956_6_12_30_00" version="271">
                  <DepartureTime>12:30:00</DepartureTime>
                  <StopPointInJourneyPatternRef ref="OST:StopPointInJourneyPattern:308_Inbound_211210121983065_6_211210121975025" version="271" />
                </TimetabledPassingTime>
                <TimetabledPassingTime id="OST:TimetabledPassingTime:211210122071956_7_12_35_00" version="271">
                  <DepartureTime>12:35:00</DepartureTime>
                  <StopPointInJourneyPatternRef ref="OST:StopPointInJourneyPattern:308_Inbound_211210121983065_7_211210121975025" version="271" />
                </TimetabledPassingTime>
                <TimetabledPassingTime id="OST:TimetabledPassingTime:211210122071956_8_12_38_00" version="271">
                  <DepartureTime>12:38:00</DepartureTime>
                  <StopPointInJourneyPatternRef ref="OST:StopPointInJourneyPattern:308_Inbound_211210121983065_8_211210121975025" version="271" />
                </TimetabledPassingTime>
                <TimetabledPassingTime id="OST:TimetabledPassingTime:211210122071956_9_12_39_00" version="271">
                  <DepartureTime>12:39:00</DepartureTime>
                  <StopPointInJourneyPatternRef ref="OST:StopPointInJourneyPattern:308_Inbound_211210121983065_9_211210121975025" version="271" />
                </TimetabledPassingTime>
                <TimetabledPassingTime id="OST:TimetabledPassingTime:211210122071956_10_12_41_00" version="271">
                  <DepartureTime>12:41:00</DepartureTime>
                  <StopPointInJourneyPatternRef ref="OST:StopPointInJourneyPattern:308_Inbound_211210121983065_10_211210121975025" version="271" />
                </TimetabledPassingTime>
                <TimetabledPassingTime id="OST:TimetabledPassingTime:211210122071956_11_12_45_00" version="271">
                  <ArrivalTime>12:45:00</ArrivalTime>
                  <StopPointInJourneyPatternRef ref="OST:StopPointInJourneyPattern:308_Inbound_211210121983065_11_211210121975025" version="271" />
                </TimetabledPassingTime>
              </passingTimes>
            </ServiceJourney>
          </vehicleJourneys>
        </TimetableFrame>
      </frames>
    </CompositeFrame>
  </dataObjects>
</PublicationDelivery>
