<?xml version="1.0" encoding="UTF-8"?>
<PublicationDelivery xmlns="http://www.netex.org.uk/netex" xmlns:gis="http://www.opengis.net/gml/3.2" xmlns:siri="http://www.siri.org.uk/siri" version="1.13:NO-NeTEx-networktimetable:1.3">
  <PublicationTimestamp>2022-05-26T00:05:35.012</PublicationTimestamp>
  <ParticipantRef>RB</ParticipantRef>
  <Description>Rødsmyra skole</Description>
  <dataObjects>
    <CompositeFrame created="2022-04-08T10:32:34.29" id="1080683395" version="1">
      <validityConditions>
        <AvailabilityCondition id="1553108796" version="1">
          <FromDate>2022-05-23T00:00:00</FromDate>
          <ToDate>2023-05-25T00:00:00</ToDate>
        </AvailabilityCondition>
      </validityConditions>
      <codespaces>
        <Codespace id="ost">
          <Xmlns>OST</Xmlns>
          <XmlnsUrl>http://www.rutebanken.org/ns/ost</XmlnsUrl>
        </Codespace>
        <Codespace id="nsr">
          <Xmlns>NSR</Xmlns>
          <XmlnsUrl>http://www.rutebanken.org/ns/nsr</XmlnsUrl>
        </Codespace>
      </codespaces>
      <FrameDefaults>
        <DefaultLocale>
          <TimeZone>Europe/Oslo</TimeZone>
          <DefaultLanguage>no</DefaultLanguage>
        </DefaultLocale>
      </FrameDefaults>
      <frames>
        <ServiceFrame id="1500873951" version="1">
          <routes>
            <Route id="OST:Route:193_Inbound_211210121982917_211210121975025" version="271">
              <Name>2-2</Name>
              <ShortName>2-2</ShortName>
              <LineRef ref="OST:Line:1_193" version="271" />
              <DirectionType>outbound</DirectionType>
              <pointsInSequence>
                <PointOnRoute id="OST:PointOnRoute:7434971" order="8" version="271">
                  <RoutePointRef ref="OST:RoutePoint:1065990_1" />
                </PointOnRoute>
                <PointOnRoute id="OST:PointOnRoute:7434975" order="12" version="271">
                  <RoutePointRef ref="OST:RoutePoint:1065930_2" />
                </PointOnRoute>
                <PointOnRoute id="OST:PointOnRoute:7434972" order="9" version="271">
                  <RoutePointRef ref="OST:RoutePoint:1065995_1" />
                </PointOnRoute>
                <PointOnRoute id="OST:PointOnRoute:7434966" order="3" version="271">
                  <RoutePointRef ref="OST:RoutePoint:1065905_1" />
                </PointOnRoute>
                <PointOnRoute id="OST:PointOnRoute:7434970" order="7" version="271">
                  <RoutePointRef ref="OST:RoutePoint:1065985_1" />
                </PointOnRoute>
                <PointOnRoute id="OST:PointOnRoute:7434964" order="1" version="271">
                  <RoutePointRef ref="OST:RoutePoint:1061111_1" />
                </PointOnRoute>
                <PointOnRoute id="OST:PointOnRoute:7434974" order="11" version="271">
                  <RoutePointRef ref="OST:RoutePoint:1065935_2" />
                </PointOnRoute>
                <PointOnRoute id="OST:PointOnRoute:7434965" order="2" version="271">
                  <RoutePointRef ref="OST:RoutePoint:1065900_3" />
                </PointOnRoute>
                <PointOnRoute id="OST:PointOnRoute:7434968" order="5" version="271">
                  <RoutePointRef ref="OST:RoutePoint:1065915_1" />
                </PointOnRoute>
                <PointOnRoute id="OST:PointOnRoute:7434969" order="6" version="271">
                  <RoutePointRef ref="OST:RoutePoint:1065980_1" />
                </PointOnRoute>
                <PointOnRoute id="OST:PointOnRoute:7434976" order="13" version="271">
                  <RoutePointRef ref="OST:RoutePoint:1065925_2" />
                </PointOnRoute>
                <PointOnRoute id="OST:PointOnRoute:7434967" order="4" version="271">
                  <RoutePointRef ref="OST:RoutePoint:1065910_1" />
                </PointOnRoute>
                <PointOnRoute id="OST:PointOnRoute:7434973" order="10" version="271">
                  <RoutePointRef ref="OST:RoutePoint:1066000_1" />
                </PointOnRoute>
              </pointsInSequence>
            </Route>
            <Route id="OST:Route:193_Outbound_211210121982916_211210121975025" version="271">
              <Name>1-1</Name>
              <ShortName>1-1</ShortName>
              <LineRef ref="OST:Line:1_193" version="271" />
              <DirectionType>inbound</DirectionType>
              <pointsInSequence>
                <PointOnRoute id="OST:PointOnRoute:7434961" order="8" version="271">
                  <RoutePointRef ref="OST:RoutePoint:1065895_2" />
                </PointOnRoute>
                <PointOnRoute id="OST:PointOnRoute:7434959" order="6" version="271">
                  <RoutePointRef ref="OST:RoutePoint:1065905_2" />
                </PointOnRoute>
                <PointOnRoute id="OST:PointOnRoute:7434957" order="4" version="271">
                  <RoutePointRef ref="OST:RoutePoint:1065915_2" />
                </PointOnRoute>
                <PointOnRoute id="OST:PointOnRoute:7434962" order="9" version="271">
                  <RoutePointRef ref="OST:RoutePoint:1061110_1" />
                </PointOnRoute>
                <PointOnRoute id="OST:PointOnRoute:7434960" order="7" version="271">
                  <RoutePointRef ref="OST:RoutePoint:1065900_4" />
                </PointOnRoute>
                <PointOnRoute id="OST:PointOnRoute:7434963" order="10" version="271">
                  <RoutePointRef ref="OST:RoutePoint:1061111_1" />
                </PointOnRoute>
                <PointOnRoute id="OST:PointOnRoute:7434954" order="1" version="271">
                  <RoutePointRef ref="OST:RoutePoint:1065931_1" />
                </PointOnRoute>
                <PointOnRoute id="OST:PointOnRoute:7434958" order="5" version="271">
                  <RoutePointRef ref="OST:RoutePoint:1065910_2" />
                </PointOnRoute>
                <PointOnRoute id="OST:PointOnRoute:7434955" order="2" version="271">
                  <RoutePointRef ref="OST:RoutePoint:1065925_2" />
                </PointOnRoute>
                <PointOnRoute id="OST:PointOnRoute:7434956" order="3" version="271">
                  <RoutePointRef ref="OST:RoutePoint:1065920_2" />
                </PointOnRoute>
              </pointsInSequence>
            </Route>
          </routes>
          <lines>
            <Line id="OST:Line:1_193" version="271">
              <Name>Rødsmyra skole</Name>
              <TransportMode>bus</TransportMode>
              <TransportSubmode>
                <BusSubmode>localBus</BusSubmode>
              </TransportSubmode>
              <PublicCode>193</PublicCode>
              <PrivateCode>193</PrivateCode>
              <OperatorRef ref="OST:Operator:152" />
              <RepresentedByGroupRef ref="OST:GroupOfLines:bus_1" />
            </Line>
          </lines>
          <journeyPatterns>
            <JourneyPattern id="OST:JourneyPattern:193_Inbound_211210121982917_211210121975025" version="271">
              <Name>2-2</Name>
              <RouteRef ref="OST:Route:193_Inbound_211210121982917_211210121975025" version="271" />
              <pointsInSequence>
                <StopPointInJourneyPattern order="9" id="OST:StopPointInJourneyPattern:193_Inbound_211210121982917_9_211210121975025" version="271">
                  <ScheduledStopPointRef ref="OST:ScheduledStopPoint:1065995_1" />
                </StopPointInJourneyPattern>
                <StopPointInJourneyPattern order="4" id="OST:StopPointInJourneyPattern:193_Inbound_211210121982917_4_211210121975025" version="271">
                  <ScheduledStopPointRef ref="OST:ScheduledStopPoint:1065910_1" />
                </StopPointInJourneyPattern>
                <StopPointInJourneyPattern order="3" id="OST:StopPointInJourneyPattern:193_Inbound_211210121982917_3_211210121975025" version="271">
                  <ScheduledStopPointRef ref="OST:ScheduledStopPoint:1065905_1" />
                </StopPointInJourneyPattern>
                <StopPointInJourneyPattern order="5" id="OST:StopPointInJourneyPattern:193_Inbound_211210121982917_5_211210121975025" version="271">
                  <ScheduledStopPointRef ref="OST:ScheduledStopPoint:1065915_1" />
                </StopPointInJourneyPattern>
                <StopPointInJourneyPattern order="2" id="OST:StopPointInJourneyPattern:193_Inbound_211210121982917_2_211210121975025" version="271">
                  <ScheduledStopPointRef ref="OST:ScheduledStopPoint:1065900_3" />
                </StopPointInJourneyPattern>
                <StopPointInJourneyPattern order="6" id="OST:StopPointInJourneyPattern:193_Inbound_211210121982917_6_211210121975025" version="271">
                  <ScheduledStopPointRef ref="OST:ScheduledStopPoint:1065980_1" />
                </StopPointInJourneyPattern>
                <StopPointInJourneyPattern order="12" id="OST:StopPointInJourneyPattern:193_Inbound_211210121982917_12_211210121975025" version="271">
                  <ScheduledStopPointRef ref="OST:ScheduledStopPoint:1065930_2" />
                </StopPointInJourneyPattern>
                <StopPointInJourneyPattern order="1" id="OST:StopPointInJourneyPattern:193_Inbound_211210121982917_1_211210121975025" version="271">
                  <ForAlighting>false</ForAlighting>
                  <DestinationDisplayRef ref="OST:DestinationDisplay:276" />
                  <ScheduledStopPointRef ref="OST:ScheduledStopPoint:1061111_1" />
                </StopPointInJourneyPattern>
                <StopPointInJourneyPattern order="13" id="OST:StopPointInJourneyPattern:193_Inbound_211210121982917_13_211210121975025" version="271">
                  <ForBoarding>false</ForBoarding>
                  <ScheduledStopPointRef ref="OST:ScheduledStopPoint:1065925_2" />
                </StopPointInJourneyPattern>
                <StopPointInJourneyPattern order="11" id="OST:StopPointInJourneyPattern:193_Inbound_211210121982917_11_211210121975025" version="271">
                  <ScheduledStopPointRef ref="OST:ScheduledStopPoint:1065935_2" />
                </StopPointInJourneyPattern>
                <StopPointInJourneyPattern order="10" id="OST:StopPointInJourneyPattern:193_Inbound_211210121982917_10_211210121975025" version="271">
                  <ScheduledStopPointRef ref="OST:ScheduledStopPoint:1066000_1" />
                </StopPointInJourneyPattern>
                <StopPointInJourneyPattern order="7" id="OST:StopPointInJourneyPattern:193_Inbound_211210121982917_7_211210121975025" version="271">
                  <ScheduledStopPointRef ref="OST:ScheduledStopPoint:1065985_1" />
                </StopPointInJourneyPattern>
                <StopPointInJourneyPattern order="8" id="OST:StopPointInJourneyPattern:193_Inbound_211210121982917_8_211210121975025" version="271">
                  <ScheduledStopPointRef ref="OST:ScheduledStopPoint:1065990_1" />
                </StopPointInJourneyPattern>
              </pointsInSequence>
              <linksInSequence>
                <ServiceLinkInJourneyPattern order="9" id="OST:ServiceLinkInJourneyPattern:7434997" version="271">
                  <ServiceLinkRef ref="OST:ServiceLink:200811072687033_1_200811072687038_1_742" />
                </ServiceLinkInJourneyPattern>
                <ServiceLinkInJourneyPattern order="11" id="OST:ServiceLinkInJourneyPattern:7435000" version="271">
                  <ServiceLinkRef ref="OST:ServiceLink:200811072686972_2_200811072686964_2_553" />
                </ServiceLinkInJourneyPattern>
                <ServiceLinkInJourneyPattern order="8" id="OST:ServiceLinkInJourneyPattern:7434996" version="271">
                  <ServiceLinkRef ref="OST:ServiceLink:200811072687028_1_200811072687033_1_417" />
                </ServiceLinkInJourneyPattern>
                <ServiceLinkInJourneyPattern order="10" id="OST:ServiceLinkInJourneyPattern:7434998" version="271">
                  <ServiceLinkRef ref="OST:ServiceLink:200811072687038_1_200811072686972_2_1039" />
                </ServiceLinkInJourneyPattern>
                <ServiceLinkInJourneyPattern order="12" id="OST:ServiceLinkInJourneyPattern:7435001" version="271">
                  <ServiceLinkRef ref="OST:ServiceLink:200811072686964_2_200811072686959_2_353" />
                </ServiceLinkInJourneyPattern>
                <ServiceLinkInJourneyPattern order="3" id="OST:ServiceLinkInJourneyPattern:7434991" version="271">
                  <ServiceLinkRef ref="OST:ServiceLink:200811072686937_1_200811072686942_1_277" />
                </ServiceLinkInJourneyPattern>
                <ServiceLinkInJourneyPattern order="2" id="OST:ServiceLinkInJourneyPattern:7434990" version="271">
                  <ServiceLinkRef ref="OST:ServiceLink:200811072686932_3_200811072686937_1_321" />
                </ServiceLinkInJourneyPattern>
                <ServiceLinkInJourneyPattern order="5" id="OST:ServiceLinkInJourneyPattern:7434993" version="271">
                  <ServiceLinkRef ref="OST:ServiceLink:200811072686947_1_200811072687018_1_921" />
                </ServiceLinkInJourneyPattern>
                <ServiceLinkInJourneyPattern order="7" id="OST:ServiceLinkInJourneyPattern:7434995" version="271">
                  <ServiceLinkRef ref="OST:ServiceLink:200811072687023_1_200811072687028_1_644" />
                </ServiceLinkInJourneyPattern>
                <ServiceLinkInJourneyPattern order="4" id="OST:ServiceLinkInJourneyPattern:7434992" version="271">
                  <ServiceLinkRef ref="OST:ServiceLink:200811072686942_1_200811072686947_1_433" />
                </ServiceLinkInJourneyPattern>
                <ServiceLinkInJourneyPattern order="6" id="OST:ServiceLinkInJourneyPattern:7434994" version="271">
                  <ServiceLinkRef ref="OST:ServiceLink:200811072687018_1_200811072687023_1_371" />
                </ServiceLinkInJourneyPattern>
                <ServiceLinkInJourneyPattern order="1" id="OST:ServiceLinkInJourneyPattern:7434988" version="271">
                  <ServiceLinkRef ref="OST:ServiceLink:200811072685967_1_200811072686932_3_1919" />
                </ServiceLinkInJourneyPattern>
              </linksInSequence>
            </JourneyPattern>
            <JourneyPattern id="OST:JourneyPattern:193_Outbound_211210121982916_211210121975025" version="271">
              <Name>1-1</Name>
              <RouteRef ref="OST:Route:193_Outbound_211210121982916_211210121975025" version="271" />
              <pointsInSequence>
                <StopPointInJourneyPattern order="10" id="OST:StopPointInJourneyPattern:193_Outbound_211210121982916_10_211210121975025" version="271">
                  <ForBoarding>false</ForBoarding>
                  <ScheduledStopPointRef ref="OST:ScheduledStopPoint:1061111_1" />
                </StopPointInJourneyPattern>
                <StopPointInJourneyPattern order="4" id="OST:StopPointInJourneyPattern:193_Outbound_211210121982916_4_211210121975025" version="271">
                  <ScheduledStopPointRef ref="OST:ScheduledStopPoint:1065915_2" />
                </StopPointInJourneyPattern>
                <StopPointInJourneyPattern order="2" id="OST:StopPointInJourneyPattern:193_Outbound_211210121982916_2_211210121975025" version="271">
                  <ScheduledStopPointRef ref="OST:ScheduledStopPoint:1065925_2" />
                </StopPointInJourneyPattern>
                <StopPointInJourneyPattern order="8" id="OST:StopPointInJourneyPattern:193_Outbound_211210121982916_8_211210121975025" version="271">
                  <ScheduledStopPointRef ref="OST:ScheduledStopPoint:1065895_2" />
                </StopPointInJourneyPattern>
                <StopPointInJourneyPattern order="1" id="OST:StopPointInJourneyPattern:193_Outbound_211210121982916_1_211210121975025" version="271">
                  <ForAlighting>false</ForAlighting>
                  <DestinationDisplayRef ref="OST:DestinationDisplay:396" />
                  <ScheduledStopPointRef ref="OST:ScheduledStopPoint:1065931_1" />
                </StopPointInJourneyPattern>
                <StopPointInJourneyPattern order="6" id="OST:StopPointInJourneyPattern:193_Outbound_211210121982916_6_211210121975025" version="271">
                  <ScheduledStopPointRef ref="OST:ScheduledStopPoint:1065905_2" />
                </StopPointInJourneyPattern>
                <StopPointInJourneyPattern order="9" id="OST:StopPointInJourneyPattern:193_Outbound_211210121982916_9_211210121975025" version="271">
                  <ScheduledStopPointRef ref="OST:ScheduledStopPoint:1061110_1" />
                </StopPointInJourneyPattern>
                <StopPointInJourneyPattern order="5" id="OST:StopPointInJourneyPattern:193_Outbound_211210121982916_5_211210121975025" version="271">
                  <ScheduledStopPointRef ref="OST:ScheduledStopPoint:1065910_2" />
                </StopPointInJourneyPattern>
                <StopPointInJourneyPattern order="3" id="OST:StopPointInJourneyPattern:193_Outbound_211210121982916_3_211210121975025" version="271">
                  <ScheduledStopPointRef ref="OST:ScheduledStopPoint:1065920_2" />
                </StopPointInJourneyPattern>
                <StopPointInJourneyPattern order="7" id="OST:StopPointInJourneyPattern:193_Outbound_211210121982916_7_211210121975025" version="271">
                  <ScheduledStopPointRef ref="OST:ScheduledStopPoint:1065900_4" />
                </StopPointInJourneyPattern>
              </pointsInSequence>
              <linksInSequence>
                <ServiceLinkInJourneyPattern order="4" id="OST:ServiceLinkInJourneyPattern:7434980" version="271">
                  <ServiceLinkRef ref="OST:ServiceLink:200811072686949_2_200811072686944_2_413" />
                </ServiceLinkInJourneyPattern>
                <ServiceLinkInJourneyPattern order="7" id="OST:ServiceLinkInJourneyPattern:7434983" version="271">
                  <ServiceLinkRef ref="OST:ServiceLink:200811072686934_4_200811072686929_2_376" />
                </ServiceLinkInJourneyPattern>
                <ServiceLinkInJourneyPattern order="1" id="OST:ServiceLinkInJourneyPattern:7434977" version="271">
                  <ServiceLinkRef ref="OST:ServiceLink:200811072686967_1_200811072686959_2_994" />
                </ServiceLinkInJourneyPattern>
                <ServiceLinkInJourneyPattern order="5" id="OST:ServiceLinkInJourneyPattern:7434981" version="271">
                  <ServiceLinkRef ref="OST:ServiceLink:200811072686944_2_200811072686939_2_286" />
                </ServiceLinkInJourneyPattern>
                <ServiceLinkInJourneyPattern order="2" id="OST:ServiceLinkInJourneyPattern:7434978" version="271">
                  <ServiceLinkRef ref="OST:ServiceLink:200811072686959_2_200811072686954_2_337" />
                </ServiceLinkInJourneyPattern>
                <ServiceLinkInJourneyPattern order="6" id="OST:ServiceLinkInJourneyPattern:7434982" version="271">
                  <ServiceLinkRef ref="OST:ServiceLink:200811072686939_2_200811072686934_4_281" />
                </ServiceLinkInJourneyPattern>
                <ServiceLinkInJourneyPattern order="8" id="OST:ServiceLinkInJourneyPattern:7434984" version="271">
                  <ServiceLinkRef ref="OST:ServiceLink:200811072686929_2_200811072685964_1_277" />
                </ServiceLinkInJourneyPattern>
                <ServiceLinkInJourneyPattern order="3" id="OST:ServiceLinkInJourneyPattern:7434979" version="271">
                  <ServiceLinkRef ref="OST:ServiceLink:200811072686954_2_200811072686949_2_859" />
                </ServiceLinkInJourneyPattern>
                <ServiceLinkInJourneyPattern order="9" id="OST:ServiceLinkInJourneyPattern:7434986" version="271">
                  <ServiceLinkRef ref="OST:ServiceLink:200811072685964_1_200811072685967_1_1320" />
                </ServiceLinkInJourneyPattern>
              </linksInSequence>
            </JourneyPattern>
          </journeyPatterns>
        </ServiceFrame>
        <TimetableFrame id="638916243" version="1">
          <vehicleJourneys>
            <ServiceJourney id="OST:ServiceJourney:193_211210122070739_1" publication="public" version="271">
              <Name>Rødsmyra skole</Name>
              <PrivateCode>1</PrivateCode>
              <dayTypes>
                <DayTypeRef ref="OST:DayType:121" />
              </dayTypes>
              <JourneyPatternRef ref="OST:JourneyPattern:193_Outbound_211210121982916_211210121975025" version="271" />
              <LineRef ref="OST:Line:1_193" version="271" />
              <OperatorRef ref="OST:Operator:152" />
              <passingTimes>
                <TimetabledPassingTime id="OST:TimetabledPassingTime:211210122070739_1_08_05_00" version="271">
                  <DepartureTime>08:05:00</DepartureTime>
                  <StopPointInJourneyPatternRef ref="OST:StopPointInJourneyPattern:193_Outbound_211210121982916_1_211210121975025" version="271" />
                </TimetabledPassingTime>
                <TimetabledPassingTime id="OST:TimetabledPassingTime:211210122070739_2_08_06_00" version="271">
                  <DepartureTime>08:06:00</DepartureTime>
                  <StopPointInJourneyPatternRef ref="OST:StopPointInJourneyPattern:193_Outbound_211210121982916_2_211210121975025" version="271" />
                </TimetabledPassingTime>
                <TimetabledPassingTime id="OST:TimetabledPassingTime:211210122070739_3_08_07_00" version="271">
                  <DepartureTime>08:07:00</DepartureTime>
                  <StopPointInJourneyPatternRef ref="OST:StopPointInJourneyPattern:193_Outbound_211210121982916_3_211210121975025" version="271" />
                </TimetabledPassingTime>
                <TimetabledPassingTime id="OST:TimetabledPassingTime:211210122070739_5_08_09_00" version="271">
                  <DepartureTime>08:09:00</DepartureTime>
                  <StopPointInJourneyPatternRef ref="OST:StopPointInJourneyPattern:193_Outbound_211210121982916_5_211210121975025" version="271" />
                </TimetabledPassingTime>
                <TimetabledPassingTime id="OST:TimetabledPassingTime:211210122070739_4_08_09_00" version="271">
                  <DepartureTime>08:09:00</DepartureTime>
                  <StopPointInJourneyPatternRef ref="OST:StopPointInJourneyPattern:193_Outbound_211210121982916_4_211210121975025" version="271" />
                </TimetabledPassingTime>
                <TimetabledPassingTime id="OST:TimetabledPassingTime:211210122070739_7_08_10_00" version="271">
                  <DepartureTime>08:10:00</DepartureTime>
                  <StopPointInJourneyPatternRef ref="OST:StopPointInJourneyPattern:193_Outbound_211210121982916_7_211210121975025" version="271" />
                </TimetabledPassingTime>
                <TimetabledPassingTime id="OST:TimetabledPassingTime:211210122070739_6_08_10_00" version="271">
                  <DepartureTime>08:10:00</DepartureTime>
                  <StopPointInJourneyPatternRef ref="OST:StopPointInJourneyPattern:193_Outbound_211210121982916_6_211210121975025" version="271" />
                </TimetabledPassingTime>
                <TimetabledPassingTime id="OST:TimetabledPassingTime:211210122070739_8_08_11_00" version="271">
                  <DepartureTime>08:11:00</DepartureTime>
                  <StopPointInJourneyPatternRef ref="OST:StopPointInJourneyPattern:193_Outbound_211210121982916_8_211210121975025" version="271" />
                </TimetabledPassingTime>
                <TimetabledPassingTime id="OST:TimetabledPassingTime:211210122070739_9_08_12_00" version="271">
                  <DepartureTime>08:12:00</DepartureTime>
                  <StopPointInJourneyPatternRef ref="OST:StopPointInJourneyPattern:193_Outbound_211210121982916_9_211210121975025" version="271" />
                </TimetabledPassingTime>
                <TimetabledPassingTime id="OST:TimetabledPassingTime:211210122070739_10_08_15_00" version="271">
                  <ArrivalTime>08:15:00</ArrivalTime>
                  <StopPointInJourneyPatternRef ref="OST:StopPointInJourneyPattern:193_Outbound_211210121982916_10_211210121975025" version="271" />
                </TimetabledPassingTime>
              </passingTimes>
            </ServiceJourney>
            <ServiceJourney id="OST:ServiceJourney:193_211210122070740_2" publication="public" version="271">
              <Name>Kråkerøy kirke</Name>
              <PrivateCode>2</PrivateCode>
              <dayTypes>
                <DayTypeRef ref="OST:DayType:121" />
              </dayTypes>
              <JourneyPatternRef ref="OST:JourneyPattern:193_Inbound_211210121982917_211210121975025" version="271" />
              <LineRef ref="OST:Line:1_193" version="271" />
              <OperatorRef ref="OST:Operator:152" />
              <passingTimes>
                <TimetabledPassingTime id="OST:TimetabledPassingTime:211210122070740_1_13_25_00" version="271">
                  <DepartureTime>13:25:00</DepartureTime>
                  <StopPointInJourneyPatternRef ref="OST:StopPointInJourneyPattern:193_Inbound_211210121982917_1_211210121975025" version="271" />
                </TimetabledPassingTime>
                <TimetabledPassingTime id="OST:TimetabledPassingTime:211210122070740_3_13_26_00" version="271">
                  <DepartureTime>13:26:00</DepartureTime>
                  <StopPointInJourneyPatternRef ref="OST:StopPointInJourneyPattern:193_Inbound_211210121982917_3_211210121975025" version="271" />
                </TimetabledPassingTime>
                <TimetabledPassingTime id="OST:TimetabledPassingTime:211210122070740_4_13_26_00" version="271">
                  <DepartureTime>13:26:00</DepartureTime>
                  <StopPointInJourneyPatternRef ref="OST:StopPointInJourneyPattern:193_Inbound_211210121982917_4_211210121975025" version="271" />
                </TimetabledPassingTime>
                <TimetabledPassingTime id="OST:TimetabledPassingTime:211210122070740_2_13_26_00" version="271">
                  <DepartureTime>13:26:00</DepartureTime>
                  <StopPointInJourneyPatternRef ref="OST:StopPointInJourneyPattern:193_Inbound_211210121982917_2_211210121975025" version="271" />
                </TimetabledPassingTime>
                <TimetabledPassingTime id="OST:TimetabledPassingTime:211210122070740_6_13_27_00" version="271">
                  <DepartureTime>13:27:00</DepartureTime>
                  <StopPointInJourneyPatternRef ref="OST:StopPointInJourneyPattern:193_Inbound_211210121982917_6_211210121975025" version="271" />
                </TimetabledPassingTime>
                <TimetabledPassingTime id="OST:TimetabledPassingTime:211210122070740_5_13_27_00" version="271">
                  <DepartureTime>13:27:00</DepartureTime>
                  <StopPointInJourneyPatternRef ref="OST:StopPointInJourneyPattern:193_Inbound_211210121982917_5_211210121975025" version="271" />
                </TimetabledPassingTime>
                <TimetabledPassingTime id="OST:TimetabledPassingTime:211210122070740_7_13_28_00" version="271">
                  <DepartureTime>13:28:00</DepartureTime>
                  <StopPointInJourneyPatternRef ref="OST:StopPointInJourneyPattern:193_Inbound_211210121982917_7_211210121975025" version="271" />
                </TimetabledPassingTime>
                <TimetabledPassingTime id="OST:TimetabledPassingTime:211210122070740_8_13_28_00" version="271">
                  <DepartureTime>13:28:00</DepartureTime>
                  <StopPointInJourneyPatternRef ref="OST:StopPointInJourneyPattern:193_Inbound_211210121982917_8_211210121975025" version="271" />
                </TimetabledPassingTime>
                <TimetabledPassingTime id="OST:TimetabledPassingTime:211210122070740_9_13_29_00" version="271">
                  <DepartureTime>13:29:00</DepartureTime>
                  <StopPointInJourneyPatternRef ref="OST:StopPointInJourneyPattern:193_Inbound_211210121982917_9_211210121975025" version="271" />
                </TimetabledPassingTime>
                <TimetabledPassingTime id="OST:TimetabledPassingTime:211210122070740_10_13_30_00" version="271">
                  <DepartureTime>13:30:00</DepartureTime>
                  <StopPointInJourneyPatternRef ref="OST:StopPointInJourneyPattern:193_Inbound_211210121982917_10_211210121975025" version="271" />
                </TimetabledPassingTime>
                <TimetabledPassingTime id="OST:TimetabledPassingTime:211210122070740_11_13_32_00" version="271">
                  <DepartureTime>13:32:00</DepartureTime>
                  <StopPointInJourneyPatternRef ref="OST:StopPointInJourneyPattern:193_Inbound_211210121982917_11_211210121975025" version="271" />
                </TimetabledPassingTime>
                <TimetabledPassingTime id="OST:TimetabledPassingTime:211210122070740_12_13_34_00" version="271">
                  <DepartureTime>13:34:00</DepartureTime>
                  <StopPointInJourneyPatternRef ref="OST:StopPointInJourneyPattern:193_Inbound_211210121982917_12_211210121975025" version="271" />
                </TimetabledPassingTime>
                <TimetabledPassingTime id="OST:TimetabledPassingTime:211210122070740_13_13_35_00" version="271">
                  <ArrivalTime>13:35:00</ArrivalTime>
                  <StopPointInJourneyPatternRef ref="OST:StopPointInJourneyPattern:193_Inbound_211210121982917_13_211210121975025" version="271" />
                </TimetabledPassingTime>
              </passingTimes>
            </ServiceJourney>
          </vehicleJourneys>
        </TimetableFrame>
      </frames>
    </CompositeFrame>
  </dataObjects>
</PublicationDelivery>
