<?xml version="1.0" encoding="UTF-8"?>
<PublicationDelivery xmlns="http://www.netex.org.uk/netex" xmlns:gis="http://www.opengis.net/gml/3.2" xmlns:siri="http://www.siri.org.uk/siri" version="1.13:NO-NeTEx-networktimetable:1.3">
  <PublicationTimestamp>2022-05-26T00:05:35.012</PublicationTimestamp>
  <ParticipantRef>RB</ParticipantRef>
  <Description>Kirkefjerdingen skole</Description>
  <dataObjects>
    <CompositeFrame created="2022-04-08T10:32:34.29" id="750102712" version="1">
      <validityConditions>
        <AvailabilityCondition id="211345957" version="1">
          <FromDate>2022-05-23T00:00:00</FromDate>
          <ToDate>2023-05-25T00:00:00</ToDate>
        </AvailabilityCondition>
      </validityConditions>
      <codespaces>
        <Codespace id="ost">
          <Xmlns>OST</Xmlns>
          <XmlnsUrl>http://www.rutebanken.org/ns/ost</XmlnsUrl>
        </Codespace>
        <Codespace id="nsr">
          <Xmlns>NSR</Xmlns>
          <XmlnsUrl>http://www.rutebanken.org/ns/nsr</XmlnsUrl>
        </Codespace>
      </codespaces>
      <FrameDefaults>
        <DefaultLocale>
          <TimeZone>Europe/Oslo</TimeZone>
          <DefaultLanguage>no</DefaultLanguage>
        </DefaultLocale>
      </FrameDefaults>
      <frames>
        <ServiceFrame id="347804828" version="1">
          <routes>
            <Route id="OST:Route:462_Inbound_211210121983280_211210121975025" version="271">
              <Name>2-1</Name>
              <ShortName>2-1</ShortName>
              <LineRef ref="OST:Line:1_462" version="271" />
              <DirectionType>outbound</DirectionType>
              <pointsInSequence>
                <PointOnRoute id="OST:PointOnRoute:7452093" order="1" version="271">
                  <RoutePointRef ref="OST:RoutePoint:1258065_1" />
                </PointOnRoute>
                <PointOnRoute id="OST:PointOnRoute:7452100" order="8" version="271">
                  <RoutePointRef ref="OST:RoutePoint:1258092_1" />
                </PointOnRoute>
                <PointOnRoute id="OST:PointOnRoute:7452105" order="13" version="271">
                  <RoutePointRef ref="OST:RoutePoint:1258100_1" />
                </PointOnRoute>
                <PointOnRoute id="OST:PointOnRoute:7452113" order="21" version="271">
                  <RoutePointRef ref="OST:RoutePoint:1241890_1" />
                </PointOnRoute>
                <PointOnRoute id="OST:PointOnRoute:7452103" order="11" version="271">
                  <RoutePointRef ref="OST:RoutePoint:1258090_2" />
                </PointOnRoute>
                <PointOnRoute id="OST:PointOnRoute:7452111" order="19" version="271">
                  <RoutePointRef ref="OST:RoutePoint:1243060_2" />
                </PointOnRoute>
                <PointOnRoute id="OST:PointOnRoute:7452101" order="9" version="271">
                  <RoutePointRef ref="OST:RoutePoint:1258105_2" />
                </PointOnRoute>
                <PointOnRoute id="OST:PointOnRoute:7452112" order="20" version="271">
                  <RoutePointRef ref="OST:RoutePoint:1243180_1" />
                </PointOnRoute>
                <PointOnRoute id="OST:PointOnRoute:7452108" order="16" version="271">
                  <RoutePointRef ref="OST:RoutePoint:1243070_2" />
                </PointOnRoute>
                <PointOnRoute id="OST:PointOnRoute:7452110" order="18" version="271">
                  <RoutePointRef ref="OST:RoutePoint:1243175_1" />
                </PointOnRoute>
                <PointOnRoute id="OST:PointOnRoute:7452106" order="14" version="271">
                  <RoutePointRef ref="OST:RoutePoint:1258105_1" />
                </PointOnRoute>
                <PointOnRoute id="OST:PointOnRoute:7452109" order="17" version="271">
                  <RoutePointRef ref="OST:RoutePoint:1243065_2" />
                </PointOnRoute>
                <PointOnRoute id="OST:PointOnRoute:7452107" order="15" version="271">
                  <RoutePointRef ref="OST:RoutePoint:1258110_1" />
                </PointOnRoute>
                <PointOnRoute id="OST:PointOnRoute:7452098" order="6" version="271">
                  <RoutePointRef ref="OST:RoutePoint:1258090_2" />
                </PointOnRoute>
                <PointOnRoute id="OST:PointOnRoute:7452096" order="4" version="271">
                  <RoutePointRef ref="OST:RoutePoint:1257810_1" />
                </PointOnRoute>
                <PointOnRoute id="OST:PointOnRoute:7452094" order="2" version="271">
                  <RoutePointRef ref="OST:RoutePoint:1258070_1" />
                </PointOnRoute>
                <PointOnRoute id="OST:PointOnRoute:7452099" order="7" version="271">
                  <RoutePointRef ref="OST:RoutePoint:1258092_2" />
                </PointOnRoute>
                <PointOnRoute id="OST:PointOnRoute:7452097" order="5" version="271">
                  <RoutePointRef ref="OST:RoutePoint:1258060_1" />
                </PointOnRoute>
                <PointOnRoute id="OST:PointOnRoute:7452104" order="12" version="271">
                  <RoutePointRef ref="OST:RoutePoint:1258095_2" />
                </PointOnRoute>
                <PointOnRoute id="OST:PointOnRoute:7452095" order="3" version="271">
                  <RoutePointRef ref="OST:RoutePoint:1258075_1" />
                </PointOnRoute>
                <PointOnRoute id="OST:PointOnRoute:7452102" order="10" version="271">
                  <RoutePointRef ref="OST:RoutePoint:1258100_2" />
                </PointOnRoute>
              </pointsInSequence>
            </Route>
            <Route id="OST:Route:462_Inbound_211210121983281_211210121975025" version="271">
              <Name>2-2</Name>
              <ShortName>2-2</ShortName>
              <LineRef ref="OST:Line:1_462" version="271" />
              <DirectionType>outbound</DirectionType>
              <pointsInSequence>
                <PointOnRoute id="OST:PointOnRoute:7452118" order="5" version="271">
                  <RoutePointRef ref="OST:RoutePoint:1258045_2" />
                </PointOnRoute>
                <PointOnRoute id="OST:PointOnRoute:7452117" order="4" version="271">
                  <RoutePointRef ref="OST:RoutePoint:1258050_2" />
                </PointOnRoute>
                <PointOnRoute id="OST:PointOnRoute:7452122" order="9" version="271">
                  <RoutePointRef ref="OST:RoutePoint:1258080_1" />
                </PointOnRoute>
                <PointOnRoute id="OST:PointOnRoute:7452116" order="3" version="271">
                  <RoutePointRef ref="OST:RoutePoint:1258055_2" />
                </PointOnRoute>
                <PointOnRoute id="OST:PointOnRoute:7452115" order="2" version="271">
                  <RoutePointRef ref="OST:RoutePoint:1258060_2" />
                </PointOnRoute>
                <PointOnRoute id="OST:PointOnRoute:7452120" order="7" version="271">
                  <RoutePointRef ref="OST:RoutePoint:1258015_2" />
                </PointOnRoute>
                <PointOnRoute id="OST:PointOnRoute:7452124" order="11" version="271">
                  <RoutePointRef ref="OST:RoutePoint:1257825_1" />
                </PointOnRoute>
                <PointOnRoute id="OST:PointOnRoute:7452121" order="8" version="271">
                  <RoutePointRef ref="OST:RoutePoint:1257820_1" />
                </PointOnRoute>
                <PointOnRoute id="OST:PointOnRoute:7452125" order="12" version="271">
                  <RoutePointRef ref="OST:RoutePoint:1253145_2" />
                </PointOnRoute>
                <PointOnRoute id="OST:PointOnRoute:7452119" order="6" version="271">
                  <RoutePointRef ref="OST:RoutePoint:1258040_2" />
                </PointOnRoute>
                <PointOnRoute id="OST:PointOnRoute:7452123" order="10" version="271">
                  <RoutePointRef ref="OST:RoutePoint:1258085_1" />
                </PointOnRoute>
                <PointOnRoute id="OST:PointOnRoute:7452114" order="1" version="271">
                  <RoutePointRef ref="OST:RoutePoint:1258065_2" />
                </PointOnRoute>
              </pointsInSequence>
            </Route>
          </routes>
          <lines>
            <Line id="OST:Line:1_462" version="271">
              <Name>Kirkefjerdingen skole</Name>
              <TransportMode>bus</TransportMode>
              <TransportSubmode>
                <BusSubmode>localBus</BusSubmode>
              </TransportSubmode>
              <PublicCode>462</PublicCode>
              <PrivateCode>462</PrivateCode>
              <OperatorRef ref="OST:Operator:152" />
              <RepresentedByGroupRef ref="OST:GroupOfLines:bus_1" />
            </Line>
          </lines>
          <journeyPatterns>
            <JourneyPattern id="OST:JourneyPattern:462_Inbound_211210121983280_211210121975025" version="271">
              <Name>2-1</Name>
              <RouteRef ref="OST:Route:462_Inbound_211210121983280_211210121975025" version="271" />
              <pointsInSequence>
                <StopPointInJourneyPattern order="6" id="OST:StopPointInJourneyPattern:462_Inbound_211210121983280_6_211210121975025" version="271">
                  <ScheduledStopPointRef ref="OST:ScheduledStopPoint:1258090_2" />
                </StopPointInJourneyPattern>
                <StopPointInJourneyPattern order="5" id="OST:StopPointInJourneyPattern:462_Inbound_211210121983280_5_211210121975025" version="271">
                  <ScheduledStopPointRef ref="OST:ScheduledStopPoint:1258060_1" />
                </StopPointInJourneyPattern>
                <StopPointInJourneyPattern order="20" id="OST:StopPointInJourneyPattern:462_Inbound_211210121983280_20_211210121975025" version="271">
                  <ScheduledStopPointRef ref="OST:ScheduledStopPoint:1243180_1" />
                </StopPointInJourneyPattern>
                <StopPointInJourneyPattern order="4" id="OST:StopPointInJourneyPattern:462_Inbound_211210121983280_4_211210121975025" version="271">
                  <ScheduledStopPointRef ref="OST:ScheduledStopPoint:1257810_1" />
                </StopPointInJourneyPattern>
                <StopPointInJourneyPattern order="15" id="OST:StopPointInJourneyPattern:462_Inbound_211210121983280_15_211210121975025" version="271">
                  <ScheduledStopPointRef ref="OST:ScheduledStopPoint:1258110_1" />
                </StopPointInJourneyPattern>
                <StopPointInJourneyPattern order="17" id="OST:StopPointInJourneyPattern:462_Inbound_211210121983280_17_211210121975025" version="271">
                  <ScheduledStopPointRef ref="OST:ScheduledStopPoint:1243065_2" />
                </StopPointInJourneyPattern>
                <StopPointInJourneyPattern order="18" id="OST:StopPointInJourneyPattern:462_Inbound_211210121983280_18_211210121975025" version="271">
                  <ScheduledStopPointRef ref="OST:ScheduledStopPoint:1243175_1" />
                </StopPointInJourneyPattern>
                <StopPointInJourneyPattern order="16" id="OST:StopPointInJourneyPattern:462_Inbound_211210121983280_16_211210121975025" version="271">
                  <ScheduledStopPointRef ref="OST:ScheduledStopPoint:1243070_2" />
                </StopPointInJourneyPattern>
                <StopPointInJourneyPattern order="19" id="OST:StopPointInJourneyPattern:462_Inbound_211210121983280_19_211210121975025" version="271">
                  <ScheduledStopPointRef ref="OST:ScheduledStopPoint:1243060_2" />
                </StopPointInJourneyPattern>
                <StopPointInJourneyPattern order="12" id="OST:StopPointInJourneyPattern:462_Inbound_211210121983280_12_211210121975025" version="271">
                  <ScheduledStopPointRef ref="OST:ScheduledStopPoint:1258095_2" />
                </StopPointInJourneyPattern>
                <StopPointInJourneyPattern order="13" id="OST:StopPointInJourneyPattern:462_Inbound_211210121983280_13_211210121975025" version="271">
                  <ScheduledStopPointRef ref="OST:ScheduledStopPoint:1258100_1" />
                </StopPointInJourneyPattern>
                <StopPointInJourneyPattern order="14" id="OST:StopPointInJourneyPattern:462_Inbound_211210121983280_14_211210121975025" version="271">
                  <ScheduledStopPointRef ref="OST:ScheduledStopPoint:1258105_1" />
                </StopPointInJourneyPattern>
                <StopPointInJourneyPattern order="1" id="OST:StopPointInJourneyPattern:462_Inbound_211210121983280_1_211210121975025" version="271">
                  <ForAlighting>false</ForAlighting>
                  <DestinationDisplayRef ref="OST:DestinationDisplay:210" />
                  <ScheduledStopPointRef ref="OST:ScheduledStopPoint:1258065_1" />
                </StopPointInJourneyPattern>
                <StopPointInJourneyPattern order="9" id="OST:StopPointInJourneyPattern:462_Inbound_211210121983280_9_211210121975025" version="271">
                  <ScheduledStopPointRef ref="OST:ScheduledStopPoint:1258105_2" />
                </StopPointInJourneyPattern>
                <StopPointInJourneyPattern order="3" id="OST:StopPointInJourneyPattern:462_Inbound_211210121983280_3_211210121975025" version="271">
                  <ScheduledStopPointRef ref="OST:ScheduledStopPoint:1258075_1" />
                </StopPointInJourneyPattern>
                <StopPointInJourneyPattern order="21" id="OST:StopPointInJourneyPattern:462_Inbound_211210121983280_21_211210121975025" version="271">
                  <ForBoarding>false</ForBoarding>
                  <ScheduledStopPointRef ref="OST:ScheduledStopPoint:1241890_1" />
                </StopPointInJourneyPattern>
                <StopPointInJourneyPattern order="8" id="OST:StopPointInJourneyPattern:462_Inbound_211210121983280_8_211210121975025" version="271">
                  <ScheduledStopPointRef ref="OST:ScheduledStopPoint:1258092_1" />
                </StopPointInJourneyPattern>
                <StopPointInJourneyPattern order="11" id="OST:StopPointInJourneyPattern:462_Inbound_211210121983280_11_211210121975025" version="271">
                  <ScheduledStopPointRef ref="OST:ScheduledStopPoint:1258090_2" />
                </StopPointInJourneyPattern>
                <StopPointInJourneyPattern order="7" id="OST:StopPointInJourneyPattern:462_Inbound_211210121983280_7_211210121975025" version="271">
                  <ScheduledStopPointRef ref="OST:ScheduledStopPoint:1258092_2" />
                </StopPointInJourneyPattern>
                <StopPointInJourneyPattern order="2" id="OST:StopPointInJourneyPattern:462_Inbound_211210121983280_2_211210121975025" version="271">
                  <ScheduledStopPointRef ref="OST:ScheduledStopPoint:1258070_1" />
                </StopPointInJourneyPattern>
                <StopPointInJourneyPattern order="10" id="OST:StopPointInJourneyPattern:462_Inbound_211210121983280_10_211210121975025" version="271">
                  <ScheduledStopPointRef ref="OST:ScheduledStopPoint:1258100_2" />
                </StopPointInJourneyPattern>
              </pointsInSequence>
              <linksInSequence>
                <ServiceLinkInJourneyPattern order="18" id="OST:ServiceLinkInJourneyPattern:7452151" version="271">
                  <ServiceLinkRef ref="OST:ServiceLink:200811072689620_1_200811072689602_2_463" />
                </ServiceLinkInJourneyPattern>
                <ServiceLinkInJourneyPattern order="11" id="OST:ServiceLinkInJourneyPattern:7452142" version="271">
                  <ServiceLinkRef ref="OST:ServiceLink:200811072690140_2_200811072690150_2_1838" />
                </ServiceLinkInJourneyPattern>
                <ServiceLinkInJourneyPattern order="4" id="OST:ServiceLinkInJourneyPattern:7452130" version="271">
                  <ServiceLinkRef ref="OST:ServiceLink:200811072690048_1_200811072690108_1_2765" />
                </ServiceLinkInJourneyPattern>
                <ServiceLinkInJourneyPattern order="3" id="OST:ServiceLinkInJourneyPattern:7452128" version="271">
                  <ServiceLinkRef ref="OST:ServiceLink:200811072690123_1_200811072690048_1_4281" />
                </ServiceLinkInJourneyPattern>
                <ServiceLinkInJourneyPattern order="15" id="OST:ServiceLinkInJourneyPattern:7452148" version="271">
                  <ServiceLinkRef ref="OST:ServiceLink:200811072690163_1_200811072689612_2_2559" />
                </ServiceLinkInJourneyPattern>
                <ServiceLinkInJourneyPattern order="7" id="OST:ServiceLinkInJourneyPattern:7452136" version="271">
                  <ServiceLinkRef ref="OST:ServiceLink:200811072690143_2_200811072690145_1_4" />
                </ServiceLinkInJourneyPattern>
                <ServiceLinkInJourneyPattern order="17" id="OST:ServiceLinkInJourneyPattern:7452150" version="271">
                  <ServiceLinkRef ref="OST:ServiceLink:200811072689605_2_200811072689620_1_577" />
                </ServiceLinkInJourneyPattern>
                <ServiceLinkInJourneyPattern order="10" id="OST:ServiceLinkInJourneyPattern:7452141" version="271">
                  <ServiceLinkRef ref="OST:ServiceLink:200811072690155_2_200811072690140_2_2312" />
                </ServiceLinkInJourneyPattern>
                <ServiceLinkInJourneyPattern order="2" id="OST:ServiceLinkInJourneyPattern:7452127" version="271">
                  <ServiceLinkRef ref="OST:ServiceLink:200811072690118_1_200811072690123_1_740" />
                </ServiceLinkInJourneyPattern>
                <ServiceLinkInJourneyPattern order="20" id="OST:ServiceLinkInJourneyPattern:7452153" version="271">
                  <ServiceLinkRef ref="OST:ServiceLink:200811072689623_1_200811072689349_1_637" />
                </ServiceLinkInJourneyPattern>
                <ServiceLinkInJourneyPattern order="12" id="OST:ServiceLinkInJourneyPattern:7452144" version="271">
                  <ServiceLinkRef ref="OST:ServiceLink:200811072690150_2_200811072690153_1_509" />
                </ServiceLinkInJourneyPattern>
                <ServiceLinkInJourneyPattern order="5" id="OST:ServiceLinkInJourneyPattern:7452132" version="271">
                  <ServiceLinkRef ref="OST:ServiceLink:200811072690108_1_200811072690140_2_887" />
                </ServiceLinkInJourneyPattern>
                <ServiceLinkInJourneyPattern order="14" id="OST:ServiceLinkInJourneyPattern:7452147" version="271">
                  <ServiceLinkRef ref="OST:ServiceLink:200811072690158_1_200811072690163_1_887" />
                </ServiceLinkInJourneyPattern>
                <ServiceLinkInJourneyPattern order="9" id="OST:ServiceLinkInJourneyPattern:7452140" version="271">
                  <ServiceLinkRef ref="OST:ServiceLink:200811072690160_2_200811072690155_2_1836" />
                </ServiceLinkInJourneyPattern>
                <ServiceLinkInJourneyPattern order="8" id="OST:ServiceLinkInJourneyPattern:7452138" version="271">
                  <ServiceLinkRef ref="OST:ServiceLink:200811072690145_1_200811072690160_2_5705" />
                </ServiceLinkInJourneyPattern>
                <ServiceLinkInJourneyPattern order="1" id="OST:ServiceLinkInJourneyPattern:7452126" version="271">
                  <ServiceLinkRef ref="OST:ServiceLink:200811072690115_1_200811072690118_1_1274" />
                </ServiceLinkInJourneyPattern>
                <ServiceLinkInJourneyPattern order="19" id="OST:ServiceLinkInJourneyPattern:7452152" version="271">
                  <ServiceLinkRef ref="OST:ServiceLink:200811072689602_2_200811072689623_1_270" />
                </ServiceLinkInJourneyPattern>
                <ServiceLinkInJourneyPattern order="13" id="OST:ServiceLinkInJourneyPattern:7452146" version="271">
                  <ServiceLinkRef ref="OST:ServiceLink:200811072690153_1_200811072690158_1_1808" />
                </ServiceLinkInJourneyPattern>
                <ServiceLinkInJourneyPattern order="6" id="OST:ServiceLinkInJourneyPattern:7452134" version="271">
                  <ServiceLinkRef ref="OST:ServiceLink:200811072690140_2_200811072690143_2_4228" />
                </ServiceLinkInJourneyPattern>
                <ServiceLinkInJourneyPattern order="16" id="OST:ServiceLinkInJourneyPattern:7452149" version="271">
                  <ServiceLinkRef ref="OST:ServiceLink:200811072689612_2_200811072689605_2_810" />
                </ServiceLinkInJourneyPattern>
              </linksInSequence>
            </JourneyPattern>
            <JourneyPattern id="OST:JourneyPattern:462_Inbound_211210121983281_211210121975025" version="271">
              <Name>2-2</Name>
              <RouteRef ref="OST:Route:462_Inbound_211210121983281_211210121975025" version="271" />
              <pointsInSequence>
                <StopPointInJourneyPattern order="8" id="OST:StopPointInJourneyPattern:462_Inbound_211210121983281_8_211210121975025" version="271">
                  <ScheduledStopPointRef ref="OST:ScheduledStopPoint:1257820_1" />
                </StopPointInJourneyPattern>
                <StopPointInJourneyPattern order="1" id="OST:StopPointInJourneyPattern:462_Inbound_211210121983281_1_211210121975025" version="271">
                  <ForAlighting>false</ForAlighting>
                  <DestinationDisplayRef ref="OST:DestinationDisplay:295" />
                  <ScheduledStopPointRef ref="OST:ScheduledStopPoint:1258065_2" />
                </StopPointInJourneyPattern>
                <StopPointInJourneyPattern order="3" id="OST:StopPointInJourneyPattern:462_Inbound_211210121983281_3_211210121975025" version="271">
                  <ScheduledStopPointRef ref="OST:ScheduledStopPoint:1258055_2" />
                </StopPointInJourneyPattern>
                <StopPointInJourneyPattern order="2" id="OST:StopPointInJourneyPattern:462_Inbound_211210121983281_2_211210121975025" version="271">
                  <ScheduledStopPointRef ref="OST:ScheduledStopPoint:1258060_2" />
                </StopPointInJourneyPattern>
                <StopPointInJourneyPattern order="12" id="OST:StopPointInJourneyPattern:462_Inbound_211210121983281_12_211210121975025" version="271">
                  <ForBoarding>false</ForBoarding>
                  <ScheduledStopPointRef ref="OST:ScheduledStopPoint:1253145_2" />
                </StopPointInJourneyPattern>
                <StopPointInJourneyPattern order="10" id="OST:StopPointInJourneyPattern:462_Inbound_211210121983281_10_211210121975025" version="271">
                  <ScheduledStopPointRef ref="OST:ScheduledStopPoint:1258085_1" />
                </StopPointInJourneyPattern>
                <StopPointInJourneyPattern order="4" id="OST:StopPointInJourneyPattern:462_Inbound_211210121983281_4_211210121975025" version="271">
                  <ScheduledStopPointRef ref="OST:ScheduledStopPoint:1258050_2" />
                </StopPointInJourneyPattern>
                <StopPointInJourneyPattern order="5" id="OST:StopPointInJourneyPattern:462_Inbound_211210121983281_5_211210121975025" version="271">
                  <ScheduledStopPointRef ref="OST:ScheduledStopPoint:1258045_2" />
                </StopPointInJourneyPattern>
                <StopPointInJourneyPattern order="6" id="OST:StopPointInJourneyPattern:462_Inbound_211210121983281_6_211210121975025" version="271">
                  <ScheduledStopPointRef ref="OST:ScheduledStopPoint:1258040_2" />
                </StopPointInJourneyPattern>
                <StopPointInJourneyPattern order="7" id="OST:StopPointInJourneyPattern:462_Inbound_211210121983281_7_211210121975025" version="271">
                  <ScheduledStopPointRef ref="OST:ScheduledStopPoint:1258015_2" />
                </StopPointInJourneyPattern>
                <StopPointInJourneyPattern order="11" id="OST:StopPointInJourneyPattern:462_Inbound_211210121983281_11_211210121975025" version="271">
                  <ScheduledStopPointRef ref="OST:ScheduledStopPoint:1257825_1" />
                </StopPointInJourneyPattern>
                <StopPointInJourneyPattern order="9" id="OST:StopPointInJourneyPattern:462_Inbound_211210121983281_9_211210121975025" version="271">
                  <ScheduledStopPointRef ref="OST:ScheduledStopPoint:1258080_1" />
                </StopPointInJourneyPattern>
              </pointsInSequence>
              <linksInSequence>
                <ServiceLinkInJourneyPattern order="2" id="OST:ServiceLinkInJourneyPattern:7452156" version="271">
                  <ServiceLinkRef ref="OST:ServiceLink:200811072690110_2_200811072690105_2_1199" />
                </ServiceLinkInJourneyPattern>
                <ServiceLinkInJourneyPattern order="1" id="OST:ServiceLinkInJourneyPattern:7452155" version="271">
                  <ServiceLinkRef ref="OST:ServiceLink:200811072690113_2_200811072690110_2_529" />
                </ServiceLinkInJourneyPattern>
                <ServiceLinkInJourneyPattern order="8" id="OST:ServiceLinkInJourneyPattern:7452164" version="271">
                  <ServiceLinkRef ref="OST:ServiceLink:200811072690054_1_200811072690128_1_3350" />
                </ServiceLinkInJourneyPattern>
                <ServiceLinkInJourneyPattern order="11" id="OST:ServiceLinkInJourneyPattern:7452169" version="271">
                  <ServiceLinkRef ref="OST:ServiceLink:200811072690057_1_200811072689773_2_1636" />
                </ServiceLinkInJourneyPattern>
                <ServiceLinkInJourneyPattern order="7" id="OST:ServiceLinkInJourneyPattern:7452162" version="271">
                  <ServiceLinkRef ref="OST:ServiceLink:200811072690062_2_200811072690054_1_6935" />
                </ServiceLinkInJourneyPattern>
                <ServiceLinkInJourneyPattern order="10" id="OST:ServiceLinkInJourneyPattern:7452167" version="271">
                  <ServiceLinkRef ref="OST:ServiceLink:200811072690133_1_200811072690057_1_472" />
                </ServiceLinkInJourneyPattern>
                <ServiceLinkInJourneyPattern order="6" id="OST:ServiceLinkInJourneyPattern:7452160" version="271">
                  <ServiceLinkRef ref="OST:ServiceLink:200811072690090_2_200811072690062_2_3220" />
                </ServiceLinkInJourneyPattern>
                <ServiceLinkInJourneyPattern order="9" id="OST:ServiceLinkInJourneyPattern:7452166" version="271">
                  <ServiceLinkRef ref="OST:ServiceLink:200811072690128_1_200811072690133_1_737" />
                </ServiceLinkInJourneyPattern>
                <ServiceLinkInJourneyPattern order="5" id="OST:ServiceLinkInJourneyPattern:7452159" version="271">
                  <ServiceLinkRef ref="OST:ServiceLink:200811072690095_2_200811072690090_2_639" />
                </ServiceLinkInJourneyPattern>
                <ServiceLinkInJourneyPattern order="3" id="OST:ServiceLinkInJourneyPattern:7452157" version="271">
                  <ServiceLinkRef ref="OST:ServiceLink:200811072690105_2_200811072690100_2_232" />
                </ServiceLinkInJourneyPattern>
                <ServiceLinkInJourneyPattern order="4" id="OST:ServiceLinkInJourneyPattern:7452158" version="271">
                  <ServiceLinkRef ref="OST:ServiceLink:200811072690100_2_200811072690095_2_538" />
                </ServiceLinkInJourneyPattern>
              </linksInSequence>
            </JourneyPattern>
          </journeyPatterns>
        </ServiceFrame>
        <TimetableFrame id="1802495518" version="1">
          <vehicleJourneys>
            <ServiceJourney id="OST:ServiceJourney:462_211210122072324_2" publication="public" version="271">
              <Name>Høie-Askim</Name>
              <PrivateCode>2</PrivateCode>
              <dayTypes>
                <DayTypeRef ref="OST:DayType:76" />
              </dayTypes>
              <JourneyPatternRef ref="OST:JourneyPattern:462_Inbound_211210121983280_211210121975025" version="271" />
              <LineRef ref="OST:Line:1_462" version="271" />
              <OperatorRef ref="OST:Operator:152" />
              <passingTimes>
                <TimetabledPassingTime id="OST:TimetabledPassingTime:211210122072324_1_12_25_00" version="271">
                  <DepartureTime>12:25:00</DepartureTime>
                  <StopPointInJourneyPatternRef ref="OST:StopPointInJourneyPattern:462_Inbound_211210121983280_1_211210121975025" version="271" />
                </TimetabledPassingTime>
                <TimetabledPassingTime id="OST:TimetabledPassingTime:211210122072324_2_12_26_00" version="271">
                  <DepartureTime>12:26:00</DepartureTime>
                  <StopPointInJourneyPatternRef ref="OST:StopPointInJourneyPattern:462_Inbound_211210121983280_2_211210121975025" version="271" />
                </TimetabledPassingTime>
                <TimetabledPassingTime id="OST:TimetabledPassingTime:211210122072324_3_12_27_00" version="271">
                  <DepartureTime>12:27:00</DepartureTime>
                  <StopPointInJourneyPatternRef ref="OST:StopPointInJourneyPattern:462_Inbound_211210121983280_3_211210121975025" version="271" />
                </TimetabledPassingTime>
                <TimetabledPassingTime id="OST:TimetabledPassingTime:211210122072324_4_12_34_00" version="271">
                  <DepartureTime>12:34:00</DepartureTime>
                  <StopPointInJourneyPatternRef ref="OST:StopPointInJourneyPattern:462_Inbound_211210121983280_4_211210121975025" version="271" />
                </TimetabledPassingTime>
                <TimetabledPassingTime id="OST:TimetabledPassingTime:211210122072324_5_12_38_00" version="271">
                  <DepartureTime>12:38:00</DepartureTime>
                  <StopPointInJourneyPatternRef ref="OST:StopPointInJourneyPattern:462_Inbound_211210121983280_5_211210121975025" version="271" />
                </TimetabledPassingTime>
                <TimetabledPassingTime id="OST:TimetabledPassingTime:211210122072324_6_12_39_00" version="271">
                  <DepartureTime>12:39:00</DepartureTime>
                  <StopPointInJourneyPatternRef ref="OST:StopPointInJourneyPattern:462_Inbound_211210121983280_6_211210121975025" version="271" />
                </TimetabledPassingTime>
                <TimetabledPassingTime id="OST:TimetabledPassingTime:211210122072324_8_12_45_00" version="271">
                  <DepartureTime>12:45:00</DepartureTime>
                  <StopPointInJourneyPatternRef ref="OST:StopPointInJourneyPattern:462_Inbound_211210121983280_8_211210121975025" version="271" />
                </TimetabledPassingTime>
                <TimetabledPassingTime id="OST:TimetabledPassingTime:211210122072324_7_12_45_00" version="271">
                  <DepartureTime>12:45:00</DepartureTime>
                  <StopPointInJourneyPatternRef ref="OST:StopPointInJourneyPattern:462_Inbound_211210121983280_7_211210121975025" version="271" />
                </TimetabledPassingTime>
                <TimetabledPassingTime id="OST:TimetabledPassingTime:211210122072324_9_12_53_00" version="271">
                  <DepartureTime>12:53:00</DepartureTime>
                  <StopPointInJourneyPatternRef ref="OST:StopPointInJourneyPattern:462_Inbound_211210121983280_9_211210121975025" version="271" />
                </TimetabledPassingTime>
                <TimetabledPassingTime id="OST:TimetabledPassingTime:211210122072324_10_12_56_00" version="271">
                  <DepartureTime>12:56:00</DepartureTime>
                  <StopPointInJourneyPatternRef ref="OST:StopPointInJourneyPattern:462_Inbound_211210121983280_10_211210121975025" version="271" />
                </TimetabledPassingTime>
                <TimetabledPassingTime id="OST:TimetabledPassingTime:211210122072324_11_12_59_00" version="271">
                  <DepartureTime>12:59:00</DepartureTime>
                  <StopPointInJourneyPatternRef ref="OST:StopPointInJourneyPattern:462_Inbound_211210121983280_11_211210121975025" version="271" />
                </TimetabledPassingTime>
                <TimetabledPassingTime id="OST:TimetabledPassingTime:211210122072324_12_13_02_00" version="271">
                  <DepartureTime>13:02:00</DepartureTime>
                  <StopPointInJourneyPatternRef ref="OST:StopPointInJourneyPattern:462_Inbound_211210121983280_12_211210121975025" version="271" />
                </TimetabledPassingTime>
                <TimetabledPassingTime id="OST:TimetabledPassingTime:211210122072324_13_13_03_00" version="271">
                  <DepartureTime>13:03:00</DepartureTime>
                  <StopPointInJourneyPatternRef ref="OST:StopPointInJourneyPattern:462_Inbound_211210121983280_13_211210121975025" version="271" />
                </TimetabledPassingTime>
                <TimetabledPassingTime id="OST:TimetabledPassingTime:211210122072324_14_13_05_00" version="271">
                  <DepartureTime>13:05:00</DepartureTime>
                  <StopPointInJourneyPatternRef ref="OST:StopPointInJourneyPattern:462_Inbound_211210121983280_14_211210121975025" version="271" />
                </TimetabledPassingTime>
                <TimetabledPassingTime id="OST:TimetabledPassingTime:211210122072324_15_13_07_00" version="271">
                  <DepartureTime>13:07:00</DepartureTime>
                  <StopPointInJourneyPatternRef ref="OST:StopPointInJourneyPattern:462_Inbound_211210121983280_15_211210121975025" version="271" />
                </TimetabledPassingTime>
                <TimetabledPassingTime id="OST:TimetabledPassingTime:211210122072324_16_13_10_00" version="271">
                  <DepartureTime>13:10:00</DepartureTime>
                  <StopPointInJourneyPatternRef ref="OST:StopPointInJourneyPattern:462_Inbound_211210121983280_16_211210121975025" version="271" />
                </TimetabledPassingTime>
                <TimetabledPassingTime id="OST:TimetabledPassingTime:211210122072324_17_13_12_00" version="271">
                  <DepartureTime>13:12:00</DepartureTime>
                  <StopPointInJourneyPatternRef ref="OST:StopPointInJourneyPattern:462_Inbound_211210121983280_17_211210121975025" version="271" />
                </TimetabledPassingTime>
                <TimetabledPassingTime id="OST:TimetabledPassingTime:211210122072324_18_13_12_00" version="271">
                  <DepartureTime>13:12:00</DepartureTime>
                  <StopPointInJourneyPatternRef ref="OST:StopPointInJourneyPattern:462_Inbound_211210121983280_18_211210121975025" version="271" />
                </TimetabledPassingTime>
                <TimetabledPassingTime id="OST:TimetabledPassingTime:211210122072324_20_13_13_00" version="271">
                  <DepartureTime>13:13:00</DepartureTime>
                  <StopPointInJourneyPatternRef ref="OST:StopPointInJourneyPattern:462_Inbound_211210121983280_20_211210121975025" version="271" />
                </TimetabledPassingTime>
                <TimetabledPassingTime id="OST:TimetabledPassingTime:211210122072324_19_13_13_00" version="271">
                  <DepartureTime>13:13:00</DepartureTime>
                  <StopPointInJourneyPatternRef ref="OST:StopPointInJourneyPattern:462_Inbound_211210121983280_19_211210121975025" version="271" />
                </TimetabledPassingTime>
                <TimetabledPassingTime id="OST:TimetabledPassingTime:211210122072324_21_13_15_00" version="271">
                  <ArrivalTime>13:15:00</ArrivalTime>
                  <StopPointInJourneyPatternRef ref="OST:StopPointInJourneyPattern:462_Inbound_211210121983280_21_211210121975025" version="271" />
                </TimetabledPassingTime>
              </passingTimes>
            </ServiceJourney>
            <ServiceJourney id="OST:ServiceJourney:462_211210122072325_4" publication="public" version="271">
              <Name>Lislerud-Mysen</Name>
              <PrivateCode>4</PrivateCode>
              <dayTypes>
                <DayTypeRef ref="OST:DayType:76" />
              </dayTypes>
              <JourneyPatternRef ref="OST:JourneyPattern:462_Inbound_211210121983281_211210121975025" version="271" />
              <LineRef ref="OST:Line:1_462" version="271" />
              <OperatorRef ref="OST:Operator:152" />
              <passingTimes>
                <TimetabledPassingTime id="OST:TimetabledPassingTime:211210122072325_1_12_25_00" version="271">
                  <DepartureTime>12:25:00</DepartureTime>
                  <StopPointInJourneyPatternRef ref="OST:StopPointInJourneyPattern:462_Inbound_211210121983281_1_211210121975025" version="271" />
                </TimetabledPassingTime>
                <TimetabledPassingTime id="OST:TimetabledPassingTime:211210122072325_2_12_26_00" version="271">
                  <DepartureTime>12:26:00</DepartureTime>
                  <StopPointInJourneyPatternRef ref="OST:StopPointInJourneyPattern:462_Inbound_211210121983281_2_211210121975025" version="271" />
                </TimetabledPassingTime>
                <TimetabledPassingTime id="OST:TimetabledPassingTime:211210122072325_4_12_28_00" version="271">
                  <DepartureTime>12:28:00</DepartureTime>
                  <StopPointInJourneyPatternRef ref="OST:StopPointInJourneyPattern:462_Inbound_211210121983281_4_211210121975025" version="271" />
                </TimetabledPassingTime>
                <TimetabledPassingTime id="OST:TimetabledPassingTime:211210122072325_3_12_28_00" version="271">
                  <DepartureTime>12:28:00</DepartureTime>
                  <StopPointInJourneyPatternRef ref="OST:StopPointInJourneyPattern:462_Inbound_211210121983281_3_211210121975025" version="271" />
                </TimetabledPassingTime>
                <TimetabledPassingTime id="OST:TimetabledPassingTime:211210122072325_5_12_29_00" version="271">
                  <DepartureTime>12:29:00</DepartureTime>
                  <StopPointInJourneyPatternRef ref="OST:StopPointInJourneyPattern:462_Inbound_211210121983281_5_211210121975025" version="271" />
                </TimetabledPassingTime>
                <TimetabledPassingTime id="OST:TimetabledPassingTime:211210122072325_6_12_30_00" version="271">
                  <DepartureTime>12:30:00</DepartureTime>
                  <StopPointInJourneyPatternRef ref="OST:StopPointInJourneyPattern:462_Inbound_211210121983281_6_211210121975025" version="271" />
                </TimetabledPassingTime>
                <TimetabledPassingTime id="OST:TimetabledPassingTime:211210122072325_7_12_39_00" version="271">
                  <DepartureTime>12:39:00</DepartureTime>
                  <StopPointInJourneyPatternRef ref="OST:StopPointInJourneyPattern:462_Inbound_211210121983281_7_211210121975025" version="271" />
                </TimetabledPassingTime>
                <TimetabledPassingTime id="OST:TimetabledPassingTime:211210122072325_8_12_53_00" version="271">
                  <DepartureTime>12:53:00</DepartureTime>
                  <StopPointInJourneyPatternRef ref="OST:StopPointInJourneyPattern:462_Inbound_211210121983281_8_211210121975025" version="271" />
                </TimetabledPassingTime>
                <TimetabledPassingTime id="OST:TimetabledPassingTime:211210122072325_9_12_59_00" version="271">
                  <DepartureTime>12:59:00</DepartureTime>
                  <StopPointInJourneyPatternRef ref="OST:StopPointInJourneyPattern:462_Inbound_211210121983281_9_211210121975025" version="271" />
                </TimetabledPassingTime>
                <TimetabledPassingTime id="OST:TimetabledPassingTime:211210122072325_10_13_00_00" version="271">
                  <DepartureTime>13:00:00</DepartureTime>
                  <StopPointInJourneyPatternRef ref="OST:StopPointInJourneyPattern:462_Inbound_211210121983281_10_211210121975025" version="271" />
                </TimetabledPassingTime>
                <TimetabledPassingTime id="OST:TimetabledPassingTime:211210122072325_11_13_01_00" version="271">
                  <DepartureTime>13:01:00</DepartureTime>
                  <StopPointInJourneyPatternRef ref="OST:StopPointInJourneyPattern:462_Inbound_211210121983281_11_211210121975025" version="271" />
                </TimetabledPassingTime>
                <TimetabledPassingTime id="OST:TimetabledPassingTime:211210122072325_12_13_05_00" version="271">
                  <ArrivalTime>13:05:00</ArrivalTime>
                  <StopPointInJourneyPatternRef ref="OST:StopPointInJourneyPattern:462_Inbound_211210121983281_12_211210121975025" version="271" />
                </TimetabledPassingTime>
              </passingTimes>
            </ServiceJourney>
          </vehicleJourneys>
        </TimetableFrame>
      </frames>
    </CompositeFrame>
  </dataObjects>
</PublicationDelivery>
