<?xml version="1.0" encoding="UTF-8"?>
<PublicationDelivery xmlns="http://www.netex.org.uk/netex" xmlns:gis="http://www.opengis.net/gml/3.2" xmlns:siri="http://www.siri.org.uk/siri" version="1.13:NO-NeTEx-networktimetable:1.3">
  <PublicationTimestamp>2022-05-26T00:05:35.012</PublicationTimestamp>
  <ParticipantRef>RB</ParticipantRef>
  <Description>Fredrikstad-Alshus</Description>
  <dataObjects>
    <CompositeFrame created="2022-04-08T10:32:34.29" id="1853335898" version="1">
      <validityConditions>
        <AvailabilityCondition id="54448502" version="1">
          <FromDate>2022-05-23T00:00:00</FromDate>
          <ToDate>2023-05-25T00:00:00</ToDate>
        </AvailabilityCondition>
      </validityConditions>
      <codespaces>
        <Codespace id="ost">
          <Xmlns>OST</Xmlns>
          <XmlnsUrl>http://www.rutebanken.org/ns/ost</XmlnsUrl>
        </Codespace>
        <Codespace id="nsr">
          <Xmlns>NSR</Xmlns>
          <XmlnsUrl>http://www.rutebanken.org/ns/nsr</XmlnsUrl>
        </Codespace>
      </codespaces>
      <FrameDefaults>
        <DefaultLocale>
          <TimeZone>Europe/Oslo</TimeZone>
          <DefaultLanguage>no</DefaultLanguage>
        </DefaultLocale>
      </FrameDefaults>
      <frames>
        <ServiceFrame id="631971178" version="1">
          <routes>
            <Route id="OST:Route:117_Outbound_210930110971632_210930110964168" version="271">
              <Name>1-1</Name>
              <ShortName>1-1</ShortName>
              <LineRef ref="OST:Line:1_117" version="271" />
              <DirectionType>inbound</DirectionType>
              <pointsInSequence>
                <PointOnRoute id="OST:PointOnRoute:7410719" order="28" version="271">
                  <RoutePointRef ref="OST:RoutePoint:1061894_2" />
                </PointOnRoute>
                <PointOnRoute id="OST:PointOnRoute:7410717" order="26" version="271">
                  <RoutePointRef ref="OST:RoutePoint:1061905_2" />
                </PointOnRoute>
                <PointOnRoute id="OST:PointOnRoute:7410698" order="7" version="271">
                  <RoutePointRef ref="OST:RoutePoint:1065905_1" />
                </PointOnRoute>
                <PointOnRoute id="OST:PointOnRoute:7410714" order="23" version="271">
                  <RoutePointRef ref="OST:RoutePoint:1065895_2" />
                </PointOnRoute>
                <PointOnRoute id="OST:PointOnRoute:7410708" order="17" version="271">
                  <RoutePointRef ref="OST:RoutePoint:1065985_2" />
                </PointOnRoute>
                <PointOnRoute id="OST:PointOnRoute:7410696" order="5" version="271">
                  <RoutePointRef ref="OST:RoutePoint:1065895_1" />
                </PointOnRoute>
                <PointOnRoute id="OST:PointOnRoute:7410693" order="2" version="271">
                  <RoutePointRef ref="OST:RoutePoint:1061900_1" />
                </PointOnRoute>
                <PointOnRoute id="OST:PointOnRoute:7410707" order="16" version="271">
                  <RoutePointRef ref="OST:RoutePoint:1065990_2" />
                </PointOnRoute>
                <PointOnRoute id="OST:PointOnRoute:7410712" order="21" version="271">
                  <RoutePointRef ref="OST:RoutePoint:1065905_2" />
                </PointOnRoute>
                <PointOnRoute id="OST:PointOnRoute:7410705" order="14" version="271">
                  <RoutePointRef ref="OST:RoutePoint:1066000_2" />
                </PointOnRoute>
                <PointOnRoute id="OST:PointOnRoute:7410715" order="24" version="271">
                  <RoutePointRef ref="OST:RoutePoint:1065890_2" />
                </PointOnRoute>
                <PointOnRoute id="OST:PointOnRoute:7410694" order="3" version="271">
                  <RoutePointRef ref="OST:RoutePoint:1065885_1" />
                </PointOnRoute>
                <PointOnRoute id="OST:PointOnRoute:7410713" order="22" version="271">
                  <RoutePointRef ref="OST:RoutePoint:1065900_4" />
                </PointOnRoute>
                <PointOnRoute id="OST:PointOnRoute:7410710" order="19" version="271">
                  <RoutePointRef ref="OST:RoutePoint:1065915_2" />
                </PointOnRoute>
                <PointOnRoute id="OST:PointOnRoute:7410706" order="15" version="271">
                  <RoutePointRef ref="OST:RoutePoint:1065995_2" />
                </PointOnRoute>
                <PointOnRoute id="OST:PointOnRoute:7410703" order="12" version="271">
                  <RoutePointRef ref="OST:RoutePoint:1065930_1" />
                </PointOnRoute>
                <PointOnRoute id="OST:PointOnRoute:7410709" order="18" version="271">
                  <RoutePointRef ref="OST:RoutePoint:1065980_2" />
                </PointOnRoute>
                <PointOnRoute id="OST:PointOnRoute:7410704" order="13" version="271">
                  <RoutePointRef ref="OST:RoutePoint:1065935_1" />
                </PointOnRoute>
                <PointOnRoute id="OST:PointOnRoute:7410699" order="8" version="271">
                  <RoutePointRef ref="OST:RoutePoint:1065910_1" />
                </PointOnRoute>
                <PointOnRoute id="OST:PointOnRoute:7410701" order="10" version="271">
                  <RoutePointRef ref="OST:RoutePoint:1065920_1" />
                </PointOnRoute>
                <PointOnRoute id="OST:PointOnRoute:7410711" order="20" version="271">
                  <RoutePointRef ref="OST:RoutePoint:1065910_2" />
                </PointOnRoute>
                <PointOnRoute id="OST:PointOnRoute:7410692" order="1" version="271">
                  <RoutePointRef ref="OST:RoutePoint:1061894_2" />
                </PointOnRoute>
                <PointOnRoute id="OST:PointOnRoute:7410718" order="27" version="271">
                  <RoutePointRef ref="OST:RoutePoint:1061900_2" />
                </PointOnRoute>
                <PointOnRoute id="OST:PointOnRoute:7410697" order="6" version="271">
                  <RoutePointRef ref="OST:RoutePoint:1065900_3" />
                </PointOnRoute>
                <PointOnRoute id="OST:PointOnRoute:7410702" order="11" version="271">
                  <RoutePointRef ref="OST:RoutePoint:1065925_1" />
                </PointOnRoute>
                <PointOnRoute id="OST:PointOnRoute:7410716" order="25" version="271">
                  <RoutePointRef ref="OST:RoutePoint:1065885_2" />
                </PointOnRoute>
                <PointOnRoute id="OST:PointOnRoute:7410695" order="4" version="271">
                  <RoutePointRef ref="OST:RoutePoint:1065890_1" />
                </PointOnRoute>
                <PointOnRoute id="OST:PointOnRoute:7410700" order="9" version="271">
                  <RoutePointRef ref="OST:RoutePoint:1065915_1" />
                </PointOnRoute>
              </pointsInSequence>
            </Route>
          </routes>
          <lines>
            <Line id="OST:Line:1_117" version="271">
              <Name>Fredrikstad-Alshus</Name>
              <TransportMode>bus</TransportMode>
              <TransportSubmode>
                <BusSubmode>localBus</BusSubmode>
              </TransportSubmode>
              <PublicCode>117</PublicCode>
              <PrivateCode>117</PrivateCode>
              <OperatorRef ref="OST:Operator:152" />
              <RepresentedByGroupRef ref="OST:GroupOfLines:bus_1" />
            </Line>
          </lines>
          <journeyPatterns>
            <JourneyPattern id="OST:JourneyPattern:117_Outbound_210930110971632_210930110964168" version="271">
              <Name>1-1</Name>
              <RouteRef ref="OST:Route:117_Outbound_210930110971632_210930110964168" version="271" />
              <pointsInSequence>
                <StopPointInJourneyPattern order="25" id="OST:StopPointInJourneyPattern:117_Outbound_210930110971632_25_210930110964168" version="271">
                  <ScheduledStopPointRef ref="OST:ScheduledStopPoint:1065885_2" />
                </StopPointInJourneyPattern>
                <StopPointInJourneyPattern order="19" id="OST:StopPointInJourneyPattern:117_Outbound_210930110971632_19_210930110964168" version="271">
                  <ScheduledStopPointRef ref="OST:ScheduledStopPoint:1065915_2" />
                </StopPointInJourneyPattern>
                <StopPointInJourneyPattern order="11" id="OST:StopPointInJourneyPattern:117_Outbound_210930110971632_11_210930110964168" version="271">
                  <ScheduledStopPointRef ref="OST:ScheduledStopPoint:1065925_1" />
                </StopPointInJourneyPattern>
                <StopPointInJourneyPattern order="16" id="OST:StopPointInJourneyPattern:117_Outbound_210930110971632_16_210930110964168" version="271">
                  <ScheduledStopPointRef ref="OST:ScheduledStopPoint:1065990_2" />
                </StopPointInJourneyPattern>
                <StopPointInJourneyPattern order="14" id="OST:StopPointInJourneyPattern:117_Outbound_210930110971632_14_210930110964168" version="271">
                  <DestinationDisplayRef ref="OST:DestinationDisplay:110" />
                  <ScheduledStopPointRef ref="OST:ScheduledStopPoint:1066000_2" />
                </StopPointInJourneyPattern>
                <StopPointInJourneyPattern order="27" id="OST:StopPointInJourneyPattern:117_Outbound_210930110971632_27_210930110964168" version="271">
                  <ScheduledStopPointRef ref="OST:ScheduledStopPoint:1061900_2" />
                </StopPointInJourneyPattern>
                <StopPointInJourneyPattern order="20" id="OST:StopPointInJourneyPattern:117_Outbound_210930110971632_20_210930110964168" version="271">
                  <ScheduledStopPointRef ref="OST:ScheduledStopPoint:1065910_2" />
                </StopPointInJourneyPattern>
                <StopPointInJourneyPattern order="1" id="OST:StopPointInJourneyPattern:117_Outbound_210930110971632_1_210930110964168" version="271">
                  <ForAlighting>false</ForAlighting>
                  <DestinationDisplayRef ref="OST:DestinationDisplay:101" />
                  <ScheduledStopPointRef ref="OST:ScheduledStopPoint:1061894_2" />
                </StopPointInJourneyPattern>
                <StopPointInJourneyPattern order="7" id="OST:StopPointInJourneyPattern:117_Outbound_210930110971632_7_210930110964168" version="271">
                  <ScheduledStopPointRef ref="OST:ScheduledStopPoint:1065905_1" />
                </StopPointInJourneyPattern>
                <StopPointInJourneyPattern order="17" id="OST:StopPointInJourneyPattern:117_Outbound_210930110971632_17_210930110964168" version="271">
                  <ScheduledStopPointRef ref="OST:ScheduledStopPoint:1065985_2" />
                </StopPointInJourneyPattern>
                <StopPointInJourneyPattern order="28" id="OST:StopPointInJourneyPattern:117_Outbound_210930110971632_28_210930110964168" version="271">
                  <ForBoarding>false</ForBoarding>
                  <ScheduledStopPointRef ref="OST:ScheduledStopPoint:1061894_2" />
                </StopPointInJourneyPattern>
                <StopPointInJourneyPattern order="21" id="OST:StopPointInJourneyPattern:117_Outbound_210930110971632_21_210930110964168" version="271">
                  <ScheduledStopPointRef ref="OST:ScheduledStopPoint:1065905_2" />
                </StopPointInJourneyPattern>
                <StopPointInJourneyPattern order="2" id="OST:StopPointInJourneyPattern:117_Outbound_210930110971632_2_210930110964168" version="271">
                  <ScheduledStopPointRef ref="OST:ScheduledStopPoint:1061900_1" />
                </StopPointInJourneyPattern>
                <StopPointInJourneyPattern order="8" id="OST:StopPointInJourneyPattern:117_Outbound_210930110971632_8_210930110964168" version="271">
                  <ScheduledStopPointRef ref="OST:ScheduledStopPoint:1065910_1" />
                </StopPointInJourneyPattern>
                <StopPointInJourneyPattern order="24" id="OST:StopPointInJourneyPattern:117_Outbound_210930110971632_24_210930110964168" version="271">
                  <ScheduledStopPointRef ref="OST:ScheduledStopPoint:1065890_2" />
                </StopPointInJourneyPattern>
                <StopPointInJourneyPattern order="3" id="OST:StopPointInJourneyPattern:117_Outbound_210930110971632_3_210930110964168" version="271">
                  <ScheduledStopPointRef ref="OST:ScheduledStopPoint:1065885_1" />
                </StopPointInJourneyPattern>
                <StopPointInJourneyPattern order="5" id="OST:StopPointInJourneyPattern:117_Outbound_210930110971632_5_210930110964168" version="271">
                  <ScheduledStopPointRef ref="OST:ScheduledStopPoint:1065895_1" />
                </StopPointInJourneyPattern>
                <StopPointInJourneyPattern order="26" id="OST:StopPointInJourneyPattern:117_Outbound_210930110971632_26_210930110964168" version="271">
                  <ScheduledStopPointRef ref="OST:ScheduledStopPoint:1061905_2" />
                </StopPointInJourneyPattern>
                <StopPointInJourneyPattern order="10" id="OST:StopPointInJourneyPattern:117_Outbound_210930110971632_10_210930110964168" version="271">
                  <ScheduledStopPointRef ref="OST:ScheduledStopPoint:1065920_1" />
                </StopPointInJourneyPattern>
                <StopPointInJourneyPattern order="6" id="OST:StopPointInJourneyPattern:117_Outbound_210930110971632_6_210930110964168" version="271">
                  <ScheduledStopPointRef ref="OST:ScheduledStopPoint:1065900_3" />
                </StopPointInJourneyPattern>
                <StopPointInJourneyPattern order="4" id="OST:StopPointInJourneyPattern:117_Outbound_210930110971632_4_210930110964168" version="271">
                  <ScheduledStopPointRef ref="OST:ScheduledStopPoint:1065890_1" />
                </StopPointInJourneyPattern>
                <StopPointInJourneyPattern order="13" id="OST:StopPointInJourneyPattern:117_Outbound_210930110971632_13_210930110964168" version="271">
                  <ScheduledStopPointRef ref="OST:ScheduledStopPoint:1065935_1" />
                </StopPointInJourneyPattern>
                <StopPointInJourneyPattern order="22" id="OST:StopPointInJourneyPattern:117_Outbound_210930110971632_22_210930110964168" version="271">
                  <ScheduledStopPointRef ref="OST:ScheduledStopPoint:1065900_4" />
                </StopPointInJourneyPattern>
                <StopPointInJourneyPattern order="9" id="OST:StopPointInJourneyPattern:117_Outbound_210930110971632_9_210930110964168" version="271">
                  <ScheduledStopPointRef ref="OST:ScheduledStopPoint:1065915_1" />
                </StopPointInJourneyPattern>
                <StopPointInJourneyPattern order="18" id="OST:StopPointInJourneyPattern:117_Outbound_210930110971632_18_210930110964168" version="271">
                  <ScheduledStopPointRef ref="OST:ScheduledStopPoint:1065980_2" />
                </StopPointInJourneyPattern>
                <StopPointInJourneyPattern order="15" id="OST:StopPointInJourneyPattern:117_Outbound_210930110971632_15_210930110964168" version="271">
                  <ScheduledStopPointRef ref="OST:ScheduledStopPoint:1065995_2" />
                </StopPointInJourneyPattern>
                <StopPointInJourneyPattern order="12" id="OST:StopPointInJourneyPattern:117_Outbound_210930110971632_12_210930110964168" version="271">
                  <ScheduledStopPointRef ref="OST:ScheduledStopPoint:1065930_1" />
                </StopPointInJourneyPattern>
                <StopPointInJourneyPattern order="23" id="OST:StopPointInJourneyPattern:117_Outbound_210930110971632_23_210930110964168" version="271">
                  <ScheduledStopPointRef ref="OST:ScheduledStopPoint:1065895_2" />
                </StopPointInJourneyPattern>
              </pointsInSequence>
              <linksInSequence>
                <ServiceLinkInJourneyPattern order="20" id="OST:ServiceLinkInJourneyPattern:7410758" version="271">
                  <ServiceLinkRef ref="OST:ServiceLink:200811072686944_2_200811072686939_2_286" />
                </ServiceLinkInJourneyPattern>
                <ServiceLinkInJourneyPattern order="12" id="OST:ServiceLinkInJourneyPattern:7410742" version="271">
                  <ServiceLinkRef ref="OST:ServiceLink:200811072686962_1_200811072686970_1_413" />
                </ServiceLinkInJourneyPattern>
                <ServiceLinkInJourneyPattern order="7" id="OST:ServiceLinkInJourneyPattern:7410732" version="271">
                  <ServiceLinkRef ref="OST:ServiceLink:200811072686937_1_200811072686942_1_277" />
                </ServiceLinkInJourneyPattern>
                <ServiceLinkInJourneyPattern order="4" id="OST:ServiceLinkInJourneyPattern:7410726" version="271">
                  <ServiceLinkRef ref="OST:ServiceLink:200811072686922_1_200811072686927_1_222" />
                </ServiceLinkInJourneyPattern>
                <ServiceLinkInJourneyPattern order="26" id="OST:ServiceLinkInJourneyPattern:7410770" version="271">
                  <ServiceLinkRef ref="OST:ServiceLink:200811072686262_2_200811072686259_2_234" />
                </ServiceLinkInJourneyPattern>
                <ServiceLinkInJourneyPattern order="13" id="OST:ServiceLinkInJourneyPattern:7410744" version="271">
                  <ServiceLinkRef ref="OST:ServiceLink:200811072686970_1_200811072687040_2_1081" />
                </ServiceLinkInJourneyPattern>
                <ServiceLinkInJourneyPattern order="10" id="OST:ServiceLinkInJourneyPattern:7410738" version="271">
                  <ServiceLinkRef ref="OST:ServiceLink:200811072686952_1_200811072686957_1_353" />
                </ServiceLinkInJourneyPattern>
                <ServiceLinkInJourneyPattern order="19" id="OST:ServiceLinkInJourneyPattern:7410756" version="271">
                  <ServiceLinkRef ref="OST:ServiceLink:200811072686949_2_200811072686944_2_413" />
                </ServiceLinkInJourneyPattern>
                <ServiceLinkInJourneyPattern order="25" id="OST:ServiceLinkInJourneyPattern:7410768" version="271">
                  <ServiceLinkRef ref="OST:ServiceLink:200811072686919_2_200811072686262_2_231" />
                </ServiceLinkInJourneyPattern>
                <ServiceLinkInJourneyPattern order="27" id="OST:ServiceLinkInJourneyPattern:7410772" version="271">
                  <ServiceLinkRef ref="OST:ServiceLink:200811072686259_2_200811072686232_2_538" />
                </ServiceLinkInJourneyPattern>
                <ServiceLinkInJourneyPattern order="3" id="OST:ServiceLinkInJourneyPattern:7410724" version="271">
                  <ServiceLinkRef ref="OST:ServiceLink:200811072686917_1_200811072686922_1_534" />
                </ServiceLinkInJourneyPattern>
                <ServiceLinkInJourneyPattern order="11" id="OST:ServiceLinkInJourneyPattern:7410740" version="271">
                  <ServiceLinkRef ref="OST:ServiceLink:200811072686957_1_200811072686962_1_369" />
                </ServiceLinkInJourneyPattern>
                <ServiceLinkInJourneyPattern order="17" id="OST:ServiceLinkInJourneyPattern:7410752" version="271">
                  <ServiceLinkRef ref="OST:ServiceLink:200811072687025_2_200811072687020_2_486" />
                </ServiceLinkInJourneyPattern>
                <ServiceLinkInJourneyPattern order="23" id="OST:ServiceLinkInJourneyPattern:7410764" version="271">
                  <ServiceLinkRef ref="OST:ServiceLink:200811072686929_2_200811072686924_2_406" />
                </ServiceLinkInJourneyPattern>
                <ServiceLinkInJourneyPattern order="9" id="OST:ServiceLinkInJourneyPattern:7410736" version="271">
                  <ServiceLinkRef ref="OST:ServiceLink:200811072686947_1_200811072686952_1_883" />
                </ServiceLinkInJourneyPattern>
                <ServiceLinkInJourneyPattern order="18" id="OST:ServiceLinkInJourneyPattern:7410754" version="271">
                  <ServiceLinkRef ref="OST:ServiceLink:200811072687020_2_200811072686949_2_842" />
                </ServiceLinkInJourneyPattern>
                <ServiceLinkInJourneyPattern order="15" id="OST:ServiceLinkInJourneyPattern:7410748" version="271">
                  <ServiceLinkRef ref="OST:ServiceLink:200811072687035_2_200811072687030_2_375" />
                </ServiceLinkInJourneyPattern>
                <ServiceLinkInJourneyPattern order="24" id="OST:ServiceLinkInJourneyPattern:7410766" version="271">
                  <ServiceLinkRef ref="OST:ServiceLink:200811072686924_2_200811072686919_2_480" />
                </ServiceLinkInJourneyPattern>
                <ServiceLinkInJourneyPattern order="21" id="OST:ServiceLinkInJourneyPattern:7410760" version="271">
                  <ServiceLinkRef ref="OST:ServiceLink:200811072686939_2_200811072686934_4_281" />
                </ServiceLinkInJourneyPattern>
                <ServiceLinkInJourneyPattern order="5" id="OST:ServiceLinkInJourneyPattern:7410728" version="271">
                  <ServiceLinkRef ref="OST:ServiceLink:200811072686927_1_200811072686932_3_452" />
                </ServiceLinkInJourneyPattern>
                <ServiceLinkInJourneyPattern order="1" id="OST:ServiceLinkInJourneyPattern:7410720" version="271">
                  <ServiceLinkRef ref="OST:ServiceLink:200811072686232_2_200811072686257_1_311" />
                </ServiceLinkInJourneyPattern>
                <ServiceLinkInJourneyPattern order="2" id="OST:ServiceLinkInJourneyPattern:7410722" version="271">
                  <ServiceLinkRef ref="OST:ServiceLink:200811072686257_1_200811072686917_1_444" />
                </ServiceLinkInJourneyPattern>
                <ServiceLinkInJourneyPattern order="8" id="OST:ServiceLinkInJourneyPattern:7410734" version="271">
                  <ServiceLinkRef ref="OST:ServiceLink:200811072686942_1_200811072686947_1_433" />
                </ServiceLinkInJourneyPattern>
                <ServiceLinkInJourneyPattern order="14" id="OST:ServiceLinkInJourneyPattern:7410746" version="271">
                  <ServiceLinkRef ref="OST:ServiceLink:200811072687040_2_200811072687035_2_807" />
                </ServiceLinkInJourneyPattern>
                <ServiceLinkInJourneyPattern order="16" id="OST:ServiceLinkInJourneyPattern:7410750" version="271">
                  <ServiceLinkRef ref="OST:ServiceLink:200811072687030_2_200811072687025_2_629" />
                </ServiceLinkInJourneyPattern>
                <ServiceLinkInJourneyPattern order="22" id="OST:ServiceLinkInJourneyPattern:7410762" version="271">
                  <ServiceLinkRef ref="OST:ServiceLink:200811072686934_4_200811072686929_2_376" />
                </ServiceLinkInJourneyPattern>
                <ServiceLinkInJourneyPattern order="6" id="OST:ServiceLinkInJourneyPattern:7410730" version="271">
                  <ServiceLinkRef ref="OST:ServiceLink:200811072686932_3_200811072686937_1_321" />
                </ServiceLinkInJourneyPattern>
              </linksInSequence>
            </JourneyPattern>
          </journeyPatterns>
        </ServiceFrame>
        <TimetableFrame id="225470309" version="1">
          <vehicleJourneys>
            <ServiceJourney id="OST:ServiceJourney:117_210930111071061_3" publication="public" version="271">
              <Name>Femdal-Alshus</Name>
              <PrivateCode>3</PrivateCode>
              <dayTypes>
                <DayTypeRef ref="OST:DayType:115" />
              </dayTypes>
              <JourneyPatternRef ref="OST:JourneyPattern:117_Outbound_210930110971632_210930110964168" version="271" />
              <LineRef ref="OST:Line:1_117" version="271" />
              <OperatorRef ref="OST:Operator:152" />
              <passingTimes>
                <TimetabledPassingTime id="OST:TimetabledPassingTime:210930111071061_1_11_00_00" version="271">
                  <DepartureTime>11:00:00</DepartureTime>
                  <StopPointInJourneyPatternRef ref="OST:StopPointInJourneyPattern:117_Outbound_210930110971632_1_210930110964168" version="271" />
                </TimetabledPassingTime>
                <TimetabledPassingTime id="OST:TimetabledPassingTime:210930111071061_3_11_00_00" version="271">
                  <DepartureTime>11:00:00</DepartureTime>
                  <StopPointInJourneyPatternRef ref="OST:StopPointInJourneyPattern:117_Outbound_210930110971632_3_210930110964168" version="271" />
                </TimetabledPassingTime>
                <TimetabledPassingTime id="OST:TimetabledPassingTime:210930111071061_2_11_00_00" version="271">
                  <DepartureTime>11:00:00</DepartureTime>
                  <StopPointInJourneyPatternRef ref="OST:StopPointInJourneyPattern:117_Outbound_210930110971632_2_210930110964168" version="271" />
                </TimetabledPassingTime>
                <TimetabledPassingTime id="OST:TimetabledPassingTime:210930111071061_4_11_01_00" version="271">
                  <DepartureTime>11:01:00</DepartureTime>
                  <StopPointInJourneyPatternRef ref="OST:StopPointInJourneyPattern:117_Outbound_210930110971632_4_210930110964168" version="271" />
                </TimetabledPassingTime>
                <TimetabledPassingTime id="OST:TimetabledPassingTime:210930111071061_5_11_01_00" version="271">
                  <DepartureTime>11:01:00</DepartureTime>
                  <StopPointInJourneyPatternRef ref="OST:StopPointInJourneyPattern:117_Outbound_210930110971632_5_210930110964168" version="271" />
                </TimetabledPassingTime>
                <TimetabledPassingTime id="OST:TimetabledPassingTime:210930111071061_8_11_02_00" version="271">
                  <DepartureTime>11:02:00</DepartureTime>
                  <StopPointInJourneyPatternRef ref="OST:StopPointInJourneyPattern:117_Outbound_210930110971632_8_210930110964168" version="271" />
                </TimetabledPassingTime>
                <TimetabledPassingTime id="OST:TimetabledPassingTime:210930111071061_6_11_02_00" version="271">
                  <DepartureTime>11:02:00</DepartureTime>
                  <StopPointInJourneyPatternRef ref="OST:StopPointInJourneyPattern:117_Outbound_210930110971632_6_210930110964168" version="271" />
                </TimetabledPassingTime>
                <TimetabledPassingTime id="OST:TimetabledPassingTime:210930111071061_7_11_02_00" version="271">
                  <DepartureTime>11:02:00</DepartureTime>
                  <StopPointInJourneyPatternRef ref="OST:StopPointInJourneyPattern:117_Outbound_210930110971632_7_210930110964168" version="271" />
                </TimetabledPassingTime>
                <TimetabledPassingTime id="OST:TimetabledPassingTime:210930111071061_9_11_03_00" version="271">
                  <DepartureTime>11:03:00</DepartureTime>
                  <StopPointInJourneyPatternRef ref="OST:StopPointInJourneyPattern:117_Outbound_210930110971632_9_210930110964168" version="271" />
                </TimetabledPassingTime>
                <TimetabledPassingTime id="OST:TimetabledPassingTime:210930111071061_10_11_04_00" version="271">
                  <DepartureTime>11:04:00</DepartureTime>
                  <StopPointInJourneyPatternRef ref="OST:StopPointInJourneyPattern:117_Outbound_210930110971632_10_210930110964168" version="271" />
                </TimetabledPassingTime>
                <TimetabledPassingTime id="OST:TimetabledPassingTime:210930111071061_11_11_05_00" version="271">
                  <DepartureTime>11:05:00</DepartureTime>
                  <StopPointInJourneyPatternRef ref="OST:StopPointInJourneyPattern:117_Outbound_210930110971632_11_210930110964168" version="271" />
                </TimetabledPassingTime>
                <TimetabledPassingTime id="OST:TimetabledPassingTime:210930111071061_12_11_05_00" version="271">
                  <DepartureTime>11:05:00</DepartureTime>
                  <StopPointInJourneyPatternRef ref="OST:StopPointInJourneyPattern:117_Outbound_210930110971632_12_210930110964168" version="271" />
                </TimetabledPassingTime>
                <TimetabledPassingTime id="OST:TimetabledPassingTime:210930111071061_13_11_07_00" version="271">
                  <DepartureTime>11:07:00</DepartureTime>
                  <StopPointInJourneyPatternRef ref="OST:StopPointInJourneyPattern:117_Outbound_210930110971632_13_210930110964168" version="271" />
                </TimetabledPassingTime>
                <TimetabledPassingTime id="OST:TimetabledPassingTime:210930111071061_14_11_10_00" version="271">
                  <DepartureTime>11:10:00</DepartureTime>
                  <StopPointInJourneyPatternRef ref="OST:StopPointInJourneyPattern:117_Outbound_210930110971632_14_210930110964168" version="271" />
                </TimetabledPassingTime>
                <TimetabledPassingTime id="OST:TimetabledPassingTime:210930111071061_16_11_12_00" version="271">
                  <DepartureTime>11:12:00</DepartureTime>
                  <StopPointInJourneyPatternRef ref="OST:StopPointInJourneyPattern:117_Outbound_210930110971632_16_210930110964168" version="271" />
                </TimetabledPassingTime>
                <TimetabledPassingTime id="OST:TimetabledPassingTime:210930111071061_15_11_12_00" version="271">
                  <DepartureTime>11:12:00</DepartureTime>
                  <StopPointInJourneyPatternRef ref="OST:StopPointInJourneyPattern:117_Outbound_210930110971632_15_210930110964168" version="271" />
                </TimetabledPassingTime>
                <TimetabledPassingTime id="OST:TimetabledPassingTime:210930111071061_17_11_13_00" version="271">
                  <DepartureTime>11:13:00</DepartureTime>
                  <StopPointInJourneyPatternRef ref="OST:StopPointInJourneyPattern:117_Outbound_210930110971632_17_210930110964168" version="271" />
                </TimetabledPassingTime>
                <TimetabledPassingTime id="OST:TimetabledPassingTime:210930111071061_18_11_14_00" version="271">
                  <DepartureTime>11:14:00</DepartureTime>
                  <StopPointInJourneyPatternRef ref="OST:StopPointInJourneyPattern:117_Outbound_210930110971632_18_210930110964168" version="271" />
                </TimetabledPassingTime>
                <TimetabledPassingTime id="OST:TimetabledPassingTime:210930111071061_19_11_15_00" version="271">
                  <DepartureTime>11:15:00</DepartureTime>
                  <StopPointInJourneyPatternRef ref="OST:StopPointInJourneyPattern:117_Outbound_210930110971632_19_210930110964168" version="271" />
                </TimetabledPassingTime>
                <TimetabledPassingTime id="OST:TimetabledPassingTime:210930111071061_20_11_15_00" version="271">
                  <DepartureTime>11:15:00</DepartureTime>
                  <StopPointInJourneyPatternRef ref="OST:StopPointInJourneyPattern:117_Outbound_210930110971632_20_210930110964168" version="271" />
                </TimetabledPassingTime>
                <TimetabledPassingTime id="OST:TimetabledPassingTime:210930111071061_21_11_16_00" version="271">
                  <DepartureTime>11:16:00</DepartureTime>
                  <StopPointInJourneyPatternRef ref="OST:StopPointInJourneyPattern:117_Outbound_210930110971632_21_210930110964168" version="271" />
                </TimetabledPassingTime>
                <TimetabledPassingTime id="OST:TimetabledPassingTime:210930111071061_22_11_16_00" version="271">
                  <DepartureTime>11:16:00</DepartureTime>
                  <StopPointInJourneyPatternRef ref="OST:StopPointInJourneyPattern:117_Outbound_210930110971632_22_210930110964168" version="271" />
                </TimetabledPassingTime>
                <TimetabledPassingTime id="OST:TimetabledPassingTime:210930111071061_23_11_17_00" version="271">
                  <DepartureTime>11:17:00</DepartureTime>
                  <StopPointInJourneyPatternRef ref="OST:StopPointInJourneyPattern:117_Outbound_210930110971632_23_210930110964168" version="271" />
                </TimetabledPassingTime>
                <TimetabledPassingTime id="OST:TimetabledPassingTime:210930111071061_24_11_17_00" version="271">
                  <DepartureTime>11:17:00</DepartureTime>
                  <StopPointInJourneyPatternRef ref="OST:StopPointInJourneyPattern:117_Outbound_210930110971632_24_210930110964168" version="271" />
                </TimetabledPassingTime>
                <TimetabledPassingTime id="OST:TimetabledPassingTime:210930111071061_26_11_18_00" version="271">
                  <DepartureTime>11:18:00</DepartureTime>
                  <StopPointInJourneyPatternRef ref="OST:StopPointInJourneyPattern:117_Outbound_210930110971632_26_210930110964168" version="271" />
                </TimetabledPassingTime>
                <TimetabledPassingTime id="OST:TimetabledPassingTime:210930111071061_25_11_18_00" version="271">
                  <DepartureTime>11:18:00</DepartureTime>
                  <StopPointInJourneyPatternRef ref="OST:StopPointInJourneyPattern:117_Outbound_210930110971632_25_210930110964168" version="271" />
                </TimetabledPassingTime>
                <TimetabledPassingTime id="OST:TimetabledPassingTime:210930111071061_27_11_19_00" version="271">
                  <DepartureTime>11:19:00</DepartureTime>
                  <StopPointInJourneyPatternRef ref="OST:StopPointInJourneyPattern:117_Outbound_210930110971632_27_210930110964168" version="271" />
                </TimetabledPassingTime>
                <TimetabledPassingTime id="OST:TimetabledPassingTime:210930111071061_28_11_20_00" version="271">
                  <ArrivalTime>11:20:00</ArrivalTime>
                  <StopPointInJourneyPatternRef ref="OST:StopPointInJourneyPattern:117_Outbound_210930110971632_28_210930110964168" version="271" />
                </TimetabledPassingTime>
              </passingTimes>
            </ServiceJourney>
            <ServiceJourney id="OST:ServiceJourney:117_210930111071063_5" publication="public" version="271">
              <Name>Femdal-Alshus</Name>
              <PrivateCode>5</PrivateCode>
              <dayTypes>
                <DayTypeRef ref="OST:DayType:115" />
              </dayTypes>
              <JourneyPatternRef ref="OST:JourneyPattern:117_Outbound_210930110971632_210930110964168" version="271" />
              <LineRef ref="OST:Line:1_117" version="271" />
              <OperatorRef ref="OST:Operator:152" />
              <passingTimes>
                <TimetabledPassingTime id="OST:TimetabledPassingTime:210930111071063_3_15_00_00" version="271">
                  <DepartureTime>15:00:00</DepartureTime>
                  <StopPointInJourneyPatternRef ref="OST:StopPointInJourneyPattern:117_Outbound_210930110971632_3_210930110964168" version="271" />
                </TimetabledPassingTime>
                <TimetabledPassingTime id="OST:TimetabledPassingTime:210930111071063_2_15_00_00" version="271">
                  <DepartureTime>15:00:00</DepartureTime>
                  <StopPointInJourneyPatternRef ref="OST:StopPointInJourneyPattern:117_Outbound_210930110971632_2_210930110964168" version="271" />
                </TimetabledPassingTime>
                <TimetabledPassingTime id="OST:TimetabledPassingTime:210930111071063_1_15_00_00" version="271">
                  <DepartureTime>15:00:00</DepartureTime>
                  <StopPointInJourneyPatternRef ref="OST:StopPointInJourneyPattern:117_Outbound_210930110971632_1_210930110964168" version="271" />
                </TimetabledPassingTime>
                <TimetabledPassingTime id="OST:TimetabledPassingTime:210930111071063_4_15_01_00" version="271">
                  <DepartureTime>15:01:00</DepartureTime>
                  <StopPointInJourneyPatternRef ref="OST:StopPointInJourneyPattern:117_Outbound_210930110971632_4_210930110964168" version="271" />
                </TimetabledPassingTime>
                <TimetabledPassingTime id="OST:TimetabledPassingTime:210930111071063_5_15_01_00" version="271">
                  <DepartureTime>15:01:00</DepartureTime>
                  <StopPointInJourneyPatternRef ref="OST:StopPointInJourneyPattern:117_Outbound_210930110971632_5_210930110964168" version="271" />
                </TimetabledPassingTime>
                <TimetabledPassingTime id="OST:TimetabledPassingTime:210930111071063_8_15_02_00" version="271">
                  <DepartureTime>15:02:00</DepartureTime>
                  <StopPointInJourneyPatternRef ref="OST:StopPointInJourneyPattern:117_Outbound_210930110971632_8_210930110964168" version="271" />
                </TimetabledPassingTime>
                <TimetabledPassingTime id="OST:TimetabledPassingTime:210930111071063_7_15_02_00" version="271">
                  <DepartureTime>15:02:00</DepartureTime>
                  <StopPointInJourneyPatternRef ref="OST:StopPointInJourneyPattern:117_Outbound_210930110971632_7_210930110964168" version="271" />
                </TimetabledPassingTime>
                <TimetabledPassingTime id="OST:TimetabledPassingTime:210930111071063_6_15_02_00" version="271">
                  <DepartureTime>15:02:00</DepartureTime>
                  <StopPointInJourneyPatternRef ref="OST:StopPointInJourneyPattern:117_Outbound_210930110971632_6_210930110964168" version="271" />
                </TimetabledPassingTime>
                <TimetabledPassingTime id="OST:TimetabledPassingTime:210930111071063_9_15_03_00" version="271">
                  <DepartureTime>15:03:00</DepartureTime>
                  <StopPointInJourneyPatternRef ref="OST:StopPointInJourneyPattern:117_Outbound_210930110971632_9_210930110964168" version="271" />
                </TimetabledPassingTime>
                <TimetabledPassingTime id="OST:TimetabledPassingTime:210930111071063_10_15_04_00" version="271">
                  <DepartureTime>15:04:00</DepartureTime>
                  <StopPointInJourneyPatternRef ref="OST:StopPointInJourneyPattern:117_Outbound_210930110971632_10_210930110964168" version="271" />
                </TimetabledPassingTime>
                <TimetabledPassingTime id="OST:TimetabledPassingTime:210930111071063_11_15_05_00" version="271">
                  <DepartureTime>15:05:00</DepartureTime>
                  <StopPointInJourneyPatternRef ref="OST:StopPointInJourneyPattern:117_Outbound_210930110971632_11_210930110964168" version="271" />
                </TimetabledPassingTime>
                <TimetabledPassingTime id="OST:TimetabledPassingTime:210930111071063_12_15_05_00" version="271">
                  <DepartureTime>15:05:00</DepartureTime>
                  <StopPointInJourneyPatternRef ref="OST:StopPointInJourneyPattern:117_Outbound_210930110971632_12_210930110964168" version="271" />
                </TimetabledPassingTime>
                <TimetabledPassingTime id="OST:TimetabledPassingTime:210930111071063_13_15_07_00" version="271">
                  <DepartureTime>15:07:00</DepartureTime>
                  <StopPointInJourneyPatternRef ref="OST:StopPointInJourneyPattern:117_Outbound_210930110971632_13_210930110964168" version="271" />
                </TimetabledPassingTime>
                <TimetabledPassingTime id="OST:TimetabledPassingTime:210930111071063_14_15_10_00" version="271">
                  <DepartureTime>15:10:00</DepartureTime>
                  <StopPointInJourneyPatternRef ref="OST:StopPointInJourneyPattern:117_Outbound_210930110971632_14_210930110964168" version="271" />
                </TimetabledPassingTime>
                <TimetabledPassingTime id="OST:TimetabledPassingTime:210930111071063_15_15_12_00" version="271">
                  <DepartureTime>15:12:00</DepartureTime>
                  <StopPointInJourneyPatternRef ref="OST:StopPointInJourneyPattern:117_Outbound_210930110971632_15_210930110964168" version="271" />
                </TimetabledPassingTime>
                <TimetabledPassingTime id="OST:TimetabledPassingTime:210930111071063_16_15_12_00" version="271">
                  <DepartureTime>15:12:00</DepartureTime>
                  <StopPointInJourneyPatternRef ref="OST:StopPointInJourneyPattern:117_Outbound_210930110971632_16_210930110964168" version="271" />
                </TimetabledPassingTime>
                <TimetabledPassingTime id="OST:TimetabledPassingTime:210930111071063_17_15_13_00" version="271">
                  <DepartureTime>15:13:00</DepartureTime>
                  <StopPointInJourneyPatternRef ref="OST:StopPointInJourneyPattern:117_Outbound_210930110971632_17_210930110964168" version="271" />
                </TimetabledPassingTime>
                <TimetabledPassingTime id="OST:TimetabledPassingTime:210930111071063_18_15_14_00" version="271">
                  <DepartureTime>15:14:00</DepartureTime>
                  <StopPointInJourneyPatternRef ref="OST:StopPointInJourneyPattern:117_Outbound_210930110971632_18_210930110964168" version="271" />
                </TimetabledPassingTime>
                <TimetabledPassingTime id="OST:TimetabledPassingTime:210930111071063_19_15_15_00" version="271">
                  <DepartureTime>15:15:00</DepartureTime>
                  <StopPointInJourneyPatternRef ref="OST:StopPointInJourneyPattern:117_Outbound_210930110971632_19_210930110964168" version="271" />
                </TimetabledPassingTime>
                <TimetabledPassingTime id="OST:TimetabledPassingTime:210930111071063_20_15_15_00" version="271">
                  <DepartureTime>15:15:00</DepartureTime>
                  <StopPointInJourneyPatternRef ref="OST:StopPointInJourneyPattern:117_Outbound_210930110971632_20_210930110964168" version="271" />
                </TimetabledPassingTime>
                <TimetabledPassingTime id="OST:TimetabledPassingTime:210930111071063_22_15_16_00" version="271">
                  <DepartureTime>15:16:00</DepartureTime>
                  <StopPointInJourneyPatternRef ref="OST:StopPointInJourneyPattern:117_Outbound_210930110971632_22_210930110964168" version="271" />
                </TimetabledPassingTime>
                <TimetabledPassingTime id="OST:TimetabledPassingTime:210930111071063_21_15_16_00" version="271">
                  <DepartureTime>15:16:00</DepartureTime>
                  <StopPointInJourneyPatternRef ref="OST:StopPointInJourneyPattern:117_Outbound_210930110971632_21_210930110964168" version="271" />
                </TimetabledPassingTime>
                <TimetabledPassingTime id="OST:TimetabledPassingTime:210930111071063_24_15_17_00" version="271">
                  <DepartureTime>15:17:00</DepartureTime>
                  <StopPointInJourneyPatternRef ref="OST:StopPointInJourneyPattern:117_Outbound_210930110971632_24_210930110964168" version="271" />
                </TimetabledPassingTime>
                <TimetabledPassingTime id="OST:TimetabledPassingTime:210930111071063_23_15_17_00" version="271">
                  <DepartureTime>15:17:00</DepartureTime>
                  <StopPointInJourneyPatternRef ref="OST:StopPointInJourneyPattern:117_Outbound_210930110971632_23_210930110964168" version="271" />
                </TimetabledPassingTime>
                <TimetabledPassingTime id="OST:TimetabledPassingTime:210930111071063_25_15_18_00" version="271">
                  <DepartureTime>15:18:00</DepartureTime>
                  <StopPointInJourneyPatternRef ref="OST:StopPointInJourneyPattern:117_Outbound_210930110971632_25_210930110964168" version="271" />
                </TimetabledPassingTime>
                <TimetabledPassingTime id="OST:TimetabledPassingTime:210930111071063_26_15_18_00" version="271">
                  <DepartureTime>15:18:00</DepartureTime>
                  <StopPointInJourneyPatternRef ref="OST:StopPointInJourneyPattern:117_Outbound_210930110971632_26_210930110964168" version="271" />
                </TimetabledPassingTime>
                <TimetabledPassingTime id="OST:TimetabledPassingTime:210930111071063_27_15_19_00" version="271">
                  <DepartureTime>15:19:00</DepartureTime>
                  <StopPointInJourneyPatternRef ref="OST:StopPointInJourneyPattern:117_Outbound_210930110971632_27_210930110964168" version="271" />
                </TimetabledPassingTime>
                <TimetabledPassingTime id="OST:TimetabledPassingTime:210930111071063_28_15_20_00" version="271">
                  <ArrivalTime>15:20:00</ArrivalTime>
                  <StopPointInJourneyPatternRef ref="OST:StopPointInJourneyPattern:117_Outbound_210930110971632_28_210930110964168" version="271" />
                </TimetabledPassingTime>
              </passingTimes>
            </ServiceJourney>
            <ServiceJourney id="OST:ServiceJourney:117_210930111071065_7" publication="public" version="271">
              <Name>Femdal-Alshus</Name>
              <PrivateCode>7</PrivateCode>
              <dayTypes>
                <DayTypeRef ref="OST:DayType:115" />
              </dayTypes>
              <JourneyPatternRef ref="OST:JourneyPattern:117_Outbound_210930110971632_210930110964168" version="271" />
              <LineRef ref="OST:Line:1_117" version="271" />
              <OperatorRef ref="OST:Operator:152" />
              <passingTimes>
                <TimetabledPassingTime id="OST:TimetabledPassingTime:210930111071065_3_19_00_00" version="271">
                  <DepartureTime>19:00:00</DepartureTime>
                  <StopPointInJourneyPatternRef ref="OST:StopPointInJourneyPattern:117_Outbound_210930110971632_3_210930110964168" version="271" />
                </TimetabledPassingTime>
                <TimetabledPassingTime id="OST:TimetabledPassingTime:210930111071065_1_19_00_00" version="271">
                  <DepartureTime>19:00:00</DepartureTime>
                  <StopPointInJourneyPatternRef ref="OST:StopPointInJourneyPattern:117_Outbound_210930110971632_1_210930110964168" version="271" />
                </TimetabledPassingTime>
                <TimetabledPassingTime id="OST:TimetabledPassingTime:210930111071065_2_19_00_00" version="271">
                  <DepartureTime>19:00:00</DepartureTime>
                  <StopPointInJourneyPatternRef ref="OST:StopPointInJourneyPattern:117_Outbound_210930110971632_2_210930110964168" version="271" />
                </TimetabledPassingTime>
                <TimetabledPassingTime id="OST:TimetabledPassingTime:210930111071065_4_19_01_00" version="271">
                  <DepartureTime>19:01:00</DepartureTime>
                  <StopPointInJourneyPatternRef ref="OST:StopPointInJourneyPattern:117_Outbound_210930110971632_4_210930110964168" version="271" />
                </TimetabledPassingTime>
                <TimetabledPassingTime id="OST:TimetabledPassingTime:210930111071065_5_19_01_00" version="271">
                  <DepartureTime>19:01:00</DepartureTime>
                  <StopPointInJourneyPatternRef ref="OST:StopPointInJourneyPattern:117_Outbound_210930110971632_5_210930110964168" version="271" />
                </TimetabledPassingTime>
                <TimetabledPassingTime id="OST:TimetabledPassingTime:210930111071065_6_19_02_00" version="271">
                  <DepartureTime>19:02:00</DepartureTime>
                  <StopPointInJourneyPatternRef ref="OST:StopPointInJourneyPattern:117_Outbound_210930110971632_6_210930110964168" version="271" />
                </TimetabledPassingTime>
                <TimetabledPassingTime id="OST:TimetabledPassingTime:210930111071065_7_19_02_00" version="271">
                  <DepartureTime>19:02:00</DepartureTime>
                  <StopPointInJourneyPatternRef ref="OST:StopPointInJourneyPattern:117_Outbound_210930110971632_7_210930110964168" version="271" />
                </TimetabledPassingTime>
                <TimetabledPassingTime id="OST:TimetabledPassingTime:210930111071065_8_19_02_00" version="271">
                  <DepartureTime>19:02:00</DepartureTime>
                  <StopPointInJourneyPatternRef ref="OST:StopPointInJourneyPattern:117_Outbound_210930110971632_8_210930110964168" version="271" />
                </TimetabledPassingTime>
                <TimetabledPassingTime id="OST:TimetabledPassingTime:210930111071065_9_19_03_00" version="271">
                  <DepartureTime>19:03:00</DepartureTime>
                  <StopPointInJourneyPatternRef ref="OST:StopPointInJourneyPattern:117_Outbound_210930110971632_9_210930110964168" version="271" />
                </TimetabledPassingTime>
                <TimetabledPassingTime id="OST:TimetabledPassingTime:210930111071065_10_19_04_00" version="271">
                  <DepartureTime>19:04:00</DepartureTime>
                  <StopPointInJourneyPatternRef ref="OST:StopPointInJourneyPattern:117_Outbound_210930110971632_10_210930110964168" version="271" />
                </TimetabledPassingTime>
                <TimetabledPassingTime id="OST:TimetabledPassingTime:210930111071065_11_19_05_00" version="271">
                  <DepartureTime>19:05:00</DepartureTime>
                  <StopPointInJourneyPatternRef ref="OST:StopPointInJourneyPattern:117_Outbound_210930110971632_11_210930110964168" version="271" />
                </TimetabledPassingTime>
                <TimetabledPassingTime id="OST:TimetabledPassingTime:210930111071065_12_19_05_00" version="271">
                  <DepartureTime>19:05:00</DepartureTime>
                  <StopPointInJourneyPatternRef ref="OST:StopPointInJourneyPattern:117_Outbound_210930110971632_12_210930110964168" version="271" />
                </TimetabledPassingTime>
                <TimetabledPassingTime id="OST:TimetabledPassingTime:210930111071065_13_19_07_00" version="271">
                  <DepartureTime>19:07:00</DepartureTime>
                  <StopPointInJourneyPatternRef ref="OST:StopPointInJourneyPattern:117_Outbound_210930110971632_13_210930110964168" version="271" />
                </TimetabledPassingTime>
                <TimetabledPassingTime id="OST:TimetabledPassingTime:210930111071065_14_19_10_00" version="271">
                  <DepartureTime>19:10:00</DepartureTime>
                  <StopPointInJourneyPatternRef ref="OST:StopPointInJourneyPattern:117_Outbound_210930110971632_14_210930110964168" version="271" />
                </TimetabledPassingTime>
                <TimetabledPassingTime id="OST:TimetabledPassingTime:210930111071065_15_19_12_00" version="271">
                  <DepartureTime>19:12:00</DepartureTime>
                  <StopPointInJourneyPatternRef ref="OST:StopPointInJourneyPattern:117_Outbound_210930110971632_15_210930110964168" version="271" />
                </TimetabledPassingTime>
                <TimetabledPassingTime id="OST:TimetabledPassingTime:210930111071065_16_19_12_00" version="271">
                  <DepartureTime>19:12:00</DepartureTime>
                  <StopPointInJourneyPatternRef ref="OST:StopPointInJourneyPattern:117_Outbound_210930110971632_16_210930110964168" version="271" />
                </TimetabledPassingTime>
                <TimetabledPassingTime id="OST:TimetabledPassingTime:210930111071065_17_19_13_00" version="271">
                  <DepartureTime>19:13:00</DepartureTime>
                  <StopPointInJourneyPatternRef ref="OST:StopPointInJourneyPattern:117_Outbound_210930110971632_17_210930110964168" version="271" />
                </TimetabledPassingTime>
                <TimetabledPassingTime id="OST:TimetabledPassingTime:210930111071065_18_19_14_00" version="271">
                  <DepartureTime>19:14:00</DepartureTime>
                  <StopPointInJourneyPatternRef ref="OST:StopPointInJourneyPattern:117_Outbound_210930110971632_18_210930110964168" version="271" />
                </TimetabledPassingTime>
                <TimetabledPassingTime id="OST:TimetabledPassingTime:210930111071065_19_19_15_00" version="271">
                  <DepartureTime>19:15:00</DepartureTime>
                  <StopPointInJourneyPatternRef ref="OST:StopPointInJourneyPattern:117_Outbound_210930110971632_19_210930110964168" version="271" />
                </TimetabledPassingTime>
                <TimetabledPassingTime id="OST:TimetabledPassingTime:210930111071065_20_19_15_00" version="271">
                  <DepartureTime>19:15:00</DepartureTime>
                  <StopPointInJourneyPatternRef ref="OST:StopPointInJourneyPattern:117_Outbound_210930110971632_20_210930110964168" version="271" />
                </TimetabledPassingTime>
                <TimetabledPassingTime id="OST:TimetabledPassingTime:210930111071065_22_19_16_00" version="271">
                  <DepartureTime>19:16:00</DepartureTime>
                  <StopPointInJourneyPatternRef ref="OST:StopPointInJourneyPattern:117_Outbound_210930110971632_22_210930110964168" version="271" />
                </TimetabledPassingTime>
                <TimetabledPassingTime id="OST:TimetabledPassingTime:210930111071065_21_19_16_00" version="271">
                  <DepartureTime>19:16:00</DepartureTime>
                  <StopPointInJourneyPatternRef ref="OST:StopPointInJourneyPattern:117_Outbound_210930110971632_21_210930110964168" version="271" />
                </TimetabledPassingTime>
                <TimetabledPassingTime id="OST:TimetabledPassingTime:210930111071065_24_19_17_00" version="271">
                  <DepartureTime>19:17:00</DepartureTime>
                  <StopPointInJourneyPatternRef ref="OST:StopPointInJourneyPattern:117_Outbound_210930110971632_24_210930110964168" version="271" />
                </TimetabledPassingTime>
                <TimetabledPassingTime id="OST:TimetabledPassingTime:210930111071065_23_19_17_00" version="271">
                  <DepartureTime>19:17:00</DepartureTime>
                  <StopPointInJourneyPatternRef ref="OST:StopPointInJourneyPattern:117_Outbound_210930110971632_23_210930110964168" version="271" />
                </TimetabledPassingTime>
                <TimetabledPassingTime id="OST:TimetabledPassingTime:210930111071065_25_19_18_00" version="271">
                  <DepartureTime>19:18:00</DepartureTime>
                  <StopPointInJourneyPatternRef ref="OST:StopPointInJourneyPattern:117_Outbound_210930110971632_25_210930110964168" version="271" />
                </TimetabledPassingTime>
                <TimetabledPassingTime id="OST:TimetabledPassingTime:210930111071065_26_19_18_00" version="271">
                  <DepartureTime>19:18:00</DepartureTime>
                  <StopPointInJourneyPatternRef ref="OST:StopPointInJourneyPattern:117_Outbound_210930110971632_26_210930110964168" version="271" />
                </TimetabledPassingTime>
                <TimetabledPassingTime id="OST:TimetabledPassingTime:210930111071065_27_19_19_00" version="271">
                  <DepartureTime>19:19:00</DepartureTime>
                  <StopPointInJourneyPatternRef ref="OST:StopPointInJourneyPattern:117_Outbound_210930110971632_27_210930110964168" version="271" />
                </TimetabledPassingTime>
                <TimetabledPassingTime id="OST:TimetabledPassingTime:210930111071065_28_19_20_00" version="271">
                  <ArrivalTime>19:20:00</ArrivalTime>
                  <StopPointInJourneyPatternRef ref="OST:StopPointInJourneyPattern:117_Outbound_210930110971632_28_210930110964168" version="271" />
                </TimetabledPassingTime>
              </passingTimes>
            </ServiceJourney>
            <ServiceJourney id="OST:ServiceJourney:117_211210122069800_4" publication="public" version="271">
              <Name>Femdal-Alshus</Name>
              <PrivateCode>4</PrivateCode>
              <dayTypes>
                <DayTypeRef ref="OST:DayType:115" />
              </dayTypes>
              <JourneyPatternRef ref="OST:JourneyPattern:117_Outbound_210930110971632_210930110964168" version="271" />
              <LineRef ref="OST:Line:1_117" version="271" />
              <OperatorRef ref="OST:Operator:152" />
              <passingTimes>
                <TimetabledPassingTime id="OST:TimetabledPassingTime:211210122069800_1_13_00_00" version="271">
                  <DepartureTime>13:00:00</DepartureTime>
                  <StopPointInJourneyPatternRef ref="OST:StopPointInJourneyPattern:117_Outbound_210930110971632_1_210930110964168" version="271" />
                </TimetabledPassingTime>
                <TimetabledPassingTime id="OST:TimetabledPassingTime:211210122069800_2_13_01_00" version="271">
                  <DepartureTime>13:01:00</DepartureTime>
                  <StopPointInJourneyPatternRef ref="OST:StopPointInJourneyPattern:117_Outbound_210930110971632_2_210930110964168" version="271" />
                </TimetabledPassingTime>
                <TimetabledPassingTime id="OST:TimetabledPassingTime:211210122069800_3_13_02_00" version="271">
                  <DepartureTime>13:02:00</DepartureTime>
                  <StopPointInJourneyPatternRef ref="OST:StopPointInJourneyPattern:117_Outbound_210930110971632_3_210930110964168" version="271" />
                </TimetabledPassingTime>
                <TimetabledPassingTime id="OST:TimetabledPassingTime:211210122069800_5_13_03_00" version="271">
                  <DepartureTime>13:03:00</DepartureTime>
                  <StopPointInJourneyPatternRef ref="OST:StopPointInJourneyPattern:117_Outbound_210930110971632_5_210930110964168" version="271" />
                </TimetabledPassingTime>
                <TimetabledPassingTime id="OST:TimetabledPassingTime:211210122069800_4_13_03_00" version="271">
                  <DepartureTime>13:03:00</DepartureTime>
                  <StopPointInJourneyPatternRef ref="OST:StopPointInJourneyPattern:117_Outbound_210930110971632_4_210930110964168" version="271" />
                </TimetabledPassingTime>
                <TimetabledPassingTime id="OST:TimetabledPassingTime:211210122069800_7_13_04_00" version="271">
                  <DepartureTime>13:04:00</DepartureTime>
                  <StopPointInJourneyPatternRef ref="OST:StopPointInJourneyPattern:117_Outbound_210930110971632_7_210930110964168" version="271" />
                </TimetabledPassingTime>
                <TimetabledPassingTime id="OST:TimetabledPassingTime:211210122069800_8_13_04_00" version="271">
                  <DepartureTime>13:04:00</DepartureTime>
                  <StopPointInJourneyPatternRef ref="OST:StopPointInJourneyPattern:117_Outbound_210930110971632_8_210930110964168" version="271" />
                </TimetabledPassingTime>
                <TimetabledPassingTime id="OST:TimetabledPassingTime:211210122069800_6_13_04_00" version="271">
                  <DepartureTime>13:04:00</DepartureTime>
                  <StopPointInJourneyPatternRef ref="OST:StopPointInJourneyPattern:117_Outbound_210930110971632_6_210930110964168" version="271" />
                </TimetabledPassingTime>
                <TimetabledPassingTime id="OST:TimetabledPassingTime:211210122069800_9_13_05_00" version="271">
                  <DepartureTime>13:05:00</DepartureTime>
                  <StopPointInJourneyPatternRef ref="OST:StopPointInJourneyPattern:117_Outbound_210930110971632_9_210930110964168" version="271" />
                </TimetabledPassingTime>
                <TimetabledPassingTime id="OST:TimetabledPassingTime:211210122069800_10_13_06_00" version="271">
                  <DepartureTime>13:06:00</DepartureTime>
                  <StopPointInJourneyPatternRef ref="OST:StopPointInJourneyPattern:117_Outbound_210930110971632_10_210930110964168" version="271" />
                </TimetabledPassingTime>
                <TimetabledPassingTime id="OST:TimetabledPassingTime:211210122069800_12_13_07_00" version="271">
                  <DepartureTime>13:07:00</DepartureTime>
                  <StopPointInJourneyPatternRef ref="OST:StopPointInJourneyPattern:117_Outbound_210930110971632_12_210930110964168" version="271" />
                </TimetabledPassingTime>
                <TimetabledPassingTime id="OST:TimetabledPassingTime:211210122069800_11_13_07_00" version="271">
                  <DepartureTime>13:07:00</DepartureTime>
                  <StopPointInJourneyPatternRef ref="OST:StopPointInJourneyPattern:117_Outbound_210930110971632_11_210930110964168" version="271" />
                </TimetabledPassingTime>
                <TimetabledPassingTime id="OST:TimetabledPassingTime:211210122069800_13_13_08_00" version="271">
                  <DepartureTime>13:08:00</DepartureTime>
                  <StopPointInJourneyPatternRef ref="OST:StopPointInJourneyPattern:117_Outbound_210930110971632_13_210930110964168" version="271" />
                </TimetabledPassingTime>
                <TimetabledPassingTime id="OST:TimetabledPassingTime:211210122069800_14_13_09_00" version="271">
                  <DepartureTime>13:09:00</DepartureTime>
                  <StopPointInJourneyPatternRef ref="OST:StopPointInJourneyPattern:117_Outbound_210930110971632_14_210930110964168" version="271" />
                </TimetabledPassingTime>
                <TimetabledPassingTime id="OST:TimetabledPassingTime:211210122069800_16_13_11_00" version="271">
                  <DepartureTime>13:11:00</DepartureTime>
                  <StopPointInJourneyPatternRef ref="OST:StopPointInJourneyPattern:117_Outbound_210930110971632_16_210930110964168" version="271" />
                </TimetabledPassingTime>
                <TimetabledPassingTime id="OST:TimetabledPassingTime:211210122069800_15_13_11_00" version="271">
                  <DepartureTime>13:11:00</DepartureTime>
                  <StopPointInJourneyPatternRef ref="OST:StopPointInJourneyPattern:117_Outbound_210930110971632_15_210930110964168" version="271" />
                </TimetabledPassingTime>
                <TimetabledPassingTime id="OST:TimetabledPassingTime:211210122069800_17_13_12_00" version="271">
                  <DepartureTime>13:12:00</DepartureTime>
                  <StopPointInJourneyPatternRef ref="OST:StopPointInJourneyPattern:117_Outbound_210930110971632_17_210930110964168" version="271" />
                </TimetabledPassingTime>
                <TimetabledPassingTime id="OST:TimetabledPassingTime:211210122069800_18_13_13_00" version="271">
                  <DepartureTime>13:13:00</DepartureTime>
                  <StopPointInJourneyPatternRef ref="OST:StopPointInJourneyPattern:117_Outbound_210930110971632_18_210930110964168" version="271" />
                </TimetabledPassingTime>
                <TimetabledPassingTime id="OST:TimetabledPassingTime:211210122069800_20_13_14_00" version="271">
                  <DepartureTime>13:14:00</DepartureTime>
                  <StopPointInJourneyPatternRef ref="OST:StopPointInJourneyPattern:117_Outbound_210930110971632_20_210930110964168" version="271" />
                </TimetabledPassingTime>
                <TimetabledPassingTime id="OST:TimetabledPassingTime:211210122069800_19_13_14_00" version="271">
                  <DepartureTime>13:14:00</DepartureTime>
                  <StopPointInJourneyPatternRef ref="OST:StopPointInJourneyPattern:117_Outbound_210930110971632_19_210930110964168" version="271" />
                </TimetabledPassingTime>
                <TimetabledPassingTime id="OST:TimetabledPassingTime:211210122069800_22_13_15_00" version="271">
                  <DepartureTime>13:15:00</DepartureTime>
                  <StopPointInJourneyPatternRef ref="OST:StopPointInJourneyPattern:117_Outbound_210930110971632_22_210930110964168" version="271" />
                </TimetabledPassingTime>
                <TimetabledPassingTime id="OST:TimetabledPassingTime:211210122069800_21_13_15_00" version="271">
                  <DepartureTime>13:15:00</DepartureTime>
                  <StopPointInJourneyPatternRef ref="OST:StopPointInJourneyPattern:117_Outbound_210930110971632_21_210930110964168" version="271" />
                </TimetabledPassingTime>
                <TimetabledPassingTime id="OST:TimetabledPassingTime:211210122069800_24_13_16_00" version="271">
                  <DepartureTime>13:16:00</DepartureTime>
                  <StopPointInJourneyPatternRef ref="OST:StopPointInJourneyPattern:117_Outbound_210930110971632_24_210930110964168" version="271" />
                </TimetabledPassingTime>
                <TimetabledPassingTime id="OST:TimetabledPassingTime:211210122069800_23_13_16_00" version="271">
                  <DepartureTime>13:16:00</DepartureTime>
                  <StopPointInJourneyPatternRef ref="OST:StopPointInJourneyPattern:117_Outbound_210930110971632_23_210930110964168" version="271" />
                </TimetabledPassingTime>
                <TimetabledPassingTime id="OST:TimetabledPassingTime:211210122069800_25_13_17_00" version="271">
                  <DepartureTime>13:17:00</DepartureTime>
                  <StopPointInJourneyPatternRef ref="OST:StopPointInJourneyPattern:117_Outbound_210930110971632_25_210930110964168" version="271" />
                </TimetabledPassingTime>
                <TimetabledPassingTime id="OST:TimetabledPassingTime:211210122069800_26_13_18_00" version="271">
                  <DepartureTime>13:18:00</DepartureTime>
                  <StopPointInJourneyPatternRef ref="OST:StopPointInJourneyPattern:117_Outbound_210930110971632_26_210930110964168" version="271" />
                </TimetabledPassingTime>
                <TimetabledPassingTime id="OST:TimetabledPassingTime:211210122069800_27_13_19_00" version="271">
                  <DepartureTime>13:19:00</DepartureTime>
                  <StopPointInJourneyPatternRef ref="OST:StopPointInJourneyPattern:117_Outbound_210930110971632_27_210930110964168" version="271" />
                </TimetabledPassingTime>
                <TimetabledPassingTime id="OST:TimetabledPassingTime:211210122069800_28_13_20_00" version="271">
                  <ArrivalTime>13:20:00</ArrivalTime>
                  <StopPointInJourneyPatternRef ref="OST:StopPointInJourneyPattern:117_Outbound_210930110971632_28_210930110964168" version="271" />
                </TimetabledPassingTime>
              </passingTimes>
            </ServiceJourney>
            <ServiceJourney id="OST:ServiceJourney:117_211210122069802_6" publication="public" version="271">
              <Name>Femdal-Alshus</Name>
              <PrivateCode>6</PrivateCode>
              <dayTypes>
                <DayTypeRef ref="OST:DayType:115" />
              </dayTypes>
              <JourneyPatternRef ref="OST:JourneyPattern:117_Outbound_210930110971632_210930110964168" version="271" />
              <LineRef ref="OST:Line:1_117" version="271" />
              <OperatorRef ref="OST:Operator:152" />
              <passingTimes>
                <TimetabledPassingTime id="OST:TimetabledPassingTime:211210122069802_1_17_00_00" version="271">
                  <DepartureTime>17:00:00</DepartureTime>
                  <StopPointInJourneyPatternRef ref="OST:StopPointInJourneyPattern:117_Outbound_210930110971632_1_210930110964168" version="271" />
                </TimetabledPassingTime>
                <TimetabledPassingTime id="OST:TimetabledPassingTime:211210122069802_2_17_01_00" version="271">
                  <DepartureTime>17:01:00</DepartureTime>
                  <StopPointInJourneyPatternRef ref="OST:StopPointInJourneyPattern:117_Outbound_210930110971632_2_210930110964168" version="271" />
                </TimetabledPassingTime>
                <TimetabledPassingTime id="OST:TimetabledPassingTime:211210122069802_3_17_02_00" version="271">
                  <DepartureTime>17:02:00</DepartureTime>
                  <StopPointInJourneyPatternRef ref="OST:StopPointInJourneyPattern:117_Outbound_210930110971632_3_210930110964168" version="271" />
                </TimetabledPassingTime>
                <TimetabledPassingTime id="OST:TimetabledPassingTime:211210122069802_5_17_03_00" version="271">
                  <DepartureTime>17:03:00</DepartureTime>
                  <StopPointInJourneyPatternRef ref="OST:StopPointInJourneyPattern:117_Outbound_210930110971632_5_210930110964168" version="271" />
                </TimetabledPassingTime>
                <TimetabledPassingTime id="OST:TimetabledPassingTime:211210122069802_4_17_03_00" version="271">
                  <DepartureTime>17:03:00</DepartureTime>
                  <StopPointInJourneyPatternRef ref="OST:StopPointInJourneyPattern:117_Outbound_210930110971632_4_210930110964168" version="271" />
                </TimetabledPassingTime>
                <TimetabledPassingTime id="OST:TimetabledPassingTime:211210122069802_6_17_04_00" version="271">
                  <DepartureTime>17:04:00</DepartureTime>
                  <StopPointInJourneyPatternRef ref="OST:StopPointInJourneyPattern:117_Outbound_210930110971632_6_210930110964168" version="271" />
                </TimetabledPassingTime>
                <TimetabledPassingTime id="OST:TimetabledPassingTime:211210122069802_7_17_04_00" version="271">
                  <DepartureTime>17:04:00</DepartureTime>
                  <StopPointInJourneyPatternRef ref="OST:StopPointInJourneyPattern:117_Outbound_210930110971632_7_210930110964168" version="271" />
                </TimetabledPassingTime>
                <TimetabledPassingTime id="OST:TimetabledPassingTime:211210122069802_8_17_04_00" version="271">
                  <DepartureTime>17:04:00</DepartureTime>
                  <StopPointInJourneyPatternRef ref="OST:StopPointInJourneyPattern:117_Outbound_210930110971632_8_210930110964168" version="271" />
                </TimetabledPassingTime>
                <TimetabledPassingTime id="OST:TimetabledPassingTime:211210122069802_9_17_05_00" version="271">
                  <DepartureTime>17:05:00</DepartureTime>
                  <StopPointInJourneyPatternRef ref="OST:StopPointInJourneyPattern:117_Outbound_210930110971632_9_210930110964168" version="271" />
                </TimetabledPassingTime>
                <TimetabledPassingTime id="OST:TimetabledPassingTime:211210122069802_10_17_06_00" version="271">
                  <DepartureTime>17:06:00</DepartureTime>
                  <StopPointInJourneyPatternRef ref="OST:StopPointInJourneyPattern:117_Outbound_210930110971632_10_210930110964168" version="271" />
                </TimetabledPassingTime>
                <TimetabledPassingTime id="OST:TimetabledPassingTime:211210122069802_11_17_07_00" version="271">
                  <DepartureTime>17:07:00</DepartureTime>
                  <StopPointInJourneyPatternRef ref="OST:StopPointInJourneyPattern:117_Outbound_210930110971632_11_210930110964168" version="271" />
                </TimetabledPassingTime>
                <TimetabledPassingTime id="OST:TimetabledPassingTime:211210122069802_12_17_07_00" version="271">
                  <DepartureTime>17:07:00</DepartureTime>
                  <StopPointInJourneyPatternRef ref="OST:StopPointInJourneyPattern:117_Outbound_210930110971632_12_210930110964168" version="271" />
                </TimetabledPassingTime>
                <TimetabledPassingTime id="OST:TimetabledPassingTime:211210122069802_13_17_08_00" version="271">
                  <DepartureTime>17:08:00</DepartureTime>
                  <StopPointInJourneyPatternRef ref="OST:StopPointInJourneyPattern:117_Outbound_210930110971632_13_210930110964168" version="271" />
                </TimetabledPassingTime>
                <TimetabledPassingTime id="OST:TimetabledPassingTime:211210122069802_14_17_09_00" version="271">
                  <DepartureTime>17:09:00</DepartureTime>
                  <StopPointInJourneyPatternRef ref="OST:StopPointInJourneyPattern:117_Outbound_210930110971632_14_210930110964168" version="271" />
                </TimetabledPassingTime>
                <TimetabledPassingTime id="OST:TimetabledPassingTime:211210122069802_16_17_11_00" version="271">
                  <DepartureTime>17:11:00</DepartureTime>
                  <StopPointInJourneyPatternRef ref="OST:StopPointInJourneyPattern:117_Outbound_210930110971632_16_210930110964168" version="271" />
                </TimetabledPassingTime>
                <TimetabledPassingTime id="OST:TimetabledPassingTime:211210122069802_15_17_11_00" version="271">
                  <DepartureTime>17:11:00</DepartureTime>
                  <StopPointInJourneyPatternRef ref="OST:StopPointInJourneyPattern:117_Outbound_210930110971632_15_210930110964168" version="271" />
                </TimetabledPassingTime>
                <TimetabledPassingTime id="OST:TimetabledPassingTime:211210122069802_17_17_12_00" version="271">
                  <DepartureTime>17:12:00</DepartureTime>
                  <StopPointInJourneyPatternRef ref="OST:StopPointInJourneyPattern:117_Outbound_210930110971632_17_210930110964168" version="271" />
                </TimetabledPassingTime>
                <TimetabledPassingTime id="OST:TimetabledPassingTime:211210122069802_18_17_13_00" version="271">
                  <DepartureTime>17:13:00</DepartureTime>
                  <StopPointInJourneyPatternRef ref="OST:StopPointInJourneyPattern:117_Outbound_210930110971632_18_210930110964168" version="271" />
                </TimetabledPassingTime>
                <TimetabledPassingTime id="OST:TimetabledPassingTime:211210122069802_19_17_14_00" version="271">
                  <DepartureTime>17:14:00</DepartureTime>
                  <StopPointInJourneyPatternRef ref="OST:StopPointInJourneyPattern:117_Outbound_210930110971632_19_210930110964168" version="271" />
                </TimetabledPassingTime>
                <TimetabledPassingTime id="OST:TimetabledPassingTime:211210122069802_20_17_14_00" version="271">
                  <DepartureTime>17:14:00</DepartureTime>
                  <StopPointInJourneyPatternRef ref="OST:StopPointInJourneyPattern:117_Outbound_210930110971632_20_210930110964168" version="271" />
                </TimetabledPassingTime>
                <TimetabledPassingTime id="OST:TimetabledPassingTime:211210122069802_22_17_15_00" version="271">
                  <DepartureTime>17:15:00</DepartureTime>
                  <StopPointInJourneyPatternRef ref="OST:StopPointInJourneyPattern:117_Outbound_210930110971632_22_210930110964168" version="271" />
                </TimetabledPassingTime>
                <TimetabledPassingTime id="OST:TimetabledPassingTime:211210122069802_21_17_15_00" version="271">
                  <DepartureTime>17:15:00</DepartureTime>
                  <StopPointInJourneyPatternRef ref="OST:StopPointInJourneyPattern:117_Outbound_210930110971632_21_210930110964168" version="271" />
                </TimetabledPassingTime>
                <TimetabledPassingTime id="OST:TimetabledPassingTime:211210122069802_24_17_16_00" version="271">
                  <DepartureTime>17:16:00</DepartureTime>
                  <StopPointInJourneyPatternRef ref="OST:StopPointInJourneyPattern:117_Outbound_210930110971632_24_210930110964168" version="271" />
                </TimetabledPassingTime>
                <TimetabledPassingTime id="OST:TimetabledPassingTime:211210122069802_23_17_16_00" version="271">
                  <DepartureTime>17:16:00</DepartureTime>
                  <StopPointInJourneyPatternRef ref="OST:StopPointInJourneyPattern:117_Outbound_210930110971632_23_210930110964168" version="271" />
                </TimetabledPassingTime>
                <TimetabledPassingTime id="OST:TimetabledPassingTime:211210122069802_25_17_17_00" version="271">
                  <DepartureTime>17:17:00</DepartureTime>
                  <StopPointInJourneyPatternRef ref="OST:StopPointInJourneyPattern:117_Outbound_210930110971632_25_210930110964168" version="271" />
                </TimetabledPassingTime>
                <TimetabledPassingTime id="OST:TimetabledPassingTime:211210122069802_26_17_18_00" version="271">
                  <DepartureTime>17:18:00</DepartureTime>
                  <StopPointInJourneyPatternRef ref="OST:StopPointInJourneyPattern:117_Outbound_210930110971632_26_210930110964168" version="271" />
                </TimetabledPassingTime>
                <TimetabledPassingTime id="OST:TimetabledPassingTime:211210122069802_27_17_19_00" version="271">
                  <DepartureTime>17:19:00</DepartureTime>
                  <StopPointInJourneyPatternRef ref="OST:StopPointInJourneyPattern:117_Outbound_210930110971632_27_210930110964168" version="271" />
                </TimetabledPassingTime>
                <TimetabledPassingTime id="OST:TimetabledPassingTime:211210122069802_28_17_20_00" version="271">
                  <ArrivalTime>17:20:00</ArrivalTime>
                  <StopPointInJourneyPatternRef ref="OST:StopPointInJourneyPattern:117_Outbound_210930110971632_28_210930110964168" version="271" />
                </TimetabledPassingTime>
              </passingTimes>
            </ServiceJourney>
            <ServiceJourney id="OST:ServiceJourney:117_210930111071059_1" publication="public" version="271">
              <Name>Femdal-Alshus</Name>
              <PrivateCode>1</PrivateCode>
              <dayTypes>
                <DayTypeRef ref="OST:DayType:115" />
              </dayTypes>
              <JourneyPatternRef ref="OST:JourneyPattern:117_Outbound_210930110971632_210930110964168" version="271" />
              <LineRef ref="OST:Line:1_117" version="271" />
              <OperatorRef ref="OST:Operator:152" />
              <passingTimes>
                <TimetabledPassingTime id="OST:TimetabledPassingTime:210930111071059_3_07_00_00" version="271">
                  <DepartureTime>07:00:00</DepartureTime>
                  <StopPointInJourneyPatternRef ref="OST:StopPointInJourneyPattern:117_Outbound_210930110971632_3_210930110964168" version="271" />
                </TimetabledPassingTime>
                <TimetabledPassingTime id="OST:TimetabledPassingTime:210930111071059_1_07_00_00" version="271">
                  <DepartureTime>07:00:00</DepartureTime>
                  <StopPointInJourneyPatternRef ref="OST:StopPointInJourneyPattern:117_Outbound_210930110971632_1_210930110964168" version="271" />
                </TimetabledPassingTime>
                <TimetabledPassingTime id="OST:TimetabledPassingTime:210930111071059_2_07_00_00" version="271">
                  <DepartureTime>07:00:00</DepartureTime>
                  <StopPointInJourneyPatternRef ref="OST:StopPointInJourneyPattern:117_Outbound_210930110971632_2_210930110964168" version="271" />
                </TimetabledPassingTime>
                <TimetabledPassingTime id="OST:TimetabledPassingTime:210930111071059_5_07_01_00" version="271">
                  <DepartureTime>07:01:00</DepartureTime>
                  <StopPointInJourneyPatternRef ref="OST:StopPointInJourneyPattern:117_Outbound_210930110971632_5_210930110964168" version="271" />
                </TimetabledPassingTime>
                <TimetabledPassingTime id="OST:TimetabledPassingTime:210930111071059_4_07_01_00" version="271">
                  <DepartureTime>07:01:00</DepartureTime>
                  <StopPointInJourneyPatternRef ref="OST:StopPointInJourneyPattern:117_Outbound_210930110971632_4_210930110964168" version="271" />
                </TimetabledPassingTime>
                <TimetabledPassingTime id="OST:TimetabledPassingTime:210930111071059_6_07_02_00" version="271">
                  <DepartureTime>07:02:00</DepartureTime>
                  <StopPointInJourneyPatternRef ref="OST:StopPointInJourneyPattern:117_Outbound_210930110971632_6_210930110964168" version="271" />
                </TimetabledPassingTime>
                <TimetabledPassingTime id="OST:TimetabledPassingTime:210930111071059_8_07_02_00" version="271">
                  <DepartureTime>07:02:00</DepartureTime>
                  <StopPointInJourneyPatternRef ref="OST:StopPointInJourneyPattern:117_Outbound_210930110971632_8_210930110964168" version="271" />
                </TimetabledPassingTime>
                <TimetabledPassingTime id="OST:TimetabledPassingTime:210930111071059_7_07_02_00" version="271">
                  <DepartureTime>07:02:00</DepartureTime>
                  <StopPointInJourneyPatternRef ref="OST:StopPointInJourneyPattern:117_Outbound_210930110971632_7_210930110964168" version="271" />
                </TimetabledPassingTime>
                <TimetabledPassingTime id="OST:TimetabledPassingTime:210930111071059_9_07_03_00" version="271">
                  <DepartureTime>07:03:00</DepartureTime>
                  <StopPointInJourneyPatternRef ref="OST:StopPointInJourneyPattern:117_Outbound_210930110971632_9_210930110964168" version="271" />
                </TimetabledPassingTime>
                <TimetabledPassingTime id="OST:TimetabledPassingTime:210930111071059_10_07_04_00" version="271">
                  <DepartureTime>07:04:00</DepartureTime>
                  <StopPointInJourneyPatternRef ref="OST:StopPointInJourneyPattern:117_Outbound_210930110971632_10_210930110964168" version="271" />
                </TimetabledPassingTime>
                <TimetabledPassingTime id="OST:TimetabledPassingTime:210930111071059_11_07_05_00" version="271">
                  <DepartureTime>07:05:00</DepartureTime>
                  <StopPointInJourneyPatternRef ref="OST:StopPointInJourneyPattern:117_Outbound_210930110971632_11_210930110964168" version="271" />
                </TimetabledPassingTime>
                <TimetabledPassingTime id="OST:TimetabledPassingTime:210930111071059_12_07_05_00" version="271">
                  <DepartureTime>07:05:00</DepartureTime>
                  <StopPointInJourneyPatternRef ref="OST:StopPointInJourneyPattern:117_Outbound_210930110971632_12_210930110964168" version="271" />
                </TimetabledPassingTime>
                <TimetabledPassingTime id="OST:TimetabledPassingTime:210930111071059_13_07_07_00" version="271">
                  <DepartureTime>07:07:00</DepartureTime>
                  <StopPointInJourneyPatternRef ref="OST:StopPointInJourneyPattern:117_Outbound_210930110971632_13_210930110964168" version="271" />
                </TimetabledPassingTime>
                <TimetabledPassingTime id="OST:TimetabledPassingTime:210930111071059_14_07_10_00" version="271">
                  <DepartureTime>07:10:00</DepartureTime>
                  <StopPointInJourneyPatternRef ref="OST:StopPointInJourneyPattern:117_Outbound_210930110971632_14_210930110964168" version="271" />
                </TimetabledPassingTime>
                <TimetabledPassingTime id="OST:TimetabledPassingTime:210930111071059_16_07_12_00" version="271">
                  <DepartureTime>07:12:00</DepartureTime>
                  <StopPointInJourneyPatternRef ref="OST:StopPointInJourneyPattern:117_Outbound_210930110971632_16_210930110964168" version="271" />
                </TimetabledPassingTime>
                <TimetabledPassingTime id="OST:TimetabledPassingTime:210930111071059_15_07_12_00" version="271">
                  <DepartureTime>07:12:00</DepartureTime>
                  <StopPointInJourneyPatternRef ref="OST:StopPointInJourneyPattern:117_Outbound_210930110971632_15_210930110964168" version="271" />
                </TimetabledPassingTime>
                <TimetabledPassingTime id="OST:TimetabledPassingTime:210930111071059_17_07_13_00" version="271">
                  <DepartureTime>07:13:00</DepartureTime>
                  <StopPointInJourneyPatternRef ref="OST:StopPointInJourneyPattern:117_Outbound_210930110971632_17_210930110964168" version="271" />
                </TimetabledPassingTime>
                <TimetabledPassingTime id="OST:TimetabledPassingTime:210930111071059_18_07_14_00" version="271">
                  <DepartureTime>07:14:00</DepartureTime>
                  <StopPointInJourneyPatternRef ref="OST:StopPointInJourneyPattern:117_Outbound_210930110971632_18_210930110964168" version="271" />
                </TimetabledPassingTime>
                <TimetabledPassingTime id="OST:TimetabledPassingTime:210930111071059_19_07_15_00" version="271">
                  <DepartureTime>07:15:00</DepartureTime>
                  <StopPointInJourneyPatternRef ref="OST:StopPointInJourneyPattern:117_Outbound_210930110971632_19_210930110964168" version="271" />
                </TimetabledPassingTime>
                <TimetabledPassingTime id="OST:TimetabledPassingTime:210930111071059_20_07_15_00" version="271">
                  <DepartureTime>07:15:00</DepartureTime>
                  <StopPointInJourneyPatternRef ref="OST:StopPointInJourneyPattern:117_Outbound_210930110971632_20_210930110964168" version="271" />
                </TimetabledPassingTime>
                <TimetabledPassingTime id="OST:TimetabledPassingTime:210930111071059_22_07_16_00" version="271">
                  <DepartureTime>07:16:00</DepartureTime>
                  <StopPointInJourneyPatternRef ref="OST:StopPointInJourneyPattern:117_Outbound_210930110971632_22_210930110964168" version="271" />
                </TimetabledPassingTime>
                <TimetabledPassingTime id="OST:TimetabledPassingTime:210930111071059_21_07_16_00" version="271">
                  <DepartureTime>07:16:00</DepartureTime>
                  <StopPointInJourneyPatternRef ref="OST:StopPointInJourneyPattern:117_Outbound_210930110971632_21_210930110964168" version="271" />
                </TimetabledPassingTime>
                <TimetabledPassingTime id="OST:TimetabledPassingTime:210930111071059_23_07_17_00" version="271">
                  <DepartureTime>07:17:00</DepartureTime>
                  <StopPointInJourneyPatternRef ref="OST:StopPointInJourneyPattern:117_Outbound_210930110971632_23_210930110964168" version="271" />
                </TimetabledPassingTime>
                <TimetabledPassingTime id="OST:TimetabledPassingTime:210930111071059_24_07_17_00" version="271">
                  <DepartureTime>07:17:00</DepartureTime>
                  <StopPointInJourneyPatternRef ref="OST:StopPointInJourneyPattern:117_Outbound_210930110971632_24_210930110964168" version="271" />
                </TimetabledPassingTime>
                <TimetabledPassingTime id="OST:TimetabledPassingTime:210930111071059_26_07_18_00" version="271">
                  <DepartureTime>07:18:00</DepartureTime>
                  <StopPointInJourneyPatternRef ref="OST:StopPointInJourneyPattern:117_Outbound_210930110971632_26_210930110964168" version="271" />
                </TimetabledPassingTime>
                <TimetabledPassingTime id="OST:TimetabledPassingTime:210930111071059_25_07_18_00" version="271">
                  <DepartureTime>07:18:00</DepartureTime>
                  <StopPointInJourneyPatternRef ref="OST:StopPointInJourneyPattern:117_Outbound_210930110971632_25_210930110964168" version="271" />
                </TimetabledPassingTime>
                <TimetabledPassingTime id="OST:TimetabledPassingTime:210930111071059_27_07_19_00" version="271">
                  <DepartureTime>07:19:00</DepartureTime>
                  <StopPointInJourneyPatternRef ref="OST:StopPointInJourneyPattern:117_Outbound_210930110971632_27_210930110964168" version="271" />
                </TimetabledPassingTime>
                <TimetabledPassingTime id="OST:TimetabledPassingTime:210930111071059_28_07_20_00" version="271">
                  <ArrivalTime>07:20:00</ArrivalTime>
                  <StopPointInJourneyPatternRef ref="OST:StopPointInJourneyPattern:117_Outbound_210930110971632_28_210930110964168" version="271" />
                </TimetabledPassingTime>
              </passingTimes>
            </ServiceJourney>
            <ServiceJourney id="OST:ServiceJourney:117_211210122069798_2" publication="public" version="271">
              <Name>Femdal-Alshus</Name>
              <PrivateCode>2</PrivateCode>
              <dayTypes>
                <DayTypeRef ref="OST:DayType:115" />
              </dayTypes>
              <JourneyPatternRef ref="OST:JourneyPattern:117_Outbound_210930110971632_210930110964168" version="271" />
              <LineRef ref="OST:Line:1_117" version="271" />
              <OperatorRef ref="OST:Operator:152" />
              <passingTimes>
                <TimetabledPassingTime id="OST:TimetabledPassingTime:211210122069798_1_09_00_00" version="271">
                  <DepartureTime>09:00:00</DepartureTime>
                  <StopPointInJourneyPatternRef ref="OST:StopPointInJourneyPattern:117_Outbound_210930110971632_1_210930110964168" version="271" />
                </TimetabledPassingTime>
                <TimetabledPassingTime id="OST:TimetabledPassingTime:211210122069798_2_09_01_00" version="271">
                  <DepartureTime>09:01:00</DepartureTime>
                  <StopPointInJourneyPatternRef ref="OST:StopPointInJourneyPattern:117_Outbound_210930110971632_2_210930110964168" version="271" />
                </TimetabledPassingTime>
                <TimetabledPassingTime id="OST:TimetabledPassingTime:211210122069798_3_09_02_00" version="271">
                  <DepartureTime>09:02:00</DepartureTime>
                  <StopPointInJourneyPatternRef ref="OST:StopPointInJourneyPattern:117_Outbound_210930110971632_3_210930110964168" version="271" />
                </TimetabledPassingTime>
                <TimetabledPassingTime id="OST:TimetabledPassingTime:211210122069798_4_09_03_00" version="271">
                  <DepartureTime>09:03:00</DepartureTime>
                  <StopPointInJourneyPatternRef ref="OST:StopPointInJourneyPattern:117_Outbound_210930110971632_4_210930110964168" version="271" />
                </TimetabledPassingTime>
                <TimetabledPassingTime id="OST:TimetabledPassingTime:211210122069798_5_09_03_00" version="271">
                  <DepartureTime>09:03:00</DepartureTime>
                  <StopPointInJourneyPatternRef ref="OST:StopPointInJourneyPattern:117_Outbound_210930110971632_5_210930110964168" version="271" />
                </TimetabledPassingTime>
                <TimetabledPassingTime id="OST:TimetabledPassingTime:211210122069798_6_09_04_00" version="271">
                  <DepartureTime>09:04:00</DepartureTime>
                  <StopPointInJourneyPatternRef ref="OST:StopPointInJourneyPattern:117_Outbound_210930110971632_6_210930110964168" version="271" />
                </TimetabledPassingTime>
                <TimetabledPassingTime id="OST:TimetabledPassingTime:211210122069798_7_09_04_00" version="271">
                  <DepartureTime>09:04:00</DepartureTime>
                  <StopPointInJourneyPatternRef ref="OST:StopPointInJourneyPattern:117_Outbound_210930110971632_7_210930110964168" version="271" />
                </TimetabledPassingTime>
                <TimetabledPassingTime id="OST:TimetabledPassingTime:211210122069798_8_09_04_00" version="271">
                  <DepartureTime>09:04:00</DepartureTime>
                  <StopPointInJourneyPatternRef ref="OST:StopPointInJourneyPattern:117_Outbound_210930110971632_8_210930110964168" version="271" />
                </TimetabledPassingTime>
                <TimetabledPassingTime id="OST:TimetabledPassingTime:211210122069798_9_09_05_00" version="271">
                  <DepartureTime>09:05:00</DepartureTime>
                  <StopPointInJourneyPatternRef ref="OST:StopPointInJourneyPattern:117_Outbound_210930110971632_9_210930110964168" version="271" />
                </TimetabledPassingTime>
                <TimetabledPassingTime id="OST:TimetabledPassingTime:211210122069798_10_09_06_00" version="271">
                  <DepartureTime>09:06:00</DepartureTime>
                  <StopPointInJourneyPatternRef ref="OST:StopPointInJourneyPattern:117_Outbound_210930110971632_10_210930110964168" version="271" />
                </TimetabledPassingTime>
                <TimetabledPassingTime id="OST:TimetabledPassingTime:211210122069798_11_09_07_00" version="271">
                  <DepartureTime>09:07:00</DepartureTime>
                  <StopPointInJourneyPatternRef ref="OST:StopPointInJourneyPattern:117_Outbound_210930110971632_11_210930110964168" version="271" />
                </TimetabledPassingTime>
                <TimetabledPassingTime id="OST:TimetabledPassingTime:211210122069798_12_09_07_00" version="271">
                  <DepartureTime>09:07:00</DepartureTime>
                  <StopPointInJourneyPatternRef ref="OST:StopPointInJourneyPattern:117_Outbound_210930110971632_12_210930110964168" version="271" />
                </TimetabledPassingTime>
                <TimetabledPassingTime id="OST:TimetabledPassingTime:211210122069798_13_09_08_00" version="271">
                  <DepartureTime>09:08:00</DepartureTime>
                  <StopPointInJourneyPatternRef ref="OST:StopPointInJourneyPattern:117_Outbound_210930110971632_13_210930110964168" version="271" />
                </TimetabledPassingTime>
                <TimetabledPassingTime id="OST:TimetabledPassingTime:211210122069798_14_09_09_00" version="271">
                  <DepartureTime>09:09:00</DepartureTime>
                  <StopPointInJourneyPatternRef ref="OST:StopPointInJourneyPattern:117_Outbound_210930110971632_14_210930110964168" version="271" />
                </TimetabledPassingTime>
                <TimetabledPassingTime id="OST:TimetabledPassingTime:211210122069798_15_09_11_00" version="271">
                  <DepartureTime>09:11:00</DepartureTime>
                  <StopPointInJourneyPatternRef ref="OST:StopPointInJourneyPattern:117_Outbound_210930110971632_15_210930110964168" version="271" />
                </TimetabledPassingTime>
                <TimetabledPassingTime id="OST:TimetabledPassingTime:211210122069798_16_09_11_00" version="271">
                  <DepartureTime>09:11:00</DepartureTime>
                  <StopPointInJourneyPatternRef ref="OST:StopPointInJourneyPattern:117_Outbound_210930110971632_16_210930110964168" version="271" />
                </TimetabledPassingTime>
                <TimetabledPassingTime id="OST:TimetabledPassingTime:211210122069798_17_09_12_00" version="271">
                  <DepartureTime>09:12:00</DepartureTime>
                  <StopPointInJourneyPatternRef ref="OST:StopPointInJourneyPattern:117_Outbound_210930110971632_17_210930110964168" version="271" />
                </TimetabledPassingTime>
                <TimetabledPassingTime id="OST:TimetabledPassingTime:211210122069798_18_09_13_00" version="271">
                  <DepartureTime>09:13:00</DepartureTime>
                  <StopPointInJourneyPatternRef ref="OST:StopPointInJourneyPattern:117_Outbound_210930110971632_18_210930110964168" version="271" />
                </TimetabledPassingTime>
                <TimetabledPassingTime id="OST:TimetabledPassingTime:211210122069798_19_09_14_00" version="271">
                  <DepartureTime>09:14:00</DepartureTime>
                  <StopPointInJourneyPatternRef ref="OST:StopPointInJourneyPattern:117_Outbound_210930110971632_19_210930110964168" version="271" />
                </TimetabledPassingTime>
                <TimetabledPassingTime id="OST:TimetabledPassingTime:211210122069798_20_09_14_00" version="271">
                  <DepartureTime>09:14:00</DepartureTime>
                  <StopPointInJourneyPatternRef ref="OST:StopPointInJourneyPattern:117_Outbound_210930110971632_20_210930110964168" version="271" />
                </TimetabledPassingTime>
                <TimetabledPassingTime id="OST:TimetabledPassingTime:211210122069798_21_09_15_00" version="271">
                  <DepartureTime>09:15:00</DepartureTime>
                  <StopPointInJourneyPatternRef ref="OST:StopPointInJourneyPattern:117_Outbound_210930110971632_21_210930110964168" version="271" />
                </TimetabledPassingTime>
                <TimetabledPassingTime id="OST:TimetabledPassingTime:211210122069798_22_09_15_00" version="271">
                  <DepartureTime>09:15:00</DepartureTime>
                  <StopPointInJourneyPatternRef ref="OST:StopPointInJourneyPattern:117_Outbound_210930110971632_22_210930110964168" version="271" />
                </TimetabledPassingTime>
                <TimetabledPassingTime id="OST:TimetabledPassingTime:211210122069798_23_09_16_00" version="271">
                  <DepartureTime>09:16:00</DepartureTime>
                  <StopPointInJourneyPatternRef ref="OST:StopPointInJourneyPattern:117_Outbound_210930110971632_23_210930110964168" version="271" />
                </TimetabledPassingTime>
                <TimetabledPassingTime id="OST:TimetabledPassingTime:211210122069798_24_09_16_00" version="271">
                  <DepartureTime>09:16:00</DepartureTime>
                  <StopPointInJourneyPatternRef ref="OST:StopPointInJourneyPattern:117_Outbound_210930110971632_24_210930110964168" version="271" />
                </TimetabledPassingTime>
                <TimetabledPassingTime id="OST:TimetabledPassingTime:211210122069798_25_09_17_00" version="271">
                  <DepartureTime>09:17:00</DepartureTime>
                  <StopPointInJourneyPatternRef ref="OST:StopPointInJourneyPattern:117_Outbound_210930110971632_25_210930110964168" version="271" />
                </TimetabledPassingTime>
                <TimetabledPassingTime id="OST:TimetabledPassingTime:211210122069798_26_09_18_00" version="271">
                  <DepartureTime>09:18:00</DepartureTime>
                  <StopPointInJourneyPatternRef ref="OST:StopPointInJourneyPattern:117_Outbound_210930110971632_26_210930110964168" version="271" />
                </TimetabledPassingTime>
                <TimetabledPassingTime id="OST:TimetabledPassingTime:211210122069798_27_09_19_00" version="271">
                  <DepartureTime>09:19:00</DepartureTime>
                  <StopPointInJourneyPatternRef ref="OST:StopPointInJourneyPattern:117_Outbound_210930110971632_27_210930110964168" version="271" />
                </TimetabledPassingTime>
                <TimetabledPassingTime id="OST:TimetabledPassingTime:211210122069798_28_09_20_00" version="271">
                  <ArrivalTime>09:20:00</ArrivalTime>
                  <StopPointInJourneyPatternRef ref="OST:StopPointInJourneyPattern:117_Outbound_210930110971632_28_210930110964168" version="271" />
                </TimetabledPassingTime>
              </passingTimes>
            </ServiceJourney>
          </vehicleJourneys>
        </TimetableFrame>
      </frames>
    </CompositeFrame>
  </dataObjects>
</PublicationDelivery>
