<?xml version="1.0" encoding="UTF-8"?>
<PublicationDelivery xmlns="http://www.netex.org.uk/netex" xmlns:gis="http://www.opengis.net/gml/3.2" xmlns:siri="http://www.siri.org.uk/siri" version="1.13:NO-NeTEx-networktimetable:1.3">
  <PublicationTimestamp>2022-05-26T00:05:35.012</PublicationTimestamp>
  <ParticipantRef>RB</ParticipantRef>
  <Description>Kroksund-Ydersbond-Mysen</Description>
  <dataObjects>
    <CompositeFrame created="2022-04-08T10:32:34.29" id="2008717042" version="1">
      <validityConditions>
        <AvailabilityCondition id="332186755" version="1">
          <FromDate>2022-05-23T00:00:00</FromDate>
          <ToDate>2023-05-25T00:00:00</ToDate>
        </AvailabilityCondition>
      </validityConditions>
      <codespaces>
        <Codespace id="ost">
          <Xmlns>OST</Xmlns>
          <XmlnsUrl>http://www.rutebanken.org/ns/ost</XmlnsUrl>
        </Codespace>
        <Codespace id="nsr">
          <Xmlns>NSR</Xmlns>
          <XmlnsUrl>http://www.rutebanken.org/ns/nsr</XmlnsUrl>
        </Codespace>
      </codespaces>
      <FrameDefaults>
        <DefaultLocale>
          <TimeZone>Europe/Oslo</TimeZone>
          <DefaultLanguage>no</DefaultLanguage>
        </DefaultLocale>
      </FrameDefaults>
      <frames>
        <ServiceFrame id="388606184" version="1">
          <routes>
            <Route id="OST:Route:412_Outbound_211210121983209_211210121975025" version="271">
              <Name>1-1</Name>
              <ShortName>1-1</ShortName>
              <LineRef ref="OST:Line:1_412" version="271" />
              <DirectionType>inbound</DirectionType>
              <pointsInSequence>
                <PointOnRoute id="OST:PointOnRoute:7449951" order="3" version="271">
                  <RoutePointRef ref="OST:RoutePoint:1197445_1" />
                </PointOnRoute>
                <PointOnRoute id="OST:PointOnRoute:7449976" order="28" version="271">
                  <RoutePointRef ref="OST:RoutePoint:1257570_1" />
                </PointOnRoute>
                <PointOnRoute id="OST:PointOnRoute:7449958" order="10" version="271">
                  <RoutePointRef ref="OST:RoutePoint:1197480_1" />
                </PointOnRoute>
                <PointOnRoute id="OST:PointOnRoute:7449965" order="17" version="271">
                  <RoutePointRef ref="OST:RoutePoint:1197510_1" />
                </PointOnRoute>
                <PointOnRoute id="OST:PointOnRoute:7449961" order="13" version="271">
                  <RoutePointRef ref="OST:RoutePoint:1197495_1" />
                </PointOnRoute>
                <PointOnRoute id="OST:PointOnRoute:7449955" order="7" version="271">
                  <RoutePointRef ref="OST:RoutePoint:1197465_2" />
                </PointOnRoute>
                <PointOnRoute id="OST:PointOnRoute:7449952" order="4" version="271">
                  <RoutePointRef ref="OST:RoutePoint:1197450_1" />
                </PointOnRoute>
                <PointOnRoute id="OST:PointOnRoute:7449983" order="35" version="271">
                  <RoutePointRef ref="OST:RoutePoint:1253150_2" />
                </PointOnRoute>
                <PointOnRoute id="OST:PointOnRoute:7449977" order="29" version="271">
                  <RoutePointRef ref="OST:RoutePoint:1257575_1" />
                </PointOnRoute>
                <PointOnRoute id="OST:PointOnRoute:7449969" order="21" version="271">
                  <RoutePointRef ref="OST:RoutePoint:1227530_1" />
                </PointOnRoute>
                <PointOnRoute id="OST:PointOnRoute:7449956" order="8" version="271">
                  <RoutePointRef ref="OST:RoutePoint:1197470_1" />
                </PointOnRoute>
                <PointOnRoute id="OST:PointOnRoute:7449981" order="33" version="271">
                  <RoutePointRef ref="OST:RoutePoint:1254500_1" />
                </PointOnRoute>
                <PointOnRoute id="OST:PointOnRoute:7449963" order="15" version="271">
                  <RoutePointRef ref="OST:RoutePoint:1197500_1" />
                </PointOnRoute>
                <PointOnRoute id="OST:PointOnRoute:7449953" order="5" version="271">
                  <RoutePointRef ref="OST:RoutePoint:1197455_1" />
                </PointOnRoute>
                <PointOnRoute id="OST:PointOnRoute:7449978" order="30" version="271">
                  <RoutePointRef ref="OST:RoutePoint:1257580_1" />
                </PointOnRoute>
                <PointOnRoute id="OST:PointOnRoute:7449950" order="2" version="271">
                  <RoutePointRef ref="OST:RoutePoint:1197440_1" />
                </PointOnRoute>
                <PointOnRoute id="OST:PointOnRoute:7449980" order="32" version="271">
                  <RoutePointRef ref="OST:RoutePoint:1257590_1" />
                </PointOnRoute>
                <PointOnRoute id="OST:PointOnRoute:7449975" order="27" version="271">
                  <RoutePointRef ref="OST:RoutePoint:1227560_2" />
                </PointOnRoute>
                <PointOnRoute id="OST:PointOnRoute:7449972" order="24" version="271">
                  <RoutePointRef ref="OST:RoutePoint:1227545_1" />
                </PointOnRoute>
                <PointOnRoute id="OST:PointOnRoute:7449967" order="19" version="271">
                  <RoutePointRef ref="OST:RoutePoint:1197520_1" />
                </PointOnRoute>
                <PointOnRoute id="OST:PointOnRoute:7449966" order="18" version="271">
                  <RoutePointRef ref="OST:RoutePoint:1197515_2" />
                </PointOnRoute>
                <PointOnRoute id="OST:PointOnRoute:7449957" order="9" version="271">
                  <RoutePointRef ref="OST:RoutePoint:1197475_1" />
                </PointOnRoute>
                <PointOnRoute id="OST:PointOnRoute:7449962" order="14" version="271">
                  <RoutePointRef ref="OST:RoutePoint:1197515_1" />
                </PointOnRoute>
                <PointOnRoute id="OST:PointOnRoute:7449985" order="37" version="271">
                  <RoutePointRef ref="OST:RoutePoint:1253166_2" />
                </PointOnRoute>
                <PointOnRoute id="OST:PointOnRoute:7449979" order="31" version="271">
                  <RoutePointRef ref="OST:RoutePoint:1257585_1" />
                </PointOnRoute>
                <PointOnRoute id="OST:PointOnRoute:7449984" order="36" version="271">
                  <RoutePointRef ref="OST:RoutePoint:1253145_2" />
                </PointOnRoute>
                <PointOnRoute id="OST:PointOnRoute:7449973" order="25" version="271">
                  <RoutePointRef ref="OST:RoutePoint:1227550_1" />
                </PointOnRoute>
                <PointOnRoute id="OST:PointOnRoute:7449970" order="22" version="271">
                  <RoutePointRef ref="OST:RoutePoint:1227535_1" />
                </PointOnRoute>
                <PointOnRoute id="OST:PointOnRoute:7449964" order="16" version="271">
                  <RoutePointRef ref="OST:RoutePoint:1197505_1" />
                </PointOnRoute>
                <PointOnRoute id="OST:PointOnRoute:7449960" order="12" version="271">
                  <RoutePointRef ref="OST:RoutePoint:1197490_1" />
                </PointOnRoute>
                <PointOnRoute id="OST:PointOnRoute:7449982" order="34" version="271">
                  <RoutePointRef ref="OST:RoutePoint:1257731_1" />
                </PointOnRoute>
                <PointOnRoute id="OST:PointOnRoute:7449974" order="26" version="271">
                  <RoutePointRef ref="OST:RoutePoint:1227557_2" />
                </PointOnRoute>
                <PointOnRoute id="OST:PointOnRoute:7449968" order="20" version="271">
                  <RoutePointRef ref="OST:RoutePoint:1227525_1" />
                </PointOnRoute>
                <PointOnRoute id="OST:PointOnRoute:7449959" order="11" version="271">
                  <RoutePointRef ref="OST:RoutePoint:1197485_2" />
                </PointOnRoute>
                <PointOnRoute id="OST:PointOnRoute:7449971" order="23" version="271">
                  <RoutePointRef ref="OST:RoutePoint:1227540_1" />
                </PointOnRoute>
                <PointOnRoute id="OST:PointOnRoute:7449949" order="1" version="271">
                  <RoutePointRef ref="OST:RoutePoint:1197425_1" />
                </PointOnRoute>
                <PointOnRoute id="OST:PointOnRoute:7449954" order="6" version="271">
                  <RoutePointRef ref="OST:RoutePoint:1197460_1" />
                </PointOnRoute>
              </pointsInSequence>
            </Route>
            <Route id="OST:Route:412_Inbound_211210121983210_211210121975025" version="271">
              <Name>2-2</Name>
              <ShortName>2-2</ShortName>
              <LineRef ref="OST:Line:1_412" version="271" />
              <DirectionType>outbound</DirectionType>
              <pointsInSequence>
                <PointOnRoute id="OST:PointOnRoute:7450003" order="18" version="271">
                  <RoutePointRef ref="OST:RoutePoint:1197515_1" />
                </PointOnRoute>
                <PointOnRoute id="OST:PointOnRoute:7449998" order="13" version="271">
                  <RoutePointRef ref="OST:RoutePoint:1227545_2" />
                </PointOnRoute>
                <PointOnRoute id="OST:PointOnRoute:7449989" order="4" version="271">
                  <RoutePointRef ref="OST:RoutePoint:1253130_2" />
                </PointOnRoute>
                <PointOnRoute id="OST:PointOnRoute:7450004" order="19" version="271">
                  <RoutePointRef ref="OST:RoutePoint:1197500_1" />
                </PointOnRoute>
                <PointOnRoute id="OST:PointOnRoute:7449999" order="14" version="271">
                  <RoutePointRef ref="OST:RoutePoint:1227540_2" />
                </PointOnRoute>
                <PointOnRoute id="OST:PointOnRoute:7450001" order="16" version="271">
                  <RoutePointRef ref="OST:RoutePoint:1227530_2" />
                </PointOnRoute>
                <PointOnRoute id="OST:PointOnRoute:7449996" order="11" version="271">
                  <RoutePointRef ref="OST:RoutePoint:1227557_1" />
                </PointOnRoute>
                <PointOnRoute id="OST:PointOnRoute:7450018" order="33" version="271">
                  <RoutePointRef ref="OST:RoutePoint:1197425_1" />
                </PointOnRoute>
                <PointOnRoute id="OST:PointOnRoute:7450009" order="24" version="271">
                  <RoutePointRef ref="OST:RoutePoint:1197480_2" />
                </PointOnRoute>
                <PointOnRoute id="OST:PointOnRoute:7449987" order="2" version="271">
                  <RoutePointRef ref="OST:RoutePoint:1253165_4" />
                </PointOnRoute>
                <PointOnRoute id="OST:PointOnRoute:7450012" order="27" version="271">
                  <RoutePointRef ref="OST:RoutePoint:1197465_1" />
                </PointOnRoute>
                <PointOnRoute id="OST:PointOnRoute:7450002" order="17" version="271">
                  <RoutePointRef ref="OST:RoutePoint:1197520_2" />
                </PointOnRoute>
                <PointOnRoute id="OST:PointOnRoute:7450016" order="31" version="271">
                  <RoutePointRef ref="OST:RoutePoint:1197445_2" />
                </PointOnRoute>
                <PointOnRoute id="OST:PointOnRoute:7449995" order="10" version="271">
                  <RoutePointRef ref="OST:RoutePoint:1227565_1" />
                </PointOnRoute>
                <PointOnRoute id="OST:PointOnRoute:7449986" order="1" version="271">
                  <RoutePointRef ref="OST:RoutePoint:1253145_2" />
                </PointOnRoute>
                <PointOnRoute id="OST:PointOnRoute:7450010" order="25" version="271">
                  <RoutePointRef ref="OST:RoutePoint:1197475_2" />
                </PointOnRoute>
                <PointOnRoute id="OST:PointOnRoute:7450017" order="32" version="271">
                  <RoutePointRef ref="OST:RoutePoint:1197440_2" />
                </PointOnRoute>
                <PointOnRoute id="OST:PointOnRoute:7449990" order="5" version="271">
                  <RoutePointRef ref="OST:RoutePoint:1253125_2" />
                </PointOnRoute>
                <PointOnRoute id="OST:PointOnRoute:7450011" order="26" version="271">
                  <RoutePointRef ref="OST:RoutePoint:1197470_2" />
                </PointOnRoute>
                <PointOnRoute id="OST:PointOnRoute:7450014" order="29" version="271">
                  <RoutePointRef ref="OST:RoutePoint:1197455_2" />
                </PointOnRoute>
                <PointOnRoute id="OST:PointOnRoute:7449993" order="8" version="271">
                  <RoutePointRef ref="OST:RoutePoint:1257575_2" />
                </PointOnRoute>
                <PointOnRoute id="OST:PointOnRoute:7449994" order="9" version="271">
                  <RoutePointRef ref="OST:RoutePoint:1257570_2" />
                </PointOnRoute>
                <PointOnRoute id="OST:PointOnRoute:7450015" order="30" version="271">
                  <RoutePointRef ref="OST:RoutePoint:1197450_2" />
                </PointOnRoute>
                <PointOnRoute id="OST:PointOnRoute:7450007" order="22" version="271">
                  <RoutePointRef ref="OST:RoutePoint:1197495_2" />
                </PointOnRoute>
                <PointOnRoute id="OST:PointOnRoute:7449991" order="6" version="271">
                  <RoutePointRef ref="OST:RoutePoint:1253120_4" />
                </PointOnRoute>
                <PointOnRoute id="OST:PointOnRoute:7450008" order="23" version="271">
                  <RoutePointRef ref="OST:RoutePoint:1197490_2" />
                </PointOnRoute>
                <PointOnRoute id="OST:PointOnRoute:7449992" order="7" version="271">
                  <RoutePointRef ref="OST:RoutePoint:1257580_6" />
                </PointOnRoute>
                <PointOnRoute id="OST:PointOnRoute:7450013" order="28" version="271">
                  <RoutePointRef ref="OST:RoutePoint:1197460_2" />
                </PointOnRoute>
                <PointOnRoute id="OST:PointOnRoute:7450005" order="20" version="271">
                  <RoutePointRef ref="OST:RoutePoint:1197510_1" />
                </PointOnRoute>
                <PointOnRoute id="OST:PointOnRoute:7449997" order="12" version="271">
                  <RoutePointRef ref="OST:RoutePoint:1227550_2" />
                </PointOnRoute>
                <PointOnRoute id="OST:PointOnRoute:7450006" order="21" version="271">
                  <RoutePointRef ref="OST:RoutePoint:1197515_2" />
                </PointOnRoute>
                <PointOnRoute id="OST:PointOnRoute:7449988" order="3" version="271">
                  <RoutePointRef ref="OST:RoutePoint:1253135_2" />
                </PointOnRoute>
                <PointOnRoute id="OST:PointOnRoute:7450000" order="15" version="271">
                  <RoutePointRef ref="OST:RoutePoint:1227535_2" />
                </PointOnRoute>
              </pointsInSequence>
            </Route>
          </routes>
          <lines>
            <Line id="OST:Line:1_412" version="271">
              <Name>Kroksund-Ydersbond-Mysen</Name>
              <TransportMode>bus</TransportMode>
              <TransportSubmode>
                <BusSubmode>localBus</BusSubmode>
              </TransportSubmode>
              <PublicCode>412</PublicCode>
              <PrivateCode>412</PrivateCode>
              <OperatorRef ref="OST:Operator:152" />
              <RepresentedByGroupRef ref="OST:GroupOfLines:bus_1" />
            </Line>
          </lines>
          <journeyPatterns>
            <JourneyPattern id="OST:JourneyPattern:412_Outbound_211210121983209_211210121975025" version="271">
              <Name>1-1</Name>
              <RouteRef ref="OST:Route:412_Outbound_211210121983209_211210121975025" version="271" />
              <pointsInSequence>
                <StopPointInJourneyPattern order="12" id="OST:StopPointInJourneyPattern:412_Outbound_211210121983209_12_211210121975025" version="271">
                  <ScheduledStopPointRef ref="OST:ScheduledStopPoint:1197490_1" />
                </StopPointInJourneyPattern>
                <StopPointInJourneyPattern order="34" id="OST:StopPointInJourneyPattern:412_Outbound_211210121983209_34_211210121975025" version="271">
                  <ScheduledStopPointRef ref="OST:ScheduledStopPoint:1257731_1" />
                </StopPointInJourneyPattern>
                <StopPointInJourneyPattern order="30" id="OST:StopPointInJourneyPattern:412_Outbound_211210121983209_30_211210121975025" version="271">
                  <ScheduledStopPointRef ref="OST:ScheduledStopPoint:1257580_1" />
                </StopPointInJourneyPattern>
                <StopPointInJourneyPattern order="11" id="OST:StopPointInJourneyPattern:412_Outbound_211210121983209_11_211210121975025" version="271">
                  <ScheduledStopPointRef ref="OST:ScheduledStopPoint:1197485_2" />
                </StopPointInJourneyPattern>
                <StopPointInJourneyPattern order="26" id="OST:StopPointInJourneyPattern:412_Outbound_211210121983209_26_211210121975025" version="271">
                  <ScheduledStopPointRef ref="OST:ScheduledStopPoint:1227557_2" />
                </StopPointInJourneyPattern>
                <StopPointInJourneyPattern order="14" id="OST:StopPointInJourneyPattern:412_Outbound_211210121983209_14_211210121975025" version="271">
                  <ScheduledStopPointRef ref="OST:ScheduledStopPoint:1197515_1" />
                </StopPointInJourneyPattern>
                <StopPointInJourneyPattern order="21" id="OST:StopPointInJourneyPattern:412_Outbound_211210121983209_21_211210121975025" version="271">
                  <ScheduledStopPointRef ref="OST:ScheduledStopPoint:1227530_1" />
                </StopPointInJourneyPattern>
                <StopPointInJourneyPattern order="32" id="OST:StopPointInJourneyPattern:412_Outbound_211210121983209_32_211210121975025" version="271">
                  <ScheduledStopPointRef ref="OST:ScheduledStopPoint:1257590_1" />
                </StopPointInJourneyPattern>
                <StopPointInJourneyPattern order="19" id="OST:StopPointInJourneyPattern:412_Outbound_211210121983209_19_211210121975025" version="271">
                  <ScheduledStopPointRef ref="OST:ScheduledStopPoint:1197520_1" />
                </StopPointInJourneyPattern>
                <StopPointInJourneyPattern order="3" id="OST:StopPointInJourneyPattern:412_Outbound_211210121983209_3_211210121975025" version="271">
                  <ScheduledStopPointRef ref="OST:ScheduledStopPoint:1197445_1" />
                </StopPointInJourneyPattern>
                <StopPointInJourneyPattern order="15" id="OST:StopPointInJourneyPattern:412_Outbound_211210121983209_15_211210121975025" version="271">
                  <ScheduledStopPointRef ref="OST:ScheduledStopPoint:1197500_1" />
                </StopPointInJourneyPattern>
                <StopPointInJourneyPattern order="27" id="OST:StopPointInJourneyPattern:412_Outbound_211210121983209_27_211210121975025" version="271">
                  <ScheduledStopPointRef ref="OST:ScheduledStopPoint:1227560_2" />
                </StopPointInJourneyPattern>
                <StopPointInJourneyPattern order="23" id="OST:StopPointInJourneyPattern:412_Outbound_211210121983209_23_211210121975025" version="271">
                  <ScheduledStopPointRef ref="OST:ScheduledStopPoint:1227540_1" />
                </StopPointInJourneyPattern>
                <StopPointInJourneyPattern order="25" id="OST:StopPointInJourneyPattern:412_Outbound_211210121983209_25_211210121975025" version="271">
                  <ScheduledStopPointRef ref="OST:ScheduledStopPoint:1227550_1" />
                </StopPointInJourneyPattern>
                <StopPointInJourneyPattern order="35" id="OST:StopPointInJourneyPattern:412_Outbound_211210121983209_35_211210121975025" version="271">
                  <ScheduledStopPointRef ref="OST:ScheduledStopPoint:1253150_2" />
                </StopPointInJourneyPattern>
                <StopPointInJourneyPattern order="9" id="OST:StopPointInJourneyPattern:412_Outbound_211210121983209_9_211210121975025" version="271">
                  <ScheduledStopPointRef ref="OST:ScheduledStopPoint:1197475_1" />
                </StopPointInJourneyPattern>
                <StopPointInJourneyPattern order="1" id="OST:StopPointInJourneyPattern:412_Outbound_211210121983209_1_211210121975025" version="271">
                  <ForAlighting>false</ForAlighting>
                  <DestinationDisplayRef ref="OST:DestinationDisplay:273" />
                  <ScheduledStopPointRef ref="OST:ScheduledStopPoint:1197425_1" />
                </StopPointInJourneyPattern>
                <StopPointInJourneyPattern order="7" id="OST:StopPointInJourneyPattern:412_Outbound_211210121983209_7_211210121975025" version="271">
                  <ScheduledStopPointRef ref="OST:ScheduledStopPoint:1197465_2" />
                </StopPointInJourneyPattern>
                <StopPointInJourneyPattern order="33" id="OST:StopPointInJourneyPattern:412_Outbound_211210121983209_33_211210121975025" version="271">
                  <ScheduledStopPointRef ref="OST:ScheduledStopPoint:1254500_1" />
                </StopPointInJourneyPattern>
                <StopPointInJourneyPattern order="37" id="OST:StopPointInJourneyPattern:412_Outbound_211210121983209_37_211210121975025" version="271">
                  <ForBoarding>false</ForBoarding>
                  <ScheduledStopPointRef ref="OST:ScheduledStopPoint:1253166_2" />
                </StopPointInJourneyPattern>
                <StopPointInJourneyPattern order="16" id="OST:StopPointInJourneyPattern:412_Outbound_211210121983209_16_211210121975025" version="271">
                  <ScheduledStopPointRef ref="OST:ScheduledStopPoint:1197505_1" />
                </StopPointInJourneyPattern>
                <StopPointInJourneyPattern order="22" id="OST:StopPointInJourneyPattern:412_Outbound_211210121983209_22_211210121975025" version="271">
                  <ScheduledStopPointRef ref="OST:ScheduledStopPoint:1227535_1" />
                </StopPointInJourneyPattern>
                <StopPointInJourneyPattern order="13" id="OST:StopPointInJourneyPattern:412_Outbound_211210121983209_13_211210121975025" version="271">
                  <ScheduledStopPointRef ref="OST:ScheduledStopPoint:1197495_1" />
                </StopPointInJourneyPattern>
                <StopPointInJourneyPattern order="31" id="OST:StopPointInJourneyPattern:412_Outbound_211210121983209_31_211210121975025" version="271">
                  <ScheduledStopPointRef ref="OST:ScheduledStopPoint:1257585_1" />
                </StopPointInJourneyPattern>
                <StopPointInJourneyPattern order="5" id="OST:StopPointInJourneyPattern:412_Outbound_211210121983209_5_211210121975025" version="271">
                  <ScheduledStopPointRef ref="OST:ScheduledStopPoint:1197455_1" />
                </StopPointInJourneyPattern>
                <StopPointInJourneyPattern order="17" id="OST:StopPointInJourneyPattern:412_Outbound_211210121983209_17_211210121975025" version="271">
                  <ScheduledStopPointRef ref="OST:ScheduledStopPoint:1197510_1" />
                </StopPointInJourneyPattern>
                <StopPointInJourneyPattern order="18" id="OST:StopPointInJourneyPattern:412_Outbound_211210121983209_18_211210121975025" version="271">
                  <ScheduledStopPointRef ref="OST:ScheduledStopPoint:1197515_2" />
                </StopPointInJourneyPattern>
                <StopPointInJourneyPattern order="8" id="OST:StopPointInJourneyPattern:412_Outbound_211210121983209_8_211210121975025" version="271">
                  <ScheduledStopPointRef ref="OST:ScheduledStopPoint:1197470_1" />
                </StopPointInJourneyPattern>
                <StopPointInJourneyPattern order="20" id="OST:StopPointInJourneyPattern:412_Outbound_211210121983209_20_211210121975025" version="271">
                  <ScheduledStopPointRef ref="OST:ScheduledStopPoint:1227525_1" />
                </StopPointInJourneyPattern>
                <StopPointInJourneyPattern order="36" id="OST:StopPointInJourneyPattern:412_Outbound_211210121983209_36_211210121975025" version="271">
                  <ScheduledStopPointRef ref="OST:ScheduledStopPoint:1253145_2" />
                </StopPointInJourneyPattern>
                <StopPointInJourneyPattern order="4" id="OST:StopPointInJourneyPattern:412_Outbound_211210121983209_4_211210121975025" version="271">
                  <ScheduledStopPointRef ref="OST:ScheduledStopPoint:1197450_1" />
                </StopPointInJourneyPattern>
                <StopPointInJourneyPattern order="10" id="OST:StopPointInJourneyPattern:412_Outbound_211210121983209_10_211210121975025" version="271">
                  <ScheduledStopPointRef ref="OST:ScheduledStopPoint:1197480_1" />
                </StopPointInJourneyPattern>
                <StopPointInJourneyPattern order="2" id="OST:StopPointInJourneyPattern:412_Outbound_211210121983209_2_211210121975025" version="271">
                  <ScheduledStopPointRef ref="OST:ScheduledStopPoint:1197440_1" />
                </StopPointInJourneyPattern>
                <StopPointInJourneyPattern order="28" id="OST:StopPointInJourneyPattern:412_Outbound_211210121983209_28_211210121975025" version="271">
                  <ScheduledStopPointRef ref="OST:ScheduledStopPoint:1257570_1" />
                </StopPointInJourneyPattern>
                <StopPointInJourneyPattern order="6" id="OST:StopPointInJourneyPattern:412_Outbound_211210121983209_6_211210121975025" version="271">
                  <ScheduledStopPointRef ref="OST:ScheduledStopPoint:1197460_1" />
                </StopPointInJourneyPattern>
                <StopPointInJourneyPattern order="24" id="OST:StopPointInJourneyPattern:412_Outbound_211210121983209_24_211210121975025" version="271">
                  <ScheduledStopPointRef ref="OST:ScheduledStopPoint:1227545_1" />
                </StopPointInJourneyPattern>
                <StopPointInJourneyPattern order="29" id="OST:StopPointInJourneyPattern:412_Outbound_211210121983209_29_211210121975025" version="271">
                  <ScheduledStopPointRef ref="OST:ScheduledStopPoint:1257575_1" />
                </StopPointInJourneyPattern>
              </pointsInSequence>
              <linksInSequence>
                <ServiceLinkInJourneyPattern order="9" id="OST:ServiceLinkInJourneyPattern:7450035" version="271">
                  <ServiceLinkRef ref="OST:ServiceLink:200811072688782_1_200811072688788_1_780" />
                </ServiceLinkInJourneyPattern>
                <ServiceLinkInJourneyPattern order="15" id="OST:ServiceLinkInJourneyPattern:7450047" version="271">
                  <ServiceLinkRef ref="OST:ServiceLink:200811072688809_1_200811072688812_1_430" />
                </ServiceLinkInJourneyPattern>
                <ServiceLinkInJourneyPattern order="25" id="OST:ServiceLinkInJourneyPattern:7450065" version="271">
                  <ServiceLinkRef ref="OST:ServiceLink:200811072689069_1_200811072689080_2_2589" />
                </ServiceLinkInJourneyPattern>
                <ServiceLinkInJourneyPattern order="7" id="OST:ServiceLinkInJourneyPattern:7450031" version="271">
                  <ServiceLinkRef ref="OST:ServiceLink:200811072688770_2_200811072688777_1_3799" />
                </ServiceLinkInJourneyPattern>
                <ServiceLinkInJourneyPattern order="6" id="OST:ServiceLinkInJourneyPattern:7450029" version="271">
                  <ServiceLinkRef ref="OST:ServiceLink:200811072688767_1_200811072688770_2_2657" />
                </ServiceLinkInJourneyPattern>
                <ServiceLinkInJourneyPattern order="36" id="OST:ServiceLinkInJourneyPattern:7450086" version="271">
                  <ServiceLinkRef ref="OST:ServiceLink:200811072689773_2_200811072689792_2_187" />
                </ServiceLinkInJourneyPattern>
                <ServiceLinkInJourneyPattern order="31" id="OST:ServiceLinkInJourneyPattern:7450077" version="271">
                  <ServiceLinkRef ref="OST:ServiceLink:200811072689928_1_200811072689931_1_562" />
                </ServiceLinkInJourneyPattern>
                <ServiceLinkInJourneyPattern order="13" id="OST:ServiceLinkInJourneyPattern:7450043" version="271">
                  <ServiceLinkRef ref="OST:ServiceLink:200811072688806_1_200811072688818_1_973" />
                </ServiceLinkInJourneyPattern>
                <ServiceLinkInJourneyPattern order="19" id="OST:ServiceLinkInJourneyPattern:7450055" version="271">
                  <ServiceLinkRef ref="OST:ServiceLink:200811072688823_1_200811072689044_1_3368" />
                </ServiceLinkInJourneyPattern>
                <ServiceLinkInJourneyPattern order="23" id="OST:ServiceLinkInJourneyPattern:7450063" version="271">
                  <ServiceLinkRef ref="OST:ServiceLink:200811072689059_1_200811072689064_1_914" />
                </ServiceLinkInJourneyPattern>
                <ServiceLinkInJourneyPattern order="2" id="OST:ServiceLinkInJourneyPattern:7450021" version="271">
                  <ServiceLinkRef ref="OST:ServiceLink:200811072688742_1_200811072688747_1_590" />
                </ServiceLinkInJourneyPattern>
                <ServiceLinkInJourneyPattern order="5" id="OST:ServiceLinkInJourneyPattern:7450027" version="271">
                  <ServiceLinkRef ref="OST:ServiceLink:200811072688757_1_200811072688767_1_1118" />
                </ServiceLinkInJourneyPattern>
                <ServiceLinkInJourneyPattern order="35" id="OST:ServiceLinkInJourneyPattern:7450084" version="271">
                  <ServiceLinkRef ref="OST:ServiceLink:200811072689781_2_200811072689773_2_619" />
                </ServiceLinkInJourneyPattern>
                <ServiceLinkInJourneyPattern order="30" id="OST:ServiceLinkInJourneyPattern:7450075" version="271">
                  <ServiceLinkRef ref="OST:ServiceLink:200811072689913_1_200811072689928_1_600" />
                </ServiceLinkInJourneyPattern>
                <ServiceLinkInJourneyPattern order="8" id="OST:ServiceLinkInJourneyPattern:7450033" version="271">
                  <ServiceLinkRef ref="OST:ServiceLink:200811072688777_1_200811072688782_1_879" />
                </ServiceLinkInJourneyPattern>
                <ServiceLinkInJourneyPattern order="11" id="OST:ServiceLinkInJourneyPattern:7450039" version="271">
                  <ServiceLinkRef ref="OST:ServiceLink:200811072688793_2_200811072688798_1_1587" />
                </ServiceLinkInJourneyPattern>
                <ServiceLinkInJourneyPattern order="14" id="OST:ServiceLinkInJourneyPattern:7450045" version="271">
                  <ServiceLinkRef ref="OST:ServiceLink:200811072688818_1_200811072688809_1_2675" />
                </ServiceLinkInJourneyPattern>
                <ServiceLinkInJourneyPattern order="21" id="OST:ServiceLinkInJourneyPattern:7450059" version="271">
                  <ServiceLinkRef ref="OST:ServiceLink:200811072689049_1_200811072689054_1_955" />
                </ServiceLinkInJourneyPattern>
                <ServiceLinkInJourneyPattern order="12" id="OST:ServiceLinkInJourneyPattern:7450041" version="271">
                  <ServiceLinkRef ref="OST:ServiceLink:200811072688798_1_200811072688806_1_2037" />
                </ServiceLinkInJourneyPattern>
                <ServiceLinkInJourneyPattern order="18" id="OST:ServiceLinkInJourneyPattern:7450053" version="271">
                  <ServiceLinkRef ref="OST:ServiceLink:200811072688820_2_200811072688823_1_1895" />
                </ServiceLinkInJourneyPattern>
                <ServiceLinkInJourneyPattern order="24" id="OST:ServiceLinkInJourneyPattern:7450064" version="271">
                  <ServiceLinkRef ref="OST:ServiceLink:200811072689064_1_200811072689069_1_1869" />
                </ServiceLinkInJourneyPattern>
                <ServiceLinkInJourneyPattern order="1" id="OST:ServiceLinkInJourneyPattern:7450019" version="271">
                  <ServiceLinkRef ref="OST:ServiceLink:200811072688712_1_200811072688742_1_3713" />
                </ServiceLinkInJourneyPattern>
                <ServiceLinkInJourneyPattern order="22" id="OST:ServiceLinkInJourneyPattern:7450061" version="271">
                  <ServiceLinkRef ref="OST:ServiceLink:200811072689054_1_200811072689059_1_1397" />
                </ServiceLinkInJourneyPattern>
                <ServiceLinkInJourneyPattern order="26" id="OST:ServiceLinkInJourneyPattern:7450067" version="271">
                  <ServiceLinkRef ref="OST:ServiceLink:200811072689080_2_200811072689083_2_2911" />
                </ServiceLinkInJourneyPattern>
                <ServiceLinkInJourneyPattern order="4" id="OST:ServiceLinkInJourneyPattern:7450025" version="271">
                  <ServiceLinkRef ref="OST:ServiceLink:200811072688752_1_200811072688757_1_766" />
                </ServiceLinkInJourneyPattern>
                <ServiceLinkInJourneyPattern order="34" id="OST:ServiceLinkInJourneyPattern:7450082" version="271">
                  <ServiceLinkRef ref="OST:ServiceLink:200811072690027_1_200811072689781_2_253" />
                </ServiceLinkInJourneyPattern>
                <ServiceLinkInJourneyPattern order="29" id="OST:ServiceLinkInJourneyPattern:7450073" version="271">
                  <ServiceLinkRef ref="OST:ServiceLink:200811072689906_1_200811072689913_1_1639" />
                </ServiceLinkInJourneyPattern>
                <ServiceLinkInJourneyPattern order="32" id="OST:ServiceLinkInJourneyPattern:7450079" version="271">
                  <ServiceLinkRef ref="OST:ServiceLink:200811072689931_1_200811072689889_1_689" />
                </ServiceLinkInJourneyPattern>
                <ServiceLinkInJourneyPattern order="10" id="OST:ServiceLinkInJourneyPattern:7450037" version="271">
                  <ServiceLinkRef ref="OST:ServiceLink:200811072688788_1_200811072688793_2_3263" />
                </ServiceLinkInJourneyPattern>
                <ServiceLinkInJourneyPattern order="17" id="OST:ServiceLinkInJourneyPattern:7450051" version="271">
                  <ServiceLinkRef ref="OST:ServiceLink:200811072688815_1_200811072688820_2_1487" />
                </ServiceLinkInJourneyPattern>
                <ServiceLinkInJourneyPattern order="16" id="OST:ServiceLinkInJourneyPattern:7450049" version="271">
                  <ServiceLinkRef ref="OST:ServiceLink:200811072688812_1_200811072688815_1_737" />
                </ServiceLinkInJourneyPattern>
                <ServiceLinkInJourneyPattern order="20" id="OST:ServiceLinkInJourneyPattern:7450057" version="271">
                  <ServiceLinkRef ref="OST:ServiceLink:200811072689044_1_200811072689049_1_556" />
                </ServiceLinkInJourneyPattern>
                <ServiceLinkInJourneyPattern order="3" id="OST:ServiceLinkInJourneyPattern:7450023" version="271">
                  <ServiceLinkRef ref="OST:ServiceLink:200811072688747_1_200811072688752_1_1886" />
                </ServiceLinkInJourneyPattern>
                <ServiceLinkInJourneyPattern order="33" id="OST:ServiceLinkInJourneyPattern:7450080" version="271">
                  <ServiceLinkRef ref="OST:ServiceLink:200811072689889_1_200811072690027_1_711" />
                </ServiceLinkInJourneyPattern>
                <ServiceLinkInJourneyPattern order="28" id="OST:ServiceLinkInJourneyPattern:7450071" version="271">
                  <ServiceLinkRef ref="OST:ServiceLink:200811072689901_1_200811072689906_1_649" />
                </ServiceLinkInJourneyPattern>
                <ServiceLinkInJourneyPattern order="27" id="OST:ServiceLinkInJourneyPattern:7450069" version="271">
                  <ServiceLinkRef ref="OST:ServiceLink:200811072689083_2_200811072689901_1_2300" />
                </ServiceLinkInJourneyPattern>
              </linksInSequence>
            </JourneyPattern>
            <JourneyPattern id="OST:JourneyPattern:412_Inbound_211210121983210_211210121975025" version="271">
              <Name>2-2</Name>
              <RouteRef ref="OST:Route:412_Inbound_211210121983210_211210121975025" version="271" />
              <pointsInSequence>
                <StopPointInJourneyPattern order="18" id="OST:StopPointInJourneyPattern:412_Inbound_211210121983210_18_211210121975025" version="271">
                  <ScheduledStopPointRef ref="OST:ScheduledStopPoint:1197515_1" />
                </StopPointInJourneyPattern>
                <StopPointInJourneyPattern order="30" id="OST:StopPointInJourneyPattern:412_Inbound_211210121983210_30_211210121975025" version="271">
                  <ScheduledStopPointRef ref="OST:ScheduledStopPoint:1197450_2" />
                </StopPointInJourneyPattern>
                <StopPointInJourneyPattern order="12" id="OST:StopPointInJourneyPattern:412_Inbound_211210121983210_12_211210121975025" version="271">
                  <ScheduledStopPointRef ref="OST:ScheduledStopPoint:1227550_2" />
                </StopPointInJourneyPattern>
                <StopPointInJourneyPattern order="21" id="OST:StopPointInJourneyPattern:412_Inbound_211210121983210_21_211210121975025" version="271">
                  <ScheduledStopPointRef ref="OST:ScheduledStopPoint:1197515_2" />
                </StopPointInJourneyPattern>
                <StopPointInJourneyPattern order="6" id="OST:StopPointInJourneyPattern:412_Inbound_211210121983210_6_211210121975025" version="271">
                  <ScheduledStopPointRef ref="OST:ScheduledStopPoint:1253120_4" />
                </StopPointInJourneyPattern>
                <StopPointInJourneyPattern order="3" id="OST:StopPointInJourneyPattern:412_Inbound_211210121983210_3_211210121975025" version="271">
                  <ScheduledStopPointRef ref="OST:ScheduledStopPoint:1253135_2" />
                </StopPointInJourneyPattern>
                <StopPointInJourneyPattern order="9" id="OST:StopPointInJourneyPattern:412_Inbound_211210121983210_9_211210121975025" version="271">
                  <ScheduledStopPointRef ref="OST:ScheduledStopPoint:1257570_2" />
                </StopPointInJourneyPattern>
                <StopPointInJourneyPattern order="1" id="OST:StopPointInJourneyPattern:412_Inbound_211210121983210_1_211210121975025" version="271">
                  <ForAlighting>false</ForAlighting>
                  <DestinationDisplayRef ref="OST:DestinationDisplay:274" />
                  <ScheduledStopPointRef ref="OST:ScheduledStopPoint:1253145_2" />
                </StopPointInJourneyPattern>
                <StopPointInJourneyPattern order="23" id="OST:StopPointInJourneyPattern:412_Inbound_211210121983210_23_211210121975025" version="271">
                  <ScheduledStopPointRef ref="OST:ScheduledStopPoint:1197490_2" />
                </StopPointInJourneyPattern>
                <StopPointInJourneyPattern order="16" id="OST:StopPointInJourneyPattern:412_Inbound_211210121983210_16_211210121975025" version="271">
                  <ScheduledStopPointRef ref="OST:ScheduledStopPoint:1227530_2" />
                </StopPointInJourneyPattern>
                <StopPointInJourneyPattern order="25" id="OST:StopPointInJourneyPattern:412_Inbound_211210121983210_25_211210121975025" version="271">
                  <ScheduledStopPointRef ref="OST:ScheduledStopPoint:1197475_2" />
                </StopPointInJourneyPattern>
                <StopPointInJourneyPattern order="32" id="OST:StopPointInJourneyPattern:412_Inbound_211210121983210_32_211210121975025" version="271">
                  <ScheduledStopPointRef ref="OST:ScheduledStopPoint:1197440_2" />
                </StopPointInJourneyPattern>
                <StopPointInJourneyPattern order="5" id="OST:StopPointInJourneyPattern:412_Inbound_211210121983210_5_211210121975025" version="271">
                  <ScheduledStopPointRef ref="OST:ScheduledStopPoint:1253125_2" />
                </StopPointInJourneyPattern>
                <StopPointInJourneyPattern order="28" id="OST:StopPointInJourneyPattern:412_Inbound_211210121983210_28_211210121975025" version="271">
                  <ScheduledStopPointRef ref="OST:ScheduledStopPoint:1197460_2" />
                </StopPointInJourneyPattern>
                <StopPointInJourneyPattern order="27" id="OST:StopPointInJourneyPattern:412_Inbound_211210121983210_27_211210121975025" version="271">
                  <ScheduledStopPointRef ref="OST:ScheduledStopPoint:1197465_1" />
                </StopPointInJourneyPattern>
                <StopPointInJourneyPattern order="24" id="OST:StopPointInJourneyPattern:412_Inbound_211210121983210_24_211210121975025" version="271">
                  <ScheduledStopPointRef ref="OST:ScheduledStopPoint:1197480_2" />
                </StopPointInJourneyPattern>
                <StopPointInJourneyPattern order="13" id="OST:StopPointInJourneyPattern:412_Inbound_211210121983210_13_211210121975025" version="271">
                  <ScheduledStopPointRef ref="OST:ScheduledStopPoint:1227545_2" />
                </StopPointInJourneyPattern>
                <StopPointInJourneyPattern order="17" id="OST:StopPointInJourneyPattern:412_Inbound_211210121983210_17_211210121975025" version="271">
                  <ScheduledStopPointRef ref="OST:ScheduledStopPoint:1197520_2" />
                </StopPointInJourneyPattern>
                <StopPointInJourneyPattern order="7" id="OST:StopPointInJourneyPattern:412_Inbound_211210121983210_7_211210121975025" version="271">
                  <ScheduledStopPointRef ref="OST:ScheduledStopPoint:1257580_6" />
                </StopPointInJourneyPattern>
                <StopPointInJourneyPattern order="29" id="OST:StopPointInJourneyPattern:412_Inbound_211210121983210_29_211210121975025" version="271">
                  <ScheduledStopPointRef ref="OST:ScheduledStopPoint:1197455_2" />
                </StopPointInJourneyPattern>
                <StopPointInJourneyPattern order="10" id="OST:StopPointInJourneyPattern:412_Inbound_211210121983210_10_211210121975025" version="271">
                  <ScheduledStopPointRef ref="OST:ScheduledStopPoint:1227565_1" />
                </StopPointInJourneyPattern>
                <StopPointInJourneyPattern order="31" id="OST:StopPointInJourneyPattern:412_Inbound_211210121983210_31_211210121975025" version="271">
                  <ScheduledStopPointRef ref="OST:ScheduledStopPoint:1197445_2" />
                </StopPointInJourneyPattern>
                <StopPointInJourneyPattern order="15" id="OST:StopPointInJourneyPattern:412_Inbound_211210121983210_15_211210121975025" version="271">
                  <ScheduledStopPointRef ref="OST:ScheduledStopPoint:1227535_2" />
                </StopPointInJourneyPattern>
                <StopPointInJourneyPattern order="33" id="OST:StopPointInJourneyPattern:412_Inbound_211210121983210_33_211210121975025" version="271">
                  <ForBoarding>false</ForBoarding>
                  <ScheduledStopPointRef ref="OST:ScheduledStopPoint:1197425_1" />
                </StopPointInJourneyPattern>
                <StopPointInJourneyPattern order="19" id="OST:StopPointInJourneyPattern:412_Inbound_211210121983210_19_211210121975025" version="271">
                  <ScheduledStopPointRef ref="OST:ScheduledStopPoint:1197500_1" />
                </StopPointInJourneyPattern>
                <StopPointInJourneyPattern order="2" id="OST:StopPointInJourneyPattern:412_Inbound_211210121983210_2_211210121975025" version="271">
                  <ScheduledStopPointRef ref="OST:ScheduledStopPoint:1253165_4" />
                </StopPointInJourneyPattern>
                <StopPointInJourneyPattern order="14" id="OST:StopPointInJourneyPattern:412_Inbound_211210121983210_14_211210121975025" version="271">
                  <ScheduledStopPointRef ref="OST:ScheduledStopPoint:1227540_2" />
                </StopPointInJourneyPattern>
                <StopPointInJourneyPattern order="26" id="OST:StopPointInJourneyPattern:412_Inbound_211210121983210_26_211210121975025" version="271">
                  <ScheduledStopPointRef ref="OST:ScheduledStopPoint:1197470_2" />
                </StopPointInJourneyPattern>
                <StopPointInJourneyPattern order="4" id="OST:StopPointInJourneyPattern:412_Inbound_211210121983210_4_211210121975025" version="271">
                  <ScheduledStopPointRef ref="OST:ScheduledStopPoint:1253130_2" />
                </StopPointInJourneyPattern>
                <StopPointInJourneyPattern order="8" id="OST:StopPointInJourneyPattern:412_Inbound_211210121983210_8_211210121975025" version="271">
                  <ScheduledStopPointRef ref="OST:ScheduledStopPoint:1257575_2" />
                </StopPointInJourneyPattern>
                <StopPointInJourneyPattern order="20" id="OST:StopPointInJourneyPattern:412_Inbound_211210121983210_20_211210121975025" version="271">
                  <ScheduledStopPointRef ref="OST:ScheduledStopPoint:1197510_1" />
                </StopPointInJourneyPattern>
                <StopPointInJourneyPattern order="11" id="OST:StopPointInJourneyPattern:412_Inbound_211210121983210_11_211210121975025" version="271">
                  <ScheduledStopPointRef ref="OST:ScheduledStopPoint:1227557_1" />
                </StopPointInJourneyPattern>
                <StopPointInJourneyPattern order="22" id="OST:StopPointInJourneyPattern:412_Inbound_211210121983210_22_211210121975025" version="271">
                  <ScheduledStopPointRef ref="OST:ScheduledStopPoint:1197495_2" />
                </StopPointInJourneyPattern>
              </pointsInSequence>
              <linksInSequence>
                <ServiceLinkInJourneyPattern order="29" id="OST:ServiceLinkInJourneyPattern:7450138" version="271">
                  <ServiceLinkRef ref="OST:ServiceLink:200811072688755_2_200811072688750_2_774" />
                </ServiceLinkInJourneyPattern>
                <ServiceLinkInJourneyPattern order="19" id="OST:ServiceLinkInJourneyPattern:7450119" version="271">
                  <ServiceLinkRef ref="OST:ServiceLink:200811072688809_1_200811072688815_1_1148" />
                </ServiceLinkInJourneyPattern>
                <ServiceLinkInJourneyPattern order="7" id="OST:ServiceLinkInJourneyPattern:7450096" version="271">
                  <ServiceLinkRef ref="OST:ServiceLink:200811072689911_6_200811072689904_2_1541" />
                </ServiceLinkInJourneyPattern>
                <ServiceLinkInJourneyPattern order="11" id="OST:ServiceLinkInJourneyPattern:7450104" version="271">
                  <ServiceLinkRef ref="OST:ServiceLink:200811072689078_1_200811072689067_2_2521" />
                </ServiceLinkInJourneyPattern>
                <ServiceLinkInJourneyPattern order="28" id="OST:ServiceLinkInJourneyPattern:7450136" version="271">
                  <ServiceLinkRef ref="OST:ServiceLink:200811072688765_2_200811072688755_2_1123" />
                </ServiceLinkInJourneyPattern>
                <ServiceLinkInJourneyPattern order="1" id="OST:ServiceLinkInJourneyPattern:7450087" version="271">
                  <ServiceLinkRef ref="OST:ServiceLink:200811072689773_2_200811072689787_4_348" />
                </ServiceLinkInJourneyPattern>
                <ServiceLinkInJourneyPattern order="2" id="OST:ServiceLinkInJourneyPattern:7450088" version="271">
                  <ServiceLinkRef ref="OST:ServiceLink:200811072689787_4_200811072689770_2_281" />
                </ServiceLinkInJourneyPattern>
                <ServiceLinkInJourneyPattern order="14" id="OST:ServiceLinkInJourneyPattern:7450110" version="271">
                  <ServiceLinkRef ref="OST:ServiceLink:200811072689057_2_200811072689052_2_1277" />
                </ServiceLinkInJourneyPattern>
                <ServiceLinkInJourneyPattern order="15" id="OST:ServiceLinkInJourneyPattern:7450112" version="271">
                  <ServiceLinkRef ref="OST:ServiceLink:200811072689052_2_200811072689047_2_1003" />
                </ServiceLinkInJourneyPattern>
                <ServiceLinkInJourneyPattern order="20" id="OST:ServiceLinkInJourneyPattern:7450121" version="271">
                  <ServiceLinkRef ref="OST:ServiceLink:200811072688815_1_200811072688820_2_1487" />
                </ServiceLinkInJourneyPattern>
                <ServiceLinkInJourneyPattern order="5" id="OST:ServiceLinkInJourneyPattern:7450093" version="271">
                  <ServiceLinkRef ref="OST:ServiceLink:200811072689762_2_200811072689755_4_421" />
                </ServiceLinkInJourneyPattern>
                <ServiceLinkInJourneyPattern order="13" id="OST:ServiceLinkInJourneyPattern:7450108" version="271">
                  <ServiceLinkRef ref="OST:ServiceLink:200811072689062_2_200811072689057_2_919" />
                </ServiceLinkInJourneyPattern>
                <ServiceLinkInJourneyPattern order="21" id="OST:ServiceLinkInJourneyPattern:7450122" version="271">
                  <ServiceLinkRef ref="OST:ServiceLink:200811072688820_2_200811072688804_2_1062" />
                </ServiceLinkInJourneyPattern>
                <ServiceLinkInJourneyPattern order="22" id="OST:ServiceLinkInJourneyPattern:7450124" version="271">
                  <ServiceLinkRef ref="OST:ServiceLink:200811072688804_2_200811072688796_2_1994" />
                </ServiceLinkInJourneyPattern>
                <ServiceLinkInJourneyPattern order="3" id="OST:ServiceLinkInJourneyPattern:7450090" version="271">
                  <ServiceLinkRef ref="OST:ServiceLink:200811072689770_2_200811072689767_2_609" />
                </ServiceLinkInJourneyPattern>
                <ServiceLinkInJourneyPattern order="16" id="OST:ServiceLinkInJourneyPattern:7450114" version="271">
                  <ServiceLinkRef ref="OST:ServiceLink:200811072689047_2_200811072688825_2_3943" />
                </ServiceLinkInJourneyPattern>
                <ServiceLinkInJourneyPattern order="17" id="OST:ServiceLinkInJourneyPattern:7450116" version="271">
                  <ServiceLinkRef ref="OST:ServiceLink:200811072688825_2_200811072688818_1_1808" />
                </ServiceLinkInJourneyPattern>
                <ServiceLinkInJourneyPattern order="31" id="OST:ServiceLinkInJourneyPattern:7450142" version="271">
                  <ServiceLinkRef ref="OST:ServiceLink:200811072688745_2_200811072688740_2_610" />
                </ServiceLinkInJourneyPattern>
                <ServiceLinkInJourneyPattern order="25" id="OST:ServiceLinkInJourneyPattern:7450130" version="271">
                  <ServiceLinkRef ref="OST:ServiceLink:200811072688780_2_200811072688775_2_861" />
                </ServiceLinkInJourneyPattern>
                <ServiceLinkInJourneyPattern order="30" id="OST:ServiceLinkInJourneyPattern:7450140" version="271">
                  <ServiceLinkRef ref="OST:ServiceLink:200811072688750_2_200811072688745_2_1886" />
                </ServiceLinkInJourneyPattern>
                <ServiceLinkInJourneyPattern order="23" id="OST:ServiceLinkInJourneyPattern:7450126" version="271">
                  <ServiceLinkRef ref="OST:ServiceLink:200811072688796_2_200811072688786_2_1721" />
                </ServiceLinkInJourneyPattern>
                <ServiceLinkInJourneyPattern order="24" id="OST:ServiceLinkInJourneyPattern:7450128" version="271">
                  <ServiceLinkRef ref="OST:ServiceLink:200811072688786_2_200811072688780_2_788" />
                </ServiceLinkInJourneyPattern>
                <ServiceLinkInJourneyPattern order="6" id="OST:ServiceLinkInJourneyPattern:7450094" version="271">
                  <ServiceLinkRef ref="OST:ServiceLink:200811072689755_4_200811072689911_6_3396" />
                </ServiceLinkInJourneyPattern>
                <ServiceLinkInJourneyPattern order="18" id="OST:ServiceLinkInJourneyPattern:7450118" version="271">
                  <ServiceLinkRef ref="OST:ServiceLink:200811072688818_1_200811072688809_1_2675" />
                </ServiceLinkInJourneyPattern>
                <ServiceLinkInJourneyPattern order="10" id="OST:ServiceLinkInJourneyPattern:7450102" version="271">
                  <ServiceLinkRef ref="OST:ServiceLink:200811072689092_1_200811072689078_1_3945" />
                </ServiceLinkInJourneyPattern>
                <ServiceLinkInJourneyPattern order="27" id="OST:ServiceLinkInJourneyPattern:7450134" version="271">
                  <ServiceLinkRef ref="OST:ServiceLink:200811072688772_1_200811072688765_2_2665" />
                </ServiceLinkInJourneyPattern>
                <ServiceLinkInJourneyPattern order="4" id="OST:ServiceLinkInJourneyPattern:7450092" version="271">
                  <ServiceLinkRef ref="OST:ServiceLink:200811072689767_2_200811072689762_2_364" />
                </ServiceLinkInJourneyPattern>
                <ServiceLinkInJourneyPattern order="8" id="OST:ServiceLinkInJourneyPattern:7450098" version="271">
                  <ServiceLinkRef ref="OST:ServiceLink:200811072689904_2_200811072689899_2_642" />
                </ServiceLinkInJourneyPattern>
                <ServiceLinkInJourneyPattern order="32" id="OST:ServiceLinkInJourneyPattern:7450144" version="271">
                  <ServiceLinkRef ref="OST:ServiceLink:200811072688740_2_200811072688712_1_3803" />
                </ServiceLinkInJourneyPattern>
                <ServiceLinkInJourneyPattern order="9" id="OST:ServiceLinkInJourneyPattern:7450100" version="271">
                  <ServiceLinkRef ref="OST:ServiceLink:200811072689899_2_200811072689092_1_1259" />
                </ServiceLinkInJourneyPattern>
                <ServiceLinkInJourneyPattern order="12" id="OST:ServiceLinkInJourneyPattern:7450106" version="271">
                  <ServiceLinkRef ref="OST:ServiceLink:200811072689067_2_200811072689062_2_2008" />
                </ServiceLinkInJourneyPattern>
                <ServiceLinkInJourneyPattern order="26" id="OST:ServiceLinkInJourneyPattern:7450132" version="271">
                  <ServiceLinkRef ref="OST:ServiceLink:200811072688775_2_200811072688772_1_3803" />
                </ServiceLinkInJourneyPattern>
              </linksInSequence>
            </JourneyPattern>
          </journeyPatterns>
        </ServiceFrame>
        <TimetableFrame id="118482987" version="1">
          <vehicleJourneys>
            <ServiceJourney id="OST:ServiceJourney:412_211210122072242_1" publication="public" version="271">
              <Name>Kroksund-Mysen</Name>
              <PrivateCode>1</PrivateCode>
              <dayTypes>
                <DayTypeRef ref="OST:DayType:101" />
              </dayTypes>
              <JourneyPatternRef ref="OST:JourneyPattern:412_Outbound_211210121983209_211210121975025" version="271" />
              <LineRef ref="OST:Line:1_412" version="271" />
              <OperatorRef ref="OST:Operator:152" />
              <passingTimes>
                <TimetabledPassingTime id="OST:TimetabledPassingTime:211210122072242_1_06_30_00" version="271">
                  <DepartureTime>06:30:00</DepartureTime>
                  <StopPointInJourneyPatternRef ref="OST:StopPointInJourneyPattern:412_Outbound_211210121983209_1_211210121975025" version="271" />
                </TimetabledPassingTime>
                <TimetabledPassingTime id="OST:TimetabledPassingTime:211210122072242_3_06_34_00" version="271">
                  <DepartureTime>06:34:00</DepartureTime>
                  <StopPointInJourneyPatternRef ref="OST:StopPointInJourneyPattern:412_Outbound_211210121983209_3_211210121975025" version="271" />
                </TimetabledPassingTime>
                <TimetabledPassingTime id="OST:TimetabledPassingTime:211210122072242_2_06_34_00" version="271">
                  <DepartureTime>06:34:00</DepartureTime>
                  <StopPointInJourneyPatternRef ref="OST:StopPointInJourneyPattern:412_Outbound_211210121983209_2_211210121975025" version="271" />
                </TimetabledPassingTime>
                <TimetabledPassingTime id="OST:TimetabledPassingTime:211210122072242_5_06_37_00" version="271">
                  <DepartureTime>06:37:00</DepartureTime>
                  <StopPointInJourneyPatternRef ref="OST:StopPointInJourneyPattern:412_Outbound_211210121983209_5_211210121975025" version="271" />
                </TimetabledPassingTime>
                <TimetabledPassingTime id="OST:TimetabledPassingTime:211210122072242_4_06_37_00" version="271">
                  <DepartureTime>06:37:00</DepartureTime>
                  <StopPointInJourneyPatternRef ref="OST:StopPointInJourneyPattern:412_Outbound_211210121983209_4_211210121975025" version="271" />
                </TimetabledPassingTime>
                <TimetabledPassingTime id="OST:TimetabledPassingTime:211210122072242_6_06_39_00" version="271">
                  <DepartureTime>06:39:00</DepartureTime>
                  <StopPointInJourneyPatternRef ref="OST:StopPointInJourneyPattern:412_Outbound_211210121983209_6_211210121975025" version="271" />
                </TimetabledPassingTime>
                <TimetabledPassingTime id="OST:TimetabledPassingTime:211210122072242_7_06_42_00" version="271">
                  <DepartureTime>06:42:00</DepartureTime>
                  <StopPointInJourneyPatternRef ref="OST:StopPointInJourneyPattern:412_Outbound_211210121983209_7_211210121975025" version="271" />
                </TimetabledPassingTime>
                <TimetabledPassingTime id="OST:TimetabledPassingTime:211210122072242_8_06_47_00" version="271">
                  <DepartureTime>06:47:00</DepartureTime>
                  <StopPointInJourneyPatternRef ref="OST:StopPointInJourneyPattern:412_Outbound_211210121983209_8_211210121975025" version="271" />
                </TimetabledPassingTime>
                <TimetabledPassingTime id="OST:TimetabledPassingTime:211210122072242_9_06_48_00" version="271">
                  <DepartureTime>06:48:00</DepartureTime>
                  <StopPointInJourneyPatternRef ref="OST:StopPointInJourneyPattern:412_Outbound_211210121983209_9_211210121975025" version="271" />
                </TimetabledPassingTime>
                <TimetabledPassingTime id="OST:TimetabledPassingTime:211210122072242_10_06_50_00" version="271">
                  <DepartureTime>06:50:00</DepartureTime>
                  <StopPointInJourneyPatternRef ref="OST:StopPointInJourneyPattern:412_Outbound_211210121983209_10_211210121975025" version="271" />
                </TimetabledPassingTime>
                <TimetabledPassingTime id="OST:TimetabledPassingTime:211210122072242_11_06_55_00" version="271">
                  <DepartureTime>06:55:00</DepartureTime>
                  <StopPointInJourneyPatternRef ref="OST:StopPointInJourneyPattern:412_Outbound_211210121983209_11_211210121975025" version="271" />
                </TimetabledPassingTime>
                <TimetabledPassingTime id="OST:TimetabledPassingTime:211210122072242_12_06_58_00" version="271">
                  <DepartureTime>06:58:00</DepartureTime>
                  <StopPointInJourneyPatternRef ref="OST:StopPointInJourneyPattern:412_Outbound_211210121983209_12_211210121975025" version="271" />
                </TimetabledPassingTime>
                <TimetabledPassingTime id="OST:TimetabledPassingTime:211210122072242_13_07_00_00" version="271">
                  <DepartureTime>07:00:00</DepartureTime>
                  <StopPointInJourneyPatternRef ref="OST:StopPointInJourneyPattern:412_Outbound_211210121983209_13_211210121975025" version="271" />
                </TimetabledPassingTime>
                <TimetabledPassingTime id="OST:TimetabledPassingTime:211210122072242_14_07_01_00" version="271">
                  <DepartureTime>07:01:00</DepartureTime>
                  <StopPointInJourneyPatternRef ref="OST:StopPointInJourneyPattern:412_Outbound_211210121983209_14_211210121975025" version="271" />
                </TimetabledPassingTime>
                <TimetabledPassingTime id="OST:TimetabledPassingTime:211210122072242_16_07_04_00" version="271">
                  <DepartureTime>07:04:00</DepartureTime>
                  <StopPointInJourneyPatternRef ref="OST:StopPointInJourneyPattern:412_Outbound_211210121983209_16_211210121975025" version="271" />
                </TimetabledPassingTime>
                <TimetabledPassingTime id="OST:TimetabledPassingTime:211210122072242_15_07_04_00" version="271">
                  <DepartureTime>07:04:00</DepartureTime>
                  <StopPointInJourneyPatternRef ref="OST:StopPointInJourneyPattern:412_Outbound_211210121983209_15_211210121975025" version="271" />
                </TimetabledPassingTime>
                <TimetabledPassingTime id="OST:TimetabledPassingTime:211210122072242_17_07_05_00" version="271">
                  <DepartureTime>07:05:00</DepartureTime>
                  <StopPointInJourneyPatternRef ref="OST:StopPointInJourneyPattern:412_Outbound_211210121983209_17_211210121975025" version="271" />
                </TimetabledPassingTime>
                <TimetabledPassingTime id="OST:TimetabledPassingTime:211210122072242_18_07_06_00" version="271">
                  <DepartureTime>07:06:00</DepartureTime>
                  <StopPointInJourneyPatternRef ref="OST:StopPointInJourneyPattern:412_Outbound_211210121983209_18_211210121975025" version="271" />
                </TimetabledPassingTime>
                <TimetabledPassingTime id="OST:TimetabledPassingTime:211210122072242_19_07_09_00" version="271">
                  <DepartureTime>07:09:00</DepartureTime>
                  <StopPointInJourneyPatternRef ref="OST:StopPointInJourneyPattern:412_Outbound_211210121983209_19_211210121975025" version="271" />
                </TimetabledPassingTime>
                <TimetabledPassingTime id="OST:TimetabledPassingTime:211210122072242_21_07_12_00" version="271">
                  <DepartureTime>07:12:00</DepartureTime>
                  <StopPointInJourneyPatternRef ref="OST:StopPointInJourneyPattern:412_Outbound_211210121983209_21_211210121975025" version="271" />
                </TimetabledPassingTime>
                <TimetabledPassingTime id="OST:TimetabledPassingTime:211210122072242_20_07_12_00" version="271">
                  <DepartureTime>07:12:00</DepartureTime>
                  <StopPointInJourneyPatternRef ref="OST:StopPointInJourneyPattern:412_Outbound_211210121983209_20_211210121975025" version="271" />
                </TimetabledPassingTime>
                <TimetabledPassingTime id="OST:TimetabledPassingTime:211210122072242_22_07_13_00" version="271">
                  <DepartureTime>07:13:00</DepartureTime>
                  <StopPointInJourneyPatternRef ref="OST:StopPointInJourneyPattern:412_Outbound_211210121983209_22_211210121975025" version="271" />
                </TimetabledPassingTime>
                <TimetabledPassingTime id="OST:TimetabledPassingTime:211210122072242_23_07_15_00" version="271">
                  <DepartureTime>07:15:00</DepartureTime>
                  <StopPointInJourneyPatternRef ref="OST:StopPointInJourneyPattern:412_Outbound_211210121983209_23_211210121975025" version="271" />
                </TimetabledPassingTime>
                <TimetabledPassingTime id="OST:TimetabledPassingTime:211210122072242_24_07_16_00" version="271">
                  <DepartureTime>07:16:00</DepartureTime>
                  <StopPointInJourneyPatternRef ref="OST:StopPointInJourneyPattern:412_Outbound_211210121983209_24_211210121975025" version="271" />
                </TimetabledPassingTime>
                <TimetabledPassingTime id="OST:TimetabledPassingTime:211210122072242_25_07_18_00" version="271">
                  <DepartureTime>07:18:00</DepartureTime>
                  <StopPointInJourneyPatternRef ref="OST:StopPointInJourneyPattern:412_Outbound_211210121983209_25_211210121975025" version="271" />
                </TimetabledPassingTime>
                <TimetabledPassingTime id="OST:TimetabledPassingTime:211210122072242_26_07_21_00" version="271">
                  <DepartureTime>07:21:00</DepartureTime>
                  <StopPointInJourneyPatternRef ref="OST:StopPointInJourneyPattern:412_Outbound_211210121983209_26_211210121975025" version="271" />
                </TimetabledPassingTime>
                <TimetabledPassingTime id="OST:TimetabledPassingTime:211210122072242_27_07_24_00" version="271">
                  <DepartureTime>07:24:00</DepartureTime>
                  <StopPointInJourneyPatternRef ref="OST:StopPointInJourneyPattern:412_Outbound_211210121983209_27_211210121975025" version="271" />
                </TimetabledPassingTime>
                <TimetabledPassingTime id="OST:TimetabledPassingTime:211210122072242_28_07_26_00" version="271">
                  <DepartureTime>07:26:00</DepartureTime>
                  <StopPointInJourneyPatternRef ref="OST:StopPointInJourneyPattern:412_Outbound_211210121983209_28_211210121975025" version="271" />
                </TimetabledPassingTime>
                <TimetabledPassingTime id="OST:TimetabledPassingTime:211210122072242_29_07_27_00" version="271">
                  <DepartureTime>07:27:00</DepartureTime>
                  <StopPointInJourneyPatternRef ref="OST:StopPointInJourneyPattern:412_Outbound_211210121983209_29_211210121975025" version="271" />
                </TimetabledPassingTime>
                <TimetabledPassingTime id="OST:TimetabledPassingTime:211210122072242_30_07_29_00" version="271">
                  <DepartureTime>07:29:00</DepartureTime>
                  <StopPointInJourneyPatternRef ref="OST:StopPointInJourneyPattern:412_Outbound_211210121983209_30_211210121975025" version="271" />
                </TimetabledPassingTime>
                <TimetabledPassingTime id="OST:TimetabledPassingTime:211210122072242_31_07_30_00" version="271">
                  <DepartureTime>07:30:00</DepartureTime>
                  <StopPointInJourneyPatternRef ref="OST:StopPointInJourneyPattern:412_Outbound_211210121983209_31_211210121975025" version="271" />
                </TimetabledPassingTime>
                <TimetabledPassingTime id="OST:TimetabledPassingTime:211210122072242_32_07_30_00" version="271">
                  <DepartureTime>07:30:00</DepartureTime>
                  <StopPointInJourneyPatternRef ref="OST:StopPointInJourneyPattern:412_Outbound_211210121983209_32_211210121975025" version="271" />
                </TimetabledPassingTime>
                <TimetabledPassingTime id="OST:TimetabledPassingTime:211210122072242_33_07_31_00" version="271">
                  <DepartureTime>07:31:00</DepartureTime>
                  <StopPointInJourneyPatternRef ref="OST:StopPointInJourneyPattern:412_Outbound_211210121983209_33_211210121975025" version="271" />
                </TimetabledPassingTime>
                <TimetabledPassingTime id="OST:TimetabledPassingTime:211210122072242_34_07_32_00" version="271">
                  <DepartureTime>07:32:00</DepartureTime>
                  <StopPointInJourneyPatternRef ref="OST:StopPointInJourneyPattern:412_Outbound_211210121983209_34_211210121975025" version="271" />
                </TimetabledPassingTime>
                <TimetabledPassingTime id="OST:TimetabledPassingTime:211210122072242_35_07_32_00" version="271">
                  <DepartureTime>07:32:00</DepartureTime>
                  <StopPointInJourneyPatternRef ref="OST:StopPointInJourneyPattern:412_Outbound_211210121983209_35_211210121975025" version="271" />
                </TimetabledPassingTime>
                <TimetabledPassingTime id="OST:TimetabledPassingTime:211210122072242_36_07_33_00" version="271">
                  <DepartureTime>07:33:00</DepartureTime>
                  <StopPointInJourneyPatternRef ref="OST:StopPointInJourneyPattern:412_Outbound_211210121983209_36_211210121975025" version="271" />
                </TimetabledPassingTime>
                <TimetabledPassingTime id="OST:TimetabledPassingTime:211210122072242_37_07_37_00" version="271">
                  <ArrivalTime>07:37:00</ArrivalTime>
                  <StopPointInJourneyPatternRef ref="OST:StopPointInJourneyPattern:412_Outbound_211210121983209_37_211210121975025" version="271" />
                </TimetabledPassingTime>
              </passingTimes>
            </ServiceJourney>
            <ServiceJourney id="OST:ServiceJourney:412_211210122072243_2" publication="public" version="271">
              <Name>Kroksund-Ørje</Name>
              <PrivateCode>2</PrivateCode>
              <dayTypes>
                <DayTypeRef ref="OST:DayType:101" />
              </dayTypes>
              <JourneyPatternRef ref="OST:JourneyPattern:412_Inbound_211210121983210_211210121975025" version="271" />
              <LineRef ref="OST:Line:1_412" version="271" />
              <OperatorRef ref="OST:Operator:152" />
              <passingTimes>
                <TimetabledPassingTime id="OST:TimetabledPassingTime:211210122072243_2_15_30_00" version="271">
                  <DepartureTime>15:30:00</DepartureTime>
                  <StopPointInJourneyPatternRef ref="OST:StopPointInJourneyPattern:412_Inbound_211210121983210_2_211210121975025" version="271" />
                </TimetabledPassingTime>
                <TimetabledPassingTime id="OST:TimetabledPassingTime:211210122072243_1_15_30_00" version="271">
                  <DepartureTime>15:30:00</DepartureTime>
                  <StopPointInJourneyPatternRef ref="OST:StopPointInJourneyPattern:412_Inbound_211210121983210_1_211210121975025" version="271" />
                </TimetabledPassingTime>
                <TimetabledPassingTime id="OST:TimetabledPassingTime:211210122072243_3_15_30_00" version="271">
                  <DepartureTime>15:30:00</DepartureTime>
                  <StopPointInJourneyPatternRef ref="OST:StopPointInJourneyPattern:412_Inbound_211210121983210_3_211210121975025" version="271" />
                </TimetabledPassingTime>
                <TimetabledPassingTime id="OST:TimetabledPassingTime:211210122072243_5_15_31_00" version="271">
                  <DepartureTime>15:31:00</DepartureTime>
                  <StopPointInJourneyPatternRef ref="OST:StopPointInJourneyPattern:412_Inbound_211210121983210_5_211210121975025" version="271" />
                </TimetabledPassingTime>
                <TimetabledPassingTime id="OST:TimetabledPassingTime:211210122072243_4_15_31_00" version="271">
                  <DepartureTime>15:31:00</DepartureTime>
                  <StopPointInJourneyPatternRef ref="OST:StopPointInJourneyPattern:412_Inbound_211210121983210_4_211210121975025" version="271" />
                </TimetabledPassingTime>
                <TimetabledPassingTime id="OST:TimetabledPassingTime:211210122072243_6_15_32_00" version="271">
                  <DepartureTime>15:32:00</DepartureTime>
                  <StopPointInJourneyPatternRef ref="OST:StopPointInJourneyPattern:412_Inbound_211210121983210_6_211210121975025" version="271" />
                </TimetabledPassingTime>
                <TimetabledPassingTime id="OST:TimetabledPassingTime:211210122072243_7_15_35_00" version="271">
                  <DepartureTime>15:35:00</DepartureTime>
                  <StopPointInJourneyPatternRef ref="OST:StopPointInJourneyPattern:412_Inbound_211210121983210_7_211210121975025" version="271" />
                </TimetabledPassingTime>
                <TimetabledPassingTime id="OST:TimetabledPassingTime:211210122072243_8_15_36_00" version="271">
                  <DepartureTime>15:36:00</DepartureTime>
                  <StopPointInJourneyPatternRef ref="OST:StopPointInJourneyPattern:412_Inbound_211210121983210_8_211210121975025" version="271" />
                </TimetabledPassingTime>
                <TimetabledPassingTime id="OST:TimetabledPassingTime:211210122072243_9_15_37_00" version="271">
                  <DepartureTime>15:37:00</DepartureTime>
                  <StopPointInJourneyPatternRef ref="OST:StopPointInJourneyPattern:412_Inbound_211210121983210_9_211210121975025" version="271" />
                </TimetabledPassingTime>
                <TimetabledPassingTime id="OST:TimetabledPassingTime:211210122072243_10_15_39_00" version="271">
                  <DepartureTime>15:39:00</DepartureTime>
                  <StopPointInJourneyPatternRef ref="OST:StopPointInJourneyPattern:412_Inbound_211210121983210_10_211210121975025" version="271" />
                </TimetabledPassingTime>
                <TimetabledPassingTime id="OST:TimetabledPassingTime:211210122072243_11_15_44_00" version="271">
                  <DepartureTime>15:44:00</DepartureTime>
                  <StopPointInJourneyPatternRef ref="OST:StopPointInJourneyPattern:412_Inbound_211210121983210_11_211210121975025" version="271" />
                </TimetabledPassingTime>
                <TimetabledPassingTime id="OST:TimetabledPassingTime:211210122072243_12_15_47_00" version="271">
                  <DepartureTime>15:47:00</DepartureTime>
                  <StopPointInJourneyPatternRef ref="OST:StopPointInJourneyPattern:412_Inbound_211210121983210_12_211210121975025" version="271" />
                </TimetabledPassingTime>
                <TimetabledPassingTime id="OST:TimetabledPassingTime:211210122072243_13_15_50_00" version="271">
                  <DepartureTime>15:50:00</DepartureTime>
                  <StopPointInJourneyPatternRef ref="OST:StopPointInJourneyPattern:412_Inbound_211210121983210_13_211210121975025" version="271" />
                </TimetabledPassingTime>
                <TimetabledPassingTime id="OST:TimetabledPassingTime:211210122072243_14_15_50_00" version="271">
                  <DepartureTime>15:50:00</DepartureTime>
                  <StopPointInJourneyPatternRef ref="OST:StopPointInJourneyPattern:412_Inbound_211210121983210_14_211210121975025" version="271" />
                </TimetabledPassingTime>
                <TimetabledPassingTime id="OST:TimetabledPassingTime:211210122072243_15_15_51_00" version="271">
                  <DepartureTime>15:51:00</DepartureTime>
                  <StopPointInJourneyPatternRef ref="OST:StopPointInJourneyPattern:412_Inbound_211210121983210_15_211210121975025" version="271" />
                </TimetabledPassingTime>
                <TimetabledPassingTime id="OST:TimetabledPassingTime:211210122072243_16_15_52_00" version="271">
                  <DepartureTime>15:52:00</DepartureTime>
                  <StopPointInJourneyPatternRef ref="OST:StopPointInJourneyPattern:412_Inbound_211210121983210_16_211210121975025" version="271" />
                </TimetabledPassingTime>
                <TimetabledPassingTime id="OST:TimetabledPassingTime:211210122072243_17_15_56_00" version="271">
                  <DepartureTime>15:56:00</DepartureTime>
                  <StopPointInJourneyPatternRef ref="OST:StopPointInJourneyPattern:412_Inbound_211210121983210_17_211210121975025" version="271" />
                </TimetabledPassingTime>
                <TimetabledPassingTime id="OST:TimetabledPassingTime:211210122072243_18_15_57_00" version="271">
                  <DepartureTime>15:57:00</DepartureTime>
                  <StopPointInJourneyPatternRef ref="OST:StopPointInJourneyPattern:412_Inbound_211210121983210_18_211210121975025" version="271" />
                </TimetabledPassingTime>
                <TimetabledPassingTime id="OST:TimetabledPassingTime:211210122072243_19_16_00_00" version="271">
                  <DepartureTime>16:00:00</DepartureTime>
                  <StopPointInJourneyPatternRef ref="OST:StopPointInJourneyPattern:412_Inbound_211210121983210_19_211210121975025" version="271" />
                </TimetabledPassingTime>
                <TimetabledPassingTime id="OST:TimetabledPassingTime:211210122072243_20_16_01_00" version="271">
                  <DepartureTime>16:01:00</DepartureTime>
                  <StopPointInJourneyPatternRef ref="OST:StopPointInJourneyPattern:412_Inbound_211210121983210_20_211210121975025" version="271" />
                </TimetabledPassingTime>
                <TimetabledPassingTime id="OST:TimetabledPassingTime:211210122072243_21_16_02_00" version="271">
                  <DepartureTime>16:02:00</DepartureTime>
                  <StopPointInJourneyPatternRef ref="OST:StopPointInJourneyPattern:412_Inbound_211210121983210_21_211210121975025" version="271" />
                </TimetabledPassingTime>
                <TimetabledPassingTime id="OST:TimetabledPassingTime:211210122072243_22_16_03_00" version="271">
                  <DepartureTime>16:03:00</DepartureTime>
                  <StopPointInJourneyPatternRef ref="OST:StopPointInJourneyPattern:412_Inbound_211210121983210_22_211210121975025" version="271" />
                </TimetabledPassingTime>
                <TimetabledPassingTime id="OST:TimetabledPassingTime:211210122072243_23_16_05_00" version="271">
                  <DepartureTime>16:05:00</DepartureTime>
                  <StopPointInJourneyPatternRef ref="OST:StopPointInJourneyPattern:412_Inbound_211210121983210_23_211210121975025" version="271" />
                </TimetabledPassingTime>
                <TimetabledPassingTime id="OST:TimetabledPassingTime:211210122072243_25_16_08_00" version="271">
                  <DepartureTime>16:08:00</DepartureTime>
                  <StopPointInJourneyPatternRef ref="OST:StopPointInJourneyPattern:412_Inbound_211210121983210_25_211210121975025" version="271" />
                </TimetabledPassingTime>
                <TimetabledPassingTime id="OST:TimetabledPassingTime:211210122072243_24_16_08_00" version="271">
                  <DepartureTime>16:08:00</DepartureTime>
                  <StopPointInJourneyPatternRef ref="OST:StopPointInJourneyPattern:412_Inbound_211210121983210_24_211210121975025" version="271" />
                </TimetabledPassingTime>
                <TimetabledPassingTime id="OST:TimetabledPassingTime:211210122072243_26_16_09_00" version="271">
                  <DepartureTime>16:09:00</DepartureTime>
                  <StopPointInJourneyPatternRef ref="OST:StopPointInJourneyPattern:412_Inbound_211210121983210_26_211210121975025" version="271" />
                </TimetabledPassingTime>
                <TimetabledPassingTime id="OST:TimetabledPassingTime:211210122072243_27_16_13_00" version="271">
                  <DepartureTime>16:13:00</DepartureTime>
                  <StopPointInJourneyPatternRef ref="OST:StopPointInJourneyPattern:412_Inbound_211210121983210_27_211210121975025" version="271" />
                </TimetabledPassingTime>
                <TimetabledPassingTime id="OST:TimetabledPassingTime:211210122072243_28_16_16_00" version="271">
                  <DepartureTime>16:16:00</DepartureTime>
                  <StopPointInJourneyPatternRef ref="OST:StopPointInJourneyPattern:412_Inbound_211210121983210_28_211210121975025" version="271" />
                </TimetabledPassingTime>
                <TimetabledPassingTime id="OST:TimetabledPassingTime:211210122072243_29_16_17_00" version="271">
                  <DepartureTime>16:17:00</DepartureTime>
                  <StopPointInJourneyPatternRef ref="OST:StopPointInJourneyPattern:412_Inbound_211210121983210_29_211210121975025" version="271" />
                </TimetabledPassingTime>
                <TimetabledPassingTime id="OST:TimetabledPassingTime:211210122072243_30_16_18_00" version="271">
                  <DepartureTime>16:18:00</DepartureTime>
                  <StopPointInJourneyPatternRef ref="OST:StopPointInJourneyPattern:412_Inbound_211210121983210_30_211210121975025" version="271" />
                </TimetabledPassingTime>
                <TimetabledPassingTime id="OST:TimetabledPassingTime:211210122072243_31_16_21_00" version="271">
                  <DepartureTime>16:21:00</DepartureTime>
                  <StopPointInJourneyPatternRef ref="OST:StopPointInJourneyPattern:412_Inbound_211210121983210_31_211210121975025" version="271" />
                </TimetabledPassingTime>
                <TimetabledPassingTime id="OST:TimetabledPassingTime:211210122072243_32_16_22_00" version="271">
                  <DepartureTime>16:22:00</DepartureTime>
                  <StopPointInJourneyPatternRef ref="OST:StopPointInJourneyPattern:412_Inbound_211210121983210_32_211210121975025" version="271" />
                </TimetabledPassingTime>
                <TimetabledPassingTime id="OST:TimetabledPassingTime:211210122072243_33_16_30_00" version="271">
                  <ArrivalTime>16:30:00</ArrivalTime>
                  <StopPointInJourneyPatternRef ref="OST:StopPointInJourneyPattern:412_Inbound_211210121983210_33_211210121975025" version="271" />
                </TimetabledPassingTime>
              </passingTimes>
            </ServiceJourney>
          </vehicleJourneys>
        </TimetableFrame>
      </frames>
    </CompositeFrame>
  </dataObjects>
</PublicationDelivery>
