<?xml version="1.0" encoding="UTF-8"?>
<PublicationDelivery xmlns="http://www.netex.org.uk/netex" xmlns:gis="http://www.opengis.net/gml/3.2" xmlns:siri="http://www.siri.org.uk/siri" version="1.13:NO-NeTEx-networktimetable:1.3">
  <PublicationTimestamp>2022-05-26T00:05:35.012</PublicationTimestamp>
  <ParticipantRef>RB</ParticipantRef>
  <Description>Spydeberg skole</Description>
  <dataObjects>
    <CompositeFrame created="2022-04-08T10:32:34.29" id="2022665082" version="1">
      <validityConditions>
        <AvailabilityCondition id="550728723" version="1">
          <FromDate>2022-05-23T00:00:00</FromDate>
          <ToDate>2023-05-25T00:00:00</ToDate>
        </AvailabilityCondition>
      </validityConditions>
      <codespaces>
        <Codespace id="ost">
          <Xmlns>OST</Xmlns>
          <XmlnsUrl>http://www.rutebanken.org/ns/ost</XmlnsUrl>
        </Codespace>
        <Codespace id="nsr">
          <Xmlns>NSR</Xmlns>
          <XmlnsUrl>http://www.rutebanken.org/ns/nsr</XmlnsUrl>
        </Codespace>
      </codespaces>
      <FrameDefaults>
        <DefaultLocale>
          <TimeZone>Europe/Oslo</TimeZone>
          <DefaultLanguage>no</DefaultLanguage>
        </DefaultLocale>
      </FrameDefaults>
      <frames>
        <ServiceFrame id="1105225628" version="1">
          <routes>
            <Route id="OST:Route:454_Outbound_211210121983265_211210121975025" version="271">
              <Name>1-1</Name>
              <ShortName>1-1</ShortName>
              <LineRef ref="OST:Line:1_454" version="271" />
              <DirectionType>inbound</DirectionType>
              <pointsInSequence>
                <PointOnRoute id="OST:PointOnRoute:7450662" order="4" version="271">
                  <RoutePointRef ref="OST:RoutePoint:1233445_1" />
                </PointOnRoute>
                <PointOnRoute id="OST:PointOnRoute:7450661" order="3" version="271">
                  <RoutePointRef ref="OST:RoutePoint:1233440_1" />
                </PointOnRoute>
                <PointOnRoute id="OST:PointOnRoute:7450660" order="2" version="271">
                  <RoutePointRef ref="OST:RoutePoint:1233435_1" />
                </PointOnRoute>
                <PointOnRoute id="OST:PointOnRoute:7450659" order="1" version="271">
                  <RoutePointRef ref="OST:RoutePoint:1231820_2" />
                </PointOnRoute>
              </pointsInSequence>
            </Route>
            <Route id="OST:Route:454_Inbound_211210121983266_211210121975025" version="271">
              <Name>2-2</Name>
              <ShortName>2-2</ShortName>
              <LineRef ref="OST:Line:1_454" version="271" />
              <DirectionType>outbound</DirectionType>
              <pointsInSequence>
                <PointOnRoute id="OST:PointOnRoute:7450670" order="8" version="271">
                  <RoutePointRef ref="OST:RoutePoint:1231820_1" />
                </PointOnRoute>
                <PointOnRoute id="OST:PointOnRoute:7450669" order="7" version="271">
                  <RoutePointRef ref="OST:RoutePoint:1233440_2" />
                </PointOnRoute>
                <PointOnRoute id="OST:PointOnRoute:7450668" order="6" version="271">
                  <RoutePointRef ref="OST:RoutePoint:1233445_1" />
                </PointOnRoute>
                <PointOnRoute id="OST:PointOnRoute:7450667" order="5" version="271">
                  <RoutePointRef ref="OST:RoutePoint:1233450_2" />
                </PointOnRoute>
                <PointOnRoute id="OST:PointOnRoute:7450666" order="4" version="271">
                  <RoutePointRef ref="OST:RoutePoint:1381800_1" />
                </PointOnRoute>
                <PointOnRoute id="OST:PointOnRoute:7450665" order="3" version="271">
                  <RoutePointRef ref="OST:RoutePoint:1231820_1" />
                </PointOnRoute>
                <PointOnRoute id="OST:PointOnRoute:7450664" order="2" version="271">
                  <RoutePointRef ref="OST:RoutePoint:1233440_2" />
                </PointOnRoute>
                <PointOnRoute id="OST:PointOnRoute:7450663" order="1" version="271">
                  <RoutePointRef ref="OST:RoutePoint:1233445_2" />
                </PointOnRoute>
              </pointsInSequence>
            </Route>
            <Route id="OST:Route:454_Inbound_211210121983267_211210121975025" version="271">
              <Name>2-3</Name>
              <ShortName>2-3</ShortName>
              <LineRef ref="OST:Line:1_454" version="271" />
              <DirectionType>outbound</DirectionType>
              <pointsInSequence>
                <PointOnRoute id="OST:PointOnRoute:7450678" order="8" version="271">
                  <RoutePointRef ref="OST:RoutePoint:1233450_2" />
                </PointOnRoute>
                <PointOnRoute id="OST:PointOnRoute:7450677" order="7" version="271">
                  <RoutePointRef ref="OST:RoutePoint:1381800_1" />
                </PointOnRoute>
                <PointOnRoute id="OST:PointOnRoute:7450676" order="6" version="271">
                  <RoutePointRef ref="OST:RoutePoint:1231805_2" />
                </PointOnRoute>
                <PointOnRoute id="OST:PointOnRoute:7450675" order="5" version="271">
                  <RoutePointRef ref="OST:RoutePoint:1231810_2" />
                </PointOnRoute>
                <PointOnRoute id="OST:PointOnRoute:7450674" order="4" version="271">
                  <RoutePointRef ref="OST:RoutePoint:1231815_2" />
                </PointOnRoute>
                <PointOnRoute id="OST:PointOnRoute:7450673" order="3" version="271">
                  <RoutePointRef ref="OST:RoutePoint:1231820_1" />
                </PointOnRoute>
                <PointOnRoute id="OST:PointOnRoute:7450672" order="2" version="271">
                  <RoutePointRef ref="OST:RoutePoint:1233440_2" />
                </PointOnRoute>
                <PointOnRoute id="OST:PointOnRoute:7450671" order="1" version="271">
                  <RoutePointRef ref="OST:RoutePoint:1233445_2" />
                </PointOnRoute>
              </pointsInSequence>
            </Route>
          </routes>
          <lines>
            <Line id="OST:Line:1_454" version="271">
              <Name>Spydeberg skole</Name>
              <TransportMode>bus</TransportMode>
              <TransportSubmode>
                <BusSubmode>localBus</BusSubmode>
              </TransportSubmode>
              <PublicCode>454</PublicCode>
              <PrivateCode>454</PrivateCode>
              <OperatorRef ref="OST:Operator:152" />
              <RepresentedByGroupRef ref="OST:GroupOfLines:bus_1" />
            </Line>
          </lines>
          <journeyPatterns>
            <JourneyPattern id="OST:JourneyPattern:454_Outbound_211210121983265_211210121975025" version="271">
              <Name>1-1</Name>
              <RouteRef ref="OST:Route:454_Outbound_211210121983265_211210121975025" version="271" />
              <pointsInSequence>
                <StopPointInJourneyPattern order="2" id="OST:StopPointInJourneyPattern:454_Outbound_211210121983265_2_211210121975025" version="271">
                  <ScheduledStopPointRef ref="OST:ScheduledStopPoint:1233435_1" />
                </StopPointInJourneyPattern>
                <StopPointInJourneyPattern order="3" id="OST:StopPointInJourneyPattern:454_Outbound_211210121983265_3_211210121975025" version="271">
                  <ScheduledStopPointRef ref="OST:ScheduledStopPoint:1233440_1" />
                </StopPointInJourneyPattern>
                <StopPointInJourneyPattern order="1" id="OST:StopPointInJourneyPattern:454_Outbound_211210121983265_1_211210121975025" version="271">
                  <ForAlighting>false</ForAlighting>
                  <DestinationDisplayRef ref="OST:DestinationDisplay:464" />
                  <ScheduledStopPointRef ref="OST:ScheduledStopPoint:1231820_2" />
                </StopPointInJourneyPattern>
                <StopPointInJourneyPattern order="4" id="OST:StopPointInJourneyPattern:454_Outbound_211210121983265_4_211210121975025" version="271">
                  <ForBoarding>false</ForBoarding>
                  <ScheduledStopPointRef ref="OST:ScheduledStopPoint:1233445_1" />
                </StopPointInJourneyPattern>
              </pointsInSequence>
              <linksInSequence>
                <ServiceLinkInJourneyPattern order="3" id="OST:ServiceLinkInJourneyPattern:7450682" version="271">
                  <ServiceLinkRef ref="OST:ServiceLink:200811072689233_1_200811072689238_1_1441" />
                </ServiceLinkInJourneyPattern>
                <ServiceLinkInJourneyPattern order="1" id="OST:ServiceLinkInJourneyPattern:7450679" version="271">
                  <ServiceLinkRef ref="OST:ServiceLink:200811072689112_2_200811072689230_1_590" />
                </ServiceLinkInJourneyPattern>
                <ServiceLinkInJourneyPattern order="2" id="OST:ServiceLinkInJourneyPattern:7450681" version="271">
                  <ServiceLinkRef ref="OST:ServiceLink:200811072689230_1_200811072689233_1_949" />
                </ServiceLinkInJourneyPattern>
              </linksInSequence>
            </JourneyPattern>
            <JourneyPattern id="OST:JourneyPattern:454_Inbound_211210121983266_211210121975025" version="271">
              <Name>2-2</Name>
              <RouteRef ref="OST:Route:454_Inbound_211210121983266_211210121975025" version="271" />
              <pointsInSequence>
                <StopPointInJourneyPattern order="8" id="OST:StopPointInJourneyPattern:454_Inbound_211210121983266_8_211210121975025" version="271">
                  <ForBoarding>false</ForBoarding>
                  <ScheduledStopPointRef ref="OST:ScheduledStopPoint:1231820_1" />
                </StopPointInJourneyPattern>
                <StopPointInJourneyPattern order="4" id="OST:StopPointInJourneyPattern:454_Inbound_211210121983266_4_211210121975025" version="271">
                  <ScheduledStopPointRef ref="OST:ScheduledStopPoint:1381800_1" />
                </StopPointInJourneyPattern>
                <StopPointInJourneyPattern order="6" id="OST:StopPointInJourneyPattern:454_Inbound_211210121983266_6_211210121975025" version="271">
                  <ScheduledStopPointRef ref="OST:ScheduledStopPoint:1233445_1" />
                </StopPointInJourneyPattern>
                <StopPointInJourneyPattern order="3" id="OST:StopPointInJourneyPattern:454_Inbound_211210121983266_3_211210121975025" version="271">
                  <ScheduledStopPointRef ref="OST:ScheduledStopPoint:1231820_1" />
                </StopPointInJourneyPattern>
                <StopPointInJourneyPattern order="7" id="OST:StopPointInJourneyPattern:454_Inbound_211210121983266_7_211210121975025" version="271">
                  <ScheduledStopPointRef ref="OST:ScheduledStopPoint:1233440_2" />
                </StopPointInJourneyPattern>
                <StopPointInJourneyPattern order="1" id="OST:StopPointInJourneyPattern:454_Inbound_211210121983266_1_211210121975025" version="271">
                  <ForAlighting>false</ForAlighting>
                  <DestinationDisplayRef ref="OST:DestinationDisplay:465" />
                  <ScheduledStopPointRef ref="OST:ScheduledStopPoint:1233445_2" />
                </StopPointInJourneyPattern>
                <StopPointInJourneyPattern order="5" id="OST:StopPointInJourneyPattern:454_Inbound_211210121983266_5_211210121975025" version="271">
                  <ScheduledStopPointRef ref="OST:ScheduledStopPoint:1233450_2" />
                </StopPointInJourneyPattern>
                <StopPointInJourneyPattern order="2" id="OST:StopPointInJourneyPattern:454_Inbound_211210121983266_2_211210121975025" version="271">
                  <ScheduledStopPointRef ref="OST:ScheduledStopPoint:1233440_2" />
                </StopPointInJourneyPattern>
              </pointsInSequence>
              <linksInSequence>
                <ServiceLinkInJourneyPattern order="2" id="OST:ServiceLinkInJourneyPattern:7450684" version="271">
                  <ServiceLinkRef ref="OST:ServiceLink:200811072689235_2_200811072689110_1_1558" />
                </ServiceLinkInJourneyPattern>
                <ServiceLinkInJourneyPattern order="3" id="OST:ServiceLinkInJourneyPattern:7450685" version="271">
                  <ServiceLinkRef ref="OST:ServiceLink:200811072689110_1_200811072691923_1_3126" />
                </ServiceLinkInJourneyPattern>
                <ServiceLinkInJourneyPattern order="1" id="OST:ServiceLinkInJourneyPattern:7450683" version="271">
                  <ServiceLinkRef ref="OST:ServiceLink:200811072689240_2_200811072689235_2_1305" />
                </ServiceLinkInJourneyPattern>
                <ServiceLinkInJourneyPattern order="5" id="OST:ServiceLinkInJourneyPattern:7450689" version="271">
                  <ServiceLinkRef ref="OST:ServiceLink:200811072689245_2_200811072689238_1_690" />
                </ServiceLinkInJourneyPattern>
                <ServiceLinkInJourneyPattern order="7" id="OST:ServiceLinkInJourneyPattern:7450691" version="271">
                  <ServiceLinkRef ref="OST:ServiceLink:200811072689235_2_200811072689110_1_1558" />
                </ServiceLinkInJourneyPattern>
                <ServiceLinkInJourneyPattern order="6" id="OST:ServiceLinkInJourneyPattern:7450690" version="271">
                  <ServiceLinkRef ref="OST:ServiceLink:200811072689238_1_200811072689235_2_1318" />
                </ServiceLinkInJourneyPattern>
                <ServiceLinkInJourneyPattern order="4" id="OST:ServiceLinkInJourneyPattern:7450687" version="271">
                  <ServiceLinkRef ref="OST:ServiceLink:200811072691923_1_200811072689245_2_4379" />
                </ServiceLinkInJourneyPattern>
              </linksInSequence>
            </JourneyPattern>
            <JourneyPattern id="OST:JourneyPattern:454_Inbound_211210121983267_211210121975025" version="271">
              <Name>2-3</Name>
              <RouteRef ref="OST:Route:454_Inbound_211210121983267_211210121975025" version="271" />
              <pointsInSequence>
                <StopPointInJourneyPattern order="2" id="OST:StopPointInJourneyPattern:454_Inbound_211210121983267_2_211210121975025" version="271">
                  <ScheduledStopPointRef ref="OST:ScheduledStopPoint:1233440_2" />
                </StopPointInJourneyPattern>
                <StopPointInJourneyPattern order="1" id="OST:StopPointInJourneyPattern:454_Inbound_211210121983267_1_211210121975025" version="271">
                  <ForAlighting>false</ForAlighting>
                  <DestinationDisplayRef ref="OST:DestinationDisplay:465" />
                  <ScheduledStopPointRef ref="OST:ScheduledStopPoint:1233445_2" />
                </StopPointInJourneyPattern>
                <StopPointInJourneyPattern order="3" id="OST:StopPointInJourneyPattern:454_Inbound_211210121983267_3_211210121975025" version="271">
                  <ScheduledStopPointRef ref="OST:ScheduledStopPoint:1231820_1" />
                </StopPointInJourneyPattern>
                <StopPointInJourneyPattern order="6" id="OST:StopPointInJourneyPattern:454_Inbound_211210121983267_6_211210121975025" version="271">
                  <ScheduledStopPointRef ref="OST:ScheduledStopPoint:1231805_2" />
                </StopPointInJourneyPattern>
                <StopPointInJourneyPattern order="4" id="OST:StopPointInJourneyPattern:454_Inbound_211210121983267_4_211210121975025" version="271">
                  <ScheduledStopPointRef ref="OST:ScheduledStopPoint:1231815_2" />
                </StopPointInJourneyPattern>
                <StopPointInJourneyPattern order="5" id="OST:StopPointInJourneyPattern:454_Inbound_211210121983267_5_211210121975025" version="271">
                  <ScheduledStopPointRef ref="OST:ScheduledStopPoint:1231810_2" />
                </StopPointInJourneyPattern>
                <StopPointInJourneyPattern order="7" id="OST:StopPointInJourneyPattern:454_Inbound_211210121983267_7_211210121975025" version="271">
                  <ScheduledStopPointRef ref="OST:ScheduledStopPoint:1381800_1" />
                </StopPointInJourneyPattern>
                <StopPointInJourneyPattern order="8" id="OST:StopPointInJourneyPattern:454_Inbound_211210121983267_8_211210121975025" version="271">
                  <ForBoarding>false</ForBoarding>
                  <ScheduledStopPointRef ref="OST:ScheduledStopPoint:1233450_2" />
                </StopPointInJourneyPattern>
              </pointsInSequence>
              <linksInSequence>
                <ServiceLinkInJourneyPattern order="3" id="OST:ServiceLinkInJourneyPattern:7450694" version="271">
                  <ServiceLinkRef ref="OST:ServiceLink:200811072689110_1_200811072689107_2_1140" />
                </ServiceLinkInJourneyPattern>
                <ServiceLinkInJourneyPattern order="7" id="OST:ServiceLinkInJourneyPattern:7450699" version="271">
                  <ServiceLinkRef ref="OST:ServiceLink:200811072691923_1_200811072689245_2_4379" />
                </ServiceLinkInJourneyPattern>
                <ServiceLinkInJourneyPattern order="4" id="OST:ServiceLinkInJourneyPattern:7450695" version="271">
                  <ServiceLinkRef ref="OST:ServiceLink:200811072689107_2_200811072689102_2_435" />
                </ServiceLinkInJourneyPattern>
                <ServiceLinkInJourneyPattern order="1" id="OST:ServiceLinkInJourneyPattern:7450692" version="271">
                  <ServiceLinkRef ref="OST:ServiceLink:200811072689240_2_200811072689235_2_1305" />
                </ServiceLinkInJourneyPattern>
                <ServiceLinkInJourneyPattern order="2" id="OST:ServiceLinkInJourneyPattern:7450693" version="271">
                  <ServiceLinkRef ref="OST:ServiceLink:200811072689235_2_200811072689110_1_1558" />
                </ServiceLinkInJourneyPattern>
                <ServiceLinkInJourneyPattern order="5" id="OST:ServiceLinkInJourneyPattern:7450696" version="271">
                  <ServiceLinkRef ref="OST:ServiceLink:200811072689102_2_200811072689097_2_970" />
                </ServiceLinkInJourneyPattern>
                <ServiceLinkInJourneyPattern order="6" id="OST:ServiceLinkInJourneyPattern:7450697" version="271">
                  <ServiceLinkRef ref="OST:ServiceLink:200811072689097_2_200811072691923_1_580" />
                </ServiceLinkInJourneyPattern>
              </linksInSequence>
            </JourneyPattern>
          </journeyPatterns>
        </ServiceFrame>
        <TimetableFrame id="1071725108" version="1">
          <vehicleJourneys>
            <ServiceJourney id="OST:ServiceJourney:454_211210122072310_4" publication="public" version="271">
              <Name>Spydeberg sentrum-Bjaberg</Name>
              <PrivateCode>4</PrivateCode>
              <dayTypes>
                <DayTypeRef ref="OST:DayType:79" />
              </dayTypes>
              <JourneyPatternRef ref="OST:JourneyPattern:454_Inbound_211210121983266_211210121975025" version="271" />
              <LineRef ref="OST:Line:1_454" version="271" />
              <OperatorRef ref="OST:Operator:152" />
              <passingTimes>
                <TimetabledPassingTime id="OST:TimetabledPassingTime:211210122072310_1_13_05_00" version="271">
                  <DepartureTime>13:05:00</DepartureTime>
                  <StopPointInJourneyPatternRef ref="OST:StopPointInJourneyPattern:454_Inbound_211210121983266_1_211210121975025" version="271" />
                </TimetabledPassingTime>
                <TimetabledPassingTime id="OST:TimetabledPassingTime:211210122072310_2_13_08_00" version="271">
                  <DepartureTime>13:08:00</DepartureTime>
                  <StopPointInJourneyPatternRef ref="OST:StopPointInJourneyPattern:454_Inbound_211210121983266_2_211210121975025" version="271" />
                </TimetabledPassingTime>
                <TimetabledPassingTime id="OST:TimetabledPassingTime:211210122072310_3_13_11_00" version="271">
                  <DepartureTime>13:11:00</DepartureTime>
                  <StopPointInJourneyPatternRef ref="OST:StopPointInJourneyPattern:454_Inbound_211210121983266_3_211210121975025" version="271" />
                </TimetabledPassingTime>
                <TimetabledPassingTime id="OST:TimetabledPassingTime:211210122072310_4_13_21_00" version="271">
                  <DepartureTime>13:21:00</DepartureTime>
                  <StopPointInJourneyPatternRef ref="OST:StopPointInJourneyPattern:454_Inbound_211210121983266_4_211210121975025" version="271" />
                </TimetabledPassingTime>
                <TimetabledPassingTime id="OST:TimetabledPassingTime:211210122072310_5_13_24_00" version="271">
                  <DepartureTime>13:24:00</DepartureTime>
                  <StopPointInJourneyPatternRef ref="OST:StopPointInJourneyPattern:454_Inbound_211210121983266_5_211210121975025" version="271" />
                </TimetabledPassingTime>
                <TimetabledPassingTime id="OST:TimetabledPassingTime:211210122072310_6_13_26_00" version="271">
                  <DepartureTime>13:26:00</DepartureTime>
                  <StopPointInJourneyPatternRef ref="OST:StopPointInJourneyPattern:454_Inbound_211210121983266_6_211210121975025" version="271" />
                </TimetabledPassingTime>
                <TimetabledPassingTime id="OST:TimetabledPassingTime:211210122072310_7_13_32_00" version="271">
                  <DepartureTime>13:32:00</DepartureTime>
                  <StopPointInJourneyPatternRef ref="OST:StopPointInJourneyPattern:454_Inbound_211210121983266_7_211210121975025" version="271" />
                </TimetabledPassingTime>
                <TimetabledPassingTime id="OST:TimetabledPassingTime:211210122072310_8_13_40_00" version="271">
                  <ArrivalTime>13:40:00</ArrivalTime>
                  <StopPointInJourneyPatternRef ref="OST:StopPointInJourneyPattern:454_Inbound_211210121983266_8_211210121975025" version="271" />
                </TimetabledPassingTime>
              </passingTimes>
            </ServiceJourney>
            <ServiceJourney id="OST:ServiceJourney:454_211210122072308_1" publication="public" version="271">
              <Name>Spydeberg sentrum</Name>
              <PrivateCode>1</PrivateCode>
              <dayTypes>
                <DayTypeRef ref="OST:DayType:121" />
              </dayTypes>
              <JourneyPatternRef ref="OST:JourneyPattern:454_Outbound_211210121983265_211210121975025" version="271" />
              <LineRef ref="OST:Line:1_454" version="271" />
              <OperatorRef ref="OST:Operator:152" />
              <passingTimes>
                <TimetabledPassingTime id="OST:TimetabledPassingTime:211210122072308_1_07_48_00" version="271">
                  <DepartureTime>07:48:00</DepartureTime>
                  <StopPointInJourneyPatternRef ref="OST:StopPointInJourneyPattern:454_Outbound_211210121983265_1_211210121975025" version="271" />
                </TimetabledPassingTime>
                <TimetabledPassingTime id="OST:TimetabledPassingTime:211210122072308_2_07_49_00" version="271">
                  <DepartureTime>07:49:00</DepartureTime>
                  <StopPointInJourneyPatternRef ref="OST:StopPointInJourneyPattern:454_Outbound_211210121983265_2_211210121975025" version="271" />
                </TimetabledPassingTime>
                <TimetabledPassingTime id="OST:TimetabledPassingTime:211210122072308_3_07_51_00" version="271">
                  <DepartureTime>07:51:00</DepartureTime>
                  <StopPointInJourneyPatternRef ref="OST:StopPointInJourneyPattern:454_Outbound_211210121983265_3_211210121975025" version="271" />
                </TimetabledPassingTime>
                <TimetabledPassingTime id="OST:TimetabledPassingTime:211210122072308_4_07_55_00" version="271">
                  <ArrivalTime>07:55:00</ArrivalTime>
                  <StopPointInJourneyPatternRef ref="OST:StopPointInJourneyPattern:454_Outbound_211210121983265_4_211210121975025" version="271" />
                </TimetabledPassingTime>
              </passingTimes>
            </ServiceJourney>
            <ServiceJourney id="OST:ServiceJourney:454_211210122072309_2" publication="public" version="271">
              <Name>Spydeberg sentrum-Bjaberg</Name>
              <PrivateCode>2</PrivateCode>
              <dayTypes>
                <DayTypeRef ref="OST:DayType:111" />
              </dayTypes>
              <JourneyPatternRef ref="OST:JourneyPattern:454_Inbound_211210121983267_211210121975025" version="271" />
              <LineRef ref="OST:Line:1_454" version="271" />
              <OperatorRef ref="OST:Operator:152" />
              <passingTimes>
                <TimetabledPassingTime id="OST:TimetabledPassingTime:211210122072309_1_13_05_00" version="271">
                  <DepartureTime>13:05:00</DepartureTime>
                  <StopPointInJourneyPatternRef ref="OST:StopPointInJourneyPattern:454_Inbound_211210121983267_1_211210121975025" version="271" />
                </TimetabledPassingTime>
                <TimetabledPassingTime id="OST:TimetabledPassingTime:211210122072309_2_13_06_00" version="271">
                  <DepartureTime>13:06:00</DepartureTime>
                  <StopPointInJourneyPatternRef ref="OST:StopPointInJourneyPattern:454_Inbound_211210121983267_2_211210121975025" version="271" />
                </TimetabledPassingTime>
                <TimetabledPassingTime id="OST:TimetabledPassingTime:211210122072309_3_13_09_00" version="271">
                  <DepartureTime>13:09:00</DepartureTime>
                  <StopPointInJourneyPatternRef ref="OST:StopPointInJourneyPattern:454_Inbound_211210121983267_3_211210121975025" version="271" />
                </TimetabledPassingTime>
                <TimetabledPassingTime id="OST:TimetabledPassingTime:211210122072309_4_13_10_00" version="271">
                  <DepartureTime>13:10:00</DepartureTime>
                  <StopPointInJourneyPatternRef ref="OST:StopPointInJourneyPattern:454_Inbound_211210121983267_4_211210121975025" version="271" />
                </TimetabledPassingTime>
                <TimetabledPassingTime id="OST:TimetabledPassingTime:211210122072309_5_13_11_00" version="271">
                  <DepartureTime>13:11:00</DepartureTime>
                  <StopPointInJourneyPatternRef ref="OST:StopPointInJourneyPattern:454_Inbound_211210121983267_5_211210121975025" version="271" />
                </TimetabledPassingTime>
                <TimetabledPassingTime id="OST:TimetabledPassingTime:211210122072309_6_13_13_00" version="271">
                  <DepartureTime>13:13:00</DepartureTime>
                  <StopPointInJourneyPatternRef ref="OST:StopPointInJourneyPattern:454_Inbound_211210121983267_6_211210121975025" version="271" />
                </TimetabledPassingTime>
                <TimetabledPassingTime id="OST:TimetabledPassingTime:211210122072309_7_13_15_00" version="271">
                  <DepartureTime>13:15:00</DepartureTime>
                  <StopPointInJourneyPatternRef ref="OST:StopPointInJourneyPattern:454_Inbound_211210121983267_7_211210121975025" version="271" />
                </TimetabledPassingTime>
                <TimetabledPassingTime id="OST:TimetabledPassingTime:211210122072309_8_13_25_00" version="271">
                  <ArrivalTime>13:25:00</ArrivalTime>
                  <StopPointInJourneyPatternRef ref="OST:StopPointInJourneyPattern:454_Inbound_211210121983267_8_211210121975025" version="271" />
                </TimetabledPassingTime>
              </passingTimes>
            </ServiceJourney>
          </vehicleJourneys>
        </TimetableFrame>
      </frames>
    </CompositeFrame>
  </dataObjects>
</PublicationDelivery>
