<?xml version="1.0" encoding="UTF-8"?>
<PublicationDelivery xmlns="http://www.netex.org.uk/netex" xmlns:gis="http://www.opengis.net/gml/3.2" xmlns:siri="http://www.siri.org.uk/siri" version="1.13:NO-NeTEx-networktimetable:1.3">
  <PublicationTimestamp>2022-05-26T00:05:35.012</PublicationTimestamp>
  <ParticipantRef>RB</ParticipantRef>
  <Description>Tomb vgs</Description>
  <dataObjects>
    <CompositeFrame created="2022-04-08T10:32:34.29" id="801453426" version="1">
      <validityConditions>
        <AvailabilityCondition id="735567299" version="1">
          <FromDate>2022-05-23T00:00:00</FromDate>
          <ToDate>2023-05-25T00:00:00</ToDate>
        </AvailabilityCondition>
      </validityConditions>
      <codespaces>
        <Codespace id="ost">
          <Xmlns>OST</Xmlns>
          <XmlnsUrl>http://www.rutebanken.org/ns/ost</XmlnsUrl>
        </Codespace>
        <Codespace id="nsr">
          <Xmlns>NSR</Xmlns>
          <XmlnsUrl>http://www.rutebanken.org/ns/nsr</XmlnsUrl>
        </Codespace>
      </codespaces>
      <FrameDefaults>
        <DefaultLocale>
          <TimeZone>Europe/Oslo</TimeZone>
          <DefaultLanguage>no</DefaultLanguage>
        </DefaultLocale>
      </FrameDefaults>
      <frames>
        <ServiceFrame id="1670128658" version="1">
          <routes>
            <Route id="OST:Route:165_Inbound_211210121982812_211210121975025" version="271">
              <Name>2-1</Name>
              <ShortName>2-1</ShortName>
              <LineRef ref="OST:Line:1_165" version="271" />
              <DirectionType>outbound</DirectionType>
              <pointsInSequence>
                <PointOnRoute id="OST:PointOnRoute:7424229" order="2" version="271">
                  <RoutePointRef ref="OST:RoutePoint:1351466_1" />
                </PointOnRoute>
                <PointOnRoute id="OST:PointOnRoute:7424235" order="8" version="271">
                  <RoutePointRef ref="OST:RoutePoint:1351220_1" />
                </PointOnRoute>
                <PointOnRoute id="OST:PointOnRoute:7424238" order="11" version="271">
                  <RoutePointRef ref="OST:RoutePoint:1351235_1" />
                </PointOnRoute>
                <PointOnRoute id="OST:PointOnRoute:7424236" order="9" version="271">
                  <RoutePointRef ref="OST:RoutePoint:1351225_1" />
                </PointOnRoute>
                <PointOnRoute id="OST:PointOnRoute:7424233" order="6" version="271">
                  <RoutePointRef ref="OST:RoutePoint:1351210_1" />
                </PointOnRoute>
                <PointOnRoute id="OST:PointOnRoute:7424234" order="7" version="271">
                  <RoutePointRef ref="OST:RoutePoint:1351215_1" />
                </PointOnRoute>
                <PointOnRoute id="OST:PointOnRoute:7424231" order="4" version="271">
                  <RoutePointRef ref="OST:RoutePoint:1351200_1" />
                </PointOnRoute>
                <PointOnRoute id="OST:PointOnRoute:7424232" order="5" version="271">
                  <RoutePointRef ref="OST:RoutePoint:1351205_1" />
                </PointOnRoute>
                <PointOnRoute id="OST:PointOnRoute:7424230" order="3" version="271">
                  <RoutePointRef ref="OST:RoutePoint:1351195_1" />
                </PointOnRoute>
                <PointOnRoute id="OST:PointOnRoute:7424239" order="12" version="271">
                  <RoutePointRef ref="OST:RoutePoint:1351240_2" />
                </PointOnRoute>
                <PointOnRoute id="OST:PointOnRoute:7424237" order="10" version="271">
                  <RoutePointRef ref="OST:RoutePoint:1351230_1" />
                </PointOnRoute>
                <PointOnRoute id="OST:PointOnRoute:7424228" order="1" version="271">
                  <RoutePointRef ref="OST:RoutePoint:1351468_2" />
                </PointOnRoute>
              </pointsInSequence>
            </Route>
          </routes>
          <lines>
            <Line id="OST:Line:1_165" version="271">
              <Name>Tomb vgs</Name>
              <TransportMode>bus</TransportMode>
              <TransportSubmode>
                <BusSubmode>localBus</BusSubmode>
              </TransportSubmode>
              <PublicCode>165</PublicCode>
              <PrivateCode>165</PrivateCode>
              <OperatorRef ref="OST:Operator:152" />
              <RepresentedByGroupRef ref="OST:GroupOfLines:bus_1" />
            </Line>
          </lines>
          <journeyPatterns>
            <JourneyPattern id="OST:JourneyPattern:165_Inbound_211210121982812_211210121975025" version="271">
              <Name>2-1</Name>
              <RouteRef ref="OST:Route:165_Inbound_211210121982812_211210121975025" version="271" />
              <pointsInSequence>
                <StopPointInJourneyPattern order="5" id="OST:StopPointInJourneyPattern:165_Inbound_211210121982812_5_211210121975025" version="271">
                  <ScheduledStopPointRef ref="OST:ScheduledStopPoint:1351205_1" />
                </StopPointInJourneyPattern>
                <StopPointInJourneyPattern order="2" id="OST:StopPointInJourneyPattern:165_Inbound_211210121982812_2_211210121975025" version="271">
                  <ScheduledStopPointRef ref="OST:ScheduledStopPoint:1351466_1" />
                </StopPointInJourneyPattern>
                <StopPointInJourneyPattern order="12" id="OST:StopPointInJourneyPattern:165_Inbound_211210121982812_12_211210121975025" version="271">
                  <ForBoarding>false</ForBoarding>
                  <ScheduledStopPointRef ref="OST:ScheduledStopPoint:1351240_2" />
                </StopPointInJourneyPattern>
                <StopPointInJourneyPattern order="8" id="OST:StopPointInJourneyPattern:165_Inbound_211210121982812_8_211210121975025" version="271">
                  <ScheduledStopPointRef ref="OST:ScheduledStopPoint:1351220_1" />
                </StopPointInJourneyPattern>
                <StopPointInJourneyPattern order="9" id="OST:StopPointInJourneyPattern:165_Inbound_211210121982812_9_211210121975025" version="271">
                  <ScheduledStopPointRef ref="OST:ScheduledStopPoint:1351225_1" />
                </StopPointInJourneyPattern>
                <StopPointInJourneyPattern order="4" id="OST:StopPointInJourneyPattern:165_Inbound_211210121982812_4_211210121975025" version="271">
                  <ScheduledStopPointRef ref="OST:ScheduledStopPoint:1351200_1" />
                </StopPointInJourneyPattern>
                <StopPointInJourneyPattern order="7" id="OST:StopPointInJourneyPattern:165_Inbound_211210121982812_7_211210121975025" version="271">
                  <ScheduledStopPointRef ref="OST:ScheduledStopPoint:1351215_1" />
                </StopPointInJourneyPattern>
                <StopPointInJourneyPattern order="3" id="OST:StopPointInJourneyPattern:165_Inbound_211210121982812_3_211210121975025" version="271">
                  <ScheduledStopPointRef ref="OST:ScheduledStopPoint:1351195_1" />
                </StopPointInJourneyPattern>
                <StopPointInJourneyPattern order="11" id="OST:StopPointInJourneyPattern:165_Inbound_211210121982812_11_211210121975025" version="271">
                  <ScheduledStopPointRef ref="OST:ScheduledStopPoint:1351235_1" />
                </StopPointInJourneyPattern>
                <StopPointInJourneyPattern order="6" id="OST:StopPointInJourneyPattern:165_Inbound_211210121982812_6_211210121975025" version="271">
                  <ScheduledStopPointRef ref="OST:ScheduledStopPoint:1351210_1" />
                </StopPointInJourneyPattern>
                <StopPointInJourneyPattern order="10" id="OST:StopPointInJourneyPattern:165_Inbound_211210121982812_10_211210121975025" version="271">
                  <ScheduledStopPointRef ref="OST:ScheduledStopPoint:1351230_1" />
                </StopPointInJourneyPattern>
                <StopPointInJourneyPattern order="1" id="OST:StopPointInJourneyPattern:165_Inbound_211210121982812_1_211210121975025" version="271">
                  <ForAlighting>false</ForAlighting>
                  <DestinationDisplayRef ref="OST:DestinationDisplay:311" />
                  <ScheduledStopPointRef ref="OST:ScheduledStopPoint:1351468_2" />
                </StopPointInJourneyPattern>
              </pointsInSequence>
              <linksInSequence>
                <ServiceLinkInJourneyPattern order="6" id="OST:ServiceLinkInJourneyPattern:7424247" version="271">
                  <ServiceLinkRef ref="OST:ServiceLink:200811072690922_1_200811072690927_1_377" />
                </ServiceLinkInJourneyPattern>
                <ServiceLinkInJourneyPattern order="1" id="OST:ServiceLinkInJourneyPattern:7424240" version="271">
                  <ServiceLinkRef ref="OST:ServiceLink:200811072691043_2_200811072691040_1_3931" />
                </ServiceLinkInJourneyPattern>
                <ServiceLinkInJourneyPattern order="11" id="OST:ServiceLinkInJourneyPattern:7424252" version="271">
                  <ServiceLinkRef ref="OST:ServiceLink:200811072690947_1_200811072690950_2_552" />
                </ServiceLinkInJourneyPattern>
                <ServiceLinkInJourneyPattern order="4" id="OST:ServiceLinkInJourneyPattern:7424245" version="271">
                  <ServiceLinkRef ref="OST:ServiceLink:200811072690912_1_200811072690917_1_465" />
                </ServiceLinkInJourneyPattern>
                <ServiceLinkInJourneyPattern order="10" id="OST:ServiceLinkInJourneyPattern:7424251" version="271">
                  <ServiceLinkRef ref="OST:ServiceLink:200811072690942_1_200811072690947_1_276" />
                </ServiceLinkInJourneyPattern>
                <ServiceLinkInJourneyPattern order="5" id="OST:ServiceLinkInJourneyPattern:7424246" version="271">
                  <ServiceLinkRef ref="OST:ServiceLink:200811072690917_1_200811072690922_1_309" />
                </ServiceLinkInJourneyPattern>
                <ServiceLinkInJourneyPattern order="3" id="OST:ServiceLinkInJourneyPattern:7424244" version="271">
                  <ServiceLinkRef ref="OST:ServiceLink:200811072690905_1_200811072690912_1_403" />
                </ServiceLinkInJourneyPattern>
                <ServiceLinkInJourneyPattern order="9" id="OST:ServiceLinkInJourneyPattern:7424250" version="271">
                  <ServiceLinkRef ref="OST:ServiceLink:200811072690937_1_200811072690942_1_278" />
                </ServiceLinkInJourneyPattern>
                <ServiceLinkInJourneyPattern order="8" id="OST:ServiceLinkInJourneyPattern:7424249" version="271">
                  <ServiceLinkRef ref="OST:ServiceLink:200811072690930_1_200811072690937_1_292" />
                </ServiceLinkInJourneyPattern>
                <ServiceLinkInJourneyPattern order="2" id="OST:ServiceLinkInJourneyPattern:7424242" version="271">
                  <ServiceLinkRef ref="OST:ServiceLink:200811072691040_1_200811072690905_1_1466" />
                </ServiceLinkInJourneyPattern>
                <ServiceLinkInJourneyPattern order="7" id="OST:ServiceLinkInJourneyPattern:7424248" version="271">
                  <ServiceLinkRef ref="OST:ServiceLink:200811072690927_1_200811072690930_1_539" />
                </ServiceLinkInJourneyPattern>
              </linksInSequence>
            </JourneyPattern>
          </journeyPatterns>
        </ServiceFrame>
        <TimetableFrame id="995331570" version="1">
          <vehicleJourneys>
            <ServiceJourney id="OST:ServiceJourney:165_211210122070644_6" publication="public" version="271">
              <Name>Missingmyr</Name>
              <PrivateCode>6</PrivateCode>
              <dayTypes>
                <DayTypeRef ref="OST:DayType:116" />
              </dayTypes>
              <JourneyPatternRef ref="OST:JourneyPattern:165_Inbound_211210121982812_211210121975025" version="271" />
              <LineRef ref="OST:Line:1_165" version="271" />
              <OperatorRef ref="OST:Operator:152" />
              <passingTimes>
                <TimetabledPassingTime id="OST:TimetabledPassingTime:211210122070644_1_15_35_00" version="271">
                  <DepartureTime>15:35:00</DepartureTime>
                  <StopPointInJourneyPatternRef ref="OST:StopPointInJourneyPattern:165_Inbound_211210121982812_1_211210121975025" version="271" />
                </TimetabledPassingTime>
                <TimetabledPassingTime id="OST:TimetabledPassingTime:211210122070644_2_15_44_00" version="271">
                  <DepartureTime>15:44:00</DepartureTime>
                  <StopPointInJourneyPatternRef ref="OST:StopPointInJourneyPattern:165_Inbound_211210121982812_2_211210121975025" version="271" />
                </TimetabledPassingTime>
                <TimetabledPassingTime id="OST:TimetabledPassingTime:211210122070644_3_15_47_00" version="271">
                  <DepartureTime>15:47:00</DepartureTime>
                  <StopPointInJourneyPatternRef ref="OST:StopPointInJourneyPattern:165_Inbound_211210121982812_3_211210121975025" version="271" />
                </TimetabledPassingTime>
                <TimetabledPassingTime id="OST:TimetabledPassingTime:211210122070644_4_15_47_00" version="271">
                  <DepartureTime>15:47:00</DepartureTime>
                  <StopPointInJourneyPatternRef ref="OST:StopPointInJourneyPattern:165_Inbound_211210121982812_4_211210121975025" version="271" />
                </TimetabledPassingTime>
                <TimetabledPassingTime id="OST:TimetabledPassingTime:211210122070644_5_15_48_00" version="271">
                  <DepartureTime>15:48:00</DepartureTime>
                  <StopPointInJourneyPatternRef ref="OST:StopPointInJourneyPattern:165_Inbound_211210121982812_5_211210121975025" version="271" />
                </TimetabledPassingTime>
                <TimetabledPassingTime id="OST:TimetabledPassingTime:211210122070644_6_15_49_00" version="271">
                  <DepartureTime>15:49:00</DepartureTime>
                  <StopPointInJourneyPatternRef ref="OST:StopPointInJourneyPattern:165_Inbound_211210121982812_6_211210121975025" version="271" />
                </TimetabledPassingTime>
                <TimetabledPassingTime id="OST:TimetabledPassingTime:211210122070644_7_15_50_00" version="271">
                  <DepartureTime>15:50:00</DepartureTime>
                  <StopPointInJourneyPatternRef ref="OST:StopPointInJourneyPattern:165_Inbound_211210121982812_7_211210121975025" version="271" />
                </TimetabledPassingTime>
                <TimetabledPassingTime id="OST:TimetabledPassingTime:211210122070644_8_15_51_00" version="271">
                  <DepartureTime>15:51:00</DepartureTime>
                  <StopPointInJourneyPatternRef ref="OST:StopPointInJourneyPattern:165_Inbound_211210121982812_8_211210121975025" version="271" />
                </TimetabledPassingTime>
                <TimetabledPassingTime id="OST:TimetabledPassingTime:211210122070644_9_15_52_00" version="271">
                  <DepartureTime>15:52:00</DepartureTime>
                  <StopPointInJourneyPatternRef ref="OST:StopPointInJourneyPattern:165_Inbound_211210121982812_9_211210121975025" version="271" />
                </TimetabledPassingTime>
                <TimetabledPassingTime id="OST:TimetabledPassingTime:211210122070644_10_15_53_00" version="271">
                  <DepartureTime>15:53:00</DepartureTime>
                  <StopPointInJourneyPatternRef ref="OST:StopPointInJourneyPattern:165_Inbound_211210121982812_10_211210121975025" version="271" />
                </TimetabledPassingTime>
                <TimetabledPassingTime id="OST:TimetabledPassingTime:211210122070644_11_15_53_00" version="271">
                  <DepartureTime>15:53:00</DepartureTime>
                  <StopPointInJourneyPatternRef ref="OST:StopPointInJourneyPattern:165_Inbound_211210121982812_11_211210121975025" version="271" />
                </TimetabledPassingTime>
                <TimetabledPassingTime id="OST:TimetabledPassingTime:211210122070644_12_15_55_00" version="271">
                  <ArrivalTime>15:55:00</ArrivalTime>
                  <StopPointInJourneyPatternRef ref="OST:StopPointInJourneyPattern:165_Inbound_211210121982812_12_211210121975025" version="271" />
                </TimetabledPassingTime>
              </passingTimes>
            </ServiceJourney>
            <ServiceJourney id="OST:ServiceJourney:165_211210122070643_2" publication="public" version="271">
              <Name>Missingmyr</Name>
              <PrivateCode>2</PrivateCode>
              <dayTypes>
                <DayTypeRef ref="OST:DayType:102" />
              </dayTypes>
              <JourneyPatternRef ref="OST:JourneyPattern:165_Inbound_211210121982812_211210121975025" version="271" />
              <LineRef ref="OST:Line:1_165" version="271" />
              <OperatorRef ref="OST:Operator:152" />
              <passingTimes>
                <TimetabledPassingTime id="OST:TimetabledPassingTime:211210122070643_1_14_55_00" version="271">
                  <DepartureTime>14:55:00</DepartureTime>
                  <StopPointInJourneyPatternRef ref="OST:StopPointInJourneyPattern:165_Inbound_211210121982812_1_211210121975025" version="271" />
                </TimetabledPassingTime>
                <TimetabledPassingTime id="OST:TimetabledPassingTime:211210122070643_2_15_04_00" version="271">
                  <DepartureTime>15:04:00</DepartureTime>
                  <StopPointInJourneyPatternRef ref="OST:StopPointInJourneyPattern:165_Inbound_211210121982812_2_211210121975025" version="271" />
                </TimetabledPassingTime>
                <TimetabledPassingTime id="OST:TimetabledPassingTime:211210122070643_4_15_07_00" version="271">
                  <DepartureTime>15:07:00</DepartureTime>
                  <StopPointInJourneyPatternRef ref="OST:StopPointInJourneyPattern:165_Inbound_211210121982812_4_211210121975025" version="271" />
                </TimetabledPassingTime>
                <TimetabledPassingTime id="OST:TimetabledPassingTime:211210122070643_3_15_07_00" version="271">
                  <DepartureTime>15:07:00</DepartureTime>
                  <StopPointInJourneyPatternRef ref="OST:StopPointInJourneyPattern:165_Inbound_211210121982812_3_211210121975025" version="271" />
                </TimetabledPassingTime>
                <TimetabledPassingTime id="OST:TimetabledPassingTime:211210122070643_5_15_08_00" version="271">
                  <DepartureTime>15:08:00</DepartureTime>
                  <StopPointInJourneyPatternRef ref="OST:StopPointInJourneyPattern:165_Inbound_211210121982812_5_211210121975025" version="271" />
                </TimetabledPassingTime>
                <TimetabledPassingTime id="OST:TimetabledPassingTime:211210122070643_6_15_09_00" version="271">
                  <DepartureTime>15:09:00</DepartureTime>
                  <StopPointInJourneyPatternRef ref="OST:StopPointInJourneyPattern:165_Inbound_211210121982812_6_211210121975025" version="271" />
                </TimetabledPassingTime>
                <TimetabledPassingTime id="OST:TimetabledPassingTime:211210122070643_7_15_10_00" version="271">
                  <DepartureTime>15:10:00</DepartureTime>
                  <StopPointInJourneyPatternRef ref="OST:StopPointInJourneyPattern:165_Inbound_211210121982812_7_211210121975025" version="271" />
                </TimetabledPassingTime>
                <TimetabledPassingTime id="OST:TimetabledPassingTime:211210122070643_8_15_11_00" version="271">
                  <DepartureTime>15:11:00</DepartureTime>
                  <StopPointInJourneyPatternRef ref="OST:StopPointInJourneyPattern:165_Inbound_211210121982812_8_211210121975025" version="271" />
                </TimetabledPassingTime>
                <TimetabledPassingTime id="OST:TimetabledPassingTime:211210122070643_9_15_12_00" version="271">
                  <DepartureTime>15:12:00</DepartureTime>
                  <StopPointInJourneyPatternRef ref="OST:StopPointInJourneyPattern:165_Inbound_211210121982812_9_211210121975025" version="271" />
                </TimetabledPassingTime>
                <TimetabledPassingTime id="OST:TimetabledPassingTime:211210122070643_11_15_13_00" version="271">
                  <DepartureTime>15:13:00</DepartureTime>
                  <StopPointInJourneyPatternRef ref="OST:StopPointInJourneyPattern:165_Inbound_211210121982812_11_211210121975025" version="271" />
                </TimetabledPassingTime>
                <TimetabledPassingTime id="OST:TimetabledPassingTime:211210122070643_10_15_13_00" version="271">
                  <DepartureTime>15:13:00</DepartureTime>
                  <StopPointInJourneyPatternRef ref="OST:StopPointInJourneyPattern:165_Inbound_211210121982812_10_211210121975025" version="271" />
                </TimetabledPassingTime>
                <TimetabledPassingTime id="OST:TimetabledPassingTime:211210122070643_12_15_15_00" version="271">
                  <ArrivalTime>15:15:00</ArrivalTime>
                  <StopPointInJourneyPatternRef ref="OST:StopPointInJourneyPattern:165_Inbound_211210121982812_12_211210121975025" version="271" />
                </TimetabledPassingTime>
              </passingTimes>
            </ServiceJourney>
          </vehicleJourneys>
        </TimetableFrame>
      </frames>
    </CompositeFrame>
  </dataObjects>
</PublicationDelivery>
