<?xml version="1.0" encoding="UTF-8"?>
<PublicationDelivery xmlns="http://www.netex.org.uk/netex" xmlns:gis="http://www.opengis.net/gml/3.2" xmlns:siri="http://www.siri.org.uk/siri" version="1.13:NO-NeTEx-networktimetable:1.3">
  <PublicationTimestamp>2022-05-26T00:05:35.012</PublicationTimestamp>
  <ParticipantRef>RB</ParticipantRef>
  <Description>Lund-Askim</Description>
  <dataObjects>
    <CompositeFrame created="2022-04-08T10:32:34.29" id="1719436739" version="1">
      <validityConditions>
        <AvailabilityCondition id="984809421" version="1">
          <FromDate>2022-05-23T00:00:00</FromDate>
          <ToDate>2023-05-25T00:00:00</ToDate>
        </AvailabilityCondition>
      </validityConditions>
      <codespaces>
        <Codespace id="ost">
          <Xmlns>OST</Xmlns>
          <XmlnsUrl>http://www.rutebanken.org/ns/ost</XmlnsUrl>
        </Codespace>
        <Codespace id="nsr">
          <Xmlns>NSR</Xmlns>
          <XmlnsUrl>http://www.rutebanken.org/ns/nsr</XmlnsUrl>
        </Codespace>
      </codespaces>
      <FrameDefaults>
        <DefaultLocale>
          <TimeZone>Europe/Oslo</TimeZone>
          <DefaultLanguage>no</DefaultLanguage>
        </DefaultLocale>
      </FrameDefaults>
      <frames>
        <ServiceFrame id="507532912" version="1">
          <routes>
            <Route id="OST:Route:406_Inbound_211210121983165_211210121975025" version="271">
              <Name>2-2</Name>
              <ShortName>2-2</ShortName>
              <LineRef ref="OST:Line:1_406" version="271" />
              <DirectionType>outbound</DirectionType>
              <pointsInSequence>
                <PointOnRoute id="OST:PointOnRoute:7447332" order="3" version="271">
                  <RoutePointRef ref="OST:RoutePoint:1241890_1" />
                </PointOnRoute>
                <PointOnRoute id="OST:PointOnRoute:7447342" order="13" version="271">
                  <RoutePointRef ref="OST:RoutePoint:1231830_2" />
                </PointOnRoute>
                <PointOnRoute id="OST:PointOnRoute:7447339" order="10" version="271">
                  <RoutePointRef ref="OST:RoutePoint:1241850_2" />
                </PointOnRoute>
                <PointOnRoute id="OST:PointOnRoute:7447330" order="1" version="271">
                  <RoutePointRef ref="OST:RoutePoint:1242295_1" />
                </PointOnRoute>
                <PointOnRoute id="OST:PointOnRoute:7447343" order="14" version="271">
                  <RoutePointRef ref="OST:RoutePoint:1231825_2" />
                </PointOnRoute>
                <PointOnRoute id="OST:PointOnRoute:7447340" order="11" version="271">
                  <RoutePointRef ref="OST:RoutePoint:1241845_2" />
                </PointOnRoute>
                <PointOnRoute id="OST:PointOnRoute:7447337" order="8" version="271">
                  <RoutePointRef ref="OST:RoutePoint:1243555_1" />
                </PointOnRoute>
                <PointOnRoute id="OST:PointOnRoute:7447341" order="12" version="271">
                  <RoutePointRef ref="OST:RoutePoint:1231835_2" />
                </PointOnRoute>
                <PointOnRoute id="OST:PointOnRoute:7447338" order="9" version="271">
                  <RoutePointRef ref="OST:RoutePoint:1243556_2" />
                </PointOnRoute>
                <PointOnRoute id="OST:PointOnRoute:7447335" order="6" version="271">
                  <RoutePointRef ref="OST:RoutePoint:1241875_2" />
                </PointOnRoute>
                <PointOnRoute id="OST:PointOnRoute:7447336" order="7" version="271">
                  <RoutePointRef ref="OST:RoutePoint:1241870_2" />
                </PointOnRoute>
                <PointOnRoute id="OST:PointOnRoute:7447333" order="4" version="271">
                  <RoutePointRef ref="OST:RoutePoint:1241885_2" />
                </PointOnRoute>
                <PointOnRoute id="OST:PointOnRoute:7447334" order="5" version="271">
                  <RoutePointRef ref="OST:RoutePoint:1241880_1" />
                </PointOnRoute>
                <PointOnRoute id="OST:PointOnRoute:7447331" order="2" version="271">
                  <RoutePointRef ref="OST:RoutePoint:1242300_1" />
                </PointOnRoute>
                <PointOnRoute id="OST:PointOnRoute:7447344" order="15" version="271">
                  <RoutePointRef ref="OST:RoutePoint:1231820_1" />
                </PointOnRoute>
              </pointsInSequence>
            </Route>
            <Route id="OST:Route:406_Inbound_211210121983166_211210121975025" version="271">
              <Name>2-3</Name>
              <ShortName>2-3</ShortName>
              <LineRef ref="OST:Line:1_406" version="271" />
              <DirectionType>outbound</DirectionType>
              <pointsInSequence>
                <PointOnRoute id="OST:PointOnRoute:7447357" order="13" version="271">
                  <RoutePointRef ref="OST:RoutePoint:1273509_4" />
                </PointOnRoute>
                <PointOnRoute id="OST:PointOnRoute:7447351" order="7" version="271">
                  <RoutePointRef ref="OST:RoutePoint:1233452_1" />
                </PointOnRoute>
                <PointOnRoute id="OST:PointOnRoute:7447356" order="12" version="271">
                  <RoutePointRef ref="OST:RoutePoint:1273508_2" />
                </PointOnRoute>
                <PointOnRoute id="OST:PointOnRoute:7447358" order="14" version="271">
                  <RoutePointRef ref="OST:RoutePoint:1273510_3" />
                </PointOnRoute>
                <PointOnRoute id="OST:PointOnRoute:7447348" order="4" version="271">
                  <RoutePointRef ref="OST:RoutePoint:1231805_2" />
                </PointOnRoute>
                <PointOnRoute id="OST:PointOnRoute:7447350" order="6" version="271">
                  <RoutePointRef ref="OST:RoutePoint:1233451_1" />
                </PointOnRoute>
                <PointOnRoute id="OST:PointOnRoute:7447349" order="5" version="271">
                  <RoutePointRef ref="OST:RoutePoint:1233450_1" />
                </PointOnRoute>
                <PointOnRoute id="OST:PointOnRoute:7447355" order="11" version="271">
                  <RoutePointRef ref="OST:RoutePoint:1233461_2" />
                </PointOnRoute>
                <PointOnRoute id="OST:PointOnRoute:7447346" order="2" version="271">
                  <RoutePointRef ref="OST:RoutePoint:1231815_2" />
                </PointOnRoute>
                <PointOnRoute id="OST:PointOnRoute:7447353" order="9" version="271">
                  <RoutePointRef ref="OST:RoutePoint:1233454_1" />
                </PointOnRoute>
                <PointOnRoute id="OST:PointOnRoute:7447347" order="3" version="271">
                  <RoutePointRef ref="OST:RoutePoint:1231810_2" />
                </PointOnRoute>
                <PointOnRoute id="OST:PointOnRoute:7447352" order="8" version="271">
                  <RoutePointRef ref="OST:RoutePoint:1233453_1" />
                </PointOnRoute>
                <PointOnRoute id="OST:PointOnRoute:7447354" order="10" version="271">
                  <RoutePointRef ref="OST:RoutePoint:1233459_6" />
                </PointOnRoute>
                <PointOnRoute id="OST:PointOnRoute:7447345" order="1" version="271">
                  <RoutePointRef ref="OST:RoutePoint:1231820_1" />
                </PointOnRoute>
              </pointsInSequence>
            </Route>
            <Route id="OST:Route:406_Outbound_211210121983164_211210121975025" version="271">
              <Name>1-1</Name>
              <ShortName>1-1</ShortName>
              <LineRef ref="OST:Line:1_406" version="271" />
              <DirectionType>inbound</DirectionType>
              <pointsInSequence>
                <PointOnRoute id="OST:PointOnRoute:7447320" order="22" version="271">
                  <RoutePointRef ref="OST:RoutePoint:1231835_1" />
                </PointOnRoute>
                <PointOnRoute id="OST:PointOnRoute:7447328" order="30" version="271">
                  <RoutePointRef ref="OST:RoutePoint:1242300_2" />
                </PointOnRoute>
                <PointOnRoute id="OST:PointOnRoute:7447326" order="28" version="271">
                  <RoutePointRef ref="OST:RoutePoint:1241875_1" />
                </PointOnRoute>
                <PointOnRoute id="OST:PointOnRoute:7447311" order="13" version="271">
                  <RoutePointRef ref="OST:RoutePoint:1233452_2" />
                </PointOnRoute>
                <PointOnRoute id="OST:PointOnRoute:7447319" order="21" version="271">
                  <RoutePointRef ref="OST:RoutePoint:1231830_1" />
                </PointOnRoute>
                <PointOnRoute id="OST:PointOnRoute:7447316" order="18" version="271">
                  <RoutePointRef ref="OST:RoutePoint:1233435_1" />
                </PointOnRoute>
                <PointOnRoute id="OST:PointOnRoute:7447317" order="19" version="271">
                  <RoutePointRef ref="OST:RoutePoint:1231820_1" />
                </PointOnRoute>
                <PointOnRoute id="OST:PointOnRoute:7447314" order="16" version="271">
                  <RoutePointRef ref="OST:RoutePoint:1233445_1" />
                </PointOnRoute>
                <PointOnRoute id="OST:PointOnRoute:7447307" order="9" version="271">
                  <RoutePointRef ref="OST:RoutePoint:1233461_1" />
                </PointOnRoute>
                <PointOnRoute id="OST:PointOnRoute:7447323" order="25" version="271">
                  <RoutePointRef ref="OST:RoutePoint:1241855_1" />
                </PointOnRoute>
                <PointOnRoute id="OST:PointOnRoute:7447305" order="7" version="271">
                  <RoutePointRef ref="OST:RoutePoint:1273509_3" />
                </PointOnRoute>
                <PointOnRoute id="OST:PointOnRoute:7447329" order="31" version="271">
                  <RoutePointRef ref="OST:RoutePoint:1242295_1" />
                </PointOnRoute>
                <PointOnRoute id="OST:PointOnRoute:7447321" order="23" version="271">
                  <RoutePointRef ref="OST:RoutePoint:1241845_1" />
                </PointOnRoute>
                <PointOnRoute id="OST:PointOnRoute:7447315" order="17" version="271">
                  <RoutePointRef ref="OST:RoutePoint:1233440_2" />
                </PointOnRoute>
                <PointOnRoute id="OST:PointOnRoute:7447300" order="2" version="271">
                  <RoutePointRef ref="OST:RoutePoint:1273495_1" />
                </PointOnRoute>
                <PointOnRoute id="OST:PointOnRoute:7447308" order="10" version="271">
                  <RoutePointRef ref="OST:RoutePoint:1233459_5" />
                </PointOnRoute>
                <PointOnRoute id="OST:PointOnRoute:7447299" order="1" version="271">
                  <RoutePointRef ref="OST:RoutePoint:1273490_1" />
                </PointOnRoute>
                <PointOnRoute id="OST:PointOnRoute:7447313" order="15" version="271">
                  <RoutePointRef ref="OST:RoutePoint:1233450_2" />
                </PointOnRoute>
                <PointOnRoute id="OST:PointOnRoute:7447324" order="26" version="271">
                  <RoutePointRef ref="OST:RoutePoint:1241865_1" />
                </PointOnRoute>
                <PointOnRoute id="OST:PointOnRoute:7447306" order="8" version="271">
                  <RoutePointRef ref="OST:RoutePoint:1273508_1" />
                </PointOnRoute>
                <PointOnRoute id="OST:PointOnRoute:7447303" order="5" version="271">
                  <RoutePointRef ref="OST:RoutePoint:1273505_2" />
                </PointOnRoute>
                <PointOnRoute id="OST:PointOnRoute:7447301" order="3" version="271">
                  <RoutePointRef ref="OST:RoutePoint:1273500_1" />
                </PointOnRoute>
                <PointOnRoute id="OST:PointOnRoute:7447312" order="14" version="271">
                  <RoutePointRef ref="OST:RoutePoint:1233451_2" />
                </PointOnRoute>
                <PointOnRoute id="OST:PointOnRoute:7447322" order="24" version="271">
                  <RoutePointRef ref="OST:RoutePoint:1241850_1" />
                </PointOnRoute>
                <PointOnRoute id="OST:PointOnRoute:7447327" order="29" version="271">
                  <RoutePointRef ref="OST:RoutePoint:1241885_1" />
                </PointOnRoute>
                <PointOnRoute id="OST:PointOnRoute:7447325" order="27" version="271">
                  <RoutePointRef ref="OST:RoutePoint:1241870_1" />
                </PointOnRoute>
                <PointOnRoute id="OST:PointOnRoute:7447309" order="11" version="271">
                  <RoutePointRef ref="OST:RoutePoint:1233454_2" />
                </PointOnRoute>
                <PointOnRoute id="OST:PointOnRoute:7447310" order="12" version="271">
                  <RoutePointRef ref="OST:RoutePoint:1233453_2" />
                </PointOnRoute>
                <PointOnRoute id="OST:PointOnRoute:7447304" order="6" version="271">
                  <RoutePointRef ref="OST:RoutePoint:1273510_2" />
                </PointOnRoute>
                <PointOnRoute id="OST:PointOnRoute:7447318" order="20" version="271">
                  <RoutePointRef ref="OST:RoutePoint:1231825_1" />
                </PointOnRoute>
                <PointOnRoute id="OST:PointOnRoute:7447302" order="4" version="271">
                  <RoutePointRef ref="OST:RoutePoint:1273506_1" />
                </PointOnRoute>
              </pointsInSequence>
            </Route>
          </routes>
          <lines>
            <Line id="OST:Line:1_406" version="271">
              <Name>Lund-Askim</Name>
              <TransportMode>bus</TransportMode>
              <TransportSubmode>
                <BusSubmode>localBus</BusSubmode>
              </TransportSubmode>
              <PublicCode>406</PublicCode>
              <PrivateCode>406</PrivateCode>
              <OperatorRef ref="OST:Operator:152" />
              <RepresentedByGroupRef ref="OST:GroupOfLines:bus_1" />
            </Line>
          </lines>
          <journeyPatterns>
            <JourneyPattern id="OST:JourneyPattern:406_Inbound_211210121983165_211210121975025" version="271">
              <Name>2-2</Name>
              <RouteRef ref="OST:Route:406_Inbound_211210121983165_211210121975025" version="271" />
              <pointsInSequence>
                <StopPointInJourneyPattern order="15" id="OST:StopPointInJourneyPattern:406_Inbound_211210121983165_15_211210121975025" version="271">
                  <ForBoarding>false</ForBoarding>
                  <ScheduledStopPointRef ref="OST:ScheduledStopPoint:1231820_1" />
                </StopPointInJourneyPattern>
                <StopPointInJourneyPattern order="3" id="OST:StopPointInJourneyPattern:406_Inbound_211210121983165_3_211210121975025" version="271">
                  <ScheduledStopPointRef ref="OST:ScheduledStopPoint:1241890_1" />
                </StopPointInJourneyPattern>
                <StopPointInJourneyPattern order="6" id="OST:StopPointInJourneyPattern:406_Inbound_211210121983165_6_211210121975025" version="271">
                  <ScheduledStopPointRef ref="OST:ScheduledStopPoint:1241875_2" />
                </StopPointInJourneyPattern>
                <StopPointInJourneyPattern order="12" id="OST:StopPointInJourneyPattern:406_Inbound_211210121983165_12_211210121975025" version="271">
                  <ScheduledStopPointRef ref="OST:ScheduledStopPoint:1231835_2" />
                </StopPointInJourneyPattern>
                <StopPointInJourneyPattern order="10" id="OST:StopPointInJourneyPattern:406_Inbound_211210121983165_10_211210121975025" version="271">
                  <ScheduledStopPointRef ref="OST:ScheduledStopPoint:1241850_2" />
                </StopPointInJourneyPattern>
                <StopPointInJourneyPattern order="1" id="OST:StopPointInJourneyPattern:406_Inbound_211210121983165_1_211210121975025" version="271">
                  <ForAlighting>false</ForAlighting>
                  <DestinationDisplayRef ref="OST:DestinationDisplay:219" />
                  <ScheduledStopPointRef ref="OST:ScheduledStopPoint:1242295_1" />
                </StopPointInJourneyPattern>
                <StopPointInJourneyPattern order="7" id="OST:StopPointInJourneyPattern:406_Inbound_211210121983165_7_211210121975025" version="271">
                  <ScheduledStopPointRef ref="OST:ScheduledStopPoint:1241870_2" />
                </StopPointInJourneyPattern>
                <StopPointInJourneyPattern order="14" id="OST:StopPointInJourneyPattern:406_Inbound_211210121983165_14_211210121975025" version="271">
                  <ScheduledStopPointRef ref="OST:ScheduledStopPoint:1231825_2" />
                </StopPointInJourneyPattern>
                <StopPointInJourneyPattern order="9" id="OST:StopPointInJourneyPattern:406_Inbound_211210121983165_9_211210121975025" version="271">
                  <ScheduledStopPointRef ref="OST:ScheduledStopPoint:1243556_2" />
                </StopPointInJourneyPattern>
                <StopPointInJourneyPattern order="2" id="OST:StopPointInJourneyPattern:406_Inbound_211210121983165_2_211210121975025" version="271">
                  <ScheduledStopPointRef ref="OST:ScheduledStopPoint:1242300_1" />
                </StopPointInJourneyPattern>
                <StopPointInJourneyPattern order="8" id="OST:StopPointInJourneyPattern:406_Inbound_211210121983165_8_211210121975025" version="271">
                  <ScheduledStopPointRef ref="OST:ScheduledStopPoint:1243555_1" />
                </StopPointInJourneyPattern>
                <StopPointInJourneyPattern order="4" id="OST:StopPointInJourneyPattern:406_Inbound_211210121983165_4_211210121975025" version="271">
                  <ScheduledStopPointRef ref="OST:ScheduledStopPoint:1241885_2" />
                </StopPointInJourneyPattern>
                <StopPointInJourneyPattern order="11" id="OST:StopPointInJourneyPattern:406_Inbound_211210121983165_11_211210121975025" version="271">
                  <ScheduledStopPointRef ref="OST:ScheduledStopPoint:1241845_2" />
                </StopPointInJourneyPattern>
                <StopPointInJourneyPattern order="5" id="OST:StopPointInJourneyPattern:406_Inbound_211210121983165_5_211210121975025" version="271">
                  <ScheduledStopPointRef ref="OST:ScheduledStopPoint:1241880_1" />
                </StopPointInJourneyPattern>
                <StopPointInJourneyPattern order="13" id="OST:StopPointInJourneyPattern:406_Inbound_211210121983165_13_211210121975025" version="271">
                  <ScheduledStopPointRef ref="OST:ScheduledStopPoint:1231830_2" />
                </StopPointInJourneyPattern>
              </pointsInSequence>
              <linksInSequence>
                <ServiceLinkInJourneyPattern order="2" id="OST:ServiceLinkInJourneyPattern:7447408" version="271">
                  <ServiceLinkRef ref="OST:ServiceLink:200811072689409_1_200811072689349_1_329" />
                </ServiceLinkInJourneyPattern>
                <ServiceLinkInJourneyPattern order="10" id="OST:ServiceLinkInJourneyPattern:7447419" version="271">
                  <ServiceLinkRef ref="OST:ServiceLink:200811072689313_2_200811072689308_2_415" />
                </ServiceLinkInJourneyPattern>
                <ServiceLinkInJourneyPattern order="12" id="OST:ServiceLinkInJourneyPattern:7447421" version="271">
                  <ServiceLinkRef ref="OST:ServiceLink:200811072689127_2_200811072689122_2_618" />
                </ServiceLinkInJourneyPattern>
                <ServiceLinkInJourneyPattern order="7" id="OST:ServiceLinkInJourneyPattern:7447413" version="271">
                  <ServiceLinkRef ref="OST:ServiceLink:200811072689331_2_200811072689650_1_2191" />
                </ServiceLinkInJourneyPattern>
                <ServiceLinkInJourneyPattern order="13" id="OST:ServiceLinkInJourneyPattern:7447422" version="271">
                  <ServiceLinkRef ref="OST:ServiceLink:200811072689122_2_200811072689117_2_536" />
                </ServiceLinkInJourneyPattern>
                <ServiceLinkInJourneyPattern order="9" id="OST:ServiceLinkInJourneyPattern:7447417" version="271">
                  <ServiceLinkRef ref="OST:ServiceLink:201012111306385_2_200811072689313_2_1070" />
                </ServiceLinkInJourneyPattern>
                <ServiceLinkInJourneyPattern order="11" id="OST:ServiceLinkInJourneyPattern:7447420" version="271">
                  <ServiceLinkRef ref="OST:ServiceLink:200811072689308_2_200811072689127_2_1179" />
                </ServiceLinkInJourneyPattern>
                <ServiceLinkInJourneyPattern order="5" id="OST:ServiceLinkInJourneyPattern:7447411" version="271">
                  <ServiceLinkRef ref="OST:ServiceLink:200811072689339_1_200811072689336_2_339" />
                </ServiceLinkInJourneyPattern>
                <ServiceLinkInJourneyPattern order="3" id="OST:ServiceLinkInJourneyPattern:7447409" version="271">
                  <ServiceLinkRef ref="OST:ServiceLink:200811072689349_1_200811072689344_2_423" />
                </ServiceLinkInJourneyPattern>
                <ServiceLinkInJourneyPattern order="6" id="OST:ServiceLinkInJourneyPattern:7447412" version="271">
                  <ServiceLinkRef ref="OST:ServiceLink:200811072689336_2_200811072689331_2_353" />
                </ServiceLinkInJourneyPattern>
                <ServiceLinkInJourneyPattern order="8" id="OST:ServiceLinkInJourneyPattern:7447415" version="271">
                  <ServiceLinkRef ref="OST:ServiceLink:200811072689650_1_201012111306385_2_709" />
                </ServiceLinkInJourneyPattern>
                <ServiceLinkInJourneyPattern order="14" id="OST:ServiceLinkInJourneyPattern:7447423" version="271">
                  <ServiceLinkRef ref="OST:ServiceLink:200811072689117_2_200811072689110_1_704" />
                </ServiceLinkInJourneyPattern>
                <ServiceLinkInJourneyPattern order="1" id="OST:ServiceLinkInJourneyPattern:7447407" version="271">
                  <ServiceLinkRef ref="OST:ServiceLink:200811072689402_1_200811072689409_1_680" />
                </ServiceLinkInJourneyPattern>
                <ServiceLinkInJourneyPattern order="4" id="OST:ServiceLinkInJourneyPattern:7447410" version="271">
                  <ServiceLinkRef ref="OST:ServiceLink:200811072689344_2_200811072689339_1_308" />
                </ServiceLinkInJourneyPattern>
              </linksInSequence>
            </JourneyPattern>
            <JourneyPattern id="OST:JourneyPattern:406_Inbound_211210121983166_211210121975025" version="271">
              <Name>2-3</Name>
              <RouteRef ref="OST:Route:406_Inbound_211210121983166_211210121975025" version="271" />
              <pointsInSequence>
                <StopPointInJourneyPattern order="3" id="OST:StopPointInJourneyPattern:406_Inbound_211210121983166_3_211210121975025" version="271">
                  <ScheduledStopPointRef ref="OST:ScheduledStopPoint:1231810_2" />
                </StopPointInJourneyPattern>
                <StopPointInJourneyPattern order="8" id="OST:StopPointInJourneyPattern:406_Inbound_211210121983166_8_211210121975025" version="271">
                  <ScheduledStopPointRef ref="OST:ScheduledStopPoint:1233453_1" />
                </StopPointInJourneyPattern>
                <StopPointInJourneyPattern order="5" id="OST:StopPointInJourneyPattern:406_Inbound_211210121983166_5_211210121975025" version="271">
                  <ScheduledStopPointRef ref="OST:ScheduledStopPoint:1233450_1" />
                </StopPointInJourneyPattern>
                <StopPointInJourneyPattern order="10" id="OST:StopPointInJourneyPattern:406_Inbound_211210121983166_10_211210121975025" version="271">
                  <ScheduledStopPointRef ref="OST:ScheduledStopPoint:1233459_6" />
                </StopPointInJourneyPattern>
                <StopPointInJourneyPattern order="11" id="OST:StopPointInJourneyPattern:406_Inbound_211210121983166_11_211210121975025" version="271">
                  <ScheduledStopPointRef ref="OST:ScheduledStopPoint:1233461_2" />
                </StopPointInJourneyPattern>
                <StopPointInJourneyPattern order="6" id="OST:StopPointInJourneyPattern:406_Inbound_211210121983166_6_211210121975025" version="271">
                  <ScheduledStopPointRef ref="OST:ScheduledStopPoint:1233451_1" />
                </StopPointInJourneyPattern>
                <StopPointInJourneyPattern order="9" id="OST:StopPointInJourneyPattern:406_Inbound_211210121983166_9_211210121975025" version="271">
                  <ScheduledStopPointRef ref="OST:ScheduledStopPoint:1233454_1" />
                </StopPointInJourneyPattern>
                <StopPointInJourneyPattern order="13" id="OST:StopPointInJourneyPattern:406_Inbound_211210121983166_13_211210121975025" version="271">
                  <ScheduledStopPointRef ref="OST:ScheduledStopPoint:1273509_4" />
                </StopPointInJourneyPattern>
                <StopPointInJourneyPattern order="2" id="OST:StopPointInJourneyPattern:406_Inbound_211210121983166_2_211210121975025" version="271">
                  <ScheduledStopPointRef ref="OST:ScheduledStopPoint:1231815_2" />
                </StopPointInJourneyPattern>
                <StopPointInJourneyPattern order="7" id="OST:StopPointInJourneyPattern:406_Inbound_211210121983166_7_211210121975025" version="271">
                  <ScheduledStopPointRef ref="OST:ScheduledStopPoint:1233452_1" />
                </StopPointInJourneyPattern>
                <StopPointInJourneyPattern order="12" id="OST:StopPointInJourneyPattern:406_Inbound_211210121983166_12_211210121975025" version="271">
                  <ScheduledStopPointRef ref="OST:ScheduledStopPoint:1273508_2" />
                </StopPointInJourneyPattern>
                <StopPointInJourneyPattern order="14" id="OST:StopPointInJourneyPattern:406_Inbound_211210121983166_14_211210121975025" version="271">
                  <ForBoarding>false</ForBoarding>
                  <ScheduledStopPointRef ref="OST:ScheduledStopPoint:1273510_3" />
                </StopPointInJourneyPattern>
                <StopPointInJourneyPattern order="4" id="OST:StopPointInJourneyPattern:406_Inbound_211210121983166_4_211210121975025" version="271">
                  <ScheduledStopPointRef ref="OST:ScheduledStopPoint:1231805_2" />
                </StopPointInJourneyPattern>
                <StopPointInJourneyPattern order="1" id="OST:StopPointInJourneyPattern:406_Inbound_211210121983166_1_211210121975025" version="271">
                  <ForAlighting>false</ForAlighting>
                  <DestinationDisplayRef ref="OST:DestinationDisplay:328" />
                  <ScheduledStopPointRef ref="OST:ScheduledStopPoint:1231820_1" />
                </StopPointInJourneyPattern>
              </pointsInSequence>
              <linksInSequence>
                <ServiceLinkInJourneyPattern order="9" id="OST:ServiceLinkInJourneyPattern:7447440" version="271">
                  <ServiceLinkRef ref="OST:ServiceLink:200811072689263_1_200811072689283_6_2607" />
                </ServiceLinkInJourneyPattern>
                <ServiceLinkInJourneyPattern order="13" id="OST:ServiceLinkInJourneyPattern:7447448" version="271">
                  <ServiceLinkRef ref="OST:ServiceLink:200811072690373_4_200811072690376_3_929" />
                </ServiceLinkInJourneyPattern>
                <ServiceLinkInJourneyPattern order="11" id="OST:ServiceLinkInJourneyPattern:7447444" version="271">
                  <ServiceLinkRef ref="OST:ServiceLink:200811072689293_2_200811072690368_2_1413" />
                </ServiceLinkInJourneyPattern>
                <ServiceLinkInJourneyPattern order="1" id="OST:ServiceLinkInJourneyPattern:7447424" version="271">
                  <ServiceLinkRef ref="OST:ServiceLink:200811072689110_1_200811072689107_2_1140" />
                </ServiceLinkInJourneyPattern>
                <ServiceLinkInJourneyPattern order="4" id="OST:ServiceLinkInJourneyPattern:7447430" version="271">
                  <ServiceLinkRef ref="OST:ServiceLink:200811072689097_2_200811072689243_1_4627" />
                </ServiceLinkInJourneyPattern>
                <ServiceLinkInJourneyPattern order="7" id="OST:ServiceLinkInJourneyPattern:7447436" version="271">
                  <ServiceLinkRef ref="OST:ServiceLink:200811072689253_1_200811072689258_1_3887" />
                </ServiceLinkInJourneyPattern>
                <ServiceLinkInJourneyPattern order="2" id="OST:ServiceLinkInJourneyPattern:7447426" version="271">
                  <ServiceLinkRef ref="OST:ServiceLink:200811072689107_2_200811072689102_2_435" />
                </ServiceLinkInJourneyPattern>
                <ServiceLinkInJourneyPattern order="5" id="OST:ServiceLinkInJourneyPattern:7447432" version="271">
                  <ServiceLinkRef ref="OST:ServiceLink:200811072689243_1_200811072689248_1_1299" />
                </ServiceLinkInJourneyPattern>
                <ServiceLinkInJourneyPattern order="3" id="OST:ServiceLinkInJourneyPattern:7447428" version="271">
                  <ServiceLinkRef ref="OST:ServiceLink:200811072689102_2_200811072689097_2_970" />
                </ServiceLinkInJourneyPattern>
                <ServiceLinkInJourneyPattern order="8" id="OST:ServiceLinkInJourneyPattern:7447438" version="271">
                  <ServiceLinkRef ref="OST:ServiceLink:200811072689258_1_200811072689263_1_1546" />
                </ServiceLinkInJourneyPattern>
                <ServiceLinkInJourneyPattern order="6" id="OST:ServiceLinkInJourneyPattern:7447434" version="271">
                  <ServiceLinkRef ref="OST:ServiceLink:200811072689248_1_200811072689253_1_2280" />
                </ServiceLinkInJourneyPattern>
                <ServiceLinkInJourneyPattern order="12" id="OST:ServiceLinkInJourneyPattern:7447446" version="271">
                  <ServiceLinkRef ref="OST:ServiceLink:200811072690368_2_200811072690373_4_1066" />
                </ServiceLinkInJourneyPattern>
                <ServiceLinkInJourneyPattern order="10" id="OST:ServiceLinkInJourneyPattern:7447442" version="271">
                  <ServiceLinkRef ref="OST:ServiceLink:200811072689283_6_200811072689293_2_1283" />
                </ServiceLinkInJourneyPattern>
              </linksInSequence>
            </JourneyPattern>
            <JourneyPattern id="OST:JourneyPattern:406_Outbound_211210121983164_211210121975025" version="271">
              <Name>1-1</Name>
              <RouteRef ref="OST:Route:406_Outbound_211210121983164_211210121975025" version="271" />
              <pointsInSequence>
                <StopPointInJourneyPattern order="17" id="OST:StopPointInJourneyPattern:406_Outbound_211210121983164_17_211210121975025" version="271">
                  <ScheduledStopPointRef ref="OST:ScheduledStopPoint:1233440_2" />
                </StopPointInJourneyPattern>
                <StopPointInJourneyPattern order="20" id="OST:StopPointInJourneyPattern:406_Outbound_211210121983164_20_211210121975025" version="271">
                  <ScheduledStopPointRef ref="OST:ScheduledStopPoint:1231825_1" />
                </StopPointInJourneyPattern>
                <StopPointInJourneyPattern order="3" id="OST:StopPointInJourneyPattern:406_Outbound_211210121983164_3_211210121975025" version="271">
                  <ScheduledStopPointRef ref="OST:ScheduledStopPoint:1273500_1" />
                </StopPointInJourneyPattern>
                <StopPointInJourneyPattern order="18" id="OST:StopPointInJourneyPattern:406_Outbound_211210121983164_18_211210121975025" version="271">
                  <ScheduledStopPointRef ref="OST:ScheduledStopPoint:1233435_1" />
                </StopPointInJourneyPattern>
                <StopPointInJourneyPattern order="27" id="OST:StopPointInJourneyPattern:406_Outbound_211210121983164_27_211210121975025" version="271">
                  <ScheduledStopPointRef ref="OST:ScheduledStopPoint:1241870_1" />
                </StopPointInJourneyPattern>
                <StopPointInJourneyPattern order="6" id="OST:StopPointInJourneyPattern:406_Outbound_211210121983164_6_211210121975025" version="271">
                  <ScheduledStopPointRef ref="OST:ScheduledStopPoint:1273510_2" />
                </StopPointInJourneyPattern>
                <StopPointInJourneyPattern order="11" id="OST:StopPointInJourneyPattern:406_Outbound_211210121983164_11_211210121975025" version="271">
                  <ScheduledStopPointRef ref="OST:ScheduledStopPoint:1233454_2" />
                </StopPointInJourneyPattern>
                <StopPointInJourneyPattern order="8" id="OST:StopPointInJourneyPattern:406_Outbound_211210121983164_8_211210121975025" version="271">
                  <ScheduledStopPointRef ref="OST:ScheduledStopPoint:1273508_1" />
                </StopPointInJourneyPattern>
                <StopPointInJourneyPattern order="13" id="OST:StopPointInJourneyPattern:406_Outbound_211210121983164_13_211210121975025" version="271">
                  <ScheduledStopPointRef ref="OST:ScheduledStopPoint:1233452_2" />
                </StopPointInJourneyPattern>
                <StopPointInJourneyPattern order="19" id="OST:StopPointInJourneyPattern:406_Outbound_211210121983164_19_211210121975025" version="271">
                  <ScheduledStopPointRef ref="OST:ScheduledStopPoint:1231820_1" />
                </StopPointInJourneyPattern>
                <StopPointInJourneyPattern order="28" id="OST:StopPointInJourneyPattern:406_Outbound_211210121983164_28_211210121975025" version="271">
                  <ScheduledStopPointRef ref="OST:ScheduledStopPoint:1241875_1" />
                </StopPointInJourneyPattern>
                <StopPointInJourneyPattern order="22" id="OST:StopPointInJourneyPattern:406_Outbound_211210121983164_22_211210121975025" version="271">
                  <ScheduledStopPointRef ref="OST:ScheduledStopPoint:1231835_1" />
                </StopPointInJourneyPattern>
                <StopPointInJourneyPattern order="31" id="OST:StopPointInJourneyPattern:406_Outbound_211210121983164_31_211210121975025" version="271">
                  <ForBoarding>false</ForBoarding>
                  <ScheduledStopPointRef ref="OST:ScheduledStopPoint:1242295_1" />
                </StopPointInJourneyPattern>
                <StopPointInJourneyPattern order="1" id="OST:StopPointInJourneyPattern:406_Outbound_211210121983164_1_211210121975025" version="271">
                  <ForAlighting>false</ForAlighting>
                  <DestinationDisplayRef ref="OST:DestinationDisplay:468" />
                  <ScheduledStopPointRef ref="OST:ScheduledStopPoint:1273490_1" />
                </StopPointInJourneyPattern>
                <StopPointInJourneyPattern order="14" id="OST:StopPointInJourneyPattern:406_Outbound_211210121983164_14_211210121975025" version="271">
                  <ScheduledStopPointRef ref="OST:ScheduledStopPoint:1233451_2" />
                </StopPointInJourneyPattern>
                <StopPointInJourneyPattern order="25" id="OST:StopPointInJourneyPattern:406_Outbound_211210121983164_25_211210121975025" version="271">
                  <ScheduledStopPointRef ref="OST:ScheduledStopPoint:1241855_1" />
                </StopPointInJourneyPattern>
                <StopPointInJourneyPattern order="7" id="OST:StopPointInJourneyPattern:406_Outbound_211210121983164_7_211210121975025" version="271">
                  <ScheduledStopPointRef ref="OST:ScheduledStopPoint:1273509_3" />
                </StopPointInJourneyPattern>
                <StopPointInJourneyPattern order="23" id="OST:StopPointInJourneyPattern:406_Outbound_211210121983164_23_211210121975025" version="271">
                  <ScheduledStopPointRef ref="OST:ScheduledStopPoint:1241845_1" />
                </StopPointInJourneyPattern>
                <StopPointInJourneyPattern order="26" id="OST:StopPointInJourneyPattern:406_Outbound_211210121983164_26_211210121975025" version="271">
                  <ScheduledStopPointRef ref="OST:ScheduledStopPoint:1241865_1" />
                </StopPointInJourneyPattern>
                <StopPointInJourneyPattern order="24" id="OST:StopPointInJourneyPattern:406_Outbound_211210121983164_24_211210121975025" version="271">
                  <ScheduledStopPointRef ref="OST:ScheduledStopPoint:1241850_1" />
                </StopPointInJourneyPattern>
                <StopPointInJourneyPattern order="4" id="OST:StopPointInJourneyPattern:406_Outbound_211210121983164_4_211210121975025" version="271">
                  <ScheduledStopPointRef ref="OST:ScheduledStopPoint:1273506_1" />
                </StopPointInJourneyPattern>
                <StopPointInJourneyPattern order="2" id="OST:StopPointInJourneyPattern:406_Outbound_211210121983164_2_211210121975025" version="271">
                  <ScheduledStopPointRef ref="OST:ScheduledStopPoint:1273495_1" />
                </StopPointInJourneyPattern>
                <StopPointInJourneyPattern order="16" id="OST:StopPointInJourneyPattern:406_Outbound_211210121983164_16_211210121975025" version="271">
                  <ScheduledStopPointRef ref="OST:ScheduledStopPoint:1233445_1" />
                </StopPointInJourneyPattern>
                <StopPointInJourneyPattern order="30" id="OST:StopPointInJourneyPattern:406_Outbound_211210121983164_30_211210121975025" version="271">
                  <ScheduledStopPointRef ref="OST:ScheduledStopPoint:1242300_2" />
                </StopPointInJourneyPattern>
                <StopPointInJourneyPattern order="9" id="OST:StopPointInJourneyPattern:406_Outbound_211210121983164_9_211210121975025" version="271">
                  <ScheduledStopPointRef ref="OST:ScheduledStopPoint:1233461_1" />
                </StopPointInJourneyPattern>
                <StopPointInJourneyPattern order="21" id="OST:StopPointInJourneyPattern:406_Outbound_211210121983164_21_211210121975025" version="271">
                  <ScheduledStopPointRef ref="OST:ScheduledStopPoint:1231830_1" />
                </StopPointInJourneyPattern>
                <StopPointInJourneyPattern order="15" id="OST:StopPointInJourneyPattern:406_Outbound_211210121983164_15_211210121975025" version="271">
                  <ScheduledStopPointRef ref="OST:ScheduledStopPoint:1233450_2" />
                </StopPointInJourneyPattern>
                <StopPointInJourneyPattern order="10" id="OST:StopPointInJourneyPattern:406_Outbound_211210121983164_10_211210121975025" version="271">
                  <ScheduledStopPointRef ref="OST:ScheduledStopPoint:1233459_5" />
                </StopPointInJourneyPattern>
                <StopPointInJourneyPattern order="5" id="OST:StopPointInJourneyPattern:406_Outbound_211210121983164_5_211210121975025" version="271">
                  <ScheduledStopPointRef ref="OST:ScheduledStopPoint:1273505_2" />
                </StopPointInJourneyPattern>
                <StopPointInJourneyPattern order="12" id="OST:StopPointInJourneyPattern:406_Outbound_211210121983164_12_211210121975025" version="271">
                  <ScheduledStopPointRef ref="OST:ScheduledStopPoint:1233453_2" />
                </StopPointInJourneyPattern>
                <StopPointInJourneyPattern order="29" id="OST:StopPointInJourneyPattern:406_Outbound_211210121983164_29_211210121975025" version="271">
                  <ScheduledStopPointRef ref="OST:ScheduledStopPoint:1241885_1" />
                </StopPointInJourneyPattern>
              </pointsInSequence>
              <linksInSequence>
                <ServiceLinkInJourneyPattern order="18" id="OST:ServiceLinkInJourneyPattern:7447393" version="271">
                  <ServiceLinkRef ref="OST:ServiceLink:200811072689230_1_200811072689110_1_502" />
                </ServiceLinkInJourneyPattern>
                <ServiceLinkInJourneyPattern order="3" id="OST:ServiceLinkInJourneyPattern:7447363" version="271">
                  <ServiceLinkRef ref="OST:ServiceLink:200811072690357_1_200811072690363_1_2405" />
                </ServiceLinkInJourneyPattern>
                <ServiceLinkInJourneyPattern order="25" id="OST:ServiceLinkInJourneyPattern:7447401" version="271">
                  <ServiceLinkRef ref="OST:ServiceLink:200811072689316_1_200811072689324_1_1265" />
                </ServiceLinkInJourneyPattern>
                <ServiceLinkInJourneyPattern order="10" id="OST:ServiceLinkInJourneyPattern:7447377" version="271">
                  <ServiceLinkRef ref="OST:ServiceLink:200811072689281_5_200811072689265_2_2498" />
                </ServiceLinkInJourneyPattern>
                <ServiceLinkInJourneyPattern order="16" id="OST:ServiceLinkInJourneyPattern:7447389" version="271">
                  <ServiceLinkRef ref="OST:ServiceLink:200811072689238_1_200811072689235_2_1318" />
                </ServiceLinkInJourneyPattern>
                <ServiceLinkInJourneyPattern order="28" id="OST:ServiceLinkInJourneyPattern:7447404" version="271">
                  <ServiceLinkRef ref="OST:ServiceLink:200811072689334_1_200811072689342_1_704" />
                </ServiceLinkInJourneyPattern>
                <ServiceLinkInJourneyPattern order="4" id="OST:ServiceLinkInJourneyPattern:7447365" version="271">
                  <ServiceLinkRef ref="OST:ServiceLink:200811072690363_1_200811072690360_2_969" />
                </ServiceLinkInJourneyPattern>
                <ServiceLinkInJourneyPattern order="20" id="OST:ServiceLinkInJourneyPattern:7447396" version="271">
                  <ServiceLinkRef ref="OST:ServiceLink:200811072689115_1_200811072689120_1_482" />
                </ServiceLinkInJourneyPattern>
                <ServiceLinkInJourneyPattern order="30" id="OST:ServiceLinkInJourneyPattern:7447406" version="271">
                  <ServiceLinkRef ref="OST:ServiceLink:200811072689411_2_200811072689402_1_635" />
                </ServiceLinkInJourneyPattern>
                <ServiceLinkInJourneyPattern order="22" id="OST:ServiceLinkInJourneyPattern:7447398" version="271">
                  <ServiceLinkRef ref="OST:ServiceLink:200811072689125_1_200811072689306_1_1304" />
                </ServiceLinkInJourneyPattern>
                <ServiceLinkInJourneyPattern order="8" id="OST:ServiceLinkInJourneyPattern:7447373" version="271">
                  <ServiceLinkRef ref="OST:ServiceLink:200811072690366_1_200811072689291_1_1473" />
                </ServiceLinkInJourneyPattern>
                <ServiceLinkInJourneyPattern order="14" id="OST:ServiceLinkInJourneyPattern:7447385" version="271">
                  <ServiceLinkRef ref="OST:ServiceLink:200811072689250_2_200811072689245_2_1257" />
                </ServiceLinkInJourneyPattern>
                <ServiceLinkInJourneyPattern order="17" id="OST:ServiceLinkInJourneyPattern:7447391" version="271">
                  <ServiceLinkRef ref="OST:ServiceLink:200811072689235_2_200811072689230_1_1075" />
                </ServiceLinkInJourneyPattern>
                <ServiceLinkInJourneyPattern order="2" id="OST:ServiceLinkInJourneyPattern:7447361" version="271">
                  <ServiceLinkRef ref="OST:ServiceLink:200811072690354_1_200811072690357_1_343" />
                </ServiceLinkInJourneyPattern>
                <ServiceLinkInJourneyPattern order="15" id="OST:ServiceLinkInJourneyPattern:7447387" version="271">
                  <ServiceLinkRef ref="OST:ServiceLink:200811072689245_2_200811072689238_1_690" />
                </ServiceLinkInJourneyPattern>
                <ServiceLinkInJourneyPattern order="26" id="OST:ServiceLinkInJourneyPattern:7447402" version="271">
                  <ServiceLinkRef ref="OST:ServiceLink:200811072689324_1_200811072689329_1_574" />
                </ServiceLinkInJourneyPattern>
                <ServiceLinkInJourneyPattern order="1" id="OST:ServiceLinkInJourneyPattern:7447359" version="271">
                  <ServiceLinkRef ref="OST:ServiceLink:200811072690349_1_200811072690354_1_1722" />
                </ServiceLinkInJourneyPattern>
                <ServiceLinkInJourneyPattern order="29" id="OST:ServiceLinkInJourneyPattern:7447405" version="271">
                  <ServiceLinkRef ref="OST:ServiceLink:200811072689342_1_200811072689411_2_129" />
                </ServiceLinkInJourneyPattern>
                <ServiceLinkInJourneyPattern order="21" id="OST:ServiceLinkInJourneyPattern:7447397" version="271">
                  <ServiceLinkRef ref="OST:ServiceLink:200811072689120_1_200811072689125_1_648" />
                </ServiceLinkInJourneyPattern>
                <ServiceLinkInJourneyPattern order="23" id="OST:ServiceLinkInJourneyPattern:7447399" version="271">
                  <ServiceLinkRef ref="OST:ServiceLink:200811072689306_1_200811072689311_1_382" />
                </ServiceLinkInJourneyPattern>
                <ServiceLinkInJourneyPattern order="24" id="OST:ServiceLinkInJourneyPattern:7447400" version="271">
                  <ServiceLinkRef ref="OST:ServiceLink:200811072689311_1_200811072689316_1_518" />
                </ServiceLinkInJourneyPattern>
                <ServiceLinkInJourneyPattern order="11" id="OST:ServiceLinkInJourneyPattern:7447379" version="271">
                  <ServiceLinkRef ref="OST:ServiceLink:200811072689265_2_200811072689260_2_1593" />
                </ServiceLinkInJourneyPattern>
                <ServiceLinkInJourneyPattern order="27" id="OST:ServiceLinkInJourneyPattern:7447403" version="271">
                  <ServiceLinkRef ref="OST:ServiceLink:200811072689329_1_200811072689334_1_351" />
                </ServiceLinkInJourneyPattern>
                <ServiceLinkInJourneyPattern order="7" id="OST:ServiceLinkInJourneyPattern:7447371" version="271">
                  <ServiceLinkRef ref="OST:ServiceLink:200811072690371_3_200811072690366_1_1014" />
                </ServiceLinkInJourneyPattern>
                <ServiceLinkInJourneyPattern order="6" id="OST:ServiceLinkInJourneyPattern:7447369" version="271">
                  <ServiceLinkRef ref="OST:ServiceLink:200811072690378_2_200811072690371_3_954" />
                </ServiceLinkInJourneyPattern>
                <ServiceLinkInJourneyPattern order="13" id="OST:ServiceLinkInJourneyPattern:7447383" version="271">
                  <ServiceLinkRef ref="OST:ServiceLink:200811072689255_2_200811072689250_2_2380" />
                </ServiceLinkInJourneyPattern>
                <ServiceLinkInJourneyPattern order="19" id="OST:ServiceLinkInJourneyPattern:7447395" version="271">
                  <ServiceLinkRef ref="OST:ServiceLink:200811072689110_1_200811072689115_1_789" />
                </ServiceLinkInJourneyPattern>
                <ServiceLinkInJourneyPattern order="5" id="OST:ServiceLinkInJourneyPattern:7447367" version="271">
                  <ServiceLinkRef ref="OST:ServiceLink:200811072690360_2_200811072690378_2_540" />
                </ServiceLinkInJourneyPattern>
                <ServiceLinkInJourneyPattern order="9" id="OST:ServiceLinkInJourneyPattern:7447375" version="271">
                  <ServiceLinkRef ref="OST:ServiceLink:200811072689291_1_200811072689281_5_1321" />
                </ServiceLinkInJourneyPattern>
                <ServiceLinkInJourneyPattern order="12" id="OST:ServiceLinkInJourneyPattern:7447381" version="271">
                  <ServiceLinkRef ref="OST:ServiceLink:200811072689260_2_200811072689255_2_3853" />
                </ServiceLinkInJourneyPattern>
              </linksInSequence>
            </JourneyPattern>
          </journeyPatterns>
        </ServiceFrame>
        <TimetableFrame id="662298259" version="1">
          <vehicleJourneys>
            <ServiceJourney id="OST:ServiceJourney:406_211210122072185_1" publication="public" version="271">
              <Name>Spydeberg-Askim</Name>
              <PrivateCode>1</PrivateCode>
              <dayTypes>
                <DayTypeRef ref="OST:DayType:121" />
              </dayTypes>
              <JourneyPatternRef ref="OST:JourneyPattern:406_Outbound_211210121983164_211210121975025" version="271" />
              <LineRef ref="OST:Line:1_406" version="271" />
              <OperatorRef ref="OST:Operator:152" />
              <passingTimes>
                <TimetabledPassingTime id="OST:TimetabledPassingTime:211210122072185_1_07_05_00" version="271">
                  <DepartureTime>07:05:00</DepartureTime>
                  <StopPointInJourneyPatternRef ref="OST:StopPointInJourneyPattern:406_Outbound_211210121983164_1_211210121975025" version="271" />
                </TimetabledPassingTime>
                <TimetabledPassingTime id="OST:TimetabledPassingTime:211210122072185_2_07_07_00" version="271">
                  <DepartureTime>07:07:00</DepartureTime>
                  <StopPointInJourneyPatternRef ref="OST:StopPointInJourneyPattern:406_Outbound_211210121983164_2_211210121975025" version="271" />
                </TimetabledPassingTime>
                <TimetabledPassingTime id="OST:TimetabledPassingTime:211210122072185_3_07_08_00" version="271">
                  <DepartureTime>07:08:00</DepartureTime>
                  <StopPointInJourneyPatternRef ref="OST:StopPointInJourneyPattern:406_Outbound_211210121983164_3_211210121975025" version="271" />
                </TimetabledPassingTime>
                <TimetabledPassingTime id="OST:TimetabledPassingTime:211210122072185_4_07_12_00" version="271">
                  <DepartureTime>07:12:00</DepartureTime>
                  <StopPointInJourneyPatternRef ref="OST:StopPointInJourneyPattern:406_Outbound_211210121983164_4_211210121975025" version="271" />
                </TimetabledPassingTime>
                <TimetabledPassingTime id="OST:TimetabledPassingTime:211210122072185_5_07_14_00" version="271">
                  <DepartureTime>07:14:00</DepartureTime>
                  <StopPointInJourneyPatternRef ref="OST:StopPointInJourneyPattern:406_Outbound_211210121983164_5_211210121975025" version="271" />
                </TimetabledPassingTime>
                <TimetabledPassingTime id="OST:TimetabledPassingTime:211210122072185_6_07_15_00" version="271">
                  <DepartureTime>07:15:00</DepartureTime>
                  <StopPointInJourneyPatternRef ref="OST:StopPointInJourneyPattern:406_Outbound_211210121983164_6_211210121975025" version="271" />
                </TimetabledPassingTime>
                <TimetabledPassingTime id="OST:TimetabledPassingTime:211210122072185_7_07_16_00" version="271">
                  <DepartureTime>07:16:00</DepartureTime>
                  <StopPointInJourneyPatternRef ref="OST:StopPointInJourneyPattern:406_Outbound_211210121983164_7_211210121975025" version="271" />
                </TimetabledPassingTime>
                <TimetabledPassingTime id="OST:TimetabledPassingTime:211210122072185_8_07_17_00" version="271">
                  <DepartureTime>07:17:00</DepartureTime>
                  <StopPointInJourneyPatternRef ref="OST:StopPointInJourneyPattern:406_Outbound_211210121983164_8_211210121975025" version="271" />
                </TimetabledPassingTime>
                <TimetabledPassingTime id="OST:TimetabledPassingTime:211210122072185_9_07_20_00" version="271">
                  <DepartureTime>07:20:00</DepartureTime>
                  <StopPointInJourneyPatternRef ref="OST:StopPointInJourneyPattern:406_Outbound_211210121983164_9_211210121975025" version="271" />
                </TimetabledPassingTime>
                <TimetabledPassingTime id="OST:TimetabledPassingTime:211210122072185_10_07_22_00" version="271">
                  <DepartureTime>07:22:00</DepartureTime>
                  <StopPointInJourneyPatternRef ref="OST:StopPointInJourneyPattern:406_Outbound_211210121983164_10_211210121975025" version="271" />
                </TimetabledPassingTime>
                <TimetabledPassingTime id="OST:TimetabledPassingTime:211210122072185_11_07_27_00" version="271">
                  <DepartureTime>07:27:00</DepartureTime>
                  <StopPointInJourneyPatternRef ref="OST:StopPointInJourneyPattern:406_Outbound_211210121983164_11_211210121975025" version="271" />
                </TimetabledPassingTime>
                <TimetabledPassingTime id="OST:TimetabledPassingTime:211210122072185_12_07_29_00" version="271">
                  <DepartureTime>07:29:00</DepartureTime>
                  <StopPointInJourneyPatternRef ref="OST:StopPointInJourneyPattern:406_Outbound_211210121983164_12_211210121975025" version="271" />
                </TimetabledPassingTime>
                <TimetabledPassingTime id="OST:TimetabledPassingTime:211210122072185_13_07_35_00" version="271">
                  <DepartureTime>07:35:00</DepartureTime>
                  <StopPointInJourneyPatternRef ref="OST:StopPointInJourneyPattern:406_Outbound_211210121983164_13_211210121975025" version="271" />
                </TimetabledPassingTime>
                <TimetabledPassingTime id="OST:TimetabledPassingTime:211210122072185_14_07_39_00" version="271">
                  <DepartureTime>07:39:00</DepartureTime>
                  <StopPointInJourneyPatternRef ref="OST:StopPointInJourneyPattern:406_Outbound_211210121983164_14_211210121975025" version="271" />
                </TimetabledPassingTime>
                <TimetabledPassingTime id="OST:TimetabledPassingTime:211210122072185_15_07_42_00" version="271">
                  <DepartureTime>07:42:00</DepartureTime>
                  <StopPointInJourneyPatternRef ref="OST:StopPointInJourneyPattern:406_Outbound_211210121983164_15_211210121975025" version="271" />
                </TimetabledPassingTime>
                <TimetabledPassingTime id="OST:TimetabledPassingTime:211210122072185_16_07_43_00" version="271">
                  <DepartureTime>07:43:00</DepartureTime>
                  <StopPointInJourneyPatternRef ref="OST:StopPointInJourneyPattern:406_Outbound_211210121983164_16_211210121975025" version="271" />
                </TimetabledPassingTime>
                <TimetabledPassingTime id="OST:TimetabledPassingTime:211210122072185_17_07_46_00" version="271">
                  <DepartureTime>07:46:00</DepartureTime>
                  <StopPointInJourneyPatternRef ref="OST:StopPointInJourneyPattern:406_Outbound_211210121983164_17_211210121975025" version="271" />
                </TimetabledPassingTime>
                <TimetabledPassingTime id="OST:TimetabledPassingTime:211210122072185_18_07_48_00" version="271">
                  <DepartureTime>07:48:00</DepartureTime>
                  <StopPointInJourneyPatternRef ref="OST:StopPointInJourneyPattern:406_Outbound_211210121983164_18_211210121975025" version="271" />
                </TimetabledPassingTime>
                <TimetabledPassingTime id="OST:TimetabledPassingTime:211210122072185_19_07_50_00" version="271">
                  <DepartureTime>07:50:00</DepartureTime>
                  <StopPointInJourneyPatternRef ref="OST:StopPointInJourneyPattern:406_Outbound_211210121983164_19_211210121975025" version="271" />
                </TimetabledPassingTime>
                <TimetabledPassingTime id="OST:TimetabledPassingTime:211210122072185_20_07_51_00" version="271">
                  <DepartureTime>07:51:00</DepartureTime>
                  <StopPointInJourneyPatternRef ref="OST:StopPointInJourneyPattern:406_Outbound_211210121983164_20_211210121975025" version="271" />
                </TimetabledPassingTime>
                <TimetabledPassingTime id="OST:TimetabledPassingTime:211210122072185_21_07_52_00" version="271">
                  <DepartureTime>07:52:00</DepartureTime>
                  <StopPointInJourneyPatternRef ref="OST:StopPointInJourneyPattern:406_Outbound_211210121983164_21_211210121975025" version="271" />
                </TimetabledPassingTime>
                <TimetabledPassingTime id="OST:TimetabledPassingTime:211210122072185_22_07_53_00" version="271">
                  <DepartureTime>07:53:00</DepartureTime>
                  <StopPointInJourneyPatternRef ref="OST:StopPointInJourneyPattern:406_Outbound_211210121983164_22_211210121975025" version="271" />
                </TimetabledPassingTime>
                <TimetabledPassingTime id="OST:TimetabledPassingTime:211210122072185_23_07_56_00" version="271">
                  <DepartureTime>07:56:00</DepartureTime>
                  <StopPointInJourneyPatternRef ref="OST:StopPointInJourneyPattern:406_Outbound_211210121983164_23_211210121975025" version="271" />
                </TimetabledPassingTime>
                <TimetabledPassingTime id="OST:TimetabledPassingTime:211210122072185_24_07_56_00" version="271">
                  <DepartureTime>07:56:00</DepartureTime>
                  <StopPointInJourneyPatternRef ref="OST:StopPointInJourneyPattern:406_Outbound_211210121983164_24_211210121975025" version="271" />
                </TimetabledPassingTime>
                <TimetabledPassingTime id="OST:TimetabledPassingTime:211210122072185_25_07_57_00" version="271">
                  <DepartureTime>07:57:00</DepartureTime>
                  <StopPointInJourneyPatternRef ref="OST:StopPointInJourneyPattern:406_Outbound_211210121983164_25_211210121975025" version="271" />
                </TimetabledPassingTime>
                <TimetabledPassingTime id="OST:TimetabledPassingTime:211210122072185_26_08_00_00" version="271">
                  <DepartureTime>08:00:00</DepartureTime>
                  <StopPointInJourneyPatternRef ref="OST:StopPointInJourneyPattern:406_Outbound_211210121983164_26_211210121975025" version="271" />
                </TimetabledPassingTime>
                <TimetabledPassingTime id="OST:TimetabledPassingTime:211210122072185_27_08_01_00" version="271">
                  <DepartureTime>08:01:00</DepartureTime>
                  <StopPointInJourneyPatternRef ref="OST:StopPointInJourneyPattern:406_Outbound_211210121983164_27_211210121975025" version="271" />
                </TimetabledPassingTime>
                <TimetabledPassingTime id="OST:TimetabledPassingTime:211210122072185_28_08_01_00" version="271">
                  <DepartureTime>08:01:00</DepartureTime>
                  <StopPointInJourneyPatternRef ref="OST:StopPointInJourneyPattern:406_Outbound_211210121983164_28_211210121975025" version="271" />
                </TimetabledPassingTime>
                <TimetabledPassingTime id="OST:TimetabledPassingTime:211210122072185_30_08_03_00" version="271">
                  <DepartureTime>08:03:00</DepartureTime>
                  <StopPointInJourneyPatternRef ref="OST:StopPointInJourneyPattern:406_Outbound_211210121983164_30_211210121975025" version="271" />
                </TimetabledPassingTime>
                <TimetabledPassingTime id="OST:TimetabledPassingTime:211210122072185_29_08_03_00" version="271">
                  <DepartureTime>08:03:00</DepartureTime>
                  <StopPointInJourneyPatternRef ref="OST:StopPointInJourneyPattern:406_Outbound_211210121983164_29_211210121975025" version="271" />
                </TimetabledPassingTime>
                <TimetabledPassingTime id="OST:TimetabledPassingTime:211210122072185_31_08_05_00" version="271">
                  <ArrivalTime>08:05:00</ArrivalTime>
                  <StopPointInJourneyPatternRef ref="OST:StopPointInJourneyPattern:406_Outbound_211210121983164_31_211210121975025" version="271" />
                </TimetabledPassingTime>
              </passingTimes>
            </ServiceJourney>
            <ServiceJourney id="OST:ServiceJourney:406_211210122072187_4" publication="public" version="271">
              <Name>Ihlen-Spydeberg</Name>
              <PrivateCode>4</PrivateCode>
              <dayTypes>
                <DayTypeRef ref="OST:DayType:121" />
              </dayTypes>
              <JourneyPatternRef ref="OST:JourneyPattern:406_Inbound_211210121983165_211210121975025" version="271" />
              <LineRef ref="OST:Line:1_406" version="271" />
              <OperatorRef ref="OST:Operator:152" />
              <passingTimes>
                <TimetabledPassingTime id="OST:TimetabledPassingTime:211210122072187_1_15_35_00" version="271">
                  <DepartureTime>15:35:00</DepartureTime>
                  <StopPointInJourneyPatternRef ref="OST:StopPointInJourneyPattern:406_Inbound_211210121983165_1_211210121975025" version="271" />
                </TimetabledPassingTime>
                <TimetabledPassingTime id="OST:TimetabledPassingTime:211210122072187_2_15_38_00" version="271">
                  <DepartureTime>15:38:00</DepartureTime>
                  <StopPointInJourneyPatternRef ref="OST:StopPointInJourneyPattern:406_Inbound_211210121983165_2_211210121975025" version="271" />
                </TimetabledPassingTime>
                <TimetabledPassingTime id="OST:TimetabledPassingTime:211210122072187_4_15_40_00" version="271">
                  <DepartureTime>15:40:00</DepartureTime>
                  <StopPointInJourneyPatternRef ref="OST:StopPointInJourneyPattern:406_Inbound_211210121983165_4_211210121975025" version="271" />
                </TimetabledPassingTime>
                <TimetabledPassingTime id="OST:TimetabledPassingTime:211210122072187_3_15_40_00" version="271">
                  <DepartureTime>15:40:00</DepartureTime>
                  <StopPointInJourneyPatternRef ref="OST:StopPointInJourneyPattern:406_Inbound_211210121983165_3_211210121975025" version="271" />
                </TimetabledPassingTime>
                <TimetabledPassingTime id="OST:TimetabledPassingTime:211210122072187_5_15_41_00" version="271">
                  <DepartureTime>15:41:00</DepartureTime>
                  <StopPointInJourneyPatternRef ref="OST:StopPointInJourneyPattern:406_Inbound_211210121983165_5_211210121975025" version="271" />
                </TimetabledPassingTime>
                <TimetabledPassingTime id="OST:TimetabledPassingTime:211210122072187_6_15_42_00" version="271">
                  <DepartureTime>15:42:00</DepartureTime>
                  <StopPointInJourneyPatternRef ref="OST:StopPointInJourneyPattern:406_Inbound_211210121983165_6_211210121975025" version="271" />
                </TimetabledPassingTime>
                <TimetabledPassingTime id="OST:TimetabledPassingTime:211210122072187_7_15_43_00" version="271">
                  <DepartureTime>15:43:00</DepartureTime>
                  <StopPointInJourneyPatternRef ref="OST:StopPointInJourneyPattern:406_Inbound_211210121983165_7_211210121975025" version="271" />
                </TimetabledPassingTime>
                <TimetabledPassingTime id="OST:TimetabledPassingTime:211210122072187_8_15_45_00" version="271">
                  <DepartureTime>15:45:00</DepartureTime>
                  <StopPointInJourneyPatternRef ref="OST:StopPointInJourneyPattern:406_Inbound_211210121983165_8_211210121975025" version="271" />
                </TimetabledPassingTime>
                <TimetabledPassingTime id="OST:TimetabledPassingTime:211210122072187_9_15_46_00" version="271">
                  <DepartureTime>15:46:00</DepartureTime>
                  <StopPointInJourneyPatternRef ref="OST:StopPointInJourneyPattern:406_Inbound_211210121983165_9_211210121975025" version="271" />
                </TimetabledPassingTime>
                <TimetabledPassingTime id="OST:TimetabledPassingTime:211210122072187_10_15_48_00" version="271">
                  <DepartureTime>15:48:00</DepartureTime>
                  <StopPointInJourneyPatternRef ref="OST:StopPointInJourneyPattern:406_Inbound_211210121983165_10_211210121975025" version="271" />
                </TimetabledPassingTime>
                <TimetabledPassingTime id="OST:TimetabledPassingTime:211210122072187_11_15_49_00" version="271">
                  <DepartureTime>15:49:00</DepartureTime>
                  <StopPointInJourneyPatternRef ref="OST:StopPointInJourneyPattern:406_Inbound_211210121983165_11_211210121975025" version="271" />
                </TimetabledPassingTime>
                <TimetabledPassingTime id="OST:TimetabledPassingTime:211210122072187_12_15_51_00" version="271">
                  <DepartureTime>15:51:00</DepartureTime>
                  <StopPointInJourneyPatternRef ref="OST:StopPointInJourneyPattern:406_Inbound_211210121983165_12_211210121975025" version="271" />
                </TimetabledPassingTime>
                <TimetabledPassingTime id="OST:TimetabledPassingTime:211210122072187_13_15_52_00" version="271">
                  <DepartureTime>15:52:00</DepartureTime>
                  <StopPointInJourneyPatternRef ref="OST:StopPointInJourneyPattern:406_Inbound_211210121983165_13_211210121975025" version="271" />
                </TimetabledPassingTime>
                <TimetabledPassingTime id="OST:TimetabledPassingTime:211210122072187_14_15_53_00" version="271">
                  <DepartureTime>15:53:00</DepartureTime>
                  <StopPointInJourneyPatternRef ref="OST:StopPointInJourneyPattern:406_Inbound_211210121983165_14_211210121975025" version="271" />
                </TimetabledPassingTime>
                <TimetabledPassingTime id="OST:TimetabledPassingTime:211210122072187_15_15_55_00" version="271">
                  <ArrivalTime>15:55:00</ArrivalTime>
                  <StopPointInJourneyPatternRef ref="OST:StopPointInJourneyPattern:406_Inbound_211210121983165_15_211210121975025" version="271" />
                </TimetabledPassingTime>
              </passingTimes>
            </ServiceJourney>
            <ServiceJourney id="OST:ServiceJourney:406_211210122072186_2" publication="public" version="271">
              <Name>Mørk-Lund</Name>
              <PrivateCode>2</PrivateCode>
              <dayTypes>
                <DayTypeRef ref="OST:DayType:121" />
              </dayTypes>
              <JourneyPatternRef ref="OST:JourneyPattern:406_Inbound_211210121983166_211210121975025" version="271" />
              <LineRef ref="OST:Line:1_406" version="271" />
              <OperatorRef ref="OST:Operator:152" />
              <passingTimes>
                <TimetabledPassingTime id="OST:TimetabledPassingTime:211210122072186_3_14_05_00" version="271">
                  <DepartureTime>14:05:00</DepartureTime>
                  <StopPointInJourneyPatternRef ref="OST:StopPointInJourneyPattern:406_Inbound_211210121983166_3_211210121975025" version="271" />
                </TimetabledPassingTime>
                <TimetabledPassingTime id="OST:TimetabledPassingTime:211210122072186_2_14_05_00" version="271">
                  <DepartureTime>14:05:00</DepartureTime>
                  <StopPointInJourneyPatternRef ref="OST:StopPointInJourneyPattern:406_Inbound_211210121983166_2_211210121975025" version="271" />
                </TimetabledPassingTime>
                <TimetabledPassingTime id="OST:TimetabledPassingTime:211210122072186_1_14_05_00" version="271">
                  <DepartureTime>14:05:00</DepartureTime>
                  <StopPointInJourneyPatternRef ref="OST:StopPointInJourneyPattern:406_Inbound_211210121983166_1_211210121975025" version="271" />
                </TimetabledPassingTime>
                <TimetabledPassingTime id="OST:TimetabledPassingTime:211210122072186_4_14_06_00" version="271">
                  <DepartureTime>14:06:00</DepartureTime>
                  <StopPointInJourneyPatternRef ref="OST:StopPointInJourneyPattern:406_Inbound_211210121983166_4_211210121975025" version="271" />
                </TimetabledPassingTime>
                <TimetabledPassingTime id="OST:TimetabledPassingTime:211210122072186_5_14_09_00" version="271">
                  <DepartureTime>14:09:00</DepartureTime>
                  <StopPointInJourneyPatternRef ref="OST:StopPointInJourneyPattern:406_Inbound_211210121983166_5_211210121975025" version="271" />
                </TimetabledPassingTime>
                <TimetabledPassingTime id="OST:TimetabledPassingTime:211210122072186_6_14_10_00" version="271">
                  <DepartureTime>14:10:00</DepartureTime>
                  <StopPointInJourneyPatternRef ref="OST:StopPointInJourneyPattern:406_Inbound_211210121983166_6_211210121975025" version="271" />
                </TimetabledPassingTime>
                <TimetabledPassingTime id="OST:TimetabledPassingTime:211210122072186_7_14_14_00" version="271">
                  <DepartureTime>14:14:00</DepartureTime>
                  <StopPointInJourneyPatternRef ref="OST:StopPointInJourneyPattern:406_Inbound_211210121983166_7_211210121975025" version="271" />
                </TimetabledPassingTime>
                <TimetabledPassingTime id="OST:TimetabledPassingTime:211210122072186_8_14_18_00" version="271">
                  <DepartureTime>14:18:00</DepartureTime>
                  <StopPointInJourneyPatternRef ref="OST:StopPointInJourneyPattern:406_Inbound_211210121983166_8_211210121975025" version="271" />
                </TimetabledPassingTime>
                <TimetabledPassingTime id="OST:TimetabledPassingTime:211210122072186_9_14_20_00" version="271">
                  <DepartureTime>14:20:00</DepartureTime>
                  <StopPointInJourneyPatternRef ref="OST:StopPointInJourneyPattern:406_Inbound_211210121983166_9_211210121975025" version="271" />
                </TimetabledPassingTime>
                <TimetabledPassingTime id="OST:TimetabledPassingTime:211210122072186_10_14_23_00" version="271">
                  <DepartureTime>14:23:00</DepartureTime>
                  <StopPointInJourneyPatternRef ref="OST:StopPointInJourneyPattern:406_Inbound_211210121983166_10_211210121975025" version="271" />
                </TimetabledPassingTime>
                <TimetabledPassingTime id="OST:TimetabledPassingTime:211210122072186_11_14_25_00" version="271">
                  <DepartureTime>14:25:00</DepartureTime>
                  <StopPointInJourneyPatternRef ref="OST:StopPointInJourneyPattern:406_Inbound_211210121983166_11_211210121975025" version="271" />
                </TimetabledPassingTime>
                <TimetabledPassingTime id="OST:TimetabledPassingTime:211210122072186_12_14_27_00" version="271">
                  <DepartureTime>14:27:00</DepartureTime>
                  <StopPointInJourneyPatternRef ref="OST:StopPointInJourneyPattern:406_Inbound_211210121983166_12_211210121975025" version="271" />
                </TimetabledPassingTime>
                <TimetabledPassingTime id="OST:TimetabledPassingTime:211210122072186_13_14_28_00" version="271">
                  <DepartureTime>14:28:00</DepartureTime>
                  <StopPointInJourneyPatternRef ref="OST:StopPointInJourneyPattern:406_Inbound_211210121983166_13_211210121975025" version="271" />
                </TimetabledPassingTime>
                <TimetabledPassingTime id="OST:TimetabledPassingTime:211210122072186_14_14_30_00" version="271">
                  <ArrivalTime>14:30:00</ArrivalTime>
                  <StopPointInJourneyPatternRef ref="OST:StopPointInJourneyPattern:406_Inbound_211210121983166_14_211210121975025" version="271" />
                </TimetabledPassingTime>
              </passingTimes>
            </ServiceJourney>
          </vehicleJourneys>
        </TimetableFrame>
      </frames>
    </CompositeFrame>
  </dataObjects>
</PublicationDelivery>
