<?xml version="1.0" encoding="UTF-8"?>
<PublicationDelivery xmlns="http://www.netex.org.uk/netex" xmlns:gis="http://www.opengis.net/gml/3.2" xmlns:siri="http://www.siri.org.uk/siri" version="1.13:NO-NeTEx-networktimetable:1.3">
  <PublicationTimestamp>2022-05-26T00:05:35.012</PublicationTimestamp>
  <ParticipantRef>RB</ParticipantRef>
  <Description>Skolerute Rakkestad</Description>
  <dataObjects>
    <CompositeFrame created="2022-04-08T10:32:34.29" id="148483624" version="1">
      <validityConditions>
        <AvailabilityCondition id="736116829" version="1">
          <FromDate>2022-05-23T00:00:00</FromDate>
          <ToDate>2023-05-25T00:00:00</ToDate>
        </AvailabilityCondition>
      </validityConditions>
      <codespaces>
        <Codespace id="ost">
          <Xmlns>OST</Xmlns>
          <XmlnsUrl>http://www.rutebanken.org/ns/ost</XmlnsUrl>
        </Codespace>
        <Codespace id="nsr">
          <Xmlns>NSR</Xmlns>
          <XmlnsUrl>http://www.rutebanken.org/ns/nsr</XmlnsUrl>
        </Codespace>
      </codespaces>
      <FrameDefaults>
        <DefaultLocale>
          <TimeZone>Europe/Oslo</TimeZone>
          <DefaultLanguage>no</DefaultLanguage>
        </DefaultLocale>
      </FrameDefaults>
      <frames>
        <ServiceFrame id="1786855181" version="1">
          <routes>
            <Route id="OST:Route:470_Outbound_211210121983312_211210121975025" version="271">
              <Name>1-1</Name>
              <ShortName>1-1</ShortName>
              <LineRef ref="OST:Line:1_470" version="271" />
              <DirectionType>inbound</DirectionType>
              <pointsInSequence>
                <PointOnRoute id="OST:PointOnRoute:7454199" order="23" version="271">
                  <RoutePointRef ref="OST:RoutePoint:1288225_1" />
                </PointOnRoute>
                <PointOnRoute id="OST:PointOnRoute:7454183" order="7" version="271">
                  <RoutePointRef ref="OST:RoutePoint:1287920_1" />
                </PointOnRoute>
                <PointOnRoute id="OST:PointOnRoute:7454188" order="12" version="271">
                  <RoutePointRef ref="OST:RoutePoint:1287945_1" />
                </PointOnRoute>
                <PointOnRoute id="OST:PointOnRoute:7454191" order="15" version="271">
                  <RoutePointRef ref="OST:RoutePoint:1287935_2" />
                </PointOnRoute>
                <PointOnRoute id="OST:PointOnRoute:7454178" order="2" version="271">
                  <RoutePointRef ref="OST:RoutePoint:1284370_2" />
                </PointOnRoute>
                <PointOnRoute id="OST:PointOnRoute:7454184" order="8" version="271">
                  <RoutePointRef ref="OST:RoutePoint:1287925_1" />
                </PointOnRoute>
                <PointOnRoute id="OST:PointOnRoute:7454181" order="5" version="271">
                  <RoutePointRef ref="OST:RoutePoint:1287910_1" />
                </PointOnRoute>
                <PointOnRoute id="OST:PointOnRoute:7454202" order="26" version="271">
                  <RoutePointRef ref="OST:RoutePoint:1284375_1" />
                </PointOnRoute>
                <PointOnRoute id="OST:PointOnRoute:7454186" order="10" version="271">
                  <RoutePointRef ref="OST:RoutePoint:1287960_2" />
                </PointOnRoute>
                <PointOnRoute id="OST:PointOnRoute:7454196" order="20" version="271">
                  <RoutePointRef ref="OST:RoutePoint:1287900_2" />
                </PointOnRoute>
                <PointOnRoute id="OST:PointOnRoute:7454182" order="6" version="271">
                  <RoutePointRef ref="OST:RoutePoint:1287915_1" />
                </PointOnRoute>
                <PointOnRoute id="OST:PointOnRoute:7454200" order="24" version="271">
                  <RoutePointRef ref="OST:RoutePoint:1288230_1" />
                </PointOnRoute>
                <PointOnRoute id="OST:PointOnRoute:7454179" order="3" version="271">
                  <RoutePointRef ref="OST:RoutePoint:1287900_1" />
                </PointOnRoute>
                <PointOnRoute id="OST:PointOnRoute:7454194" order="18" version="271">
                  <RoutePointRef ref="OST:RoutePoint:1287930_2" />
                </PointOnRoute>
                <PointOnRoute id="OST:PointOnRoute:7454180" order="4" version="271">
                  <RoutePointRef ref="OST:RoutePoint:1287905_1" />
                </PointOnRoute>
                <PointOnRoute id="OST:PointOnRoute:7454201" order="25" version="271">
                  <RoutePointRef ref="OST:RoutePoint:1288225_2" />
                </PointOnRoute>
                <PointOnRoute id="OST:PointOnRoute:7454197" order="21" version="271">
                  <RoutePointRef ref="OST:RoutePoint:1284366_1" />
                </PointOnRoute>
                <PointOnRoute id="OST:PointOnRoute:7454177" order="1" version="271">
                  <RoutePointRef ref="OST:RoutePoint:1284375_2" />
                </PointOnRoute>
                <PointOnRoute id="OST:PointOnRoute:7454192" order="16" version="271">
                  <RoutePointRef ref="OST:RoutePoint:1287960_3" />
                </PointOnRoute>
                <PointOnRoute id="OST:PointOnRoute:7454198" order="22" version="271">
                  <RoutePointRef ref="OST:RoutePoint:1284370_1" />
                </PointOnRoute>
                <PointOnRoute id="OST:PointOnRoute:7454189" order="13" version="271">
                  <RoutePointRef ref="OST:RoutePoint:1287950_1" />
                </PointOnRoute>
                <PointOnRoute id="OST:PointOnRoute:7454195" order="19" version="271">
                  <RoutePointRef ref="OST:RoutePoint:1287920_2" />
                </PointOnRoute>
                <PointOnRoute id="OST:PointOnRoute:7454190" order="14" version="271">
                  <RoutePointRef ref="OST:RoutePoint:1287955_2" />
                </PointOnRoute>
                <PointOnRoute id="OST:PointOnRoute:7454185" order="9" version="271">
                  <RoutePointRef ref="OST:RoutePoint:1287930_1" />
                </PointOnRoute>
                <PointOnRoute id="OST:PointOnRoute:7454187" order="11" version="271">
                  <RoutePointRef ref="OST:RoutePoint:1287940_1" />
                </PointOnRoute>
                <PointOnRoute id="OST:PointOnRoute:7454193" order="17" version="271">
                  <RoutePointRef ref="OST:RoutePoint:1287931_1" />
                </PointOnRoute>
              </pointsInSequence>
            </Route>
          </routes>
          <lines>
            <Line id="OST:Line:1_470" version="271">
              <Name>Skolerute Rakkestad</Name>
              <TransportMode>bus</TransportMode>
              <TransportSubmode>
                <BusSubmode>localBus</BusSubmode>
              </TransportSubmode>
              <PublicCode>470</PublicCode>
              <PrivateCode>470</PrivateCode>
              <OperatorRef ref="OST:Operator:152" />
              <RepresentedByGroupRef ref="OST:GroupOfLines:bus_1" />
            </Line>
          </lines>
          <journeyPatterns>
            <JourneyPattern id="OST:JourneyPattern:470_Outbound_211210121983312_211210121975025" version="271">
              <Name>1-1</Name>
              <RouteRef ref="OST:Route:470_Outbound_211210121983312_211210121975025" version="271" />
              <pointsInSequence>
                <StopPointInJourneyPattern order="12" id="OST:StopPointInJourneyPattern:470_Outbound_211210121983312_12_211210121975025" version="271">
                  <ScheduledStopPointRef ref="OST:ScheduledStopPoint:1287945_1" />
                </StopPointInJourneyPattern>
                <StopPointInJourneyPattern order="6" id="OST:StopPointInJourneyPattern:470_Outbound_211210121983312_6_211210121975025" version="271">
                  <ScheduledStopPointRef ref="OST:ScheduledStopPoint:1287915_1" />
                </StopPointInJourneyPattern>
                <StopPointInJourneyPattern order="2" id="OST:StopPointInJourneyPattern:470_Outbound_211210121983312_2_211210121975025" version="271">
                  <ScheduledStopPointRef ref="OST:ScheduledStopPoint:1284370_2" />
                </StopPointInJourneyPattern>
                <StopPointInJourneyPattern order="13" id="OST:StopPointInJourneyPattern:470_Outbound_211210121983312_13_211210121975025" version="271">
                  <ScheduledStopPointRef ref="OST:ScheduledStopPoint:1287950_1" />
                </StopPointInJourneyPattern>
                <StopPointInJourneyPattern order="5" id="OST:StopPointInJourneyPattern:470_Outbound_211210121983312_5_211210121975025" version="271">
                  <ScheduledStopPointRef ref="OST:ScheduledStopPoint:1287910_1" />
                </StopPointInJourneyPattern>
                <StopPointInJourneyPattern order="15" id="OST:StopPointInJourneyPattern:470_Outbound_211210121983312_15_211210121975025" version="271">
                  <ScheduledStopPointRef ref="OST:ScheduledStopPoint:1287935_2" />
                </StopPointInJourneyPattern>
                <StopPointInJourneyPattern order="17" id="OST:StopPointInJourneyPattern:470_Outbound_211210121983312_17_211210121975025" version="271">
                  <ScheduledStopPointRef ref="OST:ScheduledStopPoint:1287931_1" />
                </StopPointInJourneyPattern>
                <StopPointInJourneyPattern order="22" id="OST:StopPointInJourneyPattern:470_Outbound_211210121983312_22_211210121975025" version="271">
                  <ScheduledStopPointRef ref="OST:ScheduledStopPoint:1284370_1" />
                </StopPointInJourneyPattern>
                <StopPointInJourneyPattern order="10" id="OST:StopPointInJourneyPattern:470_Outbound_211210121983312_10_211210121975025" version="271">
                  <ScheduledStopPointRef ref="OST:ScheduledStopPoint:1287960_2" />
                </StopPointInJourneyPattern>
                <StopPointInJourneyPattern order="23" id="OST:StopPointInJourneyPattern:470_Outbound_211210121983312_23_211210121975025" version="271">
                  <ScheduledStopPointRef ref="OST:ScheduledStopPoint:1288225_1" />
                </StopPointInJourneyPattern>
                <StopPointInJourneyPattern order="3" id="OST:StopPointInJourneyPattern:470_Outbound_211210121983312_3_211210121975025" version="271">
                  <ScheduledStopPointRef ref="OST:ScheduledStopPoint:1287900_1" />
                </StopPointInJourneyPattern>
                <StopPointInJourneyPattern order="26" id="OST:StopPointInJourneyPattern:470_Outbound_211210121983312_26_211210121975025" version="271">
                  <ForBoarding>false</ForBoarding>
                  <ScheduledStopPointRef ref="OST:ScheduledStopPoint:1284375_1" />
                </StopPointInJourneyPattern>
                <StopPointInJourneyPattern order="1" id="OST:StopPointInJourneyPattern:470_Outbound_211210121983312_1_211210121975025" version="271">
                  <ForAlighting>false</ForAlighting>
                  <DestinationDisplayRef ref="OST:DestinationDisplay:30" />
                  <ScheduledStopPointRef ref="OST:ScheduledStopPoint:1284375_2" />
                </StopPointInJourneyPattern>
                <StopPointInJourneyPattern order="8" id="OST:StopPointInJourneyPattern:470_Outbound_211210121983312_8_211210121975025" version="271">
                  <ScheduledStopPointRef ref="OST:ScheduledStopPoint:1287925_1" />
                </StopPointInJourneyPattern>
                <StopPointInJourneyPattern order="9" id="OST:StopPointInJourneyPattern:470_Outbound_211210121983312_9_211210121975025" version="271">
                  <ScheduledStopPointRef ref="OST:ScheduledStopPoint:1287930_1" />
                </StopPointInJourneyPattern>
                <StopPointInJourneyPattern order="16" id="OST:StopPointInJourneyPattern:470_Outbound_211210121983312_16_211210121975025" version="271">
                  <ScheduledStopPointRef ref="OST:ScheduledStopPoint:1287960_3" />
                </StopPointInJourneyPattern>
                <StopPointInJourneyPattern order="20" id="OST:StopPointInJourneyPattern:470_Outbound_211210121983312_20_211210121975025" version="271">
                  <ScheduledStopPointRef ref="OST:ScheduledStopPoint:1287900_2" />
                </StopPointInJourneyPattern>
                <StopPointInJourneyPattern order="24" id="OST:StopPointInJourneyPattern:470_Outbound_211210121983312_24_211210121975025" version="271">
                  <ScheduledStopPointRef ref="OST:ScheduledStopPoint:1288230_1" />
                </StopPointInJourneyPattern>
                <StopPointInJourneyPattern order="19" id="OST:StopPointInJourneyPattern:470_Outbound_211210121983312_19_211210121975025" version="271">
                  <ScheduledStopPointRef ref="OST:ScheduledStopPoint:1287920_2" />
                </StopPointInJourneyPattern>
                <StopPointInJourneyPattern order="7" id="OST:StopPointInJourneyPattern:470_Outbound_211210121983312_7_211210121975025" version="271">
                  <ScheduledStopPointRef ref="OST:ScheduledStopPoint:1287920_1" />
                </StopPointInJourneyPattern>
                <StopPointInJourneyPattern order="21" id="OST:StopPointInJourneyPattern:470_Outbound_211210121983312_21_211210121975025" version="271">
                  <ScheduledStopPointRef ref="OST:ScheduledStopPoint:1284366_1" />
                </StopPointInJourneyPattern>
                <StopPointInJourneyPattern order="25" id="OST:StopPointInJourneyPattern:470_Outbound_211210121983312_25_211210121975025" version="271">
                  <ScheduledStopPointRef ref="OST:ScheduledStopPoint:1288225_2" />
                </StopPointInJourneyPattern>
                <StopPointInJourneyPattern order="14" id="OST:StopPointInJourneyPattern:470_Outbound_211210121983312_14_211210121975025" version="271">
                  <ScheduledStopPointRef ref="OST:ScheduledStopPoint:1287955_2" />
                </StopPointInJourneyPattern>
                <StopPointInJourneyPattern order="18" id="OST:StopPointInJourneyPattern:470_Outbound_211210121983312_18_211210121975025" version="271">
                  <ScheduledStopPointRef ref="OST:ScheduledStopPoint:1287930_2" />
                </StopPointInJourneyPattern>
                <StopPointInJourneyPattern order="4" id="OST:StopPointInJourneyPattern:470_Outbound_211210121983312_4_211210121975025" version="271">
                  <ScheduledStopPointRef ref="OST:ScheduledStopPoint:1287905_1" />
                </StopPointInJourneyPattern>
                <StopPointInJourneyPattern order="11" id="OST:StopPointInJourneyPattern:470_Outbound_211210121983312_11_211210121975025" version="271">
                  <ScheduledStopPointRef ref="OST:ScheduledStopPoint:1287940_1" />
                </StopPointInJourneyPattern>
              </pointsInSequence>
              <linksInSequence>
                <ServiceLinkInJourneyPattern order="23" id="OST:ServiceLinkInJourneyPattern:7454234" version="271">
                  <ServiceLinkRef ref="OST:ServiceLink:200811072690814_1_200811072690819_1_278" />
                </ServiceLinkInJourneyPattern>
                <ServiceLinkInJourneyPattern order="14" id="OST:ServiceLinkInJourneyPattern:7454220" version="271">
                  <ServiceLinkRef ref="OST:ServiceLink:200811072690733_2_200811072690719_2_5567" />
                </ServiceLinkInJourneyPattern>
                <ServiceLinkInJourneyPattern order="16" id="OST:ServiceLinkInJourneyPattern:7454224" version="271">
                  <ServiceLinkRef ref="OST:ServiceLink:200811072690738_3_200811072690708_1_2924" />
                </ServiceLinkInJourneyPattern>
                <ServiceLinkInJourneyPattern order="20" id="OST:ServiceLinkInJourneyPattern:7454229" version="271">
                  <ServiceLinkRef ref="OST:ServiceLink:200811072690680_2_200811072690506_1_1509" />
                </ServiceLinkInJourneyPattern>
                <ServiceLinkInJourneyPattern order="9" id="OST:ServiceLinkInJourneyPattern:7454212" version="271">
                  <ServiceLinkRef ref="OST:ServiceLink:200811072690703_1_200811072690736_2_2697" />
                </ServiceLinkInJourneyPattern>
                <ServiceLinkInJourneyPattern order="1" id="OST:ServiceLinkInJourneyPattern:7454203" version="271">
                  <ServiceLinkRef ref="OST:ServiceLink:200811072690516_2_200811072690511_2_868" />
                </ServiceLinkInJourneyPattern>
                <ServiceLinkInJourneyPattern order="13" id="OST:ServiceLinkInJourneyPattern:7454218" version="271">
                  <ServiceLinkRef ref="OST:ServiceLink:200811072690728_1_200811072690733_2_2018" />
                </ServiceLinkInJourneyPattern>
                <ServiceLinkInJourneyPattern order="2" id="OST:ServiceLinkInJourneyPattern:7454204" version="271">
                  <ServiceLinkRef ref="OST:ServiceLink:200811072690511_2_200811072690678_1_1568" />
                </ServiceLinkInJourneyPattern>
                <ServiceLinkInJourneyPattern order="4" id="OST:ServiceLinkInJourneyPattern:7454207" version="271">
                  <ServiceLinkRef ref="OST:ServiceLink:200811072690683_1_200811072690686_1_1642" />
                </ServiceLinkInJourneyPattern>
                <ServiceLinkInJourneyPattern order="5" id="OST:ServiceLinkInJourneyPattern:7454208" version="271">
                  <ServiceLinkRef ref="OST:ServiceLink:200811072690686_1_200811072690689_1_153" />
                </ServiceLinkInJourneyPattern>
                <ServiceLinkInJourneyPattern order="22" id="OST:ServiceLinkInJourneyPattern:7454233" version="271">
                  <ServiceLinkRef ref="OST:ServiceLink:200811072690513_1_200811072690814_1_764" />
                </ServiceLinkInJourneyPattern>
                <ServiceLinkInJourneyPattern order="25" id="OST:ServiceLinkInJourneyPattern:7454236" version="271">
                  <ServiceLinkRef ref="OST:ServiceLink:200811072690816_2_200811072690518_1_700" />
                </ServiceLinkInJourneyPattern>
                <ServiceLinkInJourneyPattern order="18" id="OST:ServiceLinkInJourneyPattern:7454227" version="271">
                  <ServiceLinkRef ref="OST:ServiceLink:200811072690705_2_200811072690697_2_4298" />
                </ServiceLinkInJourneyPattern>
                <ServiceLinkInJourneyPattern order="19" id="OST:ServiceLinkInJourneyPattern:7454228" version="271">
                  <ServiceLinkRef ref="OST:ServiceLink:200811072690697_2_200811072690680_2_3506" />
                </ServiceLinkInJourneyPattern>
                <ServiceLinkInJourneyPattern order="8" id="OST:ServiceLinkInJourneyPattern:7454211" version="271">
                  <ServiceLinkRef ref="OST:ServiceLink:200811072690700_1_200811072690703_1_2583" />
                </ServiceLinkInJourneyPattern>
                <ServiceLinkInJourneyPattern order="12" id="OST:ServiceLinkInJourneyPattern:7454217" version="271">
                  <ServiceLinkRef ref="OST:ServiceLink:200811072690725_1_200811072690728_1_878" />
                </ServiceLinkInJourneyPattern>
                <ServiceLinkInJourneyPattern order="11" id="OST:ServiceLinkInJourneyPattern:7454216" version="271">
                  <ServiceLinkRef ref="OST:ServiceLink:200811072690722_1_200811072690725_1_1596" />
                </ServiceLinkInJourneyPattern>
                <ServiceLinkInJourneyPattern order="15" id="OST:ServiceLinkInJourneyPattern:7454222" version="271">
                  <ServiceLinkRef ref="OST:ServiceLink:200811072690719_2_200811072690738_3_377" />
                </ServiceLinkInJourneyPattern>
                <ServiceLinkInJourneyPattern order="17" id="OST:ServiceLinkInJourneyPattern:7454226" version="271">
                  <ServiceLinkRef ref="OST:ServiceLink:200811072690708_1_200811072690705_2_502" />
                </ServiceLinkInJourneyPattern>
                <ServiceLinkInJourneyPattern order="21" id="OST:ServiceLinkInJourneyPattern:7454231" version="271">
                  <ServiceLinkRef ref="OST:ServiceLink:200811072690506_1_200811072690513_1_240" />
                </ServiceLinkInJourneyPattern>
                <ServiceLinkInJourneyPattern order="24" id="OST:ServiceLinkInJourneyPattern:7454235" version="271">
                  <ServiceLinkRef ref="OST:ServiceLink:200811072690819_1_200811072690816_2_281" />
                </ServiceLinkInJourneyPattern>
                <ServiceLinkInJourneyPattern order="7" id="OST:ServiceLinkInJourneyPattern:7454210" version="271">
                  <ServiceLinkRef ref="OST:ServiceLink:200811072690695_1_200811072690700_1_1762" />
                </ServiceLinkInJourneyPattern>
                <ServiceLinkInJourneyPattern order="10" id="OST:ServiceLinkInJourneyPattern:7454214" version="271">
                  <ServiceLinkRef ref="OST:ServiceLink:200811072690736_2_200811072690722_1_1517" />
                </ServiceLinkInJourneyPattern>
                <ServiceLinkInJourneyPattern order="3" id="OST:ServiceLinkInJourneyPattern:7454206" version="271">
                  <ServiceLinkRef ref="OST:ServiceLink:200811072690678_1_200811072690683_1_841" />
                </ServiceLinkInJourneyPattern>
                <ServiceLinkInJourneyPattern order="6" id="OST:ServiceLinkInJourneyPattern:7454209" version="271">
                  <ServiceLinkRef ref="OST:ServiceLink:200811072690689_1_200811072690695_1_866" />
                </ServiceLinkInJourneyPattern>
              </linksInSequence>
            </JourneyPattern>
          </journeyPatterns>
        </ServiceFrame>
        <TimetableFrame id="884322377" version="1">
          <vehicleJourneys>
            <ServiceJourney id="OST:ServiceJourney:470_211210122072357_1" publication="public" version="271">
              <Name>Bergenhus skole-Rakkestad u. skole</Name>
              <PrivateCode>1</PrivateCode>
              <dayTypes>
                <DayTypeRef ref="OST:DayType:121" />
              </dayTypes>
              <JourneyPatternRef ref="OST:JourneyPattern:470_Outbound_211210121983312_211210121975025" version="271" />
              <LineRef ref="OST:Line:1_470" version="271" />
              <OperatorRef ref="OST:Operator:152" />
              <passingTimes>
                <TimetabledPassingTime id="OST:TimetabledPassingTime:211210122072357_2_07_30_00" version="271">
                  <DepartureTime>07:30:00</DepartureTime>
                  <StopPointInJourneyPatternRef ref="OST:StopPointInJourneyPattern:470_Outbound_211210121983312_2_211210121975025" version="271" />
                </TimetabledPassingTime>
                <TimetabledPassingTime id="OST:TimetabledPassingTime:211210122072357_1_07_30_00" version="271">
                  <DepartureTime>07:30:00</DepartureTime>
                  <StopPointInJourneyPatternRef ref="OST:StopPointInJourneyPattern:470_Outbound_211210121983312_1_211210121975025" version="271" />
                </TimetabledPassingTime>
                <TimetabledPassingTime id="OST:TimetabledPassingTime:211210122072357_3_07_31_00" version="271">
                  <DepartureTime>07:31:00</DepartureTime>
                  <StopPointInJourneyPatternRef ref="OST:StopPointInJourneyPattern:470_Outbound_211210121983312_3_211210121975025" version="271" />
                </TimetabledPassingTime>
                <TimetabledPassingTime id="OST:TimetabledPassingTime:211210122072357_4_07_32_00" version="271">
                  <DepartureTime>07:32:00</DepartureTime>
                  <StopPointInJourneyPatternRef ref="OST:StopPointInJourneyPattern:470_Outbound_211210121983312_4_211210121975025" version="271" />
                </TimetabledPassingTime>
                <TimetabledPassingTime id="OST:TimetabledPassingTime:211210122072357_5_07_33_00" version="271">
                  <DepartureTime>07:33:00</DepartureTime>
                  <StopPointInJourneyPatternRef ref="OST:StopPointInJourneyPattern:470_Outbound_211210121983312_5_211210121975025" version="271" />
                </TimetabledPassingTime>
                <TimetabledPassingTime id="OST:TimetabledPassingTime:211210122072357_6_07_33_00" version="271">
                  <DepartureTime>07:33:00</DepartureTime>
                  <StopPointInJourneyPatternRef ref="OST:StopPointInJourneyPattern:470_Outbound_211210121983312_6_211210121975025" version="271" />
                </TimetabledPassingTime>
                <TimetabledPassingTime id="OST:TimetabledPassingTime:211210122072357_7_07_34_00" version="271">
                  <DepartureTime>07:34:00</DepartureTime>
                  <StopPointInJourneyPatternRef ref="OST:StopPointInJourneyPattern:470_Outbound_211210121983312_7_211210121975025" version="271" />
                </TimetabledPassingTime>
                <TimetabledPassingTime id="OST:TimetabledPassingTime:211210122072357_8_07_36_00" version="271">
                  <DepartureTime>07:36:00</DepartureTime>
                  <StopPointInJourneyPatternRef ref="OST:StopPointInJourneyPattern:470_Outbound_211210121983312_8_211210121975025" version="271" />
                </TimetabledPassingTime>
                <TimetabledPassingTime id="OST:TimetabledPassingTime:211210122072357_9_07_39_00" version="271">
                  <DepartureTime>07:39:00</DepartureTime>
                  <StopPointInJourneyPatternRef ref="OST:StopPointInJourneyPattern:470_Outbound_211210121983312_9_211210121975025" version="271" />
                </TimetabledPassingTime>
                <TimetabledPassingTime id="OST:TimetabledPassingTime:211210122072357_10_07_42_00" version="271">
                  <DepartureTime>07:42:00</DepartureTime>
                  <StopPointInJourneyPatternRef ref="OST:StopPointInJourneyPattern:470_Outbound_211210121983312_10_211210121975025" version="271" />
                </TimetabledPassingTime>
                <TimetabledPassingTime id="OST:TimetabledPassingTime:211210122072357_11_07_44_00" version="271">
                  <DepartureTime>07:44:00</DepartureTime>
                  <StopPointInJourneyPatternRef ref="OST:StopPointInJourneyPattern:470_Outbound_211210121983312_11_211210121975025" version="271" />
                </TimetabledPassingTime>
                <TimetabledPassingTime id="OST:TimetabledPassingTime:211210122072357_13_07_46_00" version="271">
                  <DepartureTime>07:46:00</DepartureTime>
                  <StopPointInJourneyPatternRef ref="OST:StopPointInJourneyPattern:470_Outbound_211210121983312_13_211210121975025" version="271" />
                </TimetabledPassingTime>
                <TimetabledPassingTime id="OST:TimetabledPassingTime:211210122072357_12_07_46_00" version="271">
                  <DepartureTime>07:46:00</DepartureTime>
                  <StopPointInJourneyPatternRef ref="OST:StopPointInJourneyPattern:470_Outbound_211210121983312_12_211210121975025" version="271" />
                </TimetabledPassingTime>
                <TimetabledPassingTime id="OST:TimetabledPassingTime:211210122072357_14_07_49_00" version="271">
                  <DepartureTime>07:49:00</DepartureTime>
                  <StopPointInJourneyPatternRef ref="OST:StopPointInJourneyPattern:470_Outbound_211210121983312_14_211210121975025" version="271" />
                </TimetabledPassingTime>
                <TimetabledPassingTime id="OST:TimetabledPassingTime:211210122072357_15_07_55_00" version="271">
                  <DepartureTime>07:55:00</DepartureTime>
                  <StopPointInJourneyPatternRef ref="OST:StopPointInJourneyPattern:470_Outbound_211210121983312_15_211210121975025" version="271" />
                </TimetabledPassingTime>
                <TimetabledPassingTime id="OST:TimetabledPassingTime:211210122072357_16_07_55_00" version="271">
                  <DepartureTime>07:55:00</DepartureTime>
                  <StopPointInJourneyPatternRef ref="OST:StopPointInJourneyPattern:470_Outbound_211210121983312_16_211210121975025" version="271" />
                </TimetabledPassingTime>
                <TimetabledPassingTime id="OST:TimetabledPassingTime:211210122072357_17_07_59_00" version="271">
                  <DepartureTime>07:59:00</DepartureTime>
                  <StopPointInJourneyPatternRef ref="OST:StopPointInJourneyPattern:470_Outbound_211210121983312_17_211210121975025" version="271" />
                </TimetabledPassingTime>
                <TimetabledPassingTime id="OST:TimetabledPassingTime:211210122072357_18_08_00_00" version="271">
                  <DepartureTime>08:00:00</DepartureTime>
                  <StopPointInJourneyPatternRef ref="OST:StopPointInJourneyPattern:470_Outbound_211210121983312_18_211210121975025" version="271" />
                </TimetabledPassingTime>
                <TimetabledPassingTime id="OST:TimetabledPassingTime:211210122072357_19_08_09_00" version="271">
                  <DepartureTime>08:09:00</DepartureTime>
                  <StopPointInJourneyPatternRef ref="OST:StopPointInJourneyPattern:470_Outbound_211210121983312_19_211210121975025" version="271" />
                </TimetabledPassingTime>
                <TimetabledPassingTime id="OST:TimetabledPassingTime:211210122072357_20_08_12_00" version="271">
                  <DepartureTime>08:12:00</DepartureTime>
                  <StopPointInJourneyPatternRef ref="OST:StopPointInJourneyPattern:470_Outbound_211210121983312_20_211210121975025" version="271" />
                </TimetabledPassingTime>
                <TimetabledPassingTime id="OST:TimetabledPassingTime:211210122072357_21_08_14_00" version="271">
                  <DepartureTime>08:14:00</DepartureTime>
                  <StopPointInJourneyPatternRef ref="OST:StopPointInJourneyPattern:470_Outbound_211210121983312_21_211210121975025" version="271" />
                </TimetabledPassingTime>
                <TimetabledPassingTime id="OST:TimetabledPassingTime:211210122072357_22_08_14_00" version="271">
                  <DepartureTime>08:14:00</DepartureTime>
                  <StopPointInJourneyPatternRef ref="OST:StopPointInJourneyPattern:470_Outbound_211210121983312_22_211210121975025" version="271" />
                </TimetabledPassingTime>
                <TimetabledPassingTime id="OST:TimetabledPassingTime:211210122072357_23_08_16_00" version="271">
                  <DepartureTime>08:16:00</DepartureTime>
                  <StopPointInJourneyPatternRef ref="OST:StopPointInJourneyPattern:470_Outbound_211210121983312_23_211210121975025" version="271" />
                </TimetabledPassingTime>
                <TimetabledPassingTime id="OST:TimetabledPassingTime:211210122072357_24_08_17_00" version="271">
                  <DepartureTime>08:17:00</DepartureTime>
                  <StopPointInJourneyPatternRef ref="OST:StopPointInJourneyPattern:470_Outbound_211210121983312_24_211210121975025" version="271" />
                </TimetabledPassingTime>
                <TimetabledPassingTime id="OST:TimetabledPassingTime:211210122072357_25_08_20_00" version="271">
                  <DepartureTime>08:20:00</DepartureTime>
                  <StopPointInJourneyPatternRef ref="OST:StopPointInJourneyPattern:470_Outbound_211210121983312_25_211210121975025" version="271" />
                </TimetabledPassingTime>
                <TimetabledPassingTime id="OST:TimetabledPassingTime:211210122072357_26_08_29_00" version="271">
                  <ArrivalTime>08:29:00</ArrivalTime>
                  <StopPointInJourneyPatternRef ref="OST:StopPointInJourneyPattern:470_Outbound_211210121983312_26_211210121975025" version="271" />
                </TimetabledPassingTime>
              </passingTimes>
            </ServiceJourney>
          </vehicleJourneys>
        </TimetableFrame>
      </frames>
    </CompositeFrame>
  </dataObjects>
</PublicationDelivery>
