<?xml version="1.0" encoding="UTF-8"?>
<PublicationDelivery xmlns="http://www.netex.org.uk/netex" xmlns:gis="http://www.opengis.net/gml/3.2" xmlns:siri="http://www.siri.org.uk/siri" version="1.13:NO-NeTEx-networktimetable:1.3">
  <PublicationTimestamp>2022-05-26T00:05:35.012</PublicationTimestamp>
  <ParticipantRef>RB</ParticipantRef>
  <Description>Holmen-Fjeldberg</Description>
  <dataObjects>
    <CompositeFrame created="2022-04-08T10:32:34.29" id="102878376" version="1">
      <validityConditions>
        <AvailabilityCondition id="1906195300" version="1">
          <FromDate>2022-05-23T00:00:00</FromDate>
          <ToDate>2023-05-25T00:00:00</ToDate>
        </AvailabilityCondition>
      </validityConditions>
      <codespaces>
        <Codespace id="ost">
          <Xmlns>OST</Xmlns>
          <XmlnsUrl>http://www.rutebanken.org/ns/ost</XmlnsUrl>
        </Codespace>
        <Codespace id="nsr">
          <Xmlns>NSR</Xmlns>
          <XmlnsUrl>http://www.rutebanken.org/ns/nsr</XmlnsUrl>
        </Codespace>
      </codespaces>
      <FrameDefaults>
        <DefaultLocale>
          <TimeZone>Europe/Oslo</TimeZone>
          <DefaultLanguage>no</DefaultLanguage>
        </DefaultLocale>
      </FrameDefaults>
      <frames>
        <ServiceFrame id="1006296482" version="1">
          <routes>
            <Route id="OST:Route:119_Outbound_210930110971635_210930110964168" version="271">
              <Name>1-1</Name>
              <ShortName>1-1</ShortName>
              <LineRef ref="OST:Line:1_119" version="271" />
              <DirectionType>inbound</DirectionType>
              <pointsInSequence>
                <PointOnRoute id="OST:PointOnRoute:7413334" order="4" version="271">
                  <RoutePointRef ref="OST:RoutePoint:1061045_1" />
                </PointOnRoute>
                <PointOnRoute id="OST:PointOnRoute:7413342" order="12" version="271">
                  <RoutePointRef ref="OST:RoutePoint:1061894_3" />
                </PointOnRoute>
                <PointOnRoute id="OST:PointOnRoute:7413340" order="10" version="271">
                  <RoutePointRef ref="OST:RoutePoint:1065600_2" />
                </PointOnRoute>
                <PointOnRoute id="OST:PointOnRoute:7413336" order="6" version="271">
                  <RoutePointRef ref="OST:RoutePoint:1069120_1" />
                </PointOnRoute>
                <PointOnRoute id="OST:PointOnRoute:7413341" order="11" version="271">
                  <RoutePointRef ref="OST:RoutePoint:1065595_2" />
                </PointOnRoute>
                <PointOnRoute id="OST:PointOnRoute:7413339" order="9" version="271">
                  <RoutePointRef ref="OST:RoutePoint:1065610_2" />
                </PointOnRoute>
                <PointOnRoute id="OST:PointOnRoute:7413331" order="1" version="271">
                  <RoutePointRef ref="OST:RoutePoint:1061894_3" />
                </PointOnRoute>
                <PointOnRoute id="OST:PointOnRoute:7413337" order="7" version="271">
                  <RoutePointRef ref="OST:RoutePoint:1069125_1" />
                </PointOnRoute>
                <PointOnRoute id="OST:PointOnRoute:7413335" order="5" version="271">
                  <RoutePointRef ref="OST:RoutePoint:1069870_1" />
                </PointOnRoute>
                <PointOnRoute id="OST:PointOnRoute:7413333" order="3" version="271">
                  <RoutePointRef ref="OST:RoutePoint:1065600_1" />
                </PointOnRoute>
                <PointOnRoute id="OST:PointOnRoute:7413332" order="2" version="271">
                  <RoutePointRef ref="OST:RoutePoint:1065595_1" />
                </PointOnRoute>
                <PointOnRoute id="OST:PointOnRoute:7413338" order="8" version="271">
                  <RoutePointRef ref="OST:RoutePoint:1065615_2" />
                </PointOnRoute>
              </pointsInSequence>
            </Route>
          </routes>
          <lines>
            <Line id="OST:Line:1_119" version="271">
              <Name>Holmen-Fjeldberg</Name>
              <TransportMode>bus</TransportMode>
              <TransportSubmode>
                <BusSubmode>localBus</BusSubmode>
              </TransportSubmode>
              <PublicCode>119</PublicCode>
              <PrivateCode>119</PrivateCode>
              <OperatorRef ref="OST:Operator:152" />
              <RepresentedByGroupRef ref="OST:GroupOfLines:bus_1" />
            </Line>
          </lines>
          <journeyPatterns>
            <JourneyPattern id="OST:JourneyPattern:119_Outbound_210930110971635_210930110964168" version="271">
              <Name>1-1</Name>
              <RouteRef ref="OST:Route:119_Outbound_210930110971635_210930110964168" version="271" />
              <pointsInSequence>
                <StopPointInJourneyPattern order="5" id="OST:StopPointInJourneyPattern:119_Outbound_210930110971635_5_210930110964168" version="271">
                  <DestinationDisplayRef ref="OST:DestinationDisplay:110" />
                  <ScheduledStopPointRef ref="OST:ScheduledStopPoint:1069870_1" />
                </StopPointInJourneyPattern>
                <StopPointInJourneyPattern order="12" id="OST:StopPointInJourneyPattern:119_Outbound_210930110971635_12_210930110964168" version="271">
                  <ForBoarding>false</ForBoarding>
                  <ScheduledStopPointRef ref="OST:ScheduledStopPoint:1061894_3" />
                </StopPointInJourneyPattern>
                <StopPointInJourneyPattern order="2" id="OST:StopPointInJourneyPattern:119_Outbound_210930110971635_2_210930110964168" version="271">
                  <ScheduledStopPointRef ref="OST:ScheduledStopPoint:1065595_1" />
                </StopPointInJourneyPattern>
                <StopPointInJourneyPattern order="4" id="OST:StopPointInJourneyPattern:119_Outbound_210930110971635_4_210930110964168" version="271">
                  <ScheduledStopPointRef ref="OST:ScheduledStopPoint:1061045_1" />
                </StopPointInJourneyPattern>
                <StopPointInJourneyPattern order="11" id="OST:StopPointInJourneyPattern:119_Outbound_210930110971635_11_210930110964168" version="271">
                  <ScheduledStopPointRef ref="OST:ScheduledStopPoint:1065595_2" />
                </StopPointInJourneyPattern>
                <StopPointInJourneyPattern order="9" id="OST:StopPointInJourneyPattern:119_Outbound_210930110971635_9_210930110964168" version="271">
                  <ScheduledStopPointRef ref="OST:ScheduledStopPoint:1065610_2" />
                </StopPointInJourneyPattern>
                <StopPointInJourneyPattern order="10" id="OST:StopPointInJourneyPattern:119_Outbound_210930110971635_10_210930110964168" version="271">
                  <ScheduledStopPointRef ref="OST:ScheduledStopPoint:1065600_2" />
                </StopPointInJourneyPattern>
                <StopPointInJourneyPattern order="7" id="OST:StopPointInJourneyPattern:119_Outbound_210930110971635_7_210930110964168" version="271">
                  <ScheduledStopPointRef ref="OST:ScheduledStopPoint:1069125_1" />
                </StopPointInJourneyPattern>
                <StopPointInJourneyPattern order="1" id="OST:StopPointInJourneyPattern:119_Outbound_210930110971635_1_210930110964168" version="271">
                  <ForAlighting>false</ForAlighting>
                  <DestinationDisplayRef ref="OST:DestinationDisplay:102" />
                  <ScheduledStopPointRef ref="OST:ScheduledStopPoint:1061894_3" />
                </StopPointInJourneyPattern>
                <StopPointInJourneyPattern order="6" id="OST:StopPointInJourneyPattern:119_Outbound_210930110971635_6_210930110964168" version="271">
                  <ScheduledStopPointRef ref="OST:ScheduledStopPoint:1069120_1" />
                </StopPointInJourneyPattern>
                <StopPointInJourneyPattern order="8" id="OST:StopPointInJourneyPattern:119_Outbound_210930110971635_8_210930110964168" version="271">
                  <ScheduledStopPointRef ref="OST:ScheduledStopPoint:1065615_2" />
                </StopPointInJourneyPattern>
                <StopPointInJourneyPattern order="3" id="OST:StopPointInJourneyPattern:119_Outbound_210930110971635_3_210930110964168" version="271">
                  <ScheduledStopPointRef ref="OST:ScheduledStopPoint:1065600_1" />
                </StopPointInJourneyPattern>
              </pointsInSequence>
              <linksInSequence>
                <ServiceLinkInJourneyPattern order="1" id="OST:ServiceLinkInJourneyPattern:7413343" version="271">
                  <ServiceLinkRef ref="OST:ServiceLink:200811072686234_3_200811072686653_1_355" />
                </ServiceLinkInJourneyPattern>
                <ServiceLinkInJourneyPattern order="9" id="OST:ServiceLinkInJourneyPattern:7413357" version="271">
                  <ServiceLinkRef ref="OST:ServiceLink:200811072686664_2_200811072686656_2_434" />
                </ServiceLinkInJourneyPattern>
                <ServiceLinkInJourneyPattern order="7" id="OST:ServiceLinkInJourneyPattern:7413354" version="271">
                  <ServiceLinkRef ref="OST:ServiceLink:200811072687467_1_200811072686669_2_245" />
                </ServiceLinkInJourneyPattern>
                <ServiceLinkInJourneyPattern order="4" id="OST:ServiceLinkInJourneyPattern:7413348" version="271">
                  <ServiceLinkRef ref="OST:ServiceLink:200811072685958_1_200811072688077_1_229" />
                </ServiceLinkInJourneyPattern>
                <ServiceLinkInJourneyPattern order="6" id="OST:ServiceLinkInJourneyPattern:7413352" version="271">
                  <ServiceLinkRef ref="OST:ServiceLink:200811072687464_1_200811072687467_1_225" />
                </ServiceLinkInJourneyPattern>
                <ServiceLinkInJourneyPattern order="3" id="OST:ServiceLinkInJourneyPattern:7413346" version="271">
                  <ServiceLinkRef ref="OST:ServiceLink:200811072686658_1_200811072685958_1_134" />
                </ServiceLinkInJourneyPattern>
                <ServiceLinkInJourneyPattern order="5" id="OST:ServiceLinkInJourneyPattern:7413350" version="271">
                  <ServiceLinkRef ref="OST:ServiceLink:200811072688077_1_200811072687464_1_494" />
                </ServiceLinkInJourneyPattern>
                <ServiceLinkInJourneyPattern order="2" id="OST:ServiceLinkInJourneyPattern:7413345" version="271">
                  <ServiceLinkRef ref="OST:ServiceLink:200811072686653_1_200811072686658_1_221" />
                </ServiceLinkInJourneyPattern>
                <ServiceLinkInJourneyPattern order="10" id="OST:ServiceLinkInJourneyPattern:7413358" version="271">
                  <ServiceLinkRef ref="OST:ServiceLink:200811072686656_2_200811072686651_2_222" />
                </ServiceLinkInJourneyPattern>
                <ServiceLinkInJourneyPattern order="8" id="OST:ServiceLinkInJourneyPattern:7413356" version="271">
                  <ServiceLinkRef ref="OST:ServiceLink:200811072686669_2_200811072686664_2_463" />
                </ServiceLinkInJourneyPattern>
                <ServiceLinkInJourneyPattern order="11" id="OST:ServiceLinkInJourneyPattern:7413359" version="271">
                  <ServiceLinkRef ref="OST:ServiceLink:200811072686651_2_200811072686234_3_436" />
                </ServiceLinkInJourneyPattern>
              </linksInSequence>
            </JourneyPattern>
          </journeyPatterns>
        </ServiceFrame>
        <TimetableFrame id="579391659" version="1">
          <vehicleJourneys>
            <ServiceJourney id="OST:ServiceJourney:119_210930111071140_5" publication="public" version="271">
              <Name>Fjeldberg</Name>
              <PrivateCode>5</PrivateCode>
              <dayTypes>
                <DayTypeRef ref="OST:DayType:115" />
              </dayTypes>
              <JourneyPatternRef ref="OST:JourneyPattern:119_Outbound_210930110971635_210930110964168" version="271" />
              <LineRef ref="OST:Line:1_119" version="271" />
              <OperatorRef ref="OST:Operator:152" />
              <passingTimes>
                <TimetabledPassingTime id="OST:TimetabledPassingTime:210930111071140_1_13_45_00" version="271">
                  <DepartureTime>13:45:00</DepartureTime>
                  <StopPointInJourneyPatternRef ref="OST:StopPointInJourneyPattern:119_Outbound_210930110971635_1_210930110964168" version="271" />
                </TimetabledPassingTime>
                <TimetabledPassingTime id="OST:TimetabledPassingTime:210930111071140_2_13_46_00" version="271">
                  <DepartureTime>13:46:00</DepartureTime>
                  <StopPointInJourneyPatternRef ref="OST:StopPointInJourneyPattern:119_Outbound_210930110971635_2_210930110964168" version="271" />
                </TimetabledPassingTime>
                <TimetabledPassingTime id="OST:TimetabledPassingTime:210930111071140_3_13_46_00" version="271">
                  <DepartureTime>13:46:00</DepartureTime>
                  <StopPointInJourneyPatternRef ref="OST:StopPointInJourneyPattern:119_Outbound_210930110971635_3_210930110964168" version="271" />
                </TimetabledPassingTime>
                <TimetabledPassingTime id="OST:TimetabledPassingTime:210930111071140_5_13_47_00" version="271">
                  <DepartureTime>13:47:00</DepartureTime>
                  <StopPointInJourneyPatternRef ref="OST:StopPointInJourneyPattern:119_Outbound_210930110971635_5_210930110964168" version="271" />
                </TimetabledPassingTime>
                <TimetabledPassingTime id="OST:TimetabledPassingTime:210930111071140_4_13_47_00" version="271">
                  <DepartureTime>13:47:00</DepartureTime>
                  <StopPointInJourneyPatternRef ref="OST:StopPointInJourneyPattern:119_Outbound_210930110971635_4_210930110964168" version="271" />
                </TimetabledPassingTime>
                <TimetabledPassingTime id="OST:TimetabledPassingTime:210930111071140_6_13_50_00" version="271">
                  <DepartureTime>13:50:00</DepartureTime>
                  <StopPointInJourneyPatternRef ref="OST:StopPointInJourneyPattern:119_Outbound_210930110971635_6_210930110964168" version="271" />
                </TimetabledPassingTime>
                <TimetabledPassingTime id="OST:TimetabledPassingTime:210930111071140_7_13_51_00" version="271">
                  <DepartureTime>13:51:00</DepartureTime>
                  <StopPointInJourneyPatternRef ref="OST:StopPointInJourneyPattern:119_Outbound_210930110971635_7_210930110964168" version="271" />
                </TimetabledPassingTime>
                <TimetabledPassingTime id="OST:TimetabledPassingTime:210930111071140_8_13_53_00" version="271">
                  <DepartureTime>13:53:00</DepartureTime>
                  <StopPointInJourneyPatternRef ref="OST:StopPointInJourneyPattern:119_Outbound_210930110971635_8_210930110964168" version="271" />
                </TimetabledPassingTime>
                <TimetabledPassingTime id="OST:TimetabledPassingTime:210930111071140_9_13_54_00" version="271">
                  <DepartureTime>13:54:00</DepartureTime>
                  <StopPointInJourneyPatternRef ref="OST:StopPointInJourneyPattern:119_Outbound_210930110971635_9_210930110964168" version="271" />
                </TimetabledPassingTime>
                <TimetabledPassingTime id="OST:TimetabledPassingTime:210930111071140_10_13_56_00" version="271">
                  <DepartureTime>13:56:00</DepartureTime>
                  <StopPointInJourneyPatternRef ref="OST:StopPointInJourneyPattern:119_Outbound_210930110971635_10_210930110964168" version="271" />
                </TimetabledPassingTime>
                <TimetabledPassingTime id="OST:TimetabledPassingTime:210930111071140_11_13_57_00" version="271">
                  <DepartureTime>13:57:00</DepartureTime>
                  <StopPointInJourneyPatternRef ref="OST:StopPointInJourneyPattern:119_Outbound_210930110971635_11_210930110964168" version="271" />
                </TimetabledPassingTime>
                <TimetabledPassingTime id="OST:TimetabledPassingTime:210930111071140_12_13_58_00" version="271">
                  <ArrivalTime>13:58:00</ArrivalTime>
                  <StopPointInJourneyPatternRef ref="OST:StopPointInJourneyPattern:119_Outbound_210930110971635_12_210930110964168" version="271" />
                </TimetabledPassingTime>
              </passingTimes>
            </ServiceJourney>
            <ServiceJourney id="OST:ServiceJourney:119_210930111071136_1" publication="public" version="271">
              <Name>Fjeldberg</Name>
              <PrivateCode>1</PrivateCode>
              <dayTypes>
                <DayTypeRef ref="OST:DayType:115" />
              </dayTypes>
              <JourneyPatternRef ref="OST:JourneyPattern:119_Outbound_210930110971635_210930110964168" version="271" />
              <LineRef ref="OST:Line:1_119" version="271" />
              <OperatorRef ref="OST:Operator:152" />
              <passingTimes>
                <TimetabledPassingTime id="OST:TimetabledPassingTime:210930111071136_1_09_45_00" version="271">
                  <DepartureTime>09:45:00</DepartureTime>
                  <StopPointInJourneyPatternRef ref="OST:StopPointInJourneyPattern:119_Outbound_210930110971635_1_210930110964168" version="271" />
                </TimetabledPassingTime>
                <TimetabledPassingTime id="OST:TimetabledPassingTime:210930111071136_2_09_46_00" version="271">
                  <DepartureTime>09:46:00</DepartureTime>
                  <StopPointInJourneyPatternRef ref="OST:StopPointInJourneyPattern:119_Outbound_210930110971635_2_210930110964168" version="271" />
                </TimetabledPassingTime>
                <TimetabledPassingTime id="OST:TimetabledPassingTime:210930111071136_3_09_46_00" version="271">
                  <DepartureTime>09:46:00</DepartureTime>
                  <StopPointInJourneyPatternRef ref="OST:StopPointInJourneyPattern:119_Outbound_210930110971635_3_210930110964168" version="271" />
                </TimetabledPassingTime>
                <TimetabledPassingTime id="OST:TimetabledPassingTime:210930111071136_5_09_47_00" version="271">
                  <DepartureTime>09:47:00</DepartureTime>
                  <StopPointInJourneyPatternRef ref="OST:StopPointInJourneyPattern:119_Outbound_210930110971635_5_210930110964168" version="271" />
                </TimetabledPassingTime>
                <TimetabledPassingTime id="OST:TimetabledPassingTime:210930111071136_4_09_47_00" version="271">
                  <DepartureTime>09:47:00</DepartureTime>
                  <StopPointInJourneyPatternRef ref="OST:StopPointInJourneyPattern:119_Outbound_210930110971635_4_210930110964168" version="271" />
                </TimetabledPassingTime>
                <TimetabledPassingTime id="OST:TimetabledPassingTime:210930111071136_6_09_50_00" version="271">
                  <DepartureTime>09:50:00</DepartureTime>
                  <StopPointInJourneyPatternRef ref="OST:StopPointInJourneyPattern:119_Outbound_210930110971635_6_210930110964168" version="271" />
                </TimetabledPassingTime>
                <TimetabledPassingTime id="OST:TimetabledPassingTime:210930111071136_7_09_51_00" version="271">
                  <DepartureTime>09:51:00</DepartureTime>
                  <StopPointInJourneyPatternRef ref="OST:StopPointInJourneyPattern:119_Outbound_210930110971635_7_210930110964168" version="271" />
                </TimetabledPassingTime>
                <TimetabledPassingTime id="OST:TimetabledPassingTime:210930111071136_8_09_53_00" version="271">
                  <DepartureTime>09:53:00</DepartureTime>
                  <StopPointInJourneyPatternRef ref="OST:StopPointInJourneyPattern:119_Outbound_210930110971635_8_210930110964168" version="271" />
                </TimetabledPassingTime>
                <TimetabledPassingTime id="OST:TimetabledPassingTime:210930111071136_9_09_54_00" version="271">
                  <DepartureTime>09:54:00</DepartureTime>
                  <StopPointInJourneyPatternRef ref="OST:StopPointInJourneyPattern:119_Outbound_210930110971635_9_210930110964168" version="271" />
                </TimetabledPassingTime>
                <TimetabledPassingTime id="OST:TimetabledPassingTime:210930111071136_10_09_56_00" version="271">
                  <DepartureTime>09:56:00</DepartureTime>
                  <StopPointInJourneyPatternRef ref="OST:StopPointInJourneyPattern:119_Outbound_210930110971635_10_210930110964168" version="271" />
                </TimetabledPassingTime>
                <TimetabledPassingTime id="OST:TimetabledPassingTime:210930111071136_11_09_57_00" version="271">
                  <DepartureTime>09:57:00</DepartureTime>
                  <StopPointInJourneyPatternRef ref="OST:StopPointInJourneyPattern:119_Outbound_210930110971635_11_210930110964168" version="271" />
                </TimetabledPassingTime>
                <TimetabledPassingTime id="OST:TimetabledPassingTime:210930111071136_12_09_58_00" version="271">
                  <ArrivalTime>09:58:00</ArrivalTime>
                  <StopPointInJourneyPatternRef ref="OST:StopPointInJourneyPattern:119_Outbound_210930110971635_12_210930110964168" version="271" />
                </TimetabledPassingTime>
              </passingTimes>
            </ServiceJourney>
            <ServiceJourney id="OST:ServiceJourney:119_210930111071138_3" publication="public" version="271">
              <Name>Fjeldberg</Name>
              <PrivateCode>3</PrivateCode>
              <dayTypes>
                <DayTypeRef ref="OST:DayType:115" />
              </dayTypes>
              <JourneyPatternRef ref="OST:JourneyPattern:119_Outbound_210930110971635_210930110964168" version="271" />
              <LineRef ref="OST:Line:1_119" version="271" />
              <OperatorRef ref="OST:Operator:152" />
              <passingTimes>
                <TimetabledPassingTime id="OST:TimetabledPassingTime:210930111071138_1_11_45_00" version="271">
                  <DepartureTime>11:45:00</DepartureTime>
                  <StopPointInJourneyPatternRef ref="OST:StopPointInJourneyPattern:119_Outbound_210930110971635_1_210930110964168" version="271" />
                </TimetabledPassingTime>
                <TimetabledPassingTime id="OST:TimetabledPassingTime:210930111071138_3_11_46_00" version="271">
                  <DepartureTime>11:46:00</DepartureTime>
                  <StopPointInJourneyPatternRef ref="OST:StopPointInJourneyPattern:119_Outbound_210930110971635_3_210930110964168" version="271" />
                </TimetabledPassingTime>
                <TimetabledPassingTime id="OST:TimetabledPassingTime:210930111071138_2_11_46_00" version="271">
                  <DepartureTime>11:46:00</DepartureTime>
                  <StopPointInJourneyPatternRef ref="OST:StopPointInJourneyPattern:119_Outbound_210930110971635_2_210930110964168" version="271" />
                </TimetabledPassingTime>
                <TimetabledPassingTime id="OST:TimetabledPassingTime:210930111071138_4_11_47_00" version="271">
                  <DepartureTime>11:47:00</DepartureTime>
                  <StopPointInJourneyPatternRef ref="OST:StopPointInJourneyPattern:119_Outbound_210930110971635_4_210930110964168" version="271" />
                </TimetabledPassingTime>
                <TimetabledPassingTime id="OST:TimetabledPassingTime:210930111071138_5_11_47_00" version="271">
                  <DepartureTime>11:47:00</DepartureTime>
                  <StopPointInJourneyPatternRef ref="OST:StopPointInJourneyPattern:119_Outbound_210930110971635_5_210930110964168" version="271" />
                </TimetabledPassingTime>
                <TimetabledPassingTime id="OST:TimetabledPassingTime:210930111071138_6_11_50_00" version="271">
                  <DepartureTime>11:50:00</DepartureTime>
                  <StopPointInJourneyPatternRef ref="OST:StopPointInJourneyPattern:119_Outbound_210930110971635_6_210930110964168" version="271" />
                </TimetabledPassingTime>
                <TimetabledPassingTime id="OST:TimetabledPassingTime:210930111071138_7_11_51_00" version="271">
                  <DepartureTime>11:51:00</DepartureTime>
                  <StopPointInJourneyPatternRef ref="OST:StopPointInJourneyPattern:119_Outbound_210930110971635_7_210930110964168" version="271" />
                </TimetabledPassingTime>
                <TimetabledPassingTime id="OST:TimetabledPassingTime:210930111071138_8_11_53_00" version="271">
                  <DepartureTime>11:53:00</DepartureTime>
                  <StopPointInJourneyPatternRef ref="OST:StopPointInJourneyPattern:119_Outbound_210930110971635_8_210930110964168" version="271" />
                </TimetabledPassingTime>
                <TimetabledPassingTime id="OST:TimetabledPassingTime:210930111071138_9_11_54_00" version="271">
                  <DepartureTime>11:54:00</DepartureTime>
                  <StopPointInJourneyPatternRef ref="OST:StopPointInJourneyPattern:119_Outbound_210930110971635_9_210930110964168" version="271" />
                </TimetabledPassingTime>
                <TimetabledPassingTime id="OST:TimetabledPassingTime:210930111071138_10_11_56_00" version="271">
                  <DepartureTime>11:56:00</DepartureTime>
                  <StopPointInJourneyPatternRef ref="OST:StopPointInJourneyPattern:119_Outbound_210930110971635_10_210930110964168" version="271" />
                </TimetabledPassingTime>
                <TimetabledPassingTime id="OST:TimetabledPassingTime:210930111071138_11_11_57_00" version="271">
                  <DepartureTime>11:57:00</DepartureTime>
                  <StopPointInJourneyPatternRef ref="OST:StopPointInJourneyPattern:119_Outbound_210930110971635_11_210930110964168" version="271" />
                </TimetabledPassingTime>
                <TimetabledPassingTime id="OST:TimetabledPassingTime:210930111071138_12_11_58_00" version="271">
                  <ArrivalTime>11:58:00</ArrivalTime>
                  <StopPointInJourneyPatternRef ref="OST:StopPointInJourneyPattern:119_Outbound_210930110971635_12_210930110964168" version="271" />
                </TimetabledPassingTime>
              </passingTimes>
            </ServiceJourney>
            <ServiceJourney id="OST:ServiceJourney:119_211210122069805_2" publication="public" version="271">
              <Name>Fjeldberg</Name>
              <PrivateCode>2</PrivateCode>
              <dayTypes>
                <DayTypeRef ref="OST:DayType:115" />
              </dayTypes>
              <JourneyPatternRef ref="OST:JourneyPattern:119_Outbound_210930110971635_210930110964168" version="271" />
              <LineRef ref="OST:Line:1_119" version="271" />
              <OperatorRef ref="OST:Operator:152" />
              <passingTimes>
                <TimetabledPassingTime id="OST:TimetabledPassingTime:211210122069805_1_10_45_00" version="271">
                  <DepartureTime>10:45:00</DepartureTime>
                  <StopPointInJourneyPatternRef ref="OST:StopPointInJourneyPattern:119_Outbound_210930110971635_1_210930110964168" version="271" />
                </TimetabledPassingTime>
                <TimetabledPassingTime id="OST:TimetabledPassingTime:211210122069805_2_10_46_00" version="271">
                  <DepartureTime>10:46:00</DepartureTime>
                  <StopPointInJourneyPatternRef ref="OST:StopPointInJourneyPattern:119_Outbound_210930110971635_2_210930110964168" version="271" />
                </TimetabledPassingTime>
                <TimetabledPassingTime id="OST:TimetabledPassingTime:211210122069805_3_10_46_00" version="271">
                  <DepartureTime>10:46:00</DepartureTime>
                  <StopPointInJourneyPatternRef ref="OST:StopPointInJourneyPattern:119_Outbound_210930110971635_3_210930110964168" version="271" />
                </TimetabledPassingTime>
                <TimetabledPassingTime id="OST:TimetabledPassingTime:211210122069805_4_10_47_00" version="271">
                  <DepartureTime>10:47:00</DepartureTime>
                  <StopPointInJourneyPatternRef ref="OST:StopPointInJourneyPattern:119_Outbound_210930110971635_4_210930110964168" version="271" />
                </TimetabledPassingTime>
                <TimetabledPassingTime id="OST:TimetabledPassingTime:211210122069805_5_10_47_00" version="271">
                  <DepartureTime>10:47:00</DepartureTime>
                  <StopPointInJourneyPatternRef ref="OST:StopPointInJourneyPattern:119_Outbound_210930110971635_5_210930110964168" version="271" />
                </TimetabledPassingTime>
                <TimetabledPassingTime id="OST:TimetabledPassingTime:211210122069805_6_10_50_00" version="271">
                  <DepartureTime>10:50:00</DepartureTime>
                  <StopPointInJourneyPatternRef ref="OST:StopPointInJourneyPattern:119_Outbound_210930110971635_6_210930110964168" version="271" />
                </TimetabledPassingTime>
                <TimetabledPassingTime id="OST:TimetabledPassingTime:211210122069805_7_10_51_00" version="271">
                  <DepartureTime>10:51:00</DepartureTime>
                  <StopPointInJourneyPatternRef ref="OST:StopPointInJourneyPattern:119_Outbound_210930110971635_7_210930110964168" version="271" />
                </TimetabledPassingTime>
                <TimetabledPassingTime id="OST:TimetabledPassingTime:211210122069805_8_10_53_00" version="271">
                  <DepartureTime>10:53:00</DepartureTime>
                  <StopPointInJourneyPatternRef ref="OST:StopPointInJourneyPattern:119_Outbound_210930110971635_8_210930110964168" version="271" />
                </TimetabledPassingTime>
                <TimetabledPassingTime id="OST:TimetabledPassingTime:211210122069805_9_10_54_00" version="271">
                  <DepartureTime>10:54:00</DepartureTime>
                  <StopPointInJourneyPatternRef ref="OST:StopPointInJourneyPattern:119_Outbound_210930110971635_9_210930110964168" version="271" />
                </TimetabledPassingTime>
                <TimetabledPassingTime id="OST:TimetabledPassingTime:211210122069805_10_10_56_00" version="271">
                  <DepartureTime>10:56:00</DepartureTime>
                  <StopPointInJourneyPatternRef ref="OST:StopPointInJourneyPattern:119_Outbound_210930110971635_10_210930110964168" version="271" />
                </TimetabledPassingTime>
                <TimetabledPassingTime id="OST:TimetabledPassingTime:211210122069805_11_10_57_00" version="271">
                  <DepartureTime>10:57:00</DepartureTime>
                  <StopPointInJourneyPatternRef ref="OST:StopPointInJourneyPattern:119_Outbound_210930110971635_11_210930110964168" version="271" />
                </TimetabledPassingTime>
                <TimetabledPassingTime id="OST:TimetabledPassingTime:211210122069805_12_10_58_00" version="271">
                  <ArrivalTime>10:58:00</ArrivalTime>
                  <StopPointInJourneyPatternRef ref="OST:StopPointInJourneyPattern:119_Outbound_210930110971635_12_210930110964168" version="271" />
                </TimetabledPassingTime>
              </passingTimes>
            </ServiceJourney>
            <ServiceJourney id="OST:ServiceJourney:119_211210122069807_4" publication="public" version="271">
              <Name>Fjeldberg</Name>
              <PrivateCode>4</PrivateCode>
              <dayTypes>
                <DayTypeRef ref="OST:DayType:115" />
              </dayTypes>
              <JourneyPatternRef ref="OST:JourneyPattern:119_Outbound_210930110971635_210930110964168" version="271" />
              <LineRef ref="OST:Line:1_119" version="271" />
              <OperatorRef ref="OST:Operator:152" />
              <passingTimes>
                <TimetabledPassingTime id="OST:TimetabledPassingTime:211210122069807_1_12_45_00" version="271">
                  <DepartureTime>12:45:00</DepartureTime>
                  <StopPointInJourneyPatternRef ref="OST:StopPointInJourneyPattern:119_Outbound_210930110971635_1_210930110964168" version="271" />
                </TimetabledPassingTime>
                <TimetabledPassingTime id="OST:TimetabledPassingTime:211210122069807_2_12_46_00" version="271">
                  <DepartureTime>12:46:00</DepartureTime>
                  <StopPointInJourneyPatternRef ref="OST:StopPointInJourneyPattern:119_Outbound_210930110971635_2_210930110964168" version="271" />
                </TimetabledPassingTime>
                <TimetabledPassingTime id="OST:TimetabledPassingTime:211210122069807_3_12_46_00" version="271">
                  <DepartureTime>12:46:00</DepartureTime>
                  <StopPointInJourneyPatternRef ref="OST:StopPointInJourneyPattern:119_Outbound_210930110971635_3_210930110964168" version="271" />
                </TimetabledPassingTime>
                <TimetabledPassingTime id="OST:TimetabledPassingTime:211210122069807_4_12_47_00" version="271">
                  <DepartureTime>12:47:00</DepartureTime>
                  <StopPointInJourneyPatternRef ref="OST:StopPointInJourneyPattern:119_Outbound_210930110971635_4_210930110964168" version="271" />
                </TimetabledPassingTime>
                <TimetabledPassingTime id="OST:TimetabledPassingTime:211210122069807_5_12_47_00" version="271">
                  <DepartureTime>12:47:00</DepartureTime>
                  <StopPointInJourneyPatternRef ref="OST:StopPointInJourneyPattern:119_Outbound_210930110971635_5_210930110964168" version="271" />
                </TimetabledPassingTime>
                <TimetabledPassingTime id="OST:TimetabledPassingTime:211210122069807_6_12_50_00" version="271">
                  <DepartureTime>12:50:00</DepartureTime>
                  <StopPointInJourneyPatternRef ref="OST:StopPointInJourneyPattern:119_Outbound_210930110971635_6_210930110964168" version="271" />
                </TimetabledPassingTime>
                <TimetabledPassingTime id="OST:TimetabledPassingTime:211210122069807_7_12_51_00" version="271">
                  <DepartureTime>12:51:00</DepartureTime>
                  <StopPointInJourneyPatternRef ref="OST:StopPointInJourneyPattern:119_Outbound_210930110971635_7_210930110964168" version="271" />
                </TimetabledPassingTime>
                <TimetabledPassingTime id="OST:TimetabledPassingTime:211210122069807_8_12_53_00" version="271">
                  <DepartureTime>12:53:00</DepartureTime>
                  <StopPointInJourneyPatternRef ref="OST:StopPointInJourneyPattern:119_Outbound_210930110971635_8_210930110964168" version="271" />
                </TimetabledPassingTime>
                <TimetabledPassingTime id="OST:TimetabledPassingTime:211210122069807_9_12_54_00" version="271">
                  <DepartureTime>12:54:00</DepartureTime>
                  <StopPointInJourneyPatternRef ref="OST:StopPointInJourneyPattern:119_Outbound_210930110971635_9_210930110964168" version="271" />
                </TimetabledPassingTime>
                <TimetabledPassingTime id="OST:TimetabledPassingTime:211210122069807_10_12_56_00" version="271">
                  <DepartureTime>12:56:00</DepartureTime>
                  <StopPointInJourneyPatternRef ref="OST:StopPointInJourneyPattern:119_Outbound_210930110971635_10_210930110964168" version="271" />
                </TimetabledPassingTime>
                <TimetabledPassingTime id="OST:TimetabledPassingTime:211210122069807_11_12_57_00" version="271">
                  <DepartureTime>12:57:00</DepartureTime>
                  <StopPointInJourneyPatternRef ref="OST:StopPointInJourneyPattern:119_Outbound_210930110971635_11_210930110964168" version="271" />
                </TimetabledPassingTime>
                <TimetabledPassingTime id="OST:TimetabledPassingTime:211210122069807_12_12_58_00" version="271">
                  <ArrivalTime>12:58:00</ArrivalTime>
                  <StopPointInJourneyPatternRef ref="OST:StopPointInJourneyPattern:119_Outbound_210930110971635_12_210930110964168" version="271" />
                </TimetabledPassingTime>
              </passingTimes>
            </ServiceJourney>
            <ServiceJourney id="OST:ServiceJourney:119_211210122069809_6" publication="public" version="271">
              <Name>Fjeldberg</Name>
              <PrivateCode>6</PrivateCode>
              <dayTypes>
                <DayTypeRef ref="OST:DayType:115" />
              </dayTypes>
              <JourneyPatternRef ref="OST:JourneyPattern:119_Outbound_210930110971635_210930110964168" version="271" />
              <LineRef ref="OST:Line:1_119" version="271" />
              <OperatorRef ref="OST:Operator:152" />
              <passingTimes>
                <TimetabledPassingTime id="OST:TimetabledPassingTime:211210122069809_1_14_45_00" version="271">
                  <DepartureTime>14:45:00</DepartureTime>
                  <StopPointInJourneyPatternRef ref="OST:StopPointInJourneyPattern:119_Outbound_210930110971635_1_210930110964168" version="271" />
                </TimetabledPassingTime>
                <TimetabledPassingTime id="OST:TimetabledPassingTime:211210122069809_2_14_46_00" version="271">
                  <DepartureTime>14:46:00</DepartureTime>
                  <StopPointInJourneyPatternRef ref="OST:StopPointInJourneyPattern:119_Outbound_210930110971635_2_210930110964168" version="271" />
                </TimetabledPassingTime>
                <TimetabledPassingTime id="OST:TimetabledPassingTime:211210122069809_3_14_46_00" version="271">
                  <DepartureTime>14:46:00</DepartureTime>
                  <StopPointInJourneyPatternRef ref="OST:StopPointInJourneyPattern:119_Outbound_210930110971635_3_210930110964168" version="271" />
                </TimetabledPassingTime>
                <TimetabledPassingTime id="OST:TimetabledPassingTime:211210122069809_4_14_47_00" version="271">
                  <DepartureTime>14:47:00</DepartureTime>
                  <StopPointInJourneyPatternRef ref="OST:StopPointInJourneyPattern:119_Outbound_210930110971635_4_210930110964168" version="271" />
                </TimetabledPassingTime>
                <TimetabledPassingTime id="OST:TimetabledPassingTime:211210122069809_5_14_47_00" version="271">
                  <DepartureTime>14:47:00</DepartureTime>
                  <StopPointInJourneyPatternRef ref="OST:StopPointInJourneyPattern:119_Outbound_210930110971635_5_210930110964168" version="271" />
                </TimetabledPassingTime>
                <TimetabledPassingTime id="OST:TimetabledPassingTime:211210122069809_6_14_50_00" version="271">
                  <DepartureTime>14:50:00</DepartureTime>
                  <StopPointInJourneyPatternRef ref="OST:StopPointInJourneyPattern:119_Outbound_210930110971635_6_210930110964168" version="271" />
                </TimetabledPassingTime>
                <TimetabledPassingTime id="OST:TimetabledPassingTime:211210122069809_7_14_51_00" version="271">
                  <DepartureTime>14:51:00</DepartureTime>
                  <StopPointInJourneyPatternRef ref="OST:StopPointInJourneyPattern:119_Outbound_210930110971635_7_210930110964168" version="271" />
                </TimetabledPassingTime>
                <TimetabledPassingTime id="OST:TimetabledPassingTime:211210122069809_8_14_53_00" version="271">
                  <DepartureTime>14:53:00</DepartureTime>
                  <StopPointInJourneyPatternRef ref="OST:StopPointInJourneyPattern:119_Outbound_210930110971635_8_210930110964168" version="271" />
                </TimetabledPassingTime>
                <TimetabledPassingTime id="OST:TimetabledPassingTime:211210122069809_9_14_54_00" version="271">
                  <DepartureTime>14:54:00</DepartureTime>
                  <StopPointInJourneyPatternRef ref="OST:StopPointInJourneyPattern:119_Outbound_210930110971635_9_210930110964168" version="271" />
                </TimetabledPassingTime>
                <TimetabledPassingTime id="OST:TimetabledPassingTime:211210122069809_10_14_56_00" version="271">
                  <DepartureTime>14:56:00</DepartureTime>
                  <StopPointInJourneyPatternRef ref="OST:StopPointInJourneyPattern:119_Outbound_210930110971635_10_210930110964168" version="271" />
                </TimetabledPassingTime>
                <TimetabledPassingTime id="OST:TimetabledPassingTime:211210122069809_11_14_57_00" version="271">
                  <DepartureTime>14:57:00</DepartureTime>
                  <StopPointInJourneyPatternRef ref="OST:StopPointInJourneyPattern:119_Outbound_210930110971635_11_210930110964168" version="271" />
                </TimetabledPassingTime>
                <TimetabledPassingTime id="OST:TimetabledPassingTime:211210122069809_12_14_58_00" version="271">
                  <ArrivalTime>14:58:00</ArrivalTime>
                  <StopPointInJourneyPatternRef ref="OST:StopPointInJourneyPattern:119_Outbound_210930110971635_12_210930110964168" version="271" />
                </TimetabledPassingTime>
              </passingTimes>
            </ServiceJourney>
          </vehicleJourneys>
        </TimetableFrame>
      </frames>
    </CompositeFrame>
  </dataObjects>
</PublicationDelivery>
