<?xml version="1.0" encoding="UTF-8"?>
<PublicationDelivery xmlns="http://www.netex.org.uk/netex" xmlns:gis="http://www.opengis.net/gml/3.2" xmlns:siri="http://www.siri.org.uk/siri" version="1.13:NO-NeTEx-networktimetable:1.3">
  <PublicationTimestamp>2022-05-26T00:05:35.012</PublicationTimestamp>
  <ParticipantRef>RB</ParticipantRef>
  <Description>Nylende skole</Description>
  <dataObjects>
    <CompositeFrame created="2022-04-08T10:32:34.29" id="103072064" version="1">
      <validityConditions>
        <AvailabilityCondition id="1533833436" version="1">
          <FromDate>2022-05-23T00:00:00</FromDate>
          <ToDate>2023-05-25T00:00:00</ToDate>
        </AvailabilityCondition>
      </validityConditions>
      <codespaces>
        <Codespace id="ost">
          <Xmlns>OST</Xmlns>
          <XmlnsUrl>http://www.rutebanken.org/ns/ost</XmlnsUrl>
        </Codespace>
        <Codespace id="nsr">
          <Xmlns>NSR</Xmlns>
          <XmlnsUrl>http://www.rutebanken.org/ns/nsr</XmlnsUrl>
        </Codespace>
      </codespaces>
      <FrameDefaults>
        <DefaultLocale>
          <TimeZone>Europe/Oslo</TimeZone>
          <DefaultLanguage>no</DefaultLanguage>
        </DefaultLocale>
      </FrameDefaults>
      <frames>
        <ServiceFrame id="1849989186" version="1">
          <routes>
            <Route id="OST:Route:180_Inbound_211210121982848_211210121975025" version="271">
              <Name>2-1</Name>
              <ShortName>2-1</ShortName>
              <LineRef ref="OST:Line:1_180" version="271" />
              <DirectionType>outbound</DirectionType>
              <pointsInSequence>
                <PointOnRoute id="OST:PointOnRoute:7424192" order="8" version="271">
                  <RoutePointRef ref="OST:RoutePoint:1061285_1" />
                </PointOnRoute>
                <PointOnRoute id="OST:PointOnRoute:7424194" order="10" version="271">
                  <RoutePointRef ref="OST:RoutePoint:1061295_2" />
                </PointOnRoute>
                <PointOnRoute id="OST:PointOnRoute:7424190" order="6" version="271">
                  <RoutePointRef ref="OST:RoutePoint:1061275_1" />
                </PointOnRoute>
                <PointOnRoute id="OST:PointOnRoute:7424187" order="3" version="271">
                  <RoutePointRef ref="OST:RoutePoint:1061260_1" />
                </PointOnRoute>
                <PointOnRoute id="OST:PointOnRoute:7424191" order="7" version="271">
                  <RoutePointRef ref="OST:RoutePoint:1061280_1" />
                </PointOnRoute>
                <PointOnRoute id="OST:PointOnRoute:7424189" order="5" version="271">
                  <RoutePointRef ref="OST:RoutePoint:1061270_1" />
                </PointOnRoute>
                <PointOnRoute id="OST:PointOnRoute:7424188" order="4" version="271">
                  <RoutePointRef ref="OST:RoutePoint:1061265_1" />
                </PointOnRoute>
                <PointOnRoute id="OST:PointOnRoute:7424193" order="9" version="271">
                  <RoutePointRef ref="OST:RoutePoint:1061290_1" />
                </PointOnRoute>
                <PointOnRoute id="OST:PointOnRoute:7424185" order="1" version="271">
                  <RoutePointRef ref="OST:RoutePoint:1061277_1" />
                </PointOnRoute>
                <PointOnRoute id="OST:PointOnRoute:7424186" order="2" version="271">
                  <RoutePointRef ref="OST:RoutePoint:1061276_1" />
                </PointOnRoute>
              </pointsInSequence>
            </Route>
          </routes>
          <lines>
            <Line id="OST:Line:1_180" version="271">
              <Name>Nylende skole</Name>
              <TransportMode>bus</TransportMode>
              <TransportSubmode>
                <BusSubmode>localBus</BusSubmode>
              </TransportSubmode>
              <PublicCode>180</PublicCode>
              <PrivateCode>180</PrivateCode>
              <OperatorRef ref="OST:Operator:152" />
              <RepresentedByGroupRef ref="OST:GroupOfLines:bus_1" />
            </Line>
          </lines>
          <journeyPatterns>
            <JourneyPattern id="OST:JourneyPattern:180_Inbound_211210121982848_211210121975025" version="271">
              <Name>2-1</Name>
              <RouteRef ref="OST:Route:180_Inbound_211210121982848_211210121975025" version="271" />
              <pointsInSequence>
                <StopPointInJourneyPattern order="3" id="OST:StopPointInJourneyPattern:180_Inbound_211210121982848_3_211210121975025" version="271">
                  <ScheduledStopPointRef ref="OST:ScheduledStopPoint:1061260_1" />
                </StopPointInJourneyPattern>
                <StopPointInJourneyPattern order="9" id="OST:StopPointInJourneyPattern:180_Inbound_211210121982848_9_211210121975025" version="271">
                  <ScheduledStopPointRef ref="OST:ScheduledStopPoint:1061290_1" />
                </StopPointInJourneyPattern>
                <StopPointInJourneyPattern order="2" id="OST:StopPointInJourneyPattern:180_Inbound_211210121982848_2_211210121975025" version="271">
                  <ScheduledStopPointRef ref="OST:ScheduledStopPoint:1061276_1" />
                </StopPointInJourneyPattern>
                <StopPointInJourneyPattern order="5" id="OST:StopPointInJourneyPattern:180_Inbound_211210121982848_5_211210121975025" version="271">
                  <ScheduledStopPointRef ref="OST:ScheduledStopPoint:1061270_1" />
                </StopPointInJourneyPattern>
                <StopPointInJourneyPattern order="4" id="OST:StopPointInJourneyPattern:180_Inbound_211210121982848_4_211210121975025" version="271">
                  <ScheduledStopPointRef ref="OST:ScheduledStopPoint:1061265_1" />
                </StopPointInJourneyPattern>
                <StopPointInJourneyPattern order="7" id="OST:StopPointInJourneyPattern:180_Inbound_211210121982848_7_211210121975025" version="271">
                  <ScheduledStopPointRef ref="OST:ScheduledStopPoint:1061280_1" />
                </StopPointInJourneyPattern>
                <StopPointInJourneyPattern order="6" id="OST:StopPointInJourneyPattern:180_Inbound_211210121982848_6_211210121975025" version="271">
                  <ScheduledStopPointRef ref="OST:ScheduledStopPoint:1061275_1" />
                </StopPointInJourneyPattern>
                <StopPointInJourneyPattern order="1" id="OST:StopPointInJourneyPattern:180_Inbound_211210121982848_1_211210121975025" version="271">
                  <ForAlighting>false</ForAlighting>
                  <DestinationDisplayRef ref="OST:DestinationDisplay:380" />
                  <ScheduledStopPointRef ref="OST:ScheduledStopPoint:1061277_1" />
                </StopPointInJourneyPattern>
                <StopPointInJourneyPattern order="10" id="OST:StopPointInJourneyPattern:180_Inbound_211210121982848_10_211210121975025" version="271">
                  <ForBoarding>false</ForBoarding>
                  <ScheduledStopPointRef ref="OST:ScheduledStopPoint:1061295_2" />
                </StopPointInJourneyPattern>
                <StopPointInJourneyPattern order="8" id="OST:StopPointInJourneyPattern:180_Inbound_211210121982848_8_211210121975025" version="271">
                  <ScheduledStopPointRef ref="OST:ScheduledStopPoint:1061285_1" />
                </StopPointInJourneyPattern>
              </pointsInSequence>
              <linksInSequence>
                <ServiceLinkInJourneyPattern order="2" id="OST:ServiceLinkInJourneyPattern:7424197" version="271">
                  <ServiceLinkRef ref="OST:ServiceLink:200811072686052_1_200811072686032_1_2135" />
                </ServiceLinkInJourneyPattern>
                <ServiceLinkInJourneyPattern order="1" id="OST:ServiceLinkInJourneyPattern:7424195" version="271">
                  <ServiceLinkRef ref="OST:ServiceLink:200811072686055_1_200811072686052_1_2042" />
                </ServiceLinkInJourneyPattern>
                <ServiceLinkInJourneyPattern order="7" id="OST:ServiceLinkInJourneyPattern:7424207" version="271">
                  <ServiceLinkRef ref="OST:ServiceLink:200811072686060_1_200811072686065_1_512" />
                </ServiceLinkInJourneyPattern>
                <ServiceLinkInJourneyPattern order="9" id="OST:ServiceLinkInJourneyPattern:7424211" version="271">
                  <ServiceLinkRef ref="OST:ServiceLink:200811072686070_1_200811072686075_2_659" />
                </ServiceLinkInJourneyPattern>
                <ServiceLinkInJourneyPattern order="3" id="OST:ServiceLinkInJourneyPattern:7424199" version="271">
                  <ServiceLinkRef ref="OST:ServiceLink:200811072686032_1_200811072686039_1_799" />
                </ServiceLinkInJourneyPattern>
                <ServiceLinkInJourneyPattern order="6" id="OST:ServiceLinkInJourneyPattern:7424205" version="271">
                  <ServiceLinkRef ref="OST:ServiceLink:200811072686049_1_200811072686060_1_282" />
                </ServiceLinkInJourneyPattern>
                <ServiceLinkInJourneyPattern order="4" id="OST:ServiceLinkInJourneyPattern:7424201" version="271">
                  <ServiceLinkRef ref="OST:ServiceLink:200811072686039_1_200811072686044_1_739" />
                </ServiceLinkInJourneyPattern>
                <ServiceLinkInJourneyPattern order="5" id="OST:ServiceLinkInJourneyPattern:7424203" version="271">
                  <ServiceLinkRef ref="OST:ServiceLink:200811072686044_1_200811072686049_1_525" />
                </ServiceLinkInJourneyPattern>
                <ServiceLinkInJourneyPattern order="8" id="OST:ServiceLinkInJourneyPattern:7424209" version="271">
                  <ServiceLinkRef ref="OST:ServiceLink:200811072686065_1_200811072686070_1_590" />
                </ServiceLinkInJourneyPattern>
              </linksInSequence>
            </JourneyPattern>
          </journeyPatterns>
        </ServiceFrame>
        <TimetableFrame id="1575739469" version="1">
          <vehicleJourneys>
            <ServiceJourney id="OST:ServiceJourney:180_211210122070661_2" publication="public" version="271">
              <Name>Rostadneset</Name>
              <PrivateCode>2</PrivateCode>
              <dayTypes>
                <DayTypeRef ref="OST:DayType:102" />
              </dayTypes>
              <JourneyPatternRef ref="OST:JourneyPattern:180_Inbound_211210121982848_211210121975025" version="271" />
              <LineRef ref="OST:Line:1_180" version="271" />
              <OperatorRef ref="OST:Operator:152" />
              <passingTimes>
                <TimetabledPassingTime id="OST:TimetabledPassingTime:211210122070661_1_13_30_00" version="271">
                  <DepartureTime>13:30:00</DepartureTime>
                  <StopPointInJourneyPatternRef ref="OST:StopPointInJourneyPattern:180_Inbound_211210121982848_1_211210121975025" version="271" />
                </TimetabledPassingTime>
                <TimetabledPassingTime id="OST:TimetabledPassingTime:211210122070661_2_13_34_00" version="271">
                  <DepartureTime>13:34:00</DepartureTime>
                  <StopPointInJourneyPatternRef ref="OST:StopPointInJourneyPattern:180_Inbound_211210121982848_2_211210121975025" version="271" />
                </TimetabledPassingTime>
                <TimetabledPassingTime id="OST:TimetabledPassingTime:211210122070661_3_13_40_00" version="271">
                  <DepartureTime>13:40:00</DepartureTime>
                  <StopPointInJourneyPatternRef ref="OST:StopPointInJourneyPattern:180_Inbound_211210121982848_3_211210121975025" version="271" />
                </TimetabledPassingTime>
                <TimetabledPassingTime id="OST:TimetabledPassingTime:211210122070661_4_13_42_00" version="271">
                  <DepartureTime>13:42:00</DepartureTime>
                  <StopPointInJourneyPatternRef ref="OST:StopPointInJourneyPattern:180_Inbound_211210121982848_4_211210121975025" version="271" />
                </TimetabledPassingTime>
                <TimetabledPassingTime id="OST:TimetabledPassingTime:211210122070661_5_13_43_00" version="271">
                  <DepartureTime>13:43:00</DepartureTime>
                  <StopPointInJourneyPatternRef ref="OST:StopPointInJourneyPattern:180_Inbound_211210121982848_5_211210121975025" version="271" />
                </TimetabledPassingTime>
                <TimetabledPassingTime id="OST:TimetabledPassingTime:211210122070661_6_13_45_00" version="271">
                  <DepartureTime>13:45:00</DepartureTime>
                  <StopPointInJourneyPatternRef ref="OST:StopPointInJourneyPattern:180_Inbound_211210121982848_6_211210121975025" version="271" />
                </TimetabledPassingTime>
                <TimetabledPassingTime id="OST:TimetabledPassingTime:211210122070661_7_13_45_00" version="271">
                  <DepartureTime>13:45:00</DepartureTime>
                  <StopPointInJourneyPatternRef ref="OST:StopPointInJourneyPattern:180_Inbound_211210121982848_7_211210121975025" version="271" />
                </TimetabledPassingTime>
                <TimetabledPassingTime id="OST:TimetabledPassingTime:211210122070661_8_13_46_00" version="271">
                  <DepartureTime>13:46:00</DepartureTime>
                  <StopPointInJourneyPatternRef ref="OST:StopPointInJourneyPattern:180_Inbound_211210121982848_8_211210121975025" version="271" />
                </TimetabledPassingTime>
                <TimetabledPassingTime id="OST:TimetabledPassingTime:211210122070661_9_13_48_00" version="271">
                  <DepartureTime>13:48:00</DepartureTime>
                  <StopPointInJourneyPatternRef ref="OST:StopPointInJourneyPattern:180_Inbound_211210121982848_9_211210121975025" version="271" />
                </TimetabledPassingTime>
                <TimetabledPassingTime id="OST:TimetabledPassingTime:211210122070661_10_13_50_00" version="271">
                  <ArrivalTime>13:50:00</ArrivalTime>
                  <StopPointInJourneyPatternRef ref="OST:StopPointInJourneyPattern:180_Inbound_211210121982848_10_211210121975025" version="271" />
                </TimetabledPassingTime>
              </passingTimes>
            </ServiceJourney>
            <ServiceJourney id="OST:ServiceJourney:180_211210122070662_4" publication="public" version="271">
              <Name>Rostadneset</Name>
              <PrivateCode>4</PrivateCode>
              <dayTypes>
                <DayTypeRef ref="OST:DayType:111" />
              </dayTypes>
              <JourneyPatternRef ref="OST:JourneyPattern:180_Inbound_211210121982848_211210121975025" version="271" />
              <LineRef ref="OST:Line:1_180" version="271" />
              <OperatorRef ref="OST:Operator:152" />
              <passingTimes>
                <TimetabledPassingTime id="OST:TimetabledPassingTime:211210122070662_1_13_40_00" version="271">
                  <DepartureTime>13:40:00</DepartureTime>
                  <StopPointInJourneyPatternRef ref="OST:StopPointInJourneyPattern:180_Inbound_211210121982848_1_211210121975025" version="271" />
                </TimetabledPassingTime>
                <TimetabledPassingTime id="OST:TimetabledPassingTime:211210122070662_2_13_44_00" version="271">
                  <DepartureTime>13:44:00</DepartureTime>
                  <StopPointInJourneyPatternRef ref="OST:StopPointInJourneyPattern:180_Inbound_211210121982848_2_211210121975025" version="271" />
                </TimetabledPassingTime>
                <TimetabledPassingTime id="OST:TimetabledPassingTime:211210122070662_3_13_50_00" version="271">
                  <DepartureTime>13:50:00</DepartureTime>
                  <StopPointInJourneyPatternRef ref="OST:StopPointInJourneyPattern:180_Inbound_211210121982848_3_211210121975025" version="271" />
                </TimetabledPassingTime>
                <TimetabledPassingTime id="OST:TimetabledPassingTime:211210122070662_4_13_52_00" version="271">
                  <DepartureTime>13:52:00</DepartureTime>
                  <StopPointInJourneyPatternRef ref="OST:StopPointInJourneyPattern:180_Inbound_211210121982848_4_211210121975025" version="271" />
                </TimetabledPassingTime>
                <TimetabledPassingTime id="OST:TimetabledPassingTime:211210122070662_5_13_53_00" version="271">
                  <DepartureTime>13:53:00</DepartureTime>
                  <StopPointInJourneyPatternRef ref="OST:StopPointInJourneyPattern:180_Inbound_211210121982848_5_211210121975025" version="271" />
                </TimetabledPassingTime>
                <TimetabledPassingTime id="OST:TimetabledPassingTime:211210122070662_7_13_55_00" version="271">
                  <DepartureTime>13:55:00</DepartureTime>
                  <StopPointInJourneyPatternRef ref="OST:StopPointInJourneyPattern:180_Inbound_211210121982848_7_211210121975025" version="271" />
                </TimetabledPassingTime>
                <TimetabledPassingTime id="OST:TimetabledPassingTime:211210122070662_6_13_55_00" version="271">
                  <DepartureTime>13:55:00</DepartureTime>
                  <StopPointInJourneyPatternRef ref="OST:StopPointInJourneyPattern:180_Inbound_211210121982848_6_211210121975025" version="271" />
                </TimetabledPassingTime>
                <TimetabledPassingTime id="OST:TimetabledPassingTime:211210122070662_8_13_56_00" version="271">
                  <DepartureTime>13:56:00</DepartureTime>
                  <StopPointInJourneyPatternRef ref="OST:StopPointInJourneyPattern:180_Inbound_211210121982848_8_211210121975025" version="271" />
                </TimetabledPassingTime>
                <TimetabledPassingTime id="OST:TimetabledPassingTime:211210122070662_9_13_58_00" version="271">
                  <DepartureTime>13:58:00</DepartureTime>
                  <StopPointInJourneyPatternRef ref="OST:StopPointInJourneyPattern:180_Inbound_211210121982848_9_211210121975025" version="271" />
                </TimetabledPassingTime>
                <TimetabledPassingTime id="OST:TimetabledPassingTime:211210122070662_10_14_00_00" version="271">
                  <ArrivalTime>14:00:00</ArrivalTime>
                  <StopPointInJourneyPatternRef ref="OST:StopPointInJourneyPattern:180_Inbound_211210121982848_10_211210121975025" version="271" />
                </TimetabledPassingTime>
              </passingTimes>
            </ServiceJourney>
          </vehicleJourneys>
        </TimetableFrame>
      </frames>
    </CompositeFrame>
  </dataObjects>
</PublicationDelivery>
