<?xml version="1.0" encoding="UTF-8"?>
<PublicationDelivery xmlns="http://www.netex.org.uk/netex" xmlns:gis="http://www.opengis.net/gml/3.2" xmlns:siri="http://www.siri.org.uk/siri" version="1.13:NO-NeTEx-networktimetable:1.3">
  <PublicationTimestamp>2022-05-26T00:05:35.012</PublicationTimestamp>
  <ParticipantRef>RB</ParticipantRef>
  <Description>Aremark-Fjell bru-Halden</Description>
  <dataObjects>
    <CompositeFrame created="2022-04-08T10:32:34.29" id="2063284868" version="1">
      <validityConditions>
        <AvailabilityCondition id="1397188736" version="1">
          <FromDate>2022-05-23T00:00:00</FromDate>
          <ToDate>2023-05-25T00:00:00</ToDate>
        </AvailabilityCondition>
      </validityConditions>
      <codespaces>
        <Codespace id="ost">
          <Xmlns>OST</Xmlns>
          <XmlnsUrl>http://www.rutebanken.org/ns/ost</XmlnsUrl>
        </Codespace>
        <Codespace id="nsr">
          <Xmlns>NSR</Xmlns>
          <XmlnsUrl>http://www.rutebanken.org/ns/nsr</XmlnsUrl>
        </Codespace>
      </codespaces>
      <FrameDefaults>
        <DefaultLocale>
          <TimeZone>Europe/Oslo</TimeZone>
          <DefaultLanguage>no</DefaultLanguage>
        </DefaultLocale>
      </FrameDefaults>
      <frames>
        <ServiceFrame id="721151605" version="1">
          <routes>
            <Route id="OST:Route:307_Outbound_211210121983055_211210121975025" version="271">
              <Name>1-1</Name>
              <ShortName>1-1</ShortName>
              <LineRef ref="OST:Line:1_307" version="271" />
              <DirectionType>inbound</DirectionType>
              <pointsInSequence>
                <PointOnRoute id="OST:PointOnRoute:7439325" order="4" version="271">
                  <RoutePointRef ref="OST:RoutePoint:1187343_2" />
                </PointOnRoute>
                <PointOnRoute id="OST:PointOnRoute:7439323" order="2" version="271">
                  <RoutePointRef ref="OST:RoutePoint:1187349_2" />
                </PointOnRoute>
                <PointOnRoute id="OST:PointOnRoute:7439329" order="8" version="271">
                  <RoutePointRef ref="OST:RoutePoint:1187330_1" />
                </PointOnRoute>
                <PointOnRoute id="OST:PointOnRoute:7439331" order="10" version="271">
                  <RoutePointRef ref="OST:RoutePoint:1187340_1" />
                </PointOnRoute>
                <PointOnRoute id="OST:PointOnRoute:7439327" order="6" version="271">
                  <RoutePointRef ref="OST:RoutePoint:1187347_1" />
                </PointOnRoute>
                <PointOnRoute id="OST:PointOnRoute:7439332" order="11" version="271">
                  <RoutePointRef ref="OST:RoutePoint:1187341_1" />
                </PointOnRoute>
                <PointOnRoute id="OST:PointOnRoute:7439330" order="9" version="271">
                  <RoutePointRef ref="OST:RoutePoint:1187335_1" />
                </PointOnRoute>
                <PointOnRoute id="OST:PointOnRoute:7439324" order="3" version="271">
                  <RoutePointRef ref="OST:RoutePoint:1187348_2" />
                </PointOnRoute>
                <PointOnRoute id="OST:PointOnRoute:7439322" order="1" version="271">
                  <RoutePointRef ref="OST:RoutePoint:1187290_2" />
                </PointOnRoute>
                <PointOnRoute id="OST:PointOnRoute:7439328" order="7" version="271">
                  <RoutePointRef ref="OST:RoutePoint:1187325_3" />
                </PointOnRoute>
                <PointOnRoute id="OST:PointOnRoute:7439326" order="5" version="271">
                  <RoutePointRef ref="OST:RoutePoint:1187342_1" />
                </PointOnRoute>
              </pointsInSequence>
            </Route>
            <Route id="OST:Route:307_Inbound_211210121983059_211210121975025" version="271">
              <Name>2-5</Name>
              <ShortName>2-5</ShortName>
              <LineRef ref="OST:Line:1_307" version="271" />
              <DirectionType>outbound</DirectionType>
              <pointsInSequence>
                <PointOnRoute id="OST:PointOnRoute:7439355" order="2" version="271">
                  <RoutePointRef ref="OST:RoutePoint:1187325_3" />
                </PointOnRoute>
                <PointOnRoute id="OST:PointOnRoute:7439365" order="12" version="271">
                  <RoutePointRef ref="OST:RoutePoint:1187290_1" />
                </PointOnRoute>
                <PointOnRoute id="OST:PointOnRoute:7439363" order="10" version="271">
                  <RoutePointRef ref="OST:RoutePoint:1187348_1" />
                </PointOnRoute>
                <PointOnRoute id="OST:PointOnRoute:7439361" order="8" version="271">
                  <RoutePointRef ref="OST:RoutePoint:1187342_2" />
                </PointOnRoute>
                <PointOnRoute id="OST:PointOnRoute:7439356" order="3" version="271">
                  <RoutePointRef ref="OST:RoutePoint:1187330_1" />
                </PointOnRoute>
                <PointOnRoute id="OST:PointOnRoute:7439358" order="5" version="271">
                  <RoutePointRef ref="OST:RoutePoint:1187340_1" />
                </PointOnRoute>
                <PointOnRoute id="OST:PointOnRoute:7439354" order="1" version="271">
                  <RoutePointRef ref="OST:RoutePoint:1187320_3" />
                </PointOnRoute>
                <PointOnRoute id="OST:PointOnRoute:7439359" order="6" version="271">
                  <RoutePointRef ref="OST:RoutePoint:1187341_1" />
                </PointOnRoute>
                <PointOnRoute id="OST:PointOnRoute:7439364" order="11" version="271">
                  <RoutePointRef ref="OST:RoutePoint:1187349_1" />
                </PointOnRoute>
                <PointOnRoute id="OST:PointOnRoute:7439362" order="9" version="271">
                  <RoutePointRef ref="OST:RoutePoint:1187343_1" />
                </PointOnRoute>
                <PointOnRoute id="OST:PointOnRoute:7439357" order="4" version="271">
                  <RoutePointRef ref="OST:RoutePoint:1187335_1" />
                </PointOnRoute>
                <PointOnRoute id="OST:PointOnRoute:7439360" order="7" version="271">
                  <RoutePointRef ref="OST:RoutePoint:1187347_2" />
                </PointOnRoute>
              </pointsInSequence>
            </Route>
            <Route id="OST:Route:307_Inbound_211210121983060_211210121975025" version="271">
              <Name>2-6</Name>
              <ShortName>2-6</ShortName>
              <LineRef ref="OST:Line:1_307" version="271" />
              <DirectionType>outbound</DirectionType>
              <pointsInSequence>
                <PointOnRoute id="OST:PointOnRoute:7439373" order="8" version="271">
                  <RoutePointRef ref="OST:RoutePoint:1187290_1" />
                </PointOnRoute>
                <PointOnRoute id="OST:PointOnRoute:7439372" order="7" version="271">
                  <RoutePointRef ref="OST:RoutePoint:1187349_1" />
                </PointOnRoute>
                <PointOnRoute id="OST:PointOnRoute:7439371" order="6" version="271">
                  <RoutePointRef ref="OST:RoutePoint:1187348_1" />
                </PointOnRoute>
                <PointOnRoute id="OST:PointOnRoute:7439370" order="5" version="271">
                  <RoutePointRef ref="OST:RoutePoint:1187343_1" />
                </PointOnRoute>
                <PointOnRoute id="OST:PointOnRoute:7439369" order="4" version="271">
                  <RoutePointRef ref="OST:RoutePoint:1187342_2" />
                </PointOnRoute>
                <PointOnRoute id="OST:PointOnRoute:7439368" order="3" version="271">
                  <RoutePointRef ref="OST:RoutePoint:1187347_2" />
                </PointOnRoute>
                <PointOnRoute id="OST:PointOnRoute:7439367" order="2" version="271">
                  <RoutePointRef ref="OST:RoutePoint:1187341_1" />
                </PointOnRoute>
                <PointOnRoute id="OST:PointOnRoute:7439366" order="1" version="271">
                  <RoutePointRef ref="OST:RoutePoint:1187340_1" />
                </PointOnRoute>
              </pointsInSequence>
            </Route>
            <Route id="OST:Route:307_Outbound_211210121983056_211210121975025" version="271">
              <Name>1-2</Name>
              <ShortName>1-2</ShortName>
              <LineRef ref="OST:Line:1_307" version="271" />
              <DirectionType>inbound</DirectionType>
              <pointsInSequence>
                <PointOnRoute id="OST:PointOnRoute:7439339" order="7" version="271">
                  <RoutePointRef ref="OST:RoutePoint:1187320_3" />
                </PointOnRoute>
                <PointOnRoute id="OST:PointOnRoute:7439338" order="6" version="271">
                  <RoutePointRef ref="OST:RoutePoint:1187347_1" />
                </PointOnRoute>
                <PointOnRoute id="OST:PointOnRoute:7439337" order="5" version="271">
                  <RoutePointRef ref="OST:RoutePoint:1187342_1" />
                </PointOnRoute>
                <PointOnRoute id="OST:PointOnRoute:7439336" order="4" version="271">
                  <RoutePointRef ref="OST:RoutePoint:1187343_2" />
                </PointOnRoute>
                <PointOnRoute id="OST:PointOnRoute:7439335" order="3" version="271">
                  <RoutePointRef ref="OST:RoutePoint:1187348_2" />
                </PointOnRoute>
                <PointOnRoute id="OST:PointOnRoute:7439334" order="2" version="271">
                  <RoutePointRef ref="OST:RoutePoint:1187349_2" />
                </PointOnRoute>
                <PointOnRoute id="OST:PointOnRoute:7439333" order="1" version="271">
                  <RoutePointRef ref="OST:RoutePoint:1187290_2" />
                </PointOnRoute>
              </pointsInSequence>
            </Route>
            <Route id="OST:Route:307_Inbound_211210121983061_211210121975025" version="271">
              <Name>2-7</Name>
              <ShortName>2-7</ShortName>
              <LineRef ref="OST:Line:1_307" version="271" />
              <DirectionType>outbound</DirectionType>
              <pointsInSequence>
                <PointOnRoute id="OST:PointOnRoute:7439379" order="6" version="271">
                  <RoutePointRef ref="OST:RoutePoint:1187341_1" />
                </PointOnRoute>
                <PointOnRoute id="OST:PointOnRoute:7439378" order="5" version="271">
                  <RoutePointRef ref="OST:RoutePoint:1187340_1" />
                </PointOnRoute>
                <PointOnRoute id="OST:PointOnRoute:7439377" order="4" version="271">
                  <RoutePointRef ref="OST:RoutePoint:1187335_1" />
                </PointOnRoute>
                <PointOnRoute id="OST:PointOnRoute:7439376" order="3" version="271">
                  <RoutePointRef ref="OST:RoutePoint:1187330_1" />
                </PointOnRoute>
                <PointOnRoute id="OST:PointOnRoute:7439375" order="2" version="271">
                  <RoutePointRef ref="OST:RoutePoint:1187325_3" />
                </PointOnRoute>
                <PointOnRoute id="OST:PointOnRoute:7439374" order="1" version="271">
                  <RoutePointRef ref="OST:RoutePoint:1187320_3" />
                </PointOnRoute>
              </pointsInSequence>
            </Route>
            <Route id="OST:Route:307_Outbound_211210121983057_211210121975025" version="271">
              <Name>1-3</Name>
              <ShortName>1-3</ShortName>
              <LineRef ref="OST:Line:1_307" version="271" />
              <DirectionType>inbound</DirectionType>
              <pointsInSequence>
                <PointOnRoute id="OST:PointOnRoute:7439346" order="7" version="271">
                  <RoutePointRef ref="OST:RoutePoint:1187320_3" />
                </PointOnRoute>
                <PointOnRoute id="OST:PointOnRoute:7439345" order="6" version="271">
                  <RoutePointRef ref="OST:RoutePoint:1187341_1" />
                </PointOnRoute>
                <PointOnRoute id="OST:PointOnRoute:7439344" order="5" version="271">
                  <RoutePointRef ref="OST:RoutePoint:1187340_1" />
                </PointOnRoute>
                <PointOnRoute id="OST:PointOnRoute:7439343" order="4" version="271">
                  <RoutePointRef ref="OST:RoutePoint:1187335_1" />
                </PointOnRoute>
                <PointOnRoute id="OST:PointOnRoute:7439342" order="3" version="271">
                  <RoutePointRef ref="OST:RoutePoint:1187330_1" />
                </PointOnRoute>
                <PointOnRoute id="OST:PointOnRoute:7439341" order="2" version="271">
                  <RoutePointRef ref="OST:RoutePoint:1187325_3" />
                </PointOnRoute>
                <PointOnRoute id="OST:PointOnRoute:7439340" order="1" version="271">
                  <RoutePointRef ref="OST:RoutePoint:1187320_3" />
                </PointOnRoute>
              </pointsInSequence>
            </Route>
            <Route id="OST:Route:307_Inbound_211210121983058_211210121975025" version="271">
              <Name>2-4</Name>
              <ShortName>2-4</ShortName>
              <LineRef ref="OST:Line:1_307" version="271" />
              <DirectionType>outbound</DirectionType>
              <pointsInSequence>
                <PointOnRoute id="OST:PointOnRoute:7439353" order="7" version="271">
                  <RoutePointRef ref="OST:RoutePoint:1187290_1" />
                </PointOnRoute>
                <PointOnRoute id="OST:PointOnRoute:7439352" order="6" version="271">
                  <RoutePointRef ref="OST:RoutePoint:1187349_1" />
                </PointOnRoute>
                <PointOnRoute id="OST:PointOnRoute:7439351" order="5" version="271">
                  <RoutePointRef ref="OST:RoutePoint:1187348_1" />
                </PointOnRoute>
                <PointOnRoute id="OST:PointOnRoute:7439350" order="4" version="271">
                  <RoutePointRef ref="OST:RoutePoint:1187343_1" />
                </PointOnRoute>
                <PointOnRoute id="OST:PointOnRoute:7439349" order="3" version="271">
                  <RoutePointRef ref="OST:RoutePoint:1187342_2" />
                </PointOnRoute>
                <PointOnRoute id="OST:PointOnRoute:7439348" order="2" version="271">
                  <RoutePointRef ref="OST:RoutePoint:1187347_2" />
                </PointOnRoute>
                <PointOnRoute id="OST:PointOnRoute:7439347" order="1" version="271">
                  <RoutePointRef ref="OST:RoutePoint:1187320_3" />
                </PointOnRoute>
              </pointsInSequence>
            </Route>
          </routes>
          <lines>
            <Line id="OST:Line:1_307" version="271">
              <Name>Aremark-Fjell bru-Halden</Name>
              <TransportMode>bus</TransportMode>
              <TransportSubmode>
                <BusSubmode>localBus</BusSubmode>
              </TransportSubmode>
              <PublicCode>307</PublicCode>
              <PrivateCode>307</PrivateCode>
              <OperatorRef ref="OST:Operator:152" />
              <RepresentedByGroupRef ref="OST:GroupOfLines:bus_1" />
            </Line>
          </lines>
          <journeyPatterns>
            <JourneyPattern id="OST:JourneyPattern:307_Outbound_211210121983055_211210121975025" version="271">
              <Name>1-1</Name>
              <RouteRef ref="OST:Route:307_Outbound_211210121983055_211210121975025" version="271" />
              <pointsInSequence>
                <StopPointInJourneyPattern order="7" id="OST:StopPointInJourneyPattern:307_Outbound_211210121983055_7_211210121975025" version="271">
                  <ScheduledStopPointRef ref="OST:ScheduledStopPoint:1187325_3" />
                </StopPointInJourneyPattern>
                <StopPointInJourneyPattern order="2" id="OST:StopPointInJourneyPattern:307_Outbound_211210121983055_2_211210121975025" version="271">
                  <ScheduledStopPointRef ref="OST:ScheduledStopPoint:1187349_2" />
                </StopPointInJourneyPattern>
                <StopPointInJourneyPattern order="3" id="OST:StopPointInJourneyPattern:307_Outbound_211210121983055_3_211210121975025" version="271">
                  <ScheduledStopPointRef ref="OST:ScheduledStopPoint:1187348_2" />
                </StopPointInJourneyPattern>
                <StopPointInJourneyPattern order="6" id="OST:StopPointInJourneyPattern:307_Outbound_211210121983055_6_211210121975025" version="271">
                  <ScheduledStopPointRef ref="OST:ScheduledStopPoint:1187347_1" />
                </StopPointInJourneyPattern>
                <StopPointInJourneyPattern order="8" id="OST:StopPointInJourneyPattern:307_Outbound_211210121983055_8_211210121975025" version="271">
                  <ScheduledStopPointRef ref="OST:ScheduledStopPoint:1187330_1" />
                </StopPointInJourneyPattern>
                <StopPointInJourneyPattern order="5" id="OST:StopPointInJourneyPattern:307_Outbound_211210121983055_5_211210121975025" version="271">
                  <ScheduledStopPointRef ref="OST:ScheduledStopPoint:1187342_1" />
                </StopPointInJourneyPattern>
                <StopPointInJourneyPattern order="11" id="OST:StopPointInJourneyPattern:307_Outbound_211210121983055_11_211210121975025" version="271">
                  <ForBoarding>false</ForBoarding>
                  <ScheduledStopPointRef ref="OST:ScheduledStopPoint:1187341_1" />
                </StopPointInJourneyPattern>
                <StopPointInJourneyPattern order="4" id="OST:StopPointInJourneyPattern:307_Outbound_211210121983055_4_211210121975025" version="271">
                  <ScheduledStopPointRef ref="OST:ScheduledStopPoint:1187343_2" />
                </StopPointInJourneyPattern>
                <StopPointInJourneyPattern order="10" id="OST:StopPointInJourneyPattern:307_Outbound_211210121983055_10_211210121975025" version="271">
                  <ScheduledStopPointRef ref="OST:ScheduledStopPoint:1187340_1" />
                </StopPointInJourneyPattern>
                <StopPointInJourneyPattern order="9" id="OST:StopPointInJourneyPattern:307_Outbound_211210121983055_9_211210121975025" version="271">
                  <ScheduledStopPointRef ref="OST:ScheduledStopPoint:1187335_1" />
                </StopPointInJourneyPattern>
                <StopPointInJourneyPattern order="1" id="OST:StopPointInJourneyPattern:307_Outbound_211210121983055_1_211210121975025" version="271">
                  <ForAlighting>false</ForAlighting>
                  <DestinationDisplayRef ref="OST:DestinationDisplay:237" />
                  <ScheduledStopPointRef ref="OST:ScheduledStopPoint:1187290_2" />
                </StopPointInJourneyPattern>
              </pointsInSequence>
              <linksInSequence>
                <ServiceLinkInJourneyPattern order="9" id="OST:ServiceLinkInJourneyPattern:7439396" version="271">
                  <ServiceLinkRef ref="OST:ServiceLink:200811072688574_1_200811072688581_1_277" />
                </ServiceLinkInJourneyPattern>
                <ServiceLinkInJourneyPattern order="3" id="OST:ServiceLinkInJourneyPattern:7439384" version="271">
                  <ServiceLinkRef ref="OST:ServiceLink:200811072688609_2_200811072688594_2_1082" />
                </ServiceLinkInJourneyPattern>
                <ServiceLinkInJourneyPattern order="7" id="OST:ServiceLinkInJourneyPattern:7439392" version="271">
                  <ServiceLinkRef ref="OST:ServiceLink:200811072688566_3_200811072688571_1_1519" />
                </ServiceLinkInJourneyPattern>
                <ServiceLinkInJourneyPattern order="8" id="OST:ServiceLinkInJourneyPattern:7439394" version="271">
                  <ServiceLinkRef ref="OST:ServiceLink:200811072688571_1_200811072688574_1_267" />
                </ServiceLinkInJourneyPattern>
                <ServiceLinkInJourneyPattern order="1" id="OST:ServiceLinkInJourneyPattern:7439380" version="271">
                  <ServiceLinkRef ref="OST:ServiceLink:200811072688525_2_200811072688614_2_1881" />
                </ServiceLinkInJourneyPattern>
                <ServiceLinkInJourneyPattern order="2" id="OST:ServiceLinkInJourneyPattern:7439382" version="271">
                  <ServiceLinkRef ref="OST:ServiceLink:200811072688614_2_200811072688609_2_5637" />
                </ServiceLinkInJourneyPattern>
                <ServiceLinkInJourneyPattern order="5" id="OST:ServiceLinkInJourneyPattern:7439388" version="271">
                  <ServiceLinkRef ref="OST:ServiceLink:200811072688587_1_200811072688602_1_5562" />
                </ServiceLinkInJourneyPattern>
                <ServiceLinkInJourneyPattern order="6" id="OST:ServiceLinkInJourneyPattern:7439390" version="271">
                  <ServiceLinkRef ref="OST:ServiceLink:200811072688602_1_200811072688566_3_1461" />
                </ServiceLinkInJourneyPattern>
                <ServiceLinkInJourneyPattern order="10" id="OST:ServiceLinkInJourneyPattern:7439398" version="271">
                  <ServiceLinkRef ref="OST:ServiceLink:200811072688581_1_200811072688584_1_5071" />
                </ServiceLinkInJourneyPattern>
                <ServiceLinkInJourneyPattern order="4" id="OST:ServiceLinkInJourneyPattern:7439386" version="271">
                  <ServiceLinkRef ref="OST:ServiceLink:200811072688594_2_200811072688587_1_4639" />
                </ServiceLinkInJourneyPattern>
              </linksInSequence>
            </JourneyPattern>
            <JourneyPattern id="OST:JourneyPattern:307_Inbound_211210121983059_211210121975025" version="271">
              <Name>2-5</Name>
              <RouteRef ref="OST:Route:307_Inbound_211210121983059_211210121975025" version="271" />
              <pointsInSequence>
                <StopPointInJourneyPattern order="3" id="OST:StopPointInJourneyPattern:307_Inbound_211210121983059_3_211210121975025" version="271">
                  <ScheduledStopPointRef ref="OST:ScheduledStopPoint:1187330_1" />
                </StopPointInJourneyPattern>
                <StopPointInJourneyPattern order="1" id="OST:StopPointInJourneyPattern:307_Inbound_211210121983059_1_211210121975025" version="271">
                  <ForAlighting>false</ForAlighting>
                  <DestinationDisplayRef ref="OST:DestinationDisplay:103" />
                  <ScheduledStopPointRef ref="OST:ScheduledStopPoint:1187320_3" />
                </StopPointInJourneyPattern>
                <StopPointInJourneyPattern order="10" id="OST:StopPointInJourneyPattern:307_Inbound_211210121983059_10_211210121975025" version="271">
                  <ScheduledStopPointRef ref="OST:ScheduledStopPoint:1187348_1" />
                </StopPointInJourneyPattern>
                <StopPointInJourneyPattern order="11" id="OST:StopPointInJourneyPattern:307_Inbound_211210121983059_11_211210121975025" version="271">
                  <ScheduledStopPointRef ref="OST:ScheduledStopPoint:1187349_1" />
                </StopPointInJourneyPattern>
                <StopPointInJourneyPattern order="2" id="OST:StopPointInJourneyPattern:307_Inbound_211210121983059_2_211210121975025" version="271">
                  <ScheduledStopPointRef ref="OST:ScheduledStopPoint:1187325_3" />
                </StopPointInJourneyPattern>
                <StopPointInJourneyPattern order="6" id="OST:StopPointInJourneyPattern:307_Inbound_211210121983059_6_211210121975025" version="271">
                  <ScheduledStopPointRef ref="OST:ScheduledStopPoint:1187341_1" />
                </StopPointInJourneyPattern>
                <StopPointInJourneyPattern order="4" id="OST:StopPointInJourneyPattern:307_Inbound_211210121983059_4_211210121975025" version="271">
                  <ScheduledStopPointRef ref="OST:ScheduledStopPoint:1187335_1" />
                </StopPointInJourneyPattern>
                <StopPointInJourneyPattern order="7" id="OST:StopPointInJourneyPattern:307_Inbound_211210121983059_7_211210121975025" version="271">
                  <ScheduledStopPointRef ref="OST:ScheduledStopPoint:1187347_2" />
                </StopPointInJourneyPattern>
                <StopPointInJourneyPattern order="9" id="OST:StopPointInJourneyPattern:307_Inbound_211210121983059_9_211210121975025" version="271">
                  <ScheduledStopPointRef ref="OST:ScheduledStopPoint:1187343_1" />
                </StopPointInJourneyPattern>
                <StopPointInJourneyPattern order="12" id="OST:StopPointInJourneyPattern:307_Inbound_211210121983059_12_211210121975025" version="271">
                  <ForBoarding>false</ForBoarding>
                  <ScheduledStopPointRef ref="OST:ScheduledStopPoint:1187290_1" />
                </StopPointInJourneyPattern>
                <StopPointInJourneyPattern order="8" id="OST:StopPointInJourneyPattern:307_Inbound_211210121983059_8_211210121975025" version="271">
                  <ScheduledStopPointRef ref="OST:ScheduledStopPoint:1187342_2" />
                </StopPointInJourneyPattern>
                <StopPointInJourneyPattern order="5" id="OST:StopPointInJourneyPattern:307_Inbound_211210121983059_5_211210121975025" version="271">
                  <ScheduledStopPointRef ref="OST:ScheduledStopPoint:1187340_1" />
                </StopPointInJourneyPattern>
              </pointsInSequence>
              <linksInSequence>
                <ServiceLinkInJourneyPattern order="8" id="OST:ServiceLinkInJourneyPattern:7439435" version="271">
                  <ServiceLinkRef ref="OST:ServiceLink:200811072688589_2_200811072688592_1_4560" />
                </ServiceLinkInJourneyPattern>
                <ServiceLinkInJourneyPattern order="2" id="OST:ServiceLinkInJourneyPattern:7439428" version="271">
                  <ServiceLinkRef ref="OST:ServiceLink:200811072688566_3_200811072688571_1_1519" />
                </ServiceLinkInJourneyPattern>
                <ServiceLinkInJourneyPattern order="6" id="OST:ServiceLinkInJourneyPattern:7439432" version="271">
                  <ServiceLinkRef ref="OST:ServiceLink:200811072688584_1_200811072688604_2_5044" />
                </ServiceLinkInJourneyPattern>
                <ServiceLinkInJourneyPattern order="10" id="OST:ServiceLinkInJourneyPattern:7439437" version="271">
                  <ServiceLinkRef ref="OST:ServiceLink:200811072688607_1_200811072688612_1_5702" />
                </ServiceLinkInJourneyPattern>
                <ServiceLinkInJourneyPattern order="9" id="OST:ServiceLinkInJourneyPattern:7439436" version="271">
                  <ServiceLinkRef ref="OST:ServiceLink:200811072688592_1_200811072688607_1_1055" />
                </ServiceLinkInJourneyPattern>
                <ServiceLinkInJourneyPattern order="7" id="OST:ServiceLinkInJourneyPattern:7439434" version="271">
                  <ServiceLinkRef ref="OST:ServiceLink:200811072688604_2_200811072688589_2_5684" />
                </ServiceLinkInJourneyPattern>
                <ServiceLinkInJourneyPattern order="1" id="OST:ServiceLinkInJourneyPattern:7439427" version="271">
                  <ServiceLinkRef ref="OST:ServiceLink:200811072688561_3_200811072688566_3_440" />
                </ServiceLinkInJourneyPattern>
                <ServiceLinkInJourneyPattern order="5" id="OST:ServiceLinkInJourneyPattern:7439431" version="271">
                  <ServiceLinkRef ref="OST:ServiceLink:200811072688581_1_200811072688584_1_5071" />
                </ServiceLinkInJourneyPattern>
                <ServiceLinkInJourneyPattern order="11" id="OST:ServiceLinkInJourneyPattern:7439438" version="271">
                  <ServiceLinkRef ref="OST:ServiceLink:200811072688612_1_200811072688527_1_1866" />
                </ServiceLinkInJourneyPattern>
                <ServiceLinkInJourneyPattern order="3" id="OST:ServiceLinkInJourneyPattern:7439429" version="271">
                  <ServiceLinkRef ref="OST:ServiceLink:200811072688571_1_200811072688574_1_267" />
                </ServiceLinkInJourneyPattern>
                <ServiceLinkInJourneyPattern order="4" id="OST:ServiceLinkInJourneyPattern:7439430" version="271">
                  <ServiceLinkRef ref="OST:ServiceLink:200811072688574_1_200811072688581_1_277" />
                </ServiceLinkInJourneyPattern>
              </linksInSequence>
            </JourneyPattern>
            <JourneyPattern id="OST:JourneyPattern:307_Inbound_211210121983060_211210121975025" version="271">
              <Name>2-6</Name>
              <RouteRef ref="OST:Route:307_Inbound_211210121983060_211210121975025" version="271" />
              <pointsInSequence>
                <StopPointInJourneyPattern order="5" id="OST:StopPointInJourneyPattern:307_Inbound_211210121983060_5_211210121975025" version="271">
                  <ScheduledStopPointRef ref="OST:ScheduledStopPoint:1187343_1" />
                </StopPointInJourneyPattern>
                <StopPointInJourneyPattern order="1" id="OST:StopPointInJourneyPattern:307_Inbound_211210121983060_1_211210121975025" version="271">
                  <ForAlighting>false</ForAlighting>
                  <DestinationDisplayRef ref="OST:DestinationDisplay:103" />
                  <ScheduledStopPointRef ref="OST:ScheduledStopPoint:1187340_1" />
                </StopPointInJourneyPattern>
                <StopPointInJourneyPattern order="7" id="OST:StopPointInJourneyPattern:307_Inbound_211210121983060_7_211210121975025" version="271">
                  <ScheduledStopPointRef ref="OST:ScheduledStopPoint:1187349_1" />
                </StopPointInJourneyPattern>
                <StopPointInJourneyPattern order="8" id="OST:StopPointInJourneyPattern:307_Inbound_211210121983060_8_211210121975025" version="271">
                  <ForBoarding>false</ForBoarding>
                  <ScheduledStopPointRef ref="OST:ScheduledStopPoint:1187290_1" />
                </StopPointInJourneyPattern>
                <StopPointInJourneyPattern order="3" id="OST:StopPointInJourneyPattern:307_Inbound_211210121983060_3_211210121975025" version="271">
                  <ScheduledStopPointRef ref="OST:ScheduledStopPoint:1187347_2" />
                </StopPointInJourneyPattern>
                <StopPointInJourneyPattern order="6" id="OST:StopPointInJourneyPattern:307_Inbound_211210121983060_6_211210121975025" version="271">
                  <ScheduledStopPointRef ref="OST:ScheduledStopPoint:1187348_1" />
                </StopPointInJourneyPattern>
                <StopPointInJourneyPattern order="4" id="OST:StopPointInJourneyPattern:307_Inbound_211210121983060_4_211210121975025" version="271">
                  <ScheduledStopPointRef ref="OST:ScheduledStopPoint:1187342_2" />
                </StopPointInJourneyPattern>
                <StopPointInJourneyPattern order="2" id="OST:StopPointInJourneyPattern:307_Inbound_211210121983060_2_211210121975025" version="271">
                  <ScheduledStopPointRef ref="OST:ScheduledStopPoint:1187341_1" />
                </StopPointInJourneyPattern>
              </pointsInSequence>
              <linksInSequence>
                <ServiceLinkInJourneyPattern order="6" id="OST:ServiceLinkInJourneyPattern:7439444" version="271">
                  <ServiceLinkRef ref="OST:ServiceLink:200811072688607_1_200811072688612_1_5702" />
                </ServiceLinkInJourneyPattern>
                <ServiceLinkInJourneyPattern order="3" id="OST:ServiceLinkInJourneyPattern:7439441" version="271">
                  <ServiceLinkRef ref="OST:ServiceLink:200811072688604_2_200811072688589_2_5684" />
                </ServiceLinkInJourneyPattern>
                <ServiceLinkInJourneyPattern order="1" id="OST:ServiceLinkInJourneyPattern:7439439" version="271">
                  <ServiceLinkRef ref="OST:ServiceLink:200811072688581_1_200811072688584_1_5071" />
                </ServiceLinkInJourneyPattern>
                <ServiceLinkInJourneyPattern order="5" id="OST:ServiceLinkInJourneyPattern:7439443" version="271">
                  <ServiceLinkRef ref="OST:ServiceLink:200811072688592_1_200811072688607_1_1055" />
                </ServiceLinkInJourneyPattern>
                <ServiceLinkInJourneyPattern order="2" id="OST:ServiceLinkInJourneyPattern:7439440" version="271">
                  <ServiceLinkRef ref="OST:ServiceLink:200811072688584_1_200811072688604_2_5044" />
                </ServiceLinkInJourneyPattern>
                <ServiceLinkInJourneyPattern order="7" id="OST:ServiceLinkInJourneyPattern:7439445" version="271">
                  <ServiceLinkRef ref="OST:ServiceLink:200811072688612_1_200811072688527_1_1866" />
                </ServiceLinkInJourneyPattern>
                <ServiceLinkInJourneyPattern order="4" id="OST:ServiceLinkInJourneyPattern:7439442" version="271">
                  <ServiceLinkRef ref="OST:ServiceLink:200811072688589_2_200811072688592_1_4560" />
                </ServiceLinkInJourneyPattern>
              </linksInSequence>
            </JourneyPattern>
            <JourneyPattern id="OST:JourneyPattern:307_Outbound_211210121983056_211210121975025" version="271">
              <Name>1-2</Name>
              <RouteRef ref="OST:Route:307_Outbound_211210121983056_211210121975025" version="271" />
              <pointsInSequence>
                <StopPointInJourneyPattern order="7" id="OST:StopPointInJourneyPattern:307_Outbound_211210121983056_7_211210121975025" version="271">
                  <ForBoarding>false</ForBoarding>
                  <ScheduledStopPointRef ref="OST:ScheduledStopPoint:1187320_3" />
                </StopPointInJourneyPattern>
                <StopPointInJourneyPattern order="2" id="OST:StopPointInJourneyPattern:307_Outbound_211210121983056_2_211210121975025" version="271">
                  <ScheduledStopPointRef ref="OST:ScheduledStopPoint:1187349_2" />
                </StopPointInJourneyPattern>
                <StopPointInJourneyPattern order="6" id="OST:StopPointInJourneyPattern:307_Outbound_211210121983056_6_211210121975025" version="271">
                  <ScheduledStopPointRef ref="OST:ScheduledStopPoint:1187347_1" />
                </StopPointInJourneyPattern>
                <StopPointInJourneyPattern order="1" id="OST:StopPointInJourneyPattern:307_Outbound_211210121983056_1_211210121975025" version="271">
                  <ForAlighting>false</ForAlighting>
                  <DestinationDisplayRef ref="OST:DestinationDisplay:11" />
                  <ScheduledStopPointRef ref="OST:ScheduledStopPoint:1187290_2" />
                </StopPointInJourneyPattern>
                <StopPointInJourneyPattern order="3" id="OST:StopPointInJourneyPattern:307_Outbound_211210121983056_3_211210121975025" version="271">
                  <ScheduledStopPointRef ref="OST:ScheduledStopPoint:1187348_2" />
                </StopPointInJourneyPattern>
                <StopPointInJourneyPattern order="5" id="OST:StopPointInJourneyPattern:307_Outbound_211210121983056_5_211210121975025" version="271">
                  <ScheduledStopPointRef ref="OST:ScheduledStopPoint:1187342_1" />
                </StopPointInJourneyPattern>
                <StopPointInJourneyPattern order="4" id="OST:StopPointInJourneyPattern:307_Outbound_211210121983056_4_211210121975025" version="271">
                  <ScheduledStopPointRef ref="OST:ScheduledStopPoint:1187343_2" />
                </StopPointInJourneyPattern>
              </pointsInSequence>
              <linksInSequence>
                <ServiceLinkInJourneyPattern order="1" id="OST:ServiceLinkInJourneyPattern:7439400" version="271">
                  <ServiceLinkRef ref="OST:ServiceLink:200811072688525_2_200811072688614_2_1881" />
                </ServiceLinkInJourneyPattern>
                <ServiceLinkInJourneyPattern order="2" id="OST:ServiceLinkInJourneyPattern:7439401" version="271">
                  <ServiceLinkRef ref="OST:ServiceLink:200811072688614_2_200811072688609_2_5637" />
                </ServiceLinkInJourneyPattern>
                <ServiceLinkInJourneyPattern order="5" id="OST:ServiceLinkInJourneyPattern:7439404" version="271">
                  <ServiceLinkRef ref="OST:ServiceLink:200811072688587_1_200811072688602_1_5562" />
                </ServiceLinkInJourneyPattern>
                <ServiceLinkInJourneyPattern order="6" id="OST:ServiceLinkInJourneyPattern:7439405" version="271">
                  <ServiceLinkRef ref="OST:ServiceLink:200811072688602_1_200811072688561_3_959" />
                </ServiceLinkInJourneyPattern>
                <ServiceLinkInJourneyPattern order="4" id="OST:ServiceLinkInJourneyPattern:7439403" version="271">
                  <ServiceLinkRef ref="OST:ServiceLink:200811072688594_2_200811072688587_1_4639" />
                </ServiceLinkInJourneyPattern>
                <ServiceLinkInJourneyPattern order="3" id="OST:ServiceLinkInJourneyPattern:7439402" version="271">
                  <ServiceLinkRef ref="OST:ServiceLink:200811072688609_2_200811072688594_2_1082" />
                </ServiceLinkInJourneyPattern>
              </linksInSequence>
            </JourneyPattern>
            <JourneyPattern id="OST:JourneyPattern:307_Inbound_211210121983061_211210121975025" version="271">
              <Name>2-7</Name>
              <RouteRef ref="OST:Route:307_Inbound_211210121983061_211210121975025" version="271" />
              <pointsInSequence>
                <StopPointInJourneyPattern order="1" id="OST:StopPointInJourneyPattern:307_Inbound_211210121983061_1_211210121975025" version="271">
                  <ForAlighting>false</ForAlighting>
                  <DestinationDisplayRef ref="OST:DestinationDisplay:237" />
                  <ScheduledStopPointRef ref="OST:ScheduledStopPoint:1187320_3" />
                </StopPointInJourneyPattern>
                <StopPointInJourneyPattern order="5" id="OST:StopPointInJourneyPattern:307_Inbound_211210121983061_5_211210121975025" version="271">
                  <ScheduledStopPointRef ref="OST:ScheduledStopPoint:1187340_1" />
                </StopPointInJourneyPattern>
                <StopPointInJourneyPattern order="6" id="OST:StopPointInJourneyPattern:307_Inbound_211210121983061_6_211210121975025" version="271">
                  <ForBoarding>false</ForBoarding>
                  <ScheduledStopPointRef ref="OST:ScheduledStopPoint:1187341_1" />
                </StopPointInJourneyPattern>
                <StopPointInJourneyPattern order="3" id="OST:StopPointInJourneyPattern:307_Inbound_211210121983061_3_211210121975025" version="271">
                  <ScheduledStopPointRef ref="OST:ScheduledStopPoint:1187330_1" />
                </StopPointInJourneyPattern>
                <StopPointInJourneyPattern order="2" id="OST:StopPointInJourneyPattern:307_Inbound_211210121983061_2_211210121975025" version="271">
                  <ScheduledStopPointRef ref="OST:ScheduledStopPoint:1187325_3" />
                </StopPointInJourneyPattern>
                <StopPointInJourneyPattern order="4" id="OST:StopPointInJourneyPattern:307_Inbound_211210121983061_4_211210121975025" version="271">
                  <ScheduledStopPointRef ref="OST:ScheduledStopPoint:1187335_1" />
                </StopPointInJourneyPattern>
              </pointsInSequence>
              <linksInSequence>
                <ServiceLinkInJourneyPattern order="1" id="OST:ServiceLinkInJourneyPattern:7439446" version="271">
                  <ServiceLinkRef ref="OST:ServiceLink:200811072688561_3_200811072688566_3_440" />
                </ServiceLinkInJourneyPattern>
                <ServiceLinkInJourneyPattern order="3" id="OST:ServiceLinkInJourneyPattern:7439448" version="271">
                  <ServiceLinkRef ref="OST:ServiceLink:200811072688571_1_200811072688574_1_267" />
                </ServiceLinkInJourneyPattern>
                <ServiceLinkInJourneyPattern order="4" id="OST:ServiceLinkInJourneyPattern:7439449" version="271">
                  <ServiceLinkRef ref="OST:ServiceLink:200811072688574_1_200811072688581_1_277" />
                </ServiceLinkInJourneyPattern>
                <ServiceLinkInJourneyPattern order="5" id="OST:ServiceLinkInJourneyPattern:7439450" version="271">
                  <ServiceLinkRef ref="OST:ServiceLink:200811072688581_1_200811072688584_1_5071" />
                </ServiceLinkInJourneyPattern>
                <ServiceLinkInJourneyPattern order="2" id="OST:ServiceLinkInJourneyPattern:7439447" version="271">
                  <ServiceLinkRef ref="OST:ServiceLink:200811072688566_3_200811072688571_1_1519" />
                </ServiceLinkInJourneyPattern>
              </linksInSequence>
            </JourneyPattern>
            <JourneyPattern id="OST:JourneyPattern:307_Outbound_211210121983057_211210121975025" version="271">
              <Name>1-3</Name>
              <RouteRef ref="OST:Route:307_Outbound_211210121983057_211210121975025" version="271" />
              <pointsInSequence>
                <StopPointInJourneyPattern order="3" id="OST:StopPointInJourneyPattern:307_Outbound_211210121983057_3_211210121975025" version="271">
                  <ScheduledStopPointRef ref="OST:ScheduledStopPoint:1187330_1" />
                </StopPointInJourneyPattern>
                <StopPointInJourneyPattern order="2" id="OST:StopPointInJourneyPattern:307_Outbound_211210121983057_2_211210121975025" version="271">
                  <ScheduledStopPointRef ref="OST:ScheduledStopPoint:1187325_3" />
                </StopPointInJourneyPattern>
                <StopPointInJourneyPattern order="1" id="OST:StopPointInJourneyPattern:307_Outbound_211210121983057_1_211210121975025" version="271">
                  <ForAlighting>false</ForAlighting>
                  <DestinationDisplayRef ref="OST:DestinationDisplay:11" />
                  <ScheduledStopPointRef ref="OST:ScheduledStopPoint:1187320_3" />
                </StopPointInJourneyPattern>
                <StopPointInJourneyPattern order="5" id="OST:StopPointInJourneyPattern:307_Outbound_211210121983057_5_211210121975025" version="271">
                  <ScheduledStopPointRef ref="OST:ScheduledStopPoint:1187340_1" />
                </StopPointInJourneyPattern>
                <StopPointInJourneyPattern order="6" id="OST:StopPointInJourneyPattern:307_Outbound_211210121983057_6_211210121975025" version="271">
                  <ScheduledStopPointRef ref="OST:ScheduledStopPoint:1187341_1" />
                </StopPointInJourneyPattern>
                <StopPointInJourneyPattern order="4" id="OST:StopPointInJourneyPattern:307_Outbound_211210121983057_4_211210121975025" version="271">
                  <ScheduledStopPointRef ref="OST:ScheduledStopPoint:1187335_1" />
                </StopPointInJourneyPattern>
                <StopPointInJourneyPattern order="7" id="OST:StopPointInJourneyPattern:307_Outbound_211210121983057_7_211210121975025" version="271">
                  <ForBoarding>false</ForBoarding>
                  <ScheduledStopPointRef ref="OST:ScheduledStopPoint:1187320_3" />
                </StopPointInJourneyPattern>
              </pointsInSequence>
              <linksInSequence>
                <ServiceLinkInJourneyPattern order="5" id="OST:ServiceLinkInJourneyPattern:7439412" version="271">
                  <ServiceLinkRef ref="OST:ServiceLink:200811072688581_1_200811072688584_1_5071" />
                </ServiceLinkInJourneyPattern>
                <ServiceLinkInJourneyPattern order="6" id="OST:ServiceLinkInJourneyPattern:7439413" version="271">
                  <ServiceLinkRef ref="OST:ServiceLink:200811072688584_1_200811072688561_3_5957" />
                </ServiceLinkInJourneyPattern>
                <ServiceLinkInJourneyPattern order="4" id="OST:ServiceLinkInJourneyPattern:7439411" version="271">
                  <ServiceLinkRef ref="OST:ServiceLink:200811072688574_1_200811072688581_1_277" />
                </ServiceLinkInJourneyPattern>
                <ServiceLinkInJourneyPattern order="2" id="OST:ServiceLinkInJourneyPattern:7439409" version="271">
                  <ServiceLinkRef ref="OST:ServiceLink:200811072688566_3_200811072688571_1_1519" />
                </ServiceLinkInJourneyPattern>
                <ServiceLinkInJourneyPattern order="1" id="OST:ServiceLinkInJourneyPattern:7439407" version="271">
                  <ServiceLinkRef ref="OST:ServiceLink:200811072688561_3_200811072688566_3_440" />
                </ServiceLinkInJourneyPattern>
                <ServiceLinkInJourneyPattern order="3" id="OST:ServiceLinkInJourneyPattern:7439410" version="271">
                  <ServiceLinkRef ref="OST:ServiceLink:200811072688571_1_200811072688574_1_267" />
                </ServiceLinkInJourneyPattern>
              </linksInSequence>
            </JourneyPattern>
            <JourneyPattern id="OST:JourneyPattern:307_Inbound_211210121983058_211210121975025" version="271">
              <Name>2-4</Name>
              <RouteRef ref="OST:Route:307_Inbound_211210121983058_211210121975025" version="271" />
              <pointsInSequence>
                <StopPointInJourneyPattern order="3" id="OST:StopPointInJourneyPattern:307_Inbound_211210121983058_3_211210121975025" version="271">
                  <ScheduledStopPointRef ref="OST:ScheduledStopPoint:1187342_2" />
                </StopPointInJourneyPattern>
                <StopPointInJourneyPattern order="6" id="OST:StopPointInJourneyPattern:307_Inbound_211210121983058_6_211210121975025" version="271">
                  <ScheduledStopPointRef ref="OST:ScheduledStopPoint:1187349_1" />
                </StopPointInJourneyPattern>
                <StopPointInJourneyPattern order="4" id="OST:StopPointInJourneyPattern:307_Inbound_211210121983058_4_211210121975025" version="271">
                  <ScheduledStopPointRef ref="OST:ScheduledStopPoint:1187343_1" />
                </StopPointInJourneyPattern>
                <StopPointInJourneyPattern order="2" id="OST:StopPointInJourneyPattern:307_Inbound_211210121983058_2_211210121975025" version="271">
                  <ScheduledStopPointRef ref="OST:ScheduledStopPoint:1187347_2" />
                </StopPointInJourneyPattern>
                <StopPointInJourneyPattern order="7" id="OST:StopPointInJourneyPattern:307_Inbound_211210121983058_7_211210121975025" version="271">
                  <ForBoarding>false</ForBoarding>
                  <ScheduledStopPointRef ref="OST:ScheduledStopPoint:1187290_1" />
                </StopPointInJourneyPattern>
                <StopPointInJourneyPattern order="5" id="OST:StopPointInJourneyPattern:307_Inbound_211210121983058_5_211210121975025" version="271">
                  <ScheduledStopPointRef ref="OST:ScheduledStopPoint:1187348_1" />
                </StopPointInJourneyPattern>
                <StopPointInJourneyPattern order="1" id="OST:StopPointInJourneyPattern:307_Inbound_211210121983058_1_211210121975025" version="271">
                  <ForAlighting>false</ForAlighting>
                  <DestinationDisplayRef ref="OST:DestinationDisplay:103" />
                  <ScheduledStopPointRef ref="OST:ScheduledStopPoint:1187320_3" />
                </StopPointInJourneyPattern>
              </pointsInSequence>
              <linksInSequence>
                <ServiceLinkInJourneyPattern order="5" id="OST:ServiceLinkInJourneyPattern:7439423" version="271">
                  <ServiceLinkRef ref="OST:ServiceLink:200811072688607_1_200811072688612_1_5702" />
                </ServiceLinkInJourneyPattern>
                <ServiceLinkInJourneyPattern order="3" id="OST:ServiceLinkInJourneyPattern:7439419" version="271">
                  <ServiceLinkRef ref="OST:ServiceLink:200811072688589_2_200811072688592_1_4560" />
                </ServiceLinkInJourneyPattern>
                <ServiceLinkInJourneyPattern order="2" id="OST:ServiceLinkInJourneyPattern:7439417" version="271">
                  <ServiceLinkRef ref="OST:ServiceLink:200811072688604_2_200811072688589_2_5684" />
                </ServiceLinkInJourneyPattern>
                <ServiceLinkInJourneyPattern order="4" id="OST:ServiceLinkInJourneyPattern:7439421" version="271">
                  <ServiceLinkRef ref="OST:ServiceLink:200811072688592_1_200811072688607_1_1055" />
                </ServiceLinkInJourneyPattern>
                <ServiceLinkInJourneyPattern order="6" id="OST:ServiceLinkInJourneyPattern:7439425" version="271">
                  <ServiceLinkRef ref="OST:ServiceLink:200811072688612_1_200811072688527_1_1866" />
                </ServiceLinkInJourneyPattern>
                <ServiceLinkInJourneyPattern order="1" id="OST:ServiceLinkInJourneyPattern:7439415" version="271">
                  <ServiceLinkRef ref="OST:ServiceLink:200811072688561_3_200811072688604_2_939" />
                </ServiceLinkInJourneyPattern>
              </linksInSequence>
            </JourneyPattern>
          </journeyPatterns>
        </ServiceFrame>
        <TimetableFrame id="1851965711" version="1">
          <vehicleJourneys>
            <ServiceJourney id="OST:ServiceJourney:307_211210122071946_2" publication="public" version="271">
              <Name>Fjell bru</Name>
              <PrivateCode>2</PrivateCode>
              <dayTypes>
                <DayTypeRef ref="OST:DayType:121" />
              </dayTypes>
              <JourneyPatternRef ref="OST:JourneyPattern:307_Inbound_211210121983060_211210121975025" version="271" />
              <LineRef ref="OST:Line:1_307" version="271" />
              <OperatorRef ref="OST:Operator:152" />
              <passingTimes>
                <TimetabledPassingTime id="OST:TimetabledPassingTime:211210122071946_1_06_25_00" version="271">
                  <DepartureTime>06:25:00</DepartureTime>
                  <StopPointInJourneyPatternRef ref="OST:StopPointInJourneyPattern:307_Inbound_211210121983060_1_211210121975025" version="271" />
                </TimetabledPassingTime>
                <TimetabledPassingTime id="OST:TimetabledPassingTime:211210122071946_2_06_35_00" version="271">
                  <DepartureTime>06:35:00</DepartureTime>
                  <StopPointInJourneyPatternRef ref="OST:StopPointInJourneyPattern:307_Inbound_211210121983060_2_211210121975025" version="271" />
                </TimetabledPassingTime>
                <TimetabledPassingTime id="OST:TimetabledPassingTime:211210122071946_3_06_42_00" version="271">
                  <DepartureTime>06:42:00</DepartureTime>
                  <StopPointInJourneyPatternRef ref="OST:StopPointInJourneyPattern:307_Inbound_211210121983060_3_211210121975025" version="271" />
                </TimetabledPassingTime>
                <TimetabledPassingTime id="OST:TimetabledPassingTime:211210122071946_4_06_50_00" version="271">
                  <DepartureTime>06:50:00</DepartureTime>
                  <StopPointInJourneyPatternRef ref="OST:StopPointInJourneyPattern:307_Inbound_211210121983060_4_211210121975025" version="271" />
                </TimetabledPassingTime>
                <TimetabledPassingTime id="OST:TimetabledPassingTime:211210122071946_5_07_05_00" version="271">
                  <DepartureTime>07:05:00</DepartureTime>
                  <StopPointInJourneyPatternRef ref="OST:StopPointInJourneyPattern:307_Inbound_211210121983060_5_211210121975025" version="271" />
                </TimetabledPassingTime>
                <TimetabledPassingTime id="OST:TimetabledPassingTime:211210122071946_6_07_06_00" version="271">
                  <DepartureTime>07:06:00</DepartureTime>
                  <StopPointInJourneyPatternRef ref="OST:StopPointInJourneyPattern:307_Inbound_211210121983060_6_211210121975025" version="271" />
                </TimetabledPassingTime>
                <TimetabledPassingTime id="OST:TimetabledPassingTime:211210122071946_7_07_16_00" version="271">
                  <DepartureTime>07:16:00</DepartureTime>
                  <StopPointInJourneyPatternRef ref="OST:StopPointInJourneyPattern:307_Inbound_211210121983060_7_211210121975025" version="271" />
                </TimetabledPassingTime>
                <TimetabledPassingTime id="OST:TimetabledPassingTime:211210122071946_8_07_20_00" version="271">
                  <ArrivalTime>07:20:00</ArrivalTime>
                  <StopPointInJourneyPatternRef ref="OST:StopPointInJourneyPattern:307_Inbound_211210121983060_8_211210121975025" version="271" />
                </TimetabledPassingTime>
              </passingTimes>
            </ServiceJourney>
            <ServiceJourney id="OST:ServiceJourney:307_211210122071948_4" publication="public" version="271">
              <Name>Fjell bru</Name>
              <PrivateCode>4</PrivateCode>
              <dayTypes>
                <DayTypeRef ref="OST:DayType:123" />
              </dayTypes>
              <JourneyPatternRef ref="OST:JourneyPattern:307_Inbound_211210121983059_211210121975025" version="271" />
              <LineRef ref="OST:Line:1_307" version="271" />
              <OperatorRef ref="OST:Operator:152" />
              <passingTimes>
                <TimetabledPassingTime id="OST:TimetabledPassingTime:211210122071948_1_12_05_00" version="271">
                  <DepartureTime>12:05:00</DepartureTime>
                  <StopPointInJourneyPatternRef ref="OST:StopPointInJourneyPattern:307_Inbound_211210121983059_1_211210121975025" version="271" />
                </TimetabledPassingTime>
                <TimetabledPassingTime id="OST:TimetabledPassingTime:211210122071948_2_12_05_00" version="271">
                  <DepartureTime>12:05:00</DepartureTime>
                  <StopPointInJourneyPatternRef ref="OST:StopPointInJourneyPattern:307_Inbound_211210121983059_2_211210121975025" version="271" />
                </TimetabledPassingTime>
                <TimetabledPassingTime id="OST:TimetabledPassingTime:211210122071948_3_12_08_00" version="271">
                  <DepartureTime>12:08:00</DepartureTime>
                  <StopPointInJourneyPatternRef ref="OST:StopPointInJourneyPattern:307_Inbound_211210121983059_3_211210121975025" version="271" />
                </TimetabledPassingTime>
                <TimetabledPassingTime id="OST:TimetabledPassingTime:211210122071948_4_12_09_00" version="271">
                  <DepartureTime>12:09:00</DepartureTime>
                  <StopPointInJourneyPatternRef ref="OST:StopPointInJourneyPattern:307_Inbound_211210121983059_4_211210121975025" version="271" />
                </TimetabledPassingTime>
                <TimetabledPassingTime id="OST:TimetabledPassingTime:211210122071948_5_12_10_00" version="271">
                  <DepartureTime>12:10:00</DepartureTime>
                  <StopPointInJourneyPatternRef ref="OST:StopPointInJourneyPattern:307_Inbound_211210121983059_5_211210121975025" version="271" />
                </TimetabledPassingTime>
                <TimetabledPassingTime id="OST:TimetabledPassingTime:211210122071948_6_12_20_00" version="271">
                  <DepartureTime>12:20:00</DepartureTime>
                  <StopPointInJourneyPatternRef ref="OST:StopPointInJourneyPattern:307_Inbound_211210121983059_6_211210121975025" version="271" />
                </TimetabledPassingTime>
                <TimetabledPassingTime id="OST:TimetabledPassingTime:211210122071948_7_12_27_00" version="271">
                  <DepartureTime>12:27:00</DepartureTime>
                  <StopPointInJourneyPatternRef ref="OST:StopPointInJourneyPattern:307_Inbound_211210121983059_7_211210121975025" version="271" />
                </TimetabledPassingTime>
                <TimetabledPassingTime id="OST:TimetabledPassingTime:211210122071948_8_12_35_00" version="271">
                  <DepartureTime>12:35:00</DepartureTime>
                  <StopPointInJourneyPatternRef ref="OST:StopPointInJourneyPattern:307_Inbound_211210121983059_8_211210121975025" version="271" />
                </TimetabledPassingTime>
                <TimetabledPassingTime id="OST:TimetabledPassingTime:211210122071948_9_12_50_00" version="271">
                  <DepartureTime>12:50:00</DepartureTime>
                  <StopPointInJourneyPatternRef ref="OST:StopPointInJourneyPattern:307_Inbound_211210121983059_9_211210121975025" version="271" />
                </TimetabledPassingTime>
                <TimetabledPassingTime id="OST:TimetabledPassingTime:211210122071948_10_12_51_00" version="271">
                  <DepartureTime>12:51:00</DepartureTime>
                  <StopPointInJourneyPatternRef ref="OST:StopPointInJourneyPattern:307_Inbound_211210121983059_10_211210121975025" version="271" />
                </TimetabledPassingTime>
                <TimetabledPassingTime id="OST:TimetabledPassingTime:211210122071948_11_13_01_00" version="271">
                  <DepartureTime>13:01:00</DepartureTime>
                  <StopPointInJourneyPatternRef ref="OST:StopPointInJourneyPattern:307_Inbound_211210121983059_11_211210121975025" version="271" />
                </TimetabledPassingTime>
                <TimetabledPassingTime id="OST:TimetabledPassingTime:211210122071948_12_13_05_00" version="271">
                  <ArrivalTime>13:05:00</ArrivalTime>
                  <StopPointInJourneyPatternRef ref="OST:StopPointInJourneyPattern:307_Inbound_211210121983059_12_211210121975025" version="271" />
                </TimetabledPassingTime>
              </passingTimes>
            </ServiceJourney>
            <ServiceJourney id="OST:ServiceJourney:307_211210122071945_12" publication="public" version="271">
              <Name>Kalerud</Name>
              <PrivateCode>12</PrivateCode>
              <dayTypes>
                <DayTypeRef ref="OST:DayType:123" />
              </dayTypes>
              <JourneyPatternRef ref="OST:JourneyPattern:307_Inbound_211210121983061_211210121975025" version="271" />
              <LineRef ref="OST:Line:1_307" version="271" />
              <OperatorRef ref="OST:Operator:152" />
              <passingTimes>
                <TimetabledPassingTime id="OST:TimetabledPassingTime:211210122071945_2_14_50_00" version="271">
                  <DepartureTime>14:50:00</DepartureTime>
                  <StopPointInJourneyPatternRef ref="OST:StopPointInJourneyPattern:307_Inbound_211210121983061_2_211210121975025" version="271" />
                </TimetabledPassingTime>
                <TimetabledPassingTime id="OST:TimetabledPassingTime:211210122071945_1_14_50_00" version="271">
                  <DepartureTime>14:50:00</DepartureTime>
                  <StopPointInJourneyPatternRef ref="OST:StopPointInJourneyPattern:307_Inbound_211210121983061_1_211210121975025" version="271" />
                </TimetabledPassingTime>
                <TimetabledPassingTime id="OST:TimetabledPassingTime:211210122071945_3_14_53_00" version="271">
                  <DepartureTime>14:53:00</DepartureTime>
                  <StopPointInJourneyPatternRef ref="OST:StopPointInJourneyPattern:307_Inbound_211210121983061_3_211210121975025" version="271" />
                </TimetabledPassingTime>
                <TimetabledPassingTime id="OST:TimetabledPassingTime:211210122071945_4_14_54_00" version="271">
                  <DepartureTime>14:54:00</DepartureTime>
                  <StopPointInJourneyPatternRef ref="OST:StopPointInJourneyPattern:307_Inbound_211210121983061_4_211210121975025" version="271" />
                </TimetabledPassingTime>
                <TimetabledPassingTime id="OST:TimetabledPassingTime:211210122071945_5_14_55_00" version="271">
                  <DepartureTime>14:55:00</DepartureTime>
                  <StopPointInJourneyPatternRef ref="OST:StopPointInJourneyPattern:307_Inbound_211210121983061_5_211210121975025" version="271" />
                </TimetabledPassingTime>
                <TimetabledPassingTime id="OST:TimetabledPassingTime:211210122071945_6_15_05_00" version="271">
                  <ArrivalTime>15:05:00</ArrivalTime>
                  <StopPointInJourneyPatternRef ref="OST:StopPointInJourneyPattern:307_Inbound_211210121983061_6_211210121975025" version="271" />
                </TimetabledPassingTime>
              </passingTimes>
            </ServiceJourney>
            <ServiceJourney id="OST:ServiceJourney:307_211210122071951_8" publication="public" version="271">
              <Name>Kalerud</Name>
              <PrivateCode>8</PrivateCode>
              <dayTypes>
                <DayTypeRef ref="OST:DayType:81" />
              </dayTypes>
              <JourneyPatternRef ref="OST:JourneyPattern:307_Inbound_211210121983061_211210121975025" version="271" />
              <LineRef ref="OST:Line:1_307" version="271" />
              <OperatorRef ref="OST:Operator:152" />
              <passingTimes>
                <TimetabledPassingTime id="OST:TimetabledPassingTime:211210122071951_2_14_20_00" version="271">
                  <DepartureTime>14:20:00</DepartureTime>
                  <StopPointInJourneyPatternRef ref="OST:StopPointInJourneyPattern:307_Inbound_211210121983061_2_211210121975025" version="271" />
                </TimetabledPassingTime>
                <TimetabledPassingTime id="OST:TimetabledPassingTime:211210122071951_1_14_20_00" version="271">
                  <DepartureTime>14:20:00</DepartureTime>
                  <StopPointInJourneyPatternRef ref="OST:StopPointInJourneyPattern:307_Inbound_211210121983061_1_211210121975025" version="271" />
                </TimetabledPassingTime>
                <TimetabledPassingTime id="OST:TimetabledPassingTime:211210122071951_3_14_23_00" version="271">
                  <DepartureTime>14:23:00</DepartureTime>
                  <StopPointInJourneyPatternRef ref="OST:StopPointInJourneyPattern:307_Inbound_211210121983061_3_211210121975025" version="271" />
                </TimetabledPassingTime>
                <TimetabledPassingTime id="OST:TimetabledPassingTime:211210122071951_4_14_24_00" version="271">
                  <DepartureTime>14:24:00</DepartureTime>
                  <StopPointInJourneyPatternRef ref="OST:StopPointInJourneyPattern:307_Inbound_211210121983061_4_211210121975025" version="271" />
                </TimetabledPassingTime>
                <TimetabledPassingTime id="OST:TimetabledPassingTime:211210122071951_5_14_25_00" version="271">
                  <DepartureTime>14:25:00</DepartureTime>
                  <StopPointInJourneyPatternRef ref="OST:StopPointInJourneyPattern:307_Inbound_211210121983061_5_211210121975025" version="271" />
                </TimetabledPassingTime>
                <TimetabledPassingTime id="OST:TimetabledPassingTime:211210122071951_6_14_35_00" version="271">
                  <ArrivalTime>14:35:00</ArrivalTime>
                  <StopPointInJourneyPatternRef ref="OST:StopPointInJourneyPattern:307_Inbound_211210121983061_6_211210121975025" version="271" />
                </TimetabledPassingTime>
              </passingTimes>
            </ServiceJourney>
            <ServiceJourney id="OST:ServiceJourney:307_211210122071944_10" publication="public" version="271">
              <Name>Fjell bru</Name>
              <PrivateCode>10</PrivateCode>
              <dayTypes>
                <DayTypeRef ref="OST:DayType:123" />
              </dayTypes>
              <JourneyPatternRef ref="OST:JourneyPattern:307_Inbound_211210121983058_211210121975025" version="271" />
              <LineRef ref="OST:Line:1_307" version="271" />
              <OperatorRef ref="OST:Operator:152" />
              <passingTimes>
                <TimetabledPassingTime id="OST:TimetabledPassingTime:211210122071944_1_14_50_00" version="271">
                  <DepartureTime>14:50:00</DepartureTime>
                  <StopPointInJourneyPatternRef ref="OST:StopPointInJourneyPattern:307_Inbound_211210121983058_1_211210121975025" version="271" />
                </TimetabledPassingTime>
                <TimetabledPassingTime id="OST:TimetabledPassingTime:211210122071944_2_14_51_00" version="271">
                  <DepartureTime>14:51:00</DepartureTime>
                  <StopPointInJourneyPatternRef ref="OST:StopPointInJourneyPattern:307_Inbound_211210121983058_2_211210121975025" version="271" />
                </TimetabledPassingTime>
                <TimetabledPassingTime id="OST:TimetabledPassingTime:211210122071944_3_15_00_00" version="271">
                  <DepartureTime>15:00:00</DepartureTime>
                  <StopPointInJourneyPatternRef ref="OST:StopPointInJourneyPattern:307_Inbound_211210121983058_3_211210121975025" version="271" />
                </TimetabledPassingTime>
                <TimetabledPassingTime id="OST:TimetabledPassingTime:211210122071944_4_15_10_00" version="271">
                  <DepartureTime>15:10:00</DepartureTime>
                  <StopPointInJourneyPatternRef ref="OST:StopPointInJourneyPattern:307_Inbound_211210121983058_4_211210121975025" version="271" />
                </TimetabledPassingTime>
                <TimetabledPassingTime id="OST:TimetabledPassingTime:211210122071944_5_15_11_00" version="271">
                  <DepartureTime>15:11:00</DepartureTime>
                  <StopPointInJourneyPatternRef ref="OST:StopPointInJourneyPattern:307_Inbound_211210121983058_5_211210121975025" version="271" />
                </TimetabledPassingTime>
                <TimetabledPassingTime id="OST:TimetabledPassingTime:211210122071944_6_15_17_00" version="271">
                  <DepartureTime>15:17:00</DepartureTime>
                  <StopPointInJourneyPatternRef ref="OST:StopPointInJourneyPattern:307_Inbound_211210121983058_6_211210121975025" version="271" />
                </TimetabledPassingTime>
                <TimetabledPassingTime id="OST:TimetabledPassingTime:211210122071944_7_15_20_00" version="271">
                  <ArrivalTime>15:20:00</ArrivalTime>
                  <StopPointInJourneyPatternRef ref="OST:StopPointInJourneyPattern:307_Inbound_211210121983058_7_211210121975025" version="271" />
                </TimetabledPassingTime>
              </passingTimes>
            </ServiceJourney>
            <ServiceJourney id="OST:ServiceJourney:307_211210122071943_1" publication="public" version="271">
              <Name>Aremark skole</Name>
              <PrivateCode>1</PrivateCode>
              <dayTypes>
                <DayTypeRef ref="OST:DayType:121" />
              </dayTypes>
              <JourneyPatternRef ref="OST:JourneyPattern:307_Outbound_211210121983056_211210121975025" version="271" />
              <LineRef ref="OST:Line:1_307" version="271" />
              <OperatorRef ref="OST:Operator:152" />
              <passingTimes>
                <TimetabledPassingTime id="OST:TimetabledPassingTime:211210122071943_1_07_25_00" version="271">
                  <DepartureTime>07:25:00</DepartureTime>
                  <StopPointInJourneyPatternRef ref="OST:StopPointInJourneyPattern:307_Outbound_211210121983056_1_211210121975025" version="271" />
                </TimetabledPassingTime>
                <TimetabledPassingTime id="OST:TimetabledPassingTime:211210122071943_2_07_28_00" version="271">
                  <DepartureTime>07:28:00</DepartureTime>
                  <StopPointInJourneyPatternRef ref="OST:StopPointInJourneyPattern:307_Outbound_211210121983056_2_211210121975025" version="271" />
                </TimetabledPassingTime>
                <TimetabledPassingTime id="OST:TimetabledPassingTime:211210122071943_3_07_38_00" version="271">
                  <DepartureTime>07:38:00</DepartureTime>
                  <StopPointInJourneyPatternRef ref="OST:StopPointInJourneyPattern:307_Outbound_211210121983056_3_211210121975025" version="271" />
                </TimetabledPassingTime>
                <TimetabledPassingTime id="OST:TimetabledPassingTime:211210122071943_4_07_40_00" version="271">
                  <DepartureTime>07:40:00</DepartureTime>
                  <StopPointInJourneyPatternRef ref="OST:StopPointInJourneyPattern:307_Outbound_211210121983056_4_211210121975025" version="271" />
                </TimetabledPassingTime>
                <TimetabledPassingTime id="OST:TimetabledPassingTime:211210122071943_5_07_45_00" version="271">
                  <DepartureTime>07:45:00</DepartureTime>
                  <StopPointInJourneyPatternRef ref="OST:StopPointInJourneyPattern:307_Outbound_211210121983056_5_211210121975025" version="271" />
                </TimetabledPassingTime>
                <TimetabledPassingTime id="OST:TimetabledPassingTime:211210122071943_6_07_53_00" version="271">
                  <DepartureTime>07:53:00</DepartureTime>
                  <StopPointInJourneyPatternRef ref="OST:StopPointInJourneyPattern:307_Outbound_211210121983056_6_211210121975025" version="271" />
                </TimetabledPassingTime>
                <TimetabledPassingTime id="OST:TimetabledPassingTime:211210122071943_7_07_55_00" version="271">
                  <ArrivalTime>07:55:00</ArrivalTime>
                  <StopPointInJourneyPatternRef ref="OST:StopPointInJourneyPattern:307_Outbound_211210121983056_7_211210121975025" version="271" />
                </TimetabledPassingTime>
              </passingTimes>
            </ServiceJourney>
            <ServiceJourney id="OST:ServiceJourney:307_211210122071947_3" publication="public" version="271">
              <Name>Kalerud</Name>
              <PrivateCode>3</PrivateCode>
              <dayTypes>
                <DayTypeRef ref="OST:DayType:121" />
              </dayTypes>
              <JourneyPatternRef ref="OST:JourneyPattern:307_Outbound_211210121983055_211210121975025" version="271" />
              <LineRef ref="OST:Line:1_307" version="271" />
              <OperatorRef ref="OST:Operator:152" />
              <passingTimes>
                <TimetabledPassingTime id="OST:TimetabledPassingTime:211210122071947_1_16_40_00" version="271">
                  <DepartureTime>16:40:00</DepartureTime>
                  <StopPointInJourneyPatternRef ref="OST:StopPointInJourneyPattern:307_Outbound_211210121983055_1_211210121975025" version="271" />
                </TimetabledPassingTime>
                <TimetabledPassingTime id="OST:TimetabledPassingTime:211210122071947_2_16_43_00" version="271">
                  <DepartureTime>16:43:00</DepartureTime>
                  <StopPointInJourneyPatternRef ref="OST:StopPointInJourneyPattern:307_Outbound_211210121983055_2_211210121975025" version="271" />
                </TimetabledPassingTime>
                <TimetabledPassingTime id="OST:TimetabledPassingTime:211210122071947_3_16_53_00" version="271">
                  <DepartureTime>16:53:00</DepartureTime>
                  <StopPointInJourneyPatternRef ref="OST:StopPointInJourneyPattern:307_Outbound_211210121983055_3_211210121975025" version="271" />
                </TimetabledPassingTime>
                <TimetabledPassingTime id="OST:TimetabledPassingTime:211210122071947_4_16_55_00" version="271">
                  <DepartureTime>16:55:00</DepartureTime>
                  <StopPointInJourneyPatternRef ref="OST:StopPointInJourneyPattern:307_Outbound_211210121983055_4_211210121975025" version="271" />
                </TimetabledPassingTime>
                <TimetabledPassingTime id="OST:TimetabledPassingTime:211210122071947_5_17_05_00" version="271">
                  <DepartureTime>17:05:00</DepartureTime>
                  <StopPointInJourneyPatternRef ref="OST:StopPointInJourneyPattern:307_Outbound_211210121983055_5_211210121975025" version="271" />
                </TimetabledPassingTime>
                <TimetabledPassingTime id="OST:TimetabledPassingTime:211210122071947_7_17_15_00" version="271">
                  <DepartureTime>17:15:00</DepartureTime>
                  <StopPointInJourneyPatternRef ref="OST:StopPointInJourneyPattern:307_Outbound_211210121983055_7_211210121975025" version="271" />
                </TimetabledPassingTime>
                <TimetabledPassingTime id="OST:TimetabledPassingTime:211210122071947_6_17_15_00" version="271">
                  <DepartureTime>17:15:00</DepartureTime>
                  <StopPointInJourneyPatternRef ref="OST:StopPointInJourneyPattern:307_Outbound_211210121983055_6_211210121975025" version="271" />
                </TimetabledPassingTime>
                <TimetabledPassingTime id="OST:TimetabledPassingTime:211210122071947_8_17_19_00" version="271">
                  <DepartureTime>17:19:00</DepartureTime>
                  <StopPointInJourneyPatternRef ref="OST:StopPointInJourneyPattern:307_Outbound_211210121983055_8_211210121975025" version="271" />
                </TimetabledPassingTime>
                <TimetabledPassingTime id="OST:TimetabledPassingTime:211210122071947_9_17_19_00" version="271">
                  <DepartureTime>17:19:00</DepartureTime>
                  <StopPointInJourneyPatternRef ref="OST:StopPointInJourneyPattern:307_Outbound_211210121983055_9_211210121975025" version="271" />
                </TimetabledPassingTime>
                <TimetabledPassingTime id="OST:TimetabledPassingTime:211210122071947_10_17_20_00" version="271">
                  <DepartureTime>17:20:00</DepartureTime>
                  <StopPointInJourneyPatternRef ref="OST:StopPointInJourneyPattern:307_Outbound_211210121983055_10_211210121975025" version="271" />
                </TimetabledPassingTime>
                <TimetabledPassingTime id="OST:TimetabledPassingTime:211210122071947_11_17_30_00" version="271">
                  <ArrivalTime>17:30:00</ArrivalTime>
                  <StopPointInJourneyPatternRef ref="OST:StopPointInJourneyPattern:307_Outbound_211210121983055_11_211210121975025" version="271" />
                </TimetabledPassingTime>
              </passingTimes>
            </ServiceJourney>
            <ServiceJourney id="OST:ServiceJourney:307_211210122071949_5" publication="public" version="271">
              <Name>Aremark skole</Name>
              <PrivateCode>5</PrivateCode>
              <dayTypes>
                <DayTypeRef ref="OST:DayType:121" />
              </dayTypes>
              <JourneyPatternRef ref="OST:JourneyPattern:307_Outbound_211210121983057_211210121975025" version="271" />
              <LineRef ref="OST:Line:1_307" version="271" />
              <OperatorRef ref="OST:Operator:152" />
              <passingTimes>
                <TimetabledPassingTime id="OST:TimetabledPassingTime:211210122071949_1_07_55_00" version="271">
                  <DepartureTime>07:55:00</DepartureTime>
                  <StopPointInJourneyPatternRef ref="OST:StopPointInJourneyPattern:307_Outbound_211210121983057_1_211210121975025" version="271" />
                </TimetabledPassingTime>
                <TimetabledPassingTime id="OST:TimetabledPassingTime:211210122071949_2_07_55_00" version="271">
                  <DepartureTime>07:55:00</DepartureTime>
                  <StopPointInJourneyPatternRef ref="OST:StopPointInJourneyPattern:307_Outbound_211210121983057_2_211210121975025" version="271" />
                </TimetabledPassingTime>
                <TimetabledPassingTime id="OST:TimetabledPassingTime:211210122071949_3_07_58_00" version="271">
                  <DepartureTime>07:58:00</DepartureTime>
                  <StopPointInJourneyPatternRef ref="OST:StopPointInJourneyPattern:307_Outbound_211210121983057_3_211210121975025" version="271" />
                </TimetabledPassingTime>
                <TimetabledPassingTime id="OST:TimetabledPassingTime:211210122071949_4_07_59_00" version="271">
                  <DepartureTime>07:59:00</DepartureTime>
                  <StopPointInJourneyPatternRef ref="OST:StopPointInJourneyPattern:307_Outbound_211210121983057_4_211210121975025" version="271" />
                </TimetabledPassingTime>
                <TimetabledPassingTime id="OST:TimetabledPassingTime:211210122071949_5_08_00_00" version="271">
                  <DepartureTime>08:00:00</DepartureTime>
                  <StopPointInJourneyPatternRef ref="OST:StopPointInJourneyPattern:307_Outbound_211210121983057_5_211210121975025" version="271" />
                </TimetabledPassingTime>
                <TimetabledPassingTime id="OST:TimetabledPassingTime:211210122071949_6_08_10_00" version="271">
                  <DepartureTime>08:10:00</DepartureTime>
                  <StopPointInJourneyPatternRef ref="OST:StopPointInJourneyPattern:307_Outbound_211210121983057_6_211210121975025" version="271" />
                </TimetabledPassingTime>
                <TimetabledPassingTime id="OST:TimetabledPassingTime:211210122071949_7_08_25_00" version="271">
                  <ArrivalTime>08:25:00</ArrivalTime>
                  <StopPointInJourneyPatternRef ref="OST:StopPointInJourneyPattern:307_Outbound_211210121983057_7_211210121975025" version="271" />
                </TimetabledPassingTime>
              </passingTimes>
            </ServiceJourney>
            <ServiceJourney id="OST:ServiceJourney:307_211210122071950_6" publication="public" version="271">
              <Name>Fjell bru</Name>
              <PrivateCode>6</PrivateCode>
              <dayTypes>
                <DayTypeRef ref="OST:DayType:81" />
              </dayTypes>
              <JourneyPatternRef ref="OST:JourneyPattern:307_Inbound_211210121983058_211210121975025" version="271" />
              <LineRef ref="OST:Line:1_307" version="271" />
              <OperatorRef ref="OST:Operator:152" />
              <passingTimes>
                <TimetabledPassingTime id="OST:TimetabledPassingTime:211210122071950_1_14_20_00" version="271">
                  <DepartureTime>14:20:00</DepartureTime>
                  <StopPointInJourneyPatternRef ref="OST:StopPointInJourneyPattern:307_Inbound_211210121983058_1_211210121975025" version="271" />
                </TimetabledPassingTime>
                <TimetabledPassingTime id="OST:TimetabledPassingTime:211210122071950_2_14_21_00" version="271">
                  <DepartureTime>14:21:00</DepartureTime>
                  <StopPointInJourneyPatternRef ref="OST:StopPointInJourneyPattern:307_Inbound_211210121983058_2_211210121975025" version="271" />
                </TimetabledPassingTime>
                <TimetabledPassingTime id="OST:TimetabledPassingTime:211210122071950_3_14_30_00" version="271">
                  <DepartureTime>14:30:00</DepartureTime>
                  <StopPointInJourneyPatternRef ref="OST:StopPointInJourneyPattern:307_Inbound_211210121983058_3_211210121975025" version="271" />
                </TimetabledPassingTime>
                <TimetabledPassingTime id="OST:TimetabledPassingTime:211210122071950_4_14_40_00" version="271">
                  <DepartureTime>14:40:00</DepartureTime>
                  <StopPointInJourneyPatternRef ref="OST:StopPointInJourneyPattern:307_Inbound_211210121983058_4_211210121975025" version="271" />
                </TimetabledPassingTime>
                <TimetabledPassingTime id="OST:TimetabledPassingTime:211210122071950_5_14_41_00" version="271">
                  <DepartureTime>14:41:00</DepartureTime>
                  <StopPointInJourneyPatternRef ref="OST:StopPointInJourneyPattern:307_Inbound_211210121983058_5_211210121975025" version="271" />
                </TimetabledPassingTime>
                <TimetabledPassingTime id="OST:TimetabledPassingTime:211210122071950_6_14_47_00" version="271">
                  <DepartureTime>14:47:00</DepartureTime>
                  <StopPointInJourneyPatternRef ref="OST:StopPointInJourneyPattern:307_Inbound_211210121983058_6_211210121975025" version="271" />
                </TimetabledPassingTime>
                <TimetabledPassingTime id="OST:TimetabledPassingTime:211210122071950_7_14_50_00" version="271">
                  <ArrivalTime>14:50:00</ArrivalTime>
                  <StopPointInJourneyPatternRef ref="OST:StopPointInJourneyPattern:307_Inbound_211210121983058_7_211210121975025" version="271" />
                </TimetabledPassingTime>
              </passingTimes>
            </ServiceJourney>
          </vehicleJourneys>
        </TimetableFrame>
      </frames>
    </CompositeFrame>
  </dataObjects>
</PublicationDelivery>
