<?xml version="1.0" encoding="UTF-8"?>
<PublicationDelivery xmlns="http://www.netex.org.uk/netex" xmlns:gis="http://www.opengis.net/gml/3.2" xmlns:siri="http://www.siri.org.uk/siri" version="1.13:NO-NeTEx-networktimetable:1.3">
  <PublicationTimestamp>2022-05-26T00:05:35.012</PublicationTimestamp>
  <ParticipantRef>RB</ParticipantRef>
  <Description>Spetalen skole</Description>
  <dataObjects>
    <CompositeFrame created="2022-04-08T10:32:34.29" id="1881893413" version="1">
      <validityConditions>
        <AvailabilityCondition id="1827654574" version="1">
          <FromDate>2022-05-23T00:00:00</FromDate>
          <ToDate>2023-05-25T00:00:00</ToDate>
        </AvailabilityCondition>
      </validityConditions>
      <codespaces>
        <Codespace id="ost">
          <Xmlns>OST</Xmlns>
          <XmlnsUrl>http://www.rutebanken.org/ns/ost</XmlnsUrl>
        </Codespace>
        <Codespace id="nsr">
          <Xmlns>NSR</Xmlns>
          <XmlnsUrl>http://www.rutebanken.org/ns/nsr</XmlnsUrl>
        </Codespace>
      </codespaces>
      <FrameDefaults>
        <DefaultLocale>
          <TimeZone>Europe/Oslo</TimeZone>
          <DefaultLanguage>no</DefaultLanguage>
        </DefaultLocale>
      </FrameDefaults>
      <frames>
        <ServiceFrame id="338431684" version="1">
          <routes>
            <Route id="OST:Route:161_Inbound_211210121982805_211210121975025" version="271">
              <Name>2-2</Name>
              <ShortName>2-2</ShortName>
              <LineRef ref="OST:Line:1_161" version="271" />
              <DirectionType>outbound</DirectionType>
              <pointsInSequence>
                <PointOnRoute id="OST:PointOnRoute:7420261" order="4" version="271">
                  <RoutePointRef ref="OST:RoutePoint:1351495_2" />
                </PointOnRoute>
                <PointOnRoute id="OST:PointOnRoute:7420263" order="6" version="271">
                  <RoutePointRef ref="OST:RoutePoint:1351485_2" />
                </PointOnRoute>
                <PointOnRoute id="OST:PointOnRoute:7420278" order="21" version="271">
                  <RoutePointRef ref="OST:RoutePoint:1351145_2" />
                </PointOnRoute>
                <PointOnRoute id="OST:PointOnRoute:7420259" order="2" version="271">
                  <RoutePointRef ref="OST:RoutePoint:1351505_2" />
                </PointOnRoute>
                <PointOnRoute id="OST:PointOnRoute:7420277" order="20" version="271">
                  <RoutePointRef ref="OST:RoutePoint:1351405_2" />
                </PointOnRoute>
                <PointOnRoute id="OST:PointOnRoute:7420268" order="11" version="271">
                  <RoutePointRef ref="OST:RoutePoint:1351465_2" />
                </PointOnRoute>
                <PointOnRoute id="OST:PointOnRoute:7420273" order="16" version="271">
                  <RoutePointRef ref="OST:RoutePoint:1351435_4" />
                </PointOnRoute>
                <PointOnRoute id="OST:PointOnRoute:7420269" order="12" version="271">
                  <RoutePointRef ref="OST:RoutePoint:1351455_2" />
                </PointOnRoute>
                <PointOnRoute id="OST:PointOnRoute:7420275" order="18" version="271">
                  <RoutePointRef ref="OST:RoutePoint:1351415_2" />
                </PointOnRoute>
                <PointOnRoute id="OST:PointOnRoute:7420258" order="1" version="271">
                  <RoutePointRef ref="OST:RoutePoint:1351510_2" />
                </PointOnRoute>
                <PointOnRoute id="OST:PointOnRoute:7420266" order="9" version="271">
                  <RoutePointRef ref="OST:RoutePoint:1351470_2" />
                </PointOnRoute>
                <PointOnRoute id="OST:PointOnRoute:7420271" order="14" version="271">
                  <RoutePointRef ref="OST:RoutePoint:1351445_2" />
                </PointOnRoute>
                <PointOnRoute id="OST:PointOnRoute:7420276" order="19" version="271">
                  <RoutePointRef ref="OST:RoutePoint:1351410_2" />
                </PointOnRoute>
                <PointOnRoute id="OST:PointOnRoute:7420267" order="10" version="271">
                  <RoutePointRef ref="OST:RoutePoint:1351460_1" />
                </PointOnRoute>
                <PointOnRoute id="OST:PointOnRoute:7420272" order="15" version="271">
                  <RoutePointRef ref="OST:RoutePoint:1351440_2" />
                </PointOnRoute>
                <PointOnRoute id="OST:PointOnRoute:7420274" order="17" version="271">
                  <RoutePointRef ref="OST:RoutePoint:1351430_2" />
                </PointOnRoute>
                <PointOnRoute id="OST:PointOnRoute:7420270" order="13" version="271">
                  <RoutePointRef ref="OST:RoutePoint:1351450_2" />
                </PointOnRoute>
                <PointOnRoute id="OST:PointOnRoute:7420264" order="7" version="271">
                  <RoutePointRef ref="OST:RoutePoint:1351480_2" />
                </PointOnRoute>
                <PointOnRoute id="OST:PointOnRoute:7420279" order="22" version="271">
                  <RoutePointRef ref="OST:RoutePoint:1351150_1" />
                </PointOnRoute>
                <PointOnRoute id="OST:PointOnRoute:7420260" order="3" version="271">
                  <RoutePointRef ref="OST:RoutePoint:1351500_2" />
                </PointOnRoute>
                <PointOnRoute id="OST:PointOnRoute:7420265" order="8" version="271">
                  <RoutePointRef ref="OST:RoutePoint:1351475_2" />
                </PointOnRoute>
                <PointOnRoute id="OST:PointOnRoute:7420262" order="5" version="271">
                  <RoutePointRef ref="OST:RoutePoint:1351490_2" />
                </PointOnRoute>
              </pointsInSequence>
            </Route>
            <Route id="OST:Route:161_Inbound_211210121982806_211210121975025" version="271">
              <Name>2-3</Name>
              <ShortName>2-3</ShortName>
              <LineRef ref="OST:Line:1_161" version="271" />
              <DirectionType>outbound</DirectionType>
              <pointsInSequence>
                <PointOnRoute id="OST:PointOnRoute:7420301" order="22" version="271">
                  <RoutePointRef ref="OST:RoutePoint:1351405_2" />
                </PointOnRoute>
                <PointOnRoute id="OST:PointOnRoute:7420299" order="20" version="271">
                  <RoutePointRef ref="OST:RoutePoint:1351415_2" />
                </PointOnRoute>
                <PointOnRoute id="OST:PointOnRoute:7420289" order="10" version="271">
                  <RoutePointRef ref="OST:RoutePoint:1351460_1" />
                </PointOnRoute>
                <PointOnRoute id="OST:PointOnRoute:7420292" order="13" version="271">
                  <RoutePointRef ref="OST:RoutePoint:1351450_2" />
                </PointOnRoute>
                <PointOnRoute id="OST:PointOnRoute:7420294" order="15" version="271">
                  <RoutePointRef ref="OST:RoutePoint:1351440_2" />
                </PointOnRoute>
                <PointOnRoute id="OST:PointOnRoute:7420302" order="23" version="271">
                  <RoutePointRef ref="OST:RoutePoint:1351145_2" />
                </PointOnRoute>
                <PointOnRoute id="OST:PointOnRoute:7420297" order="18" version="271">
                  <RoutePointRef ref="OST:RoutePoint:1351420_1" />
                </PointOnRoute>
                <PointOnRoute id="OST:PointOnRoute:7420284" order="5" version="271">
                  <RoutePointRef ref="OST:RoutePoint:1351490_2" />
                </PointOnRoute>
                <PointOnRoute id="OST:PointOnRoute:7420300" order="21" version="271">
                  <RoutePointRef ref="OST:RoutePoint:1351410_2" />
                </PointOnRoute>
                <PointOnRoute id="OST:PointOnRoute:7420298" order="19" version="271">
                  <RoutePointRef ref="OST:RoutePoint:1351425_1" />
                </PointOnRoute>
                <PointOnRoute id="OST:PointOnRoute:7420280" order="1" version="271">
                  <RoutePointRef ref="OST:RoutePoint:1351510_2" />
                </PointOnRoute>
                <PointOnRoute id="OST:PointOnRoute:7420282" order="3" version="271">
                  <RoutePointRef ref="OST:RoutePoint:1351500_2" />
                </PointOnRoute>
                <PointOnRoute id="OST:PointOnRoute:7420296" order="17" version="271">
                  <RoutePointRef ref="OST:RoutePoint:1351430_2" />
                </PointOnRoute>
                <PointOnRoute id="OST:PointOnRoute:7420288" order="9" version="271">
                  <RoutePointRef ref="OST:RoutePoint:1351470_2" />
                </PointOnRoute>
                <PointOnRoute id="OST:PointOnRoute:7420291" order="12" version="271">
                  <RoutePointRef ref="OST:RoutePoint:1351455_2" />
                </PointOnRoute>
                <PointOnRoute id="OST:PointOnRoute:7420283" order="4" version="271">
                  <RoutePointRef ref="OST:RoutePoint:1351495_2" />
                </PointOnRoute>
                <PointOnRoute id="OST:PointOnRoute:7420286" order="7" version="271">
                  <RoutePointRef ref="OST:RoutePoint:1351480_2" />
                </PointOnRoute>
                <PointOnRoute id="OST:PointOnRoute:7420295" order="16" version="271">
                  <RoutePointRef ref="OST:RoutePoint:1351435_4" />
                </PointOnRoute>
                <PointOnRoute id="OST:PointOnRoute:7420287" order="8" version="271">
                  <RoutePointRef ref="OST:RoutePoint:1351475_2" />
                </PointOnRoute>
                <PointOnRoute id="OST:PointOnRoute:7420293" order="14" version="271">
                  <RoutePointRef ref="OST:RoutePoint:1351445_2" />
                </PointOnRoute>
                <PointOnRoute id="OST:PointOnRoute:7420290" order="11" version="271">
                  <RoutePointRef ref="OST:RoutePoint:1351465_2" />
                </PointOnRoute>
                <PointOnRoute id="OST:PointOnRoute:7420303" order="24" version="271">
                  <RoutePointRef ref="OST:RoutePoint:1351150_1" />
                </PointOnRoute>
                <PointOnRoute id="OST:PointOnRoute:7420281" order="2" version="271">
                  <RoutePointRef ref="OST:RoutePoint:1351505_2" />
                </PointOnRoute>
                <PointOnRoute id="OST:PointOnRoute:7420285" order="6" version="271">
                  <RoutePointRef ref="OST:RoutePoint:1351485_2" />
                </PointOnRoute>
              </pointsInSequence>
            </Route>
          </routes>
          <lines>
            <Line id="OST:Line:1_161" version="271">
              <Name>Spetalen skole</Name>
              <TransportMode>bus</TransportMode>
              <TransportSubmode>
                <BusSubmode>localBus</BusSubmode>
              </TransportSubmode>
              <PublicCode>161</PublicCode>
              <PrivateCode>161</PrivateCode>
              <OperatorRef ref="OST:Operator:152" />
              <RepresentedByGroupRef ref="OST:GroupOfLines:bus_1" />
            </Line>
          </lines>
          <journeyPatterns>
            <JourneyPattern id="OST:JourneyPattern:161_Inbound_211210121982805_211210121975025" version="271">
              <Name>2-2</Name>
              <RouteRef ref="OST:Route:161_Inbound_211210121982805_211210121975025" version="271" />
              <pointsInSequence>
                <StopPointInJourneyPattern order="19" id="OST:StopPointInJourneyPattern:161_Inbound_211210121982805_19_211210121975025" version="271">
                  <ScheduledStopPointRef ref="OST:ScheduledStopPoint:1351410_2" />
                </StopPointInJourneyPattern>
                <StopPointInJourneyPattern order="6" id="OST:StopPointInJourneyPattern:161_Inbound_211210121982805_6_211210121975025" version="271">
                  <ScheduledStopPointRef ref="OST:ScheduledStopPoint:1351485_2" />
                </StopPointInJourneyPattern>
                <StopPointInJourneyPattern order="20" id="OST:StopPointInJourneyPattern:161_Inbound_211210121982805_20_211210121975025" version="271">
                  <ScheduledStopPointRef ref="OST:ScheduledStopPoint:1351405_2" />
                </StopPointInJourneyPattern>
                <StopPointInJourneyPattern order="7" id="OST:StopPointInJourneyPattern:161_Inbound_211210121982805_7_211210121975025" version="271">
                  <ScheduledStopPointRef ref="OST:ScheduledStopPoint:1351480_2" />
                </StopPointInJourneyPattern>
                <StopPointInJourneyPattern order="5" id="OST:StopPointInJourneyPattern:161_Inbound_211210121982805_5_211210121975025" version="271">
                  <ScheduledStopPointRef ref="OST:ScheduledStopPoint:1351490_2" />
                </StopPointInJourneyPattern>
                <StopPointInJourneyPattern order="11" id="OST:StopPointInJourneyPattern:161_Inbound_211210121982805_11_211210121975025" version="271">
                  <ScheduledStopPointRef ref="OST:ScheduledStopPoint:1351465_2" />
                </StopPointInJourneyPattern>
                <StopPointInJourneyPattern order="1" id="OST:StopPointInJourneyPattern:161_Inbound_211210121982805_1_211210121975025" version="271">
                  <ForAlighting>false</ForAlighting>
                  <DestinationDisplayRef ref="OST:DestinationDisplay:449" />
                  <ScheduledStopPointRef ref="OST:ScheduledStopPoint:1351510_2" />
                </StopPointInJourneyPattern>
                <StopPointInJourneyPattern order="21" id="OST:StopPointInJourneyPattern:161_Inbound_211210121982805_21_211210121975025" version="271">
                  <ScheduledStopPointRef ref="OST:ScheduledStopPoint:1351145_2" />
                </StopPointInJourneyPattern>
                <StopPointInJourneyPattern order="3" id="OST:StopPointInJourneyPattern:161_Inbound_211210121982805_3_211210121975025" version="271">
                  <ScheduledStopPointRef ref="OST:ScheduledStopPoint:1351500_2" />
                </StopPointInJourneyPattern>
                <StopPointInJourneyPattern order="4" id="OST:StopPointInJourneyPattern:161_Inbound_211210121982805_4_211210121975025" version="271">
                  <ScheduledStopPointRef ref="OST:ScheduledStopPoint:1351495_2" />
                </StopPointInJourneyPattern>
                <StopPointInJourneyPattern order="13" id="OST:StopPointInJourneyPattern:161_Inbound_211210121982805_13_211210121975025" version="271">
                  <ScheduledStopPointRef ref="OST:ScheduledStopPoint:1351450_2" />
                </StopPointInJourneyPattern>
                <StopPointInJourneyPattern order="22" id="OST:StopPointInJourneyPattern:161_Inbound_211210121982805_22_211210121975025" version="271">
                  <ForBoarding>false</ForBoarding>
                  <ScheduledStopPointRef ref="OST:ScheduledStopPoint:1351150_1" />
                </StopPointInJourneyPattern>
                <StopPointInJourneyPattern order="16" id="OST:StopPointInJourneyPattern:161_Inbound_211210121982805_16_211210121975025" version="271">
                  <ScheduledStopPointRef ref="OST:ScheduledStopPoint:1351435_4" />
                </StopPointInJourneyPattern>
                <StopPointInJourneyPattern order="18" id="OST:StopPointInJourneyPattern:161_Inbound_211210121982805_18_211210121975025" version="271">
                  <ScheduledStopPointRef ref="OST:ScheduledStopPoint:1351415_2" />
                </StopPointInJourneyPattern>
                <StopPointInJourneyPattern order="12" id="OST:StopPointInJourneyPattern:161_Inbound_211210121982805_12_211210121975025" version="271">
                  <ScheduledStopPointRef ref="OST:ScheduledStopPoint:1351455_2" />
                </StopPointInJourneyPattern>
                <StopPointInJourneyPattern order="15" id="OST:StopPointInJourneyPattern:161_Inbound_211210121982805_15_211210121975025" version="271">
                  <ScheduledStopPointRef ref="OST:ScheduledStopPoint:1351440_2" />
                </StopPointInJourneyPattern>
                <StopPointInJourneyPattern order="17" id="OST:StopPointInJourneyPattern:161_Inbound_211210121982805_17_211210121975025" version="271">
                  <ScheduledStopPointRef ref="OST:ScheduledStopPoint:1351430_2" />
                </StopPointInJourneyPattern>
                <StopPointInJourneyPattern order="8" id="OST:StopPointInJourneyPattern:161_Inbound_211210121982805_8_211210121975025" version="271">
                  <ScheduledStopPointRef ref="OST:ScheduledStopPoint:1351475_2" />
                </StopPointInJourneyPattern>
                <StopPointInJourneyPattern order="10" id="OST:StopPointInJourneyPattern:161_Inbound_211210121982805_10_211210121975025" version="271">
                  <ScheduledStopPointRef ref="OST:ScheduledStopPoint:1351460_1" />
                </StopPointInJourneyPattern>
                <StopPointInJourneyPattern order="2" id="OST:StopPointInJourneyPattern:161_Inbound_211210121982805_2_211210121975025" version="271">
                  <ScheduledStopPointRef ref="OST:ScheduledStopPoint:1351505_2" />
                </StopPointInJourneyPattern>
                <StopPointInJourneyPattern order="9" id="OST:StopPointInJourneyPattern:161_Inbound_211210121982805_9_211210121975025" version="271">
                  <ScheduledStopPointRef ref="OST:ScheduledStopPoint:1351470_2" />
                </StopPointInJourneyPattern>
                <StopPointInJourneyPattern order="14" id="OST:StopPointInJourneyPattern:161_Inbound_211210121982805_14_211210121975025" version="271">
                  <ScheduledStopPointRef ref="OST:ScheduledStopPoint:1351445_2" />
                </StopPointInJourneyPattern>
              </pointsInSequence>
              <linksInSequence>
                <ServiceLinkInJourneyPattern order="17" id="OST:ServiceLinkInJourneyPattern:7420327" version="271">
                  <ServiceLinkRef ref="OST:ServiceLink:200811072691006_2_200811072690993_2_441" />
                </ServiceLinkInJourneyPattern>
                <ServiceLinkInJourneyPattern order="9" id="OST:ServiceLinkInJourneyPattern:7420312" version="271">
                  <ServiceLinkRef ref="OST:ServiceLink:200811072691048_2_200811072691032_1_488" />
                </ServiceLinkInJourneyPattern>
                <ServiceLinkInJourneyPattern order="5" id="OST:ServiceLinkInJourneyPattern:7420308" version="271">
                  <ServiceLinkRef ref="OST:ServiceLink:200811072691068_2_200811072691063_2_204" />
                </ServiceLinkInJourneyPattern>
                <ServiceLinkInJourneyPattern order="11" id="OST:ServiceLinkInJourneyPattern:7420315" version="271">
                  <ServiceLinkRef ref="OST:ServiceLink:200811072691037_2_200811072691029_2_338" />
                </ServiceLinkInJourneyPattern>
                <ServiceLinkInJourneyPattern order="15" id="OST:ServiceLinkInJourneyPattern:7420323" version="271">
                  <ServiceLinkRef ref="OST:ServiceLink:200811072691014_2_200811072691009_4_1043" />
                </ServiceLinkInJourneyPattern>
                <ServiceLinkInJourneyPattern order="13" id="OST:ServiceLinkInJourneyPattern:7420319" version="271">
                  <ServiceLinkRef ref="OST:ServiceLink:200811072691024_2_200811072691019_2_1018" />
                </ServiceLinkInJourneyPattern>
                <ServiceLinkInJourneyPattern order="16" id="OST:ServiceLinkInJourneyPattern:7420325" version="271">
                  <ServiceLinkRef ref="OST:ServiceLink:200811072691009_4_200811072691006_2_524" />
                </ServiceLinkInJourneyPattern>
                <ServiceLinkInJourneyPattern order="19" id="OST:ServiceLinkInJourneyPattern:7420331" version="271">
                  <ServiceLinkRef ref="OST:ServiceLink:200811072690988_2_200811072690983_2_792" />
                </ServiceLinkInJourneyPattern>
                <ServiceLinkInJourneyPattern order="8" id="OST:ServiceLinkInJourneyPattern:7420311" version="271">
                  <ServiceLinkRef ref="OST:ServiceLink:200811072691053_2_200811072691048_2_289" />
                </ServiceLinkInJourneyPattern>
                <ServiceLinkInJourneyPattern order="4" id="OST:ServiceLinkInJourneyPattern:7420307" version="271">
                  <ServiceLinkRef ref="OST:ServiceLink:200811072691073_2_200811072691068_2_351" />
                </ServiceLinkInJourneyPattern>
                <ServiceLinkInJourneyPattern order="10" id="OST:ServiceLinkInJourneyPattern:7420313" version="271">
                  <ServiceLinkRef ref="OST:ServiceLink:200811072691032_1_200811072691037_2_185" />
                </ServiceLinkInJourneyPattern>
                <ServiceLinkInJourneyPattern order="2" id="OST:ServiceLinkInJourneyPattern:7420305" version="271">
                  <ServiceLinkRef ref="OST:ServiceLink:200811072691083_2_200811072691078_2_296" />
                </ServiceLinkInJourneyPattern>
                <ServiceLinkInJourneyPattern order="7" id="OST:ServiceLinkInJourneyPattern:7420310" version="271">
                  <ServiceLinkRef ref="OST:ServiceLink:200811072691058_2_200811072691053_2_517" />
                </ServiceLinkInJourneyPattern>
                <ServiceLinkInJourneyPattern order="3" id="OST:ServiceLinkInJourneyPattern:7420306" version="271">
                  <ServiceLinkRef ref="OST:ServiceLink:200811072691078_2_200811072691073_2_684" />
                </ServiceLinkInJourneyPattern>
                <ServiceLinkInJourneyPattern order="20" id="OST:ServiceLinkInJourneyPattern:7420333" version="271">
                  <ServiceLinkRef ref="OST:ServiceLink:200811072690983_2_200811072690841_2_801" />
                </ServiceLinkInJourneyPattern>
                <ServiceLinkInJourneyPattern order="21" id="OST:ServiceLinkInJourneyPattern:7420335" version="271">
                  <ServiceLinkRef ref="OST:ServiceLink:200811072690841_2_200811072690846_1_319" />
                </ServiceLinkInJourneyPattern>
                <ServiceLinkInJourneyPattern order="18" id="OST:ServiceLinkInJourneyPattern:7420329" version="271">
                  <ServiceLinkRef ref="OST:ServiceLink:200811072690993_2_200811072690988_2_1143" />
                </ServiceLinkInJourneyPattern>
                <ServiceLinkInJourneyPattern order="6" id="OST:ServiceLinkInJourneyPattern:7420309" version="271">
                  <ServiceLinkRef ref="OST:ServiceLink:200811072691063_2_200811072691058_2_503" />
                </ServiceLinkInJourneyPattern>
                <ServiceLinkInJourneyPattern order="1" id="OST:ServiceLinkInJourneyPattern:7420304" version="271">
                  <ServiceLinkRef ref="OST:ServiceLink:200811072691088_2_200811072691083_2_545" />
                </ServiceLinkInJourneyPattern>
                <ServiceLinkInJourneyPattern order="14" id="OST:ServiceLinkInJourneyPattern:7420321" version="271">
                  <ServiceLinkRef ref="OST:ServiceLink:200811072691019_2_200811072691014_2_497" />
                </ServiceLinkInJourneyPattern>
                <ServiceLinkInJourneyPattern order="12" id="OST:ServiceLinkInJourneyPattern:7420317" version="271">
                  <ServiceLinkRef ref="OST:ServiceLink:200811072691029_2_200811072691024_2_253" />
                </ServiceLinkInJourneyPattern>
              </linksInSequence>
            </JourneyPattern>
            <JourneyPattern id="OST:JourneyPattern:161_Inbound_211210121982806_211210121975025" version="271">
              <Name>2-3</Name>
              <RouteRef ref="OST:Route:161_Inbound_211210121982806_211210121975025" version="271" />
              <pointsInSequence>
                <StopPointInJourneyPattern order="16" id="OST:StopPointInJourneyPattern:161_Inbound_211210121982806_16_211210121975025" version="271">
                  <ScheduledStopPointRef ref="OST:ScheduledStopPoint:1351435_4" />
                </StopPointInJourneyPattern>
                <StopPointInJourneyPattern order="20" id="OST:StopPointInJourneyPattern:161_Inbound_211210121982806_20_211210121975025" version="271">
                  <ScheduledStopPointRef ref="OST:ScheduledStopPoint:1351415_2" />
                </StopPointInJourneyPattern>
                <StopPointInJourneyPattern order="15" id="OST:StopPointInJourneyPattern:161_Inbound_211210121982806_15_211210121975025" version="271">
                  <ScheduledStopPointRef ref="OST:ScheduledStopPoint:1351440_2" />
                </StopPointInJourneyPattern>
                <StopPointInJourneyPattern order="23" id="OST:StopPointInJourneyPattern:161_Inbound_211210121982806_23_211210121975025" version="271">
                  <ScheduledStopPointRef ref="OST:ScheduledStopPoint:1351145_2" />
                </StopPointInJourneyPattern>
                <StopPointInJourneyPattern order="13" id="OST:StopPointInJourneyPattern:161_Inbound_211210121982806_13_211210121975025" version="271">
                  <ScheduledStopPointRef ref="OST:ScheduledStopPoint:1351450_2" />
                </StopPointInJourneyPattern>
                <StopPointInJourneyPattern order="5" id="OST:StopPointInJourneyPattern:161_Inbound_211210121982806_5_211210121975025" version="271">
                  <ScheduledStopPointRef ref="OST:ScheduledStopPoint:1351490_2" />
                </StopPointInJourneyPattern>
                <StopPointInJourneyPattern order="3" id="OST:StopPointInJourneyPattern:161_Inbound_211210121982806_3_211210121975025" version="271">
                  <ScheduledStopPointRef ref="OST:ScheduledStopPoint:1351500_2" />
                </StopPointInJourneyPattern>
                <StopPointInJourneyPattern order="10" id="OST:StopPointInJourneyPattern:161_Inbound_211210121982806_10_211210121975025" version="271">
                  <ScheduledStopPointRef ref="OST:ScheduledStopPoint:1351460_1" />
                </StopPointInJourneyPattern>
                <StopPointInJourneyPattern order="22" id="OST:StopPointInJourneyPattern:161_Inbound_211210121982806_22_211210121975025" version="271">
                  <ScheduledStopPointRef ref="OST:ScheduledStopPoint:1351405_2" />
                </StopPointInJourneyPattern>
                <StopPointInJourneyPattern order="7" id="OST:StopPointInJourneyPattern:161_Inbound_211210121982806_7_211210121975025" version="271">
                  <ScheduledStopPointRef ref="OST:ScheduledStopPoint:1351480_2" />
                </StopPointInJourneyPattern>
                <StopPointInJourneyPattern order="4" id="OST:StopPointInJourneyPattern:161_Inbound_211210121982806_4_211210121975025" version="271">
                  <ScheduledStopPointRef ref="OST:ScheduledStopPoint:1351495_2" />
                </StopPointInJourneyPattern>
                <StopPointInJourneyPattern order="1" id="OST:StopPointInJourneyPattern:161_Inbound_211210121982806_1_211210121975025" version="271">
                  <ForAlighting>false</ForAlighting>
                  <DestinationDisplayRef ref="OST:DestinationDisplay:449" />
                  <ScheduledStopPointRef ref="OST:ScheduledStopPoint:1351510_2" />
                </StopPointInJourneyPattern>
                <StopPointInJourneyPattern order="12" id="OST:StopPointInJourneyPattern:161_Inbound_211210121982806_12_211210121975025" version="271">
                  <ScheduledStopPointRef ref="OST:ScheduledStopPoint:1351455_2" />
                </StopPointInJourneyPattern>
                <StopPointInJourneyPattern order="9" id="OST:StopPointInJourneyPattern:161_Inbound_211210121982806_9_211210121975025" version="271">
                  <ScheduledStopPointRef ref="OST:ScheduledStopPoint:1351470_2" />
                </StopPointInJourneyPattern>
                <StopPointInJourneyPattern order="11" id="OST:StopPointInJourneyPattern:161_Inbound_211210121982806_11_211210121975025" version="271">
                  <ScheduledStopPointRef ref="OST:ScheduledStopPoint:1351465_2" />
                </StopPointInJourneyPattern>
                <StopPointInJourneyPattern order="6" id="OST:StopPointInJourneyPattern:161_Inbound_211210121982806_6_211210121975025" version="271">
                  <ScheduledStopPointRef ref="OST:ScheduledStopPoint:1351485_2" />
                </StopPointInJourneyPattern>
                <StopPointInJourneyPattern order="17" id="OST:StopPointInJourneyPattern:161_Inbound_211210121982806_17_211210121975025" version="271">
                  <ScheduledStopPointRef ref="OST:ScheduledStopPoint:1351430_2" />
                </StopPointInJourneyPattern>
                <StopPointInJourneyPattern order="14" id="OST:StopPointInJourneyPattern:161_Inbound_211210121982806_14_211210121975025" version="271">
                  <ScheduledStopPointRef ref="OST:ScheduledStopPoint:1351445_2" />
                </StopPointInJourneyPattern>
                <StopPointInJourneyPattern order="8" id="OST:StopPointInJourneyPattern:161_Inbound_211210121982806_8_211210121975025" version="271">
                  <ScheduledStopPointRef ref="OST:ScheduledStopPoint:1351475_2" />
                </StopPointInJourneyPattern>
                <StopPointInJourneyPattern order="19" id="OST:StopPointInJourneyPattern:161_Inbound_211210121982806_19_211210121975025" version="271">
                  <ScheduledStopPointRef ref="OST:ScheduledStopPoint:1351425_1" />
                </StopPointInJourneyPattern>
                <StopPointInJourneyPattern order="24" id="OST:StopPointInJourneyPattern:161_Inbound_211210121982806_24_211210121975025" version="271">
                  <ForBoarding>false</ForBoarding>
                  <ScheduledStopPointRef ref="OST:ScheduledStopPoint:1351150_1" />
                </StopPointInJourneyPattern>
                <StopPointInJourneyPattern order="21" id="OST:StopPointInJourneyPattern:161_Inbound_211210121982806_21_211210121975025" version="271">
                  <ScheduledStopPointRef ref="OST:ScheduledStopPoint:1351410_2" />
                </StopPointInJourneyPattern>
                <StopPointInJourneyPattern order="18" id="OST:StopPointInJourneyPattern:161_Inbound_211210121982806_18_211210121975025" version="271">
                  <ScheduledStopPointRef ref="OST:ScheduledStopPoint:1351420_1" />
                </StopPointInJourneyPattern>
                <StopPointInJourneyPattern order="2" id="OST:StopPointInJourneyPattern:161_Inbound_211210121982806_2_211210121975025" version="271">
                  <ScheduledStopPointRef ref="OST:ScheduledStopPoint:1351505_2" />
                </StopPointInJourneyPattern>
              </pointsInSequence>
              <linksInSequence>
                <ServiceLinkInJourneyPattern order="10" id="OST:ServiceLinkInJourneyPattern:7420346" version="271">
                  <ServiceLinkRef ref="OST:ServiceLink:200811072691032_1_200811072691037_2_185" />
                </ServiceLinkInJourneyPattern>
                <ServiceLinkInJourneyPattern order="5" id="OST:ServiceLinkInJourneyPattern:7420341" version="271">
                  <ServiceLinkRef ref="OST:ServiceLink:200811072691068_2_200811072691063_2_204" />
                </ServiceLinkInJourneyPattern>
                <ServiceLinkInJourneyPattern order="23" id="OST:ServiceLinkInJourneyPattern:7420362" version="271">
                  <ServiceLinkRef ref="OST:ServiceLink:200811072690841_2_200811072690846_1_319" />
                </ServiceLinkInJourneyPattern>
                <ServiceLinkInJourneyPattern order="14" id="OST:ServiceLinkInJourneyPattern:7420350" version="271">
                  <ServiceLinkRef ref="OST:ServiceLink:200811072691019_2_200811072691014_2_497" />
                </ServiceLinkInJourneyPattern>
                <ServiceLinkInJourneyPattern order="12" id="OST:ServiceLinkInJourneyPattern:7420348" version="271">
                  <ServiceLinkRef ref="OST:ServiceLink:200811072691029_2_200811072691024_2_253" />
                </ServiceLinkInJourneyPattern>
                <ServiceLinkInJourneyPattern order="18" id="OST:ServiceLinkInJourneyPattern:7420355" version="271">
                  <ServiceLinkRef ref="OST:ServiceLink:200811072690998_1_200811072691001_1_1872" />
                </ServiceLinkInJourneyPattern>
                <ServiceLinkInJourneyPattern order="19" id="OST:ServiceLinkInJourneyPattern:7420357" version="271">
                  <ServiceLinkRef ref="OST:ServiceLink:200811072691001_1_200811072690993_2_3782" />
                </ServiceLinkInJourneyPattern>
                <ServiceLinkInJourneyPattern order="7" id="OST:ServiceLinkInJourneyPattern:7420343" version="271">
                  <ServiceLinkRef ref="OST:ServiceLink:200811072691058_2_200811072691053_2_517" />
                </ServiceLinkInJourneyPattern>
                <ServiceLinkInJourneyPattern order="16" id="OST:ServiceLinkInJourneyPattern:7420352" version="271">
                  <ServiceLinkRef ref="OST:ServiceLink:200811072691009_4_200811072691006_2_524" />
                </ServiceLinkInJourneyPattern>
                <ServiceLinkInJourneyPattern order="4" id="OST:ServiceLinkInJourneyPattern:7420340" version="271">
                  <ServiceLinkRef ref="OST:ServiceLink:200811072691073_2_200811072691068_2_351" />
                </ServiceLinkInJourneyPattern>
                <ServiceLinkInJourneyPattern order="22" id="OST:ServiceLinkInJourneyPattern:7420361" version="271">
                  <ServiceLinkRef ref="OST:ServiceLink:200811072690983_2_200811072690841_2_801" />
                </ServiceLinkInJourneyPattern>
                <ServiceLinkInJourneyPattern order="6" id="OST:ServiceLinkInJourneyPattern:7420342" version="271">
                  <ServiceLinkRef ref="OST:ServiceLink:200811072691063_2_200811072691058_2_503" />
                </ServiceLinkInJourneyPattern>
                <ServiceLinkInJourneyPattern order="20" id="OST:ServiceLinkInJourneyPattern:7420359" version="271">
                  <ServiceLinkRef ref="OST:ServiceLink:200811072690993_2_200811072690988_2_1143" />
                </ServiceLinkInJourneyPattern>
                <ServiceLinkInJourneyPattern order="11" id="OST:ServiceLinkInJourneyPattern:7420347" version="271">
                  <ServiceLinkRef ref="OST:ServiceLink:200811072691037_2_200811072691029_2_338" />
                </ServiceLinkInJourneyPattern>
                <ServiceLinkInJourneyPattern order="2" id="OST:ServiceLinkInJourneyPattern:7420338" version="271">
                  <ServiceLinkRef ref="OST:ServiceLink:200811072691083_2_200811072691078_2_296" />
                </ServiceLinkInJourneyPattern>
                <ServiceLinkInJourneyPattern order="15" id="OST:ServiceLinkInJourneyPattern:7420351" version="271">
                  <ServiceLinkRef ref="OST:ServiceLink:200811072691014_2_200811072691009_4_1043" />
                </ServiceLinkInJourneyPattern>
                <ServiceLinkInJourneyPattern order="17" id="OST:ServiceLinkInJourneyPattern:7420353" version="271">
                  <ServiceLinkRef ref="OST:ServiceLink:200811072691006_2_200811072690998_1_5215" />
                </ServiceLinkInJourneyPattern>
                <ServiceLinkInJourneyPattern order="3" id="OST:ServiceLinkInJourneyPattern:7420339" version="271">
                  <ServiceLinkRef ref="OST:ServiceLink:200811072691078_2_200811072691073_2_684" />
                </ServiceLinkInJourneyPattern>
                <ServiceLinkInJourneyPattern order="9" id="OST:ServiceLinkInJourneyPattern:7420345" version="271">
                  <ServiceLinkRef ref="OST:ServiceLink:200811072691048_2_200811072691032_1_488" />
                </ServiceLinkInJourneyPattern>
                <ServiceLinkInJourneyPattern order="21" id="OST:ServiceLinkInJourneyPattern:7420360" version="271">
                  <ServiceLinkRef ref="OST:ServiceLink:200811072690988_2_200811072690983_2_792" />
                </ServiceLinkInJourneyPattern>
                <ServiceLinkInJourneyPattern order="13" id="OST:ServiceLinkInJourneyPattern:7420349" version="271">
                  <ServiceLinkRef ref="OST:ServiceLink:200811072691024_2_200811072691019_2_1018" />
                </ServiceLinkInJourneyPattern>
                <ServiceLinkInJourneyPattern order="1" id="OST:ServiceLinkInJourneyPattern:7420337" version="271">
                  <ServiceLinkRef ref="OST:ServiceLink:200811072691088_2_200811072691083_2_545" />
                </ServiceLinkInJourneyPattern>
                <ServiceLinkInJourneyPattern order="8" id="OST:ServiceLinkInJourneyPattern:7420344" version="271">
                  <ServiceLinkRef ref="OST:ServiceLink:200811072691053_2_200811072691048_2_289" />
                </ServiceLinkInJourneyPattern>
              </linksInSequence>
            </JourneyPattern>
          </journeyPatterns>
        </ServiceFrame>
        <TimetableFrame id="1413623802" version="1">
          <vehicleJourneys>
            <ServiceJourney id="OST:ServiceJourney:161_211210122070631_4" publication="public" version="271">
              <Name>Sognshøgd</Name>
              <PrivateCode>4</PrivateCode>
              <dayTypes>
                <DayTypeRef ref="OST:DayType:121" />
              </dayTypes>
              <JourneyPatternRef ref="OST:JourneyPattern:161_Inbound_211210121982806_211210121975025" version="271" />
              <LineRef ref="OST:Line:1_161" version="271" />
              <OperatorRef ref="OST:Operator:152" />
              <passingTimes>
                <TimetabledPassingTime id="OST:TimetabledPassingTime:211210122070631_2_13_10_00" version="271">
                  <DepartureTime>13:10:00</DepartureTime>
                  <StopPointInJourneyPatternRef ref="OST:StopPointInJourneyPattern:161_Inbound_211210121982806_2_211210121975025" version="271" />
                </TimetabledPassingTime>
                <TimetabledPassingTime id="OST:TimetabledPassingTime:211210122070631_1_13_10_00" version="271">
                  <DepartureTime>13:10:00</DepartureTime>
                  <StopPointInJourneyPatternRef ref="OST:StopPointInJourneyPattern:161_Inbound_211210121982806_1_211210121975025" version="271" />
                </TimetabledPassingTime>
                <TimetabledPassingTime id="OST:TimetabledPassingTime:211210122070631_3_13_10_00" version="271">
                  <DepartureTime>13:10:00</DepartureTime>
                  <StopPointInJourneyPatternRef ref="OST:StopPointInJourneyPattern:161_Inbound_211210121982806_3_211210121975025" version="271" />
                </TimetabledPassingTime>
                <TimetabledPassingTime id="OST:TimetabledPassingTime:211210122070631_4_13_11_00" version="271">
                  <DepartureTime>13:11:00</DepartureTime>
                  <StopPointInJourneyPatternRef ref="OST:StopPointInJourneyPattern:161_Inbound_211210121982806_4_211210121975025" version="271" />
                </TimetabledPassingTime>
                <TimetabledPassingTime id="OST:TimetabledPassingTime:211210122070631_5_13_11_00" version="271">
                  <DepartureTime>13:11:00</DepartureTime>
                  <StopPointInJourneyPatternRef ref="OST:StopPointInJourneyPattern:161_Inbound_211210121982806_5_211210121975025" version="271" />
                </TimetabledPassingTime>
                <TimetabledPassingTime id="OST:TimetabledPassingTime:211210122070631_6_13_12_00" version="271">
                  <DepartureTime>13:12:00</DepartureTime>
                  <StopPointInJourneyPatternRef ref="OST:StopPointInJourneyPattern:161_Inbound_211210121982806_6_211210121975025" version="271" />
                </TimetabledPassingTime>
                <TimetabledPassingTime id="OST:TimetabledPassingTime:211210122070631_7_13_12_00" version="271">
                  <DepartureTime>13:12:00</DepartureTime>
                  <StopPointInJourneyPatternRef ref="OST:StopPointInJourneyPattern:161_Inbound_211210121982806_7_211210121975025" version="271" />
                </TimetabledPassingTime>
                <TimetabledPassingTime id="OST:TimetabledPassingTime:211210122070631_8_13_13_00" version="271">
                  <DepartureTime>13:13:00</DepartureTime>
                  <StopPointInJourneyPatternRef ref="OST:StopPointInJourneyPattern:161_Inbound_211210121982806_8_211210121975025" version="271" />
                </TimetabledPassingTime>
                <TimetabledPassingTime id="OST:TimetabledPassingTime:211210122070631_9_13_13_00" version="271">
                  <DepartureTime>13:13:00</DepartureTime>
                  <StopPointInJourneyPatternRef ref="OST:StopPointInJourneyPattern:161_Inbound_211210121982806_9_211210121975025" version="271" />
                </TimetabledPassingTime>
                <TimetabledPassingTime id="OST:TimetabledPassingTime:211210122070631_10_13_13_00" version="271">
                  <DepartureTime>13:13:00</DepartureTime>
                  <StopPointInJourneyPatternRef ref="OST:StopPointInJourneyPattern:161_Inbound_211210121982806_10_211210121975025" version="271" />
                </TimetabledPassingTime>
                <TimetabledPassingTime id="OST:TimetabledPassingTime:211210122070631_12_13_14_00" version="271">
                  <DepartureTime>13:14:00</DepartureTime>
                  <StopPointInJourneyPatternRef ref="OST:StopPointInJourneyPattern:161_Inbound_211210121982806_12_211210121975025" version="271" />
                </TimetabledPassingTime>
                <TimetabledPassingTime id="OST:TimetabledPassingTime:211210122070631_11_13_14_00" version="271">
                  <DepartureTime>13:14:00</DepartureTime>
                  <StopPointInJourneyPatternRef ref="OST:StopPointInJourneyPattern:161_Inbound_211210121982806_11_211210121975025" version="271" />
                </TimetabledPassingTime>
                <TimetabledPassingTime id="OST:TimetabledPassingTime:211210122070631_13_13_14_00" version="271">
                  <DepartureTime>13:14:00</DepartureTime>
                  <StopPointInJourneyPatternRef ref="OST:StopPointInJourneyPattern:161_Inbound_211210121982806_13_211210121975025" version="271" />
                </TimetabledPassingTime>
                <TimetabledPassingTime id="OST:TimetabledPassingTime:211210122070631_14_13_15_00" version="271">
                  <DepartureTime>13:15:00</DepartureTime>
                  <StopPointInJourneyPatternRef ref="OST:StopPointInJourneyPattern:161_Inbound_211210121982806_14_211210121975025" version="271" />
                </TimetabledPassingTime>
                <TimetabledPassingTime id="OST:TimetabledPassingTime:211210122070631_15_13_16_00" version="271">
                  <DepartureTime>13:16:00</DepartureTime>
                  <StopPointInJourneyPatternRef ref="OST:StopPointInJourneyPattern:161_Inbound_211210121982806_15_211210121975025" version="271" />
                </TimetabledPassingTime>
                <TimetabledPassingTime id="OST:TimetabledPassingTime:211210122070631_16_13_17_00" version="271">
                  <DepartureTime>13:17:00</DepartureTime>
                  <StopPointInJourneyPatternRef ref="OST:StopPointInJourneyPattern:161_Inbound_211210121982806_16_211210121975025" version="271" />
                </TimetabledPassingTime>
                <TimetabledPassingTime id="OST:TimetabledPassingTime:211210122070631_17_13_17_00" version="271">
                  <DepartureTime>13:17:00</DepartureTime>
                  <StopPointInJourneyPatternRef ref="OST:StopPointInJourneyPattern:161_Inbound_211210121982806_17_211210121975025" version="271" />
                </TimetabledPassingTime>
                <TimetabledPassingTime id="OST:TimetabledPassingTime:211210122070631_18_13_23_00" version="271">
                  <DepartureTime>13:23:00</DepartureTime>
                  <StopPointInJourneyPatternRef ref="OST:StopPointInJourneyPattern:161_Inbound_211210121982806_18_211210121975025" version="271" />
                </TimetabledPassingTime>
                <TimetabledPassingTime id="OST:TimetabledPassingTime:211210122070631_19_13_25_00" version="271">
                  <DepartureTime>13:25:00</DepartureTime>
                  <StopPointInJourneyPatternRef ref="OST:StopPointInJourneyPattern:161_Inbound_211210121982806_19_211210121975025" version="271" />
                </TimetabledPassingTime>
                <TimetabledPassingTime id="OST:TimetabledPassingTime:211210122070631_20_13_30_00" version="271">
                  <DepartureTime>13:30:00</DepartureTime>
                  <StopPointInJourneyPatternRef ref="OST:StopPointInJourneyPattern:161_Inbound_211210121982806_20_211210121975025" version="271" />
                </TimetabledPassingTime>
                <TimetabledPassingTime id="OST:TimetabledPassingTime:211210122070631_21_13_32_00" version="271">
                  <DepartureTime>13:32:00</DepartureTime>
                  <StopPointInJourneyPatternRef ref="OST:StopPointInJourneyPattern:161_Inbound_211210121982806_21_211210121975025" version="271" />
                </TimetabledPassingTime>
                <TimetabledPassingTime id="OST:TimetabledPassingTime:211210122070631_22_13_33_00" version="271">
                  <DepartureTime>13:33:00</DepartureTime>
                  <StopPointInJourneyPatternRef ref="OST:StopPointInJourneyPattern:161_Inbound_211210121982806_22_211210121975025" version="271" />
                </TimetabledPassingTime>
                <TimetabledPassingTime id="OST:TimetabledPassingTime:211210122070631_23_13_34_00" version="271">
                  <DepartureTime>13:34:00</DepartureTime>
                  <StopPointInJourneyPatternRef ref="OST:StopPointInJourneyPattern:161_Inbound_211210121982806_23_211210121975025" version="271" />
                </TimetabledPassingTime>
                <TimetabledPassingTime id="OST:TimetabledPassingTime:211210122070631_24_13_35_00" version="271">
                  <ArrivalTime>13:35:00</ArrivalTime>
                  <StopPointInJourneyPatternRef ref="OST:StopPointInJourneyPattern:161_Inbound_211210121982806_24_211210121975025" version="271" />
                </TimetabledPassingTime>
              </passingTimes>
            </ServiceJourney>
            <ServiceJourney id="OST:ServiceJourney:161_211210122070632_6" publication="public" version="271">
              <Name>Sognshøgd</Name>
              <PrivateCode>6</PrivateCode>
              <dayTypes>
                <DayTypeRef ref="OST:DayType:80" />
              </dayTypes>
              <JourneyPatternRef ref="OST:JourneyPattern:161_Inbound_211210121982805_211210121975025" version="271" />
              <LineRef ref="OST:Line:1_161" version="271" />
              <OperatorRef ref="OST:Operator:152" />
              <passingTimes>
                <TimetabledPassingTime id="OST:TimetabledPassingTime:211210122070632_1_14_05_00" version="271">
                  <DepartureTime>14:05:00</DepartureTime>
                  <StopPointInJourneyPatternRef ref="OST:StopPointInJourneyPattern:161_Inbound_211210121982805_1_211210121975025" version="271" />
                </TimetabledPassingTime>
                <TimetabledPassingTime id="OST:TimetabledPassingTime:211210122070632_2_14_05_00" version="271">
                  <DepartureTime>14:05:00</DepartureTime>
                  <StopPointInJourneyPatternRef ref="OST:StopPointInJourneyPattern:161_Inbound_211210121982805_2_211210121975025" version="271" />
                </TimetabledPassingTime>
                <TimetabledPassingTime id="OST:TimetabledPassingTime:211210122070632_3_14_05_00" version="271">
                  <DepartureTime>14:05:00</DepartureTime>
                  <StopPointInJourneyPatternRef ref="OST:StopPointInJourneyPattern:161_Inbound_211210121982805_3_211210121975025" version="271" />
                </TimetabledPassingTime>
                <TimetabledPassingTime id="OST:TimetabledPassingTime:211210122070632_5_14_06_00" version="271">
                  <DepartureTime>14:06:00</DepartureTime>
                  <StopPointInJourneyPatternRef ref="OST:StopPointInJourneyPattern:161_Inbound_211210121982805_5_211210121975025" version="271" />
                </TimetabledPassingTime>
                <TimetabledPassingTime id="OST:TimetabledPassingTime:211210122070632_4_14_06_00" version="271">
                  <DepartureTime>14:06:00</DepartureTime>
                  <StopPointInJourneyPatternRef ref="OST:StopPointInJourneyPattern:161_Inbound_211210121982805_4_211210121975025" version="271" />
                </TimetabledPassingTime>
                <TimetabledPassingTime id="OST:TimetabledPassingTime:211210122070632_6_14_06_00" version="271">
                  <DepartureTime>14:06:00</DepartureTime>
                  <StopPointInJourneyPatternRef ref="OST:StopPointInJourneyPattern:161_Inbound_211210121982805_6_211210121975025" version="271" />
                </TimetabledPassingTime>
                <TimetabledPassingTime id="OST:TimetabledPassingTime:211210122070632_7_14_07_00" version="271">
                  <DepartureTime>14:07:00</DepartureTime>
                  <StopPointInJourneyPatternRef ref="OST:StopPointInJourneyPattern:161_Inbound_211210121982805_7_211210121975025" version="271" />
                </TimetabledPassingTime>
                <TimetabledPassingTime id="OST:TimetabledPassingTime:211210122070632_9_14_07_00" version="271">
                  <DepartureTime>14:07:00</DepartureTime>
                  <StopPointInJourneyPatternRef ref="OST:StopPointInJourneyPattern:161_Inbound_211210121982805_9_211210121975025" version="271" />
                </TimetabledPassingTime>
                <TimetabledPassingTime id="OST:TimetabledPassingTime:211210122070632_8_14_07_00" version="271">
                  <DepartureTime>14:07:00</DepartureTime>
                  <StopPointInJourneyPatternRef ref="OST:StopPointInJourneyPattern:161_Inbound_211210121982805_8_211210121975025" version="271" />
                </TimetabledPassingTime>
                <TimetabledPassingTime id="OST:TimetabledPassingTime:211210122070632_10_14_08_00" version="271">
                  <DepartureTime>14:08:00</DepartureTime>
                  <StopPointInJourneyPatternRef ref="OST:StopPointInJourneyPattern:161_Inbound_211210121982805_10_211210121975025" version="271" />
                </TimetabledPassingTime>
                <TimetabledPassingTime id="OST:TimetabledPassingTime:211210122070632_11_14_08_00" version="271">
                  <DepartureTime>14:08:00</DepartureTime>
                  <StopPointInJourneyPatternRef ref="OST:StopPointInJourneyPattern:161_Inbound_211210121982805_11_211210121975025" version="271" />
                </TimetabledPassingTime>
                <TimetabledPassingTime id="OST:TimetabledPassingTime:211210122070632_12_14_09_00" version="271">
                  <DepartureTime>14:09:00</DepartureTime>
                  <StopPointInJourneyPatternRef ref="OST:StopPointInJourneyPattern:161_Inbound_211210121982805_12_211210121975025" version="271" />
                </TimetabledPassingTime>
                <TimetabledPassingTime id="OST:TimetabledPassingTime:211210122070632_13_14_10_00" version="271">
                  <DepartureTime>14:10:00</DepartureTime>
                  <StopPointInJourneyPatternRef ref="OST:StopPointInJourneyPattern:161_Inbound_211210121982805_13_211210121975025" version="271" />
                </TimetabledPassingTime>
                <TimetabledPassingTime id="OST:TimetabledPassingTime:211210122070632_14_14_10_00" version="271">
                  <DepartureTime>14:10:00</DepartureTime>
                  <StopPointInJourneyPatternRef ref="OST:StopPointInJourneyPattern:161_Inbound_211210121982805_14_211210121975025" version="271" />
                </TimetabledPassingTime>
                <TimetabledPassingTime id="OST:TimetabledPassingTime:211210122070632_15_14_11_00" version="271">
                  <DepartureTime>14:11:00</DepartureTime>
                  <StopPointInJourneyPatternRef ref="OST:StopPointInJourneyPattern:161_Inbound_211210121982805_15_211210121975025" version="271" />
                </TimetabledPassingTime>
                <TimetabledPassingTime id="OST:TimetabledPassingTime:211210122070632_16_14_12_00" version="271">
                  <DepartureTime>14:12:00</DepartureTime>
                  <StopPointInJourneyPatternRef ref="OST:StopPointInJourneyPattern:161_Inbound_211210121982805_16_211210121975025" version="271" />
                </TimetabledPassingTime>
                <TimetabledPassingTime id="OST:TimetabledPassingTime:211210122070632_17_14_12_00" version="271">
                  <DepartureTime>14:12:00</DepartureTime>
                  <StopPointInJourneyPatternRef ref="OST:StopPointInJourneyPattern:161_Inbound_211210121982805_17_211210121975025" version="271" />
                </TimetabledPassingTime>
                <TimetabledPassingTime id="OST:TimetabledPassingTime:211210122070632_18_14_13_00" version="271">
                  <DepartureTime>14:13:00</DepartureTime>
                  <StopPointInJourneyPatternRef ref="OST:StopPointInJourneyPattern:161_Inbound_211210121982805_18_211210121975025" version="271" />
                </TimetabledPassingTime>
                <TimetabledPassingTime id="OST:TimetabledPassingTime:211210122070632_20_14_13_00" version="271">
                  <DepartureTime>14:13:00</DepartureTime>
                  <StopPointInJourneyPatternRef ref="OST:StopPointInJourneyPattern:161_Inbound_211210121982805_20_211210121975025" version="271" />
                </TimetabledPassingTime>
                <TimetabledPassingTime id="OST:TimetabledPassingTime:211210122070632_19_14_13_00" version="271">
                  <DepartureTime>14:13:00</DepartureTime>
                  <StopPointInJourneyPatternRef ref="OST:StopPointInJourneyPattern:161_Inbound_211210121982805_19_211210121975025" version="271" />
                </TimetabledPassingTime>
                <TimetabledPassingTime id="OST:TimetabledPassingTime:211210122070632_21_14_14_00" version="271">
                  <DepartureTime>14:14:00</DepartureTime>
                  <StopPointInJourneyPatternRef ref="OST:StopPointInJourneyPattern:161_Inbound_211210121982805_21_211210121975025" version="271" />
                </TimetabledPassingTime>
                <TimetabledPassingTime id="OST:TimetabledPassingTime:211210122070632_22_14_15_00" version="271">
                  <ArrivalTime>14:15:00</ArrivalTime>
                  <StopPointInJourneyPatternRef ref="OST:StopPointInJourneyPattern:161_Inbound_211210121982805_22_211210121975025" version="271" />
                </TimetabledPassingTime>
              </passingTimes>
            </ServiceJourney>
          </vehicleJourneys>
        </TimetableFrame>
      </frames>
    </CompositeFrame>
  </dataObjects>
</PublicationDelivery>
