<?xml version="1.0" encoding="UTF-8"?>
<PublicationDelivery xmlns="http://www.netex.org.uk/netex" xmlns:gis="http://www.opengis.net/gml/3.2" xmlns:siri="http://www.siri.org.uk/siri" version="1.13:NO-NeTEx-networktimetable:1.3">
  <PublicationTimestamp>2022-05-26T00:05:35.012</PublicationTimestamp>
  <ParticipantRef>RB</ParticipantRef>
  <Description>Fylkeshuset</Description>
  <dataObjects>
    <CompositeFrame created="2022-04-08T10:32:34.29" id="1429625151" version="1">
      <validityConditions>
        <AvailabilityCondition id="2121944383" version="1">
          <FromDate>2022-05-23T00:00:00</FromDate>
          <ToDate>2023-05-25T00:00:00</ToDate>
        </AvailabilityCondition>
      </validityConditions>
      <codespaces>
        <Codespace id="ost">
          <Xmlns>OST</Xmlns>
          <XmlnsUrl>http://www.rutebanken.org/ns/ost</XmlnsUrl>
        </Codespace>
        <Codespace id="nsr">
          <Xmlns>NSR</Xmlns>
          <XmlnsUrl>http://www.rutebanken.org/ns/nsr</XmlnsUrl>
        </Codespace>
      </codespaces>
      <FrameDefaults>
        <DefaultLocale>
          <TimeZone>Europe/Oslo</TimeZone>
          <DefaultLanguage>no</DefaultLanguage>
        </DefaultLocale>
      </FrameDefaults>
      <frames>
        <ServiceFrame id="5512222" version="1">
          <routes>
            <Route id="OST:Route:799_Inbound_211210121983451_211210121975025" version="271">
              <Name>2-3</Name>
              <ShortName>2-3</ShortName>
              <LineRef ref="OST:Line:1_799" version="271" />
              <DirectionType>outbound</DirectionType>
              <pointsInSequence>
                <PointOnRoute id="OST:PointOnRoute:7476752" order="8" version="271">
                  <RoutePointRef ref="OST:RoutePoint:1053961_1" />
                </PointOnRoute>
                <PointOnRoute id="OST:PointOnRoute:7476751" order="7" version="271">
                  <RoutePointRef ref="OST:RoutePoint:1053950_1" />
                </PointOnRoute>
                <PointOnRoute id="OST:PointOnRoute:7476750" order="6" version="271">
                  <RoutePointRef ref="OST:RoutePoint:1052026_7" />
                </PointOnRoute>
                <PointOnRoute id="OST:PointOnRoute:7476749" order="5" version="271">
                  <RoutePointRef ref="OST:RoutePoint:1052616_1" />
                </PointOnRoute>
                <PointOnRoute id="OST:PointOnRoute:7476748" order="4" version="271">
                  <RoutePointRef ref="OST:RoutePoint:1054190_1" />
                </PointOnRoute>
                <PointOnRoute id="OST:PointOnRoute:7476747" order="3" version="271">
                  <RoutePointRef ref="OST:RoutePoint:1054195_1" />
                </PointOnRoute>
                <PointOnRoute id="OST:PointOnRoute:7476746" order="2" version="271">
                  <RoutePointRef ref="OST:RoutePoint:1053955_1" />
                </PointOnRoute>
                <PointOnRoute id="OST:PointOnRoute:7476745" order="1" version="271">
                  <RoutePointRef ref="OST:RoutePoint:1053961_1" />
                </PointOnRoute>
              </pointsInSequence>
            </Route>
            <Route id="OST:Route:799_Inbound_211210121983452_211210121975025" version="271">
              <Name>2-4</Name>
              <ShortName>2-4</ShortName>
              <LineRef ref="OST:Line:1_799" version="271" />
              <DirectionType>outbound</DirectionType>
              <pointsInSequence>
                <PointOnRoute id="OST:PointOnRoute:7476758" order="6" version="271">
                  <RoutePointRef ref="OST:RoutePoint:1053961_1" />
                </PointOnRoute>
                <PointOnRoute id="OST:PointOnRoute:7476757" order="5" version="271">
                  <RoutePointRef ref="OST:RoutePoint:1053950_1" />
                </PointOnRoute>
                <PointOnRoute id="OST:PointOnRoute:7476756" order="4" version="271">
                  <RoutePointRef ref="OST:RoutePoint:1052026_7" />
                </PointOnRoute>
                <PointOnRoute id="OST:PointOnRoute:7476755" order="3" version="271">
                  <RoutePointRef ref="OST:RoutePoint:1052616_1" />
                </PointOnRoute>
                <PointOnRoute id="OST:PointOnRoute:7476754" order="2" version="271">
                  <RoutePointRef ref="OST:RoutePoint:1053955_1" />
                </PointOnRoute>
                <PointOnRoute id="OST:PointOnRoute:7476753" order="1" version="271">
                  <RoutePointRef ref="OST:RoutePoint:1053961_1" />
                </PointOnRoute>
              </pointsInSequence>
            </Route>
            <Route id="OST:Route:799_Inbound_211210121983454_211210121975025" version="271">
              <Name>2-5</Name>
              <ShortName>2-5</ShortName>
              <LineRef ref="OST:Line:1_799" version="271" />
              <DirectionType>outbound</DirectionType>
              <pointsInSequence>
                <PointOnRoute id="OST:PointOnRoute:7476763" order="5" version="271">
                  <RoutePointRef ref="OST:RoutePoint:1052026_7" />
                </PointOnRoute>
                <PointOnRoute id="OST:PointOnRoute:7476762" order="4" version="271">
                  <RoutePointRef ref="OST:RoutePoint:1052616_1" />
                </PointOnRoute>
                <PointOnRoute id="OST:PointOnRoute:7476761" order="3" version="271">
                  <RoutePointRef ref="OST:RoutePoint:1054190_1" />
                </PointOnRoute>
                <PointOnRoute id="OST:PointOnRoute:7476760" order="2" version="271">
                  <RoutePointRef ref="OST:RoutePoint:1053955_1" />
                </PointOnRoute>
                <PointOnRoute id="OST:PointOnRoute:7476759" order="1" version="271">
                  <RoutePointRef ref="OST:RoutePoint:1053961_1" />
                </PointOnRoute>
              </pointsInSequence>
            </Route>
            <Route id="OST:Route:799_Outbound_211210121983449_211210121975025" version="271">
              <Name>1-1</Name>
              <ShortName>1-1</ShortName>
              <LineRef ref="OST:Line:1_799" version="271" />
              <DirectionType>inbound</DirectionType>
              <pointsInSequence>
                <PointOnRoute id="OST:PointOnRoute:7476733" order="7" version="271">
                  <RoutePointRef ref="OST:RoutePoint:1052026_7" />
                </PointOnRoute>
                <PointOnRoute id="OST:PointOnRoute:7476732" order="6" version="271">
                  <RoutePointRef ref="OST:RoutePoint:1052610_2" />
                </PointOnRoute>
                <PointOnRoute id="OST:PointOnRoute:7476731" order="5" version="271">
                  <RoutePointRef ref="OST:RoutePoint:1052616_1" />
                </PointOnRoute>
                <PointOnRoute id="OST:PointOnRoute:7476730" order="4" version="271">
                  <RoutePointRef ref="OST:RoutePoint:1053955_1" />
                </PointOnRoute>
                <PointOnRoute id="OST:PointOnRoute:7476729" order="3" version="271">
                  <RoutePointRef ref="OST:RoutePoint:1053961_1" />
                </PointOnRoute>
                <PointOnRoute id="OST:PointOnRoute:7476728" order="2" version="271">
                  <RoutePointRef ref="OST:RoutePoint:1053950_1" />
                </PointOnRoute>
                <PointOnRoute id="OST:PointOnRoute:7476727" order="1" version="271">
                  <RoutePointRef ref="OST:RoutePoint:1052026_7" />
                </PointOnRoute>
              </pointsInSequence>
            </Route>
            <Route id="OST:Route:799_Outbound_211210121983450_211210121975025" version="271">
              <Name>1-2</Name>
              <ShortName>1-2</ShortName>
              <LineRef ref="OST:Line:1_799" version="271" />
              <DirectionType>inbound</DirectionType>
              <pointsInSequence>
                <PointOnRoute id="OST:PointOnRoute:7476736" order="3" version="271">
                  <RoutePointRef ref="OST:RoutePoint:1052615_1" />
                </PointOnRoute>
                <PointOnRoute id="OST:PointOnRoute:7476740" order="7" version="271">
                  <RoutePointRef ref="OST:RoutePoint:1053961_1" />
                </PointOnRoute>
                <PointOnRoute id="OST:PointOnRoute:7476734" order="1" version="271">
                  <RoutePointRef ref="OST:RoutePoint:1052026_7" />
                </PointOnRoute>
                <PointOnRoute id="OST:PointOnRoute:7476744" order="11" version="271">
                  <RoutePointRef ref="OST:RoutePoint:1052026_7" />
                </PointOnRoute>
                <PointOnRoute id="OST:PointOnRoute:7476741" order="8" version="271">
                  <RoutePointRef ref="OST:RoutePoint:1053955_1" />
                </PointOnRoute>
                <PointOnRoute id="OST:PointOnRoute:7476742" order="9" version="271">
                  <RoutePointRef ref="OST:RoutePoint:1052616_1" />
                </PointOnRoute>
                <PointOnRoute id="OST:PointOnRoute:7476737" order="4" version="271">
                  <RoutePointRef ref="OST:RoutePoint:1054195_1" />
                </PointOnRoute>
                <PointOnRoute id="OST:PointOnRoute:7476735" order="2" version="271">
                  <RoutePointRef ref="OST:RoutePoint:1052610_1" />
                </PointOnRoute>
                <PointOnRoute id="OST:PointOnRoute:7476738" order="5" version="271">
                  <RoutePointRef ref="OST:RoutePoint:1054190_1" />
                </PointOnRoute>
                <PointOnRoute id="OST:PointOnRoute:7476739" order="6" version="271">
                  <RoutePointRef ref="OST:RoutePoint:1053950_1" />
                </PointOnRoute>
                <PointOnRoute id="OST:PointOnRoute:7476743" order="10" version="271">
                  <RoutePointRef ref="OST:RoutePoint:1052610_2" />
                </PointOnRoute>
              </pointsInSequence>
            </Route>
          </routes>
          <lines>
            <Line id="OST:Line:1_799" version="271">
              <Name>Fylkeshuset</Name>
              <TransportMode>bus</TransportMode>
              <TransportSubmode>
                <BusSubmode>localBus</BusSubmode>
              </TransportSubmode>
              <PublicCode>799</PublicCode>
              <PrivateCode>799</PrivateCode>
              <OperatorRef ref="OST:Operator:156" />
              <RepresentedByGroupRef ref="OST:GroupOfLines:bus_1" />
            </Line>
          </lines>
          <journeyPatterns>
            <JourneyPattern id="OST:JourneyPattern:799_Inbound_211210121983451_211210121975025" version="271">
              <Name>2-3</Name>
              <RouteRef ref="OST:Route:799_Inbound_211210121983451_211210121975025" version="271" />
              <pointsInSequence>
                <StopPointInJourneyPattern order="6" id="OST:StopPointInJourneyPattern:799_Inbound_211210121983451_6_211210121975025" version="271">
                  <ScheduledStopPointRef ref="OST:ScheduledStopPoint:1052026_7" />
                </StopPointInJourneyPattern>
                <StopPointInJourneyPattern order="3" id="OST:StopPointInJourneyPattern:799_Inbound_211210121983451_3_211210121975025" version="271">
                  <ScheduledStopPointRef ref="OST:ScheduledStopPoint:1054195_1" />
                </StopPointInJourneyPattern>
                <StopPointInJourneyPattern order="8" id="OST:StopPointInJourneyPattern:799_Inbound_211210121983451_8_211210121975025" version="271">
                  <ForBoarding>false</ForBoarding>
                  <ScheduledStopPointRef ref="OST:ScheduledStopPoint:1053961_1" />
                </StopPointInJourneyPattern>
                <StopPointInJourneyPattern order="1" id="OST:StopPointInJourneyPattern:799_Inbound_211210121983451_1_211210121975025" version="271">
                  <ForAlighting>false</ForAlighting>
                  <DestinationDisplayRef ref="OST:DestinationDisplay:130" />
                  <ScheduledStopPointRef ref="OST:ScheduledStopPoint:1053961_1" />
                </StopPointInJourneyPattern>
                <StopPointInJourneyPattern order="7" id="OST:StopPointInJourneyPattern:799_Inbound_211210121983451_7_211210121975025" version="271">
                  <ScheduledStopPointRef ref="OST:ScheduledStopPoint:1053950_1" />
                </StopPointInJourneyPattern>
                <StopPointInJourneyPattern order="5" id="OST:StopPointInJourneyPattern:799_Inbound_211210121983451_5_211210121975025" version="271">
                  <ScheduledStopPointRef ref="OST:ScheduledStopPoint:1052616_1" />
                </StopPointInJourneyPattern>
                <StopPointInJourneyPattern order="4" id="OST:StopPointInJourneyPattern:799_Inbound_211210121983451_4_211210121975025" version="271">
                  <ScheduledStopPointRef ref="OST:ScheduledStopPoint:1054190_1" />
                </StopPointInJourneyPattern>
                <StopPointInJourneyPattern order="2" id="OST:StopPointInJourneyPattern:799_Inbound_211210121983451_2_211210121975025" version="271">
                  <ScheduledStopPointRef ref="OST:ScheduledStopPoint:1053955_1" />
                </StopPointInJourneyPattern>
              </pointsInSequence>
              <linksInSequence>
                <ServiceLinkInJourneyPattern order="3" id="OST:ServiceLinkInJourneyPattern:7476788" version="271">
                  <ServiceLinkRef ref="OST:ServiceLink:200811072684944_1_200811072684939_1_314" />
                </ServiceLinkInJourneyPattern>
                <ServiceLinkInJourneyPattern order="7" id="OST:ServiceLinkInJourneyPattern:7476794" version="271">
                  <ServiceLinkRef ref="OST:ServiceLink:200811072684856_1_200811072684868_1_897" />
                </ServiceLinkInJourneyPattern>
                <ServiceLinkInJourneyPattern order="4" id="OST:ServiceLinkInJourneyPattern:7476789" version="271">
                  <ServiceLinkRef ref="OST:ServiceLink:200811072684939_1_200811072684566_1_565" />
                </ServiceLinkInJourneyPattern>
                <ServiceLinkInJourneyPattern order="2" id="OST:ServiceLinkInJourneyPattern:7476786" version="271">
                  <ServiceLinkRef ref="OST:ServiceLink:200811072684862_1_200811072684944_1_693" />
                </ServiceLinkInJourneyPattern>
                <ServiceLinkInJourneyPattern order="6" id="OST:ServiceLinkInJourneyPattern:7476793" version="271">
                  <ServiceLinkRef ref="OST:ServiceLink:200811072684319_7_200811072684856_1_990" />
                </ServiceLinkInJourneyPattern>
                <ServiceLinkInJourneyPattern order="1" id="OST:ServiceLinkInJourneyPattern:7476785" version="271">
                  <ServiceLinkRef ref="OST:ServiceLink:200811072684868_1_200811072684862_1_757" />
                </ServiceLinkInJourneyPattern>
                <ServiceLinkInJourneyPattern order="5" id="OST:ServiceLinkInJourneyPattern:7476791" version="271">
                  <ServiceLinkRef ref="OST:ServiceLink:200811072684566_1_200811072684319_7_493" />
                </ServiceLinkInJourneyPattern>
              </linksInSequence>
            </JourneyPattern>
            <JourneyPattern id="OST:JourneyPattern:799_Inbound_211210121983452_211210121975025" version="271">
              <Name>2-4</Name>
              <RouteRef ref="OST:Route:799_Inbound_211210121983452_211210121975025" version="271" />
              <pointsInSequence>
                <StopPointInJourneyPattern order="3" id="OST:StopPointInJourneyPattern:799_Inbound_211210121983452_3_211210121975025" version="271">
                  <ScheduledStopPointRef ref="OST:ScheduledStopPoint:1052616_1" />
                </StopPointInJourneyPattern>
                <StopPointInJourneyPattern order="2" id="OST:StopPointInJourneyPattern:799_Inbound_211210121983452_2_211210121975025" version="271">
                  <ScheduledStopPointRef ref="OST:ScheduledStopPoint:1053955_1" />
                </StopPointInJourneyPattern>
                <StopPointInJourneyPattern order="4" id="OST:StopPointInJourneyPattern:799_Inbound_211210121983452_4_211210121975025" version="271">
                  <ScheduledStopPointRef ref="OST:ScheduledStopPoint:1052026_7" />
                </StopPointInJourneyPattern>
                <StopPointInJourneyPattern order="6" id="OST:StopPointInJourneyPattern:799_Inbound_211210121983452_6_211210121975025" version="271">
                  <ForBoarding>false</ForBoarding>
                  <ScheduledStopPointRef ref="OST:ScheduledStopPoint:1053961_1" />
                </StopPointInJourneyPattern>
                <StopPointInJourneyPattern order="1" id="OST:StopPointInJourneyPattern:799_Inbound_211210121983452_1_211210121975025" version="271">
                  <ForAlighting>false</ForAlighting>
                  <DestinationDisplayRef ref="OST:DestinationDisplay:130" />
                  <ScheduledStopPointRef ref="OST:ScheduledStopPoint:1053961_1" />
                </StopPointInJourneyPattern>
                <StopPointInJourneyPattern order="5" id="OST:StopPointInJourneyPattern:799_Inbound_211210121983452_5_211210121975025" version="271">
                  <ScheduledStopPointRef ref="OST:ScheduledStopPoint:1053950_1" />
                </StopPointInJourneyPattern>
              </pointsInSequence>
              <linksInSequence>
                <ServiceLinkInJourneyPattern order="5" id="OST:ServiceLinkInJourneyPattern:7476799" version="271">
                  <ServiceLinkRef ref="OST:ServiceLink:200811072684856_1_200811072684868_1_897" />
                </ServiceLinkInJourneyPattern>
                <ServiceLinkInJourneyPattern order="1" id="OST:ServiceLinkInJourneyPattern:7476795" version="271">
                  <ServiceLinkRef ref="OST:ServiceLink:200811072684868_1_200811072684862_1_757" />
                </ServiceLinkInJourneyPattern>
                <ServiceLinkInJourneyPattern order="2" id="OST:ServiceLinkInJourneyPattern:7476796" version="271">
                  <ServiceLinkRef ref="OST:ServiceLink:200811072684862_1_200811072684566_1_525" />
                </ServiceLinkInJourneyPattern>
                <ServiceLinkInJourneyPattern order="4" id="OST:ServiceLinkInJourneyPattern:7476798" version="271">
                  <ServiceLinkRef ref="OST:ServiceLink:200811072684319_7_200811072684856_1_990" />
                </ServiceLinkInJourneyPattern>
                <ServiceLinkInJourneyPattern order="3" id="OST:ServiceLinkInJourneyPattern:7476797" version="271">
                  <ServiceLinkRef ref="OST:ServiceLink:200811072684566_1_200811072684319_7_493" />
                </ServiceLinkInJourneyPattern>
              </linksInSequence>
            </JourneyPattern>
            <JourneyPattern id="OST:JourneyPattern:799_Inbound_211210121983454_211210121975025" version="271">
              <Name>2-5</Name>
              <RouteRef ref="OST:Route:799_Inbound_211210121983454_211210121975025" version="271" />
              <pointsInSequence>
                <StopPointInJourneyPattern order="2" id="OST:StopPointInJourneyPattern:799_Inbound_211210121983454_2_211210121975025" version="271">
                  <ScheduledStopPointRef ref="OST:ScheduledStopPoint:1053955_1" />
                </StopPointInJourneyPattern>
                <StopPointInJourneyPattern order="1" id="OST:StopPointInJourneyPattern:799_Inbound_211210121983454_1_211210121975025" version="271">
                  <ForAlighting>false</ForAlighting>
                  <DestinationDisplayRef ref="OST:DestinationDisplay:410" />
                  <ScheduledStopPointRef ref="OST:ScheduledStopPoint:1053961_1" />
                </StopPointInJourneyPattern>
                <StopPointInJourneyPattern order="3" id="OST:StopPointInJourneyPattern:799_Inbound_211210121983454_3_211210121975025" version="271">
                  <ScheduledStopPointRef ref="OST:ScheduledStopPoint:1054190_1" />
                </StopPointInJourneyPattern>
                <StopPointInJourneyPattern order="4" id="OST:StopPointInJourneyPattern:799_Inbound_211210121983454_4_211210121975025" version="271">
                  <ScheduledStopPointRef ref="OST:ScheduledStopPoint:1052616_1" />
                </StopPointInJourneyPattern>
                <StopPointInJourneyPattern order="5" id="OST:StopPointInJourneyPattern:799_Inbound_211210121983454_5_211210121975025" version="271">
                  <ForBoarding>false</ForBoarding>
                  <ScheduledStopPointRef ref="OST:ScheduledStopPoint:1052026_7" />
                </StopPointInJourneyPattern>
              </pointsInSequence>
              <linksInSequence>
                <ServiceLinkInJourneyPattern order="2" id="OST:ServiceLinkInJourneyPattern:7476801" version="271">
                  <ServiceLinkRef ref="OST:ServiceLink:200811072684862_1_200811072684939_1_942" />
                </ServiceLinkInJourneyPattern>
                <ServiceLinkInJourneyPattern order="1" id="OST:ServiceLinkInJourneyPattern:7476800" version="271">
                  <ServiceLinkRef ref="OST:ServiceLink:200811072684868_1_200811072684862_1_757" />
                </ServiceLinkInJourneyPattern>
                <ServiceLinkInJourneyPattern order="4" id="OST:ServiceLinkInJourneyPattern:7476804" version="271">
                  <ServiceLinkRef ref="OST:ServiceLink:200811072684566_1_200811072684319_7_493" />
                </ServiceLinkInJourneyPattern>
                <ServiceLinkInJourneyPattern order="3" id="OST:ServiceLinkInJourneyPattern:7476803" version="271">
                  <ServiceLinkRef ref="OST:ServiceLink:200811072684939_1_200811072684566_1_565" />
                </ServiceLinkInJourneyPattern>
              </linksInSequence>
            </JourneyPattern>
            <JourneyPattern id="OST:JourneyPattern:799_Outbound_211210121983449_211210121975025" version="271">
              <Name>1-1</Name>
              <RouteRef ref="OST:Route:799_Outbound_211210121983449_211210121975025" version="271" />
              <pointsInSequence>
                <StopPointInJourneyPattern order="6" id="OST:StopPointInJourneyPattern:799_Outbound_211210121983449_6_211210121975025" version="271">
                  <ScheduledStopPointRef ref="OST:ScheduledStopPoint:1052610_2" />
                </StopPointInJourneyPattern>
                <StopPointInJourneyPattern order="4" id="OST:StopPointInJourneyPattern:799_Outbound_211210121983449_4_211210121975025" version="271">
                  <ScheduledStopPointRef ref="OST:ScheduledStopPoint:1053955_1" />
                </StopPointInJourneyPattern>
                <StopPointInJourneyPattern order="7" id="OST:StopPointInJourneyPattern:799_Outbound_211210121983449_7_211210121975025" version="271">
                  <ForBoarding>false</ForBoarding>
                  <ScheduledStopPointRef ref="OST:ScheduledStopPoint:1052026_7" />
                </StopPointInJourneyPattern>
                <StopPointInJourneyPattern order="2" id="OST:StopPointInJourneyPattern:799_Outbound_211210121983449_2_211210121975025" version="271">
                  <ScheduledStopPointRef ref="OST:ScheduledStopPoint:1053950_1" />
                </StopPointInJourneyPattern>
                <StopPointInJourneyPattern order="5" id="OST:StopPointInJourneyPattern:799_Outbound_211210121983449_5_211210121975025" version="271">
                  <ScheduledStopPointRef ref="OST:ScheduledStopPoint:1052616_1" />
                </StopPointInJourneyPattern>
                <StopPointInJourneyPattern order="3" id="OST:StopPointInJourneyPattern:799_Outbound_211210121983449_3_211210121975025" version="271">
                  <ScheduledStopPointRef ref="OST:ScheduledStopPoint:1053961_1" />
                </StopPointInJourneyPattern>
                <StopPointInJourneyPattern order="1" id="OST:StopPointInJourneyPattern:799_Outbound_211210121983449_1_211210121975025" version="271">
                  <ForAlighting>false</ForAlighting>
                  <DestinationDisplayRef ref="OST:DestinationDisplay:130" />
                  <ScheduledStopPointRef ref="OST:ScheduledStopPoint:1052026_7" />
                </StopPointInJourneyPattern>
              </pointsInSequence>
              <linksInSequence>
                <ServiceLinkInJourneyPattern order="2" id="OST:ServiceLinkInJourneyPattern:7476766" version="271">
                  <ServiceLinkRef ref="OST:ServiceLink:200811072684856_1_200811072684868_1_897" />
                </ServiceLinkInJourneyPattern>
                <ServiceLinkInJourneyPattern order="5" id="OST:ServiceLinkInJourneyPattern:7476772" version="271">
                  <ServiceLinkRef ref="OST:ServiceLink:200811072684566_1_200811072684560_2_232" />
                </ServiceLinkInJourneyPattern>
                <ServiceLinkInJourneyPattern order="1" id="OST:ServiceLinkInJourneyPattern:7476764" version="271">
                  <ServiceLinkRef ref="OST:ServiceLink:200811072684319_7_200811072684856_1_990" />
                </ServiceLinkInJourneyPattern>
                <ServiceLinkInJourneyPattern order="4" id="OST:ServiceLinkInJourneyPattern:7476770" version="271">
                  <ServiceLinkRef ref="OST:ServiceLink:200811072684862_1_200811072684566_1_525" />
                </ServiceLinkInJourneyPattern>
                <ServiceLinkInJourneyPattern order="6" id="OST:ServiceLinkInJourneyPattern:7476773" version="271">
                  <ServiceLinkRef ref="OST:ServiceLink:200811072684560_2_200811072684319_7_274" />
                </ServiceLinkInJourneyPattern>
                <ServiceLinkInJourneyPattern order="3" id="OST:ServiceLinkInJourneyPattern:7476768" version="271">
                  <ServiceLinkRef ref="OST:ServiceLink:200811072684868_1_200811072684862_1_757" />
                </ServiceLinkInJourneyPattern>
              </linksInSequence>
            </JourneyPattern>
            <JourneyPattern id="OST:JourneyPattern:799_Outbound_211210121983450_211210121975025" version="271">
              <Name>1-2</Name>
              <RouteRef ref="OST:Route:799_Outbound_211210121983450_211210121975025" version="271" />
              <pointsInSequence>
                <StopPointInJourneyPattern order="9" id="OST:StopPointInJourneyPattern:799_Outbound_211210121983450_9_211210121975025" version="271">
                  <ScheduledStopPointRef ref="OST:ScheduledStopPoint:1052616_1" />
                </StopPointInJourneyPattern>
                <StopPointInJourneyPattern order="8" id="OST:StopPointInJourneyPattern:799_Outbound_211210121983450_8_211210121975025" version="271">
                  <ScheduledStopPointRef ref="OST:ScheduledStopPoint:1053955_1" />
                </StopPointInJourneyPattern>
                <StopPointInJourneyPattern order="5" id="OST:StopPointInJourneyPattern:799_Outbound_211210121983450_5_211210121975025" version="271">
                  <ScheduledStopPointRef ref="OST:ScheduledStopPoint:1054190_1" />
                </StopPointInJourneyPattern>
                <StopPointInJourneyPattern order="2" id="OST:StopPointInJourneyPattern:799_Outbound_211210121983450_2_211210121975025" version="271">
                  <ScheduledStopPointRef ref="OST:ScheduledStopPoint:1052610_1" />
                </StopPointInJourneyPattern>
                <StopPointInJourneyPattern order="4" id="OST:StopPointInJourneyPattern:799_Outbound_211210121983450_4_211210121975025" version="271">
                  <ScheduledStopPointRef ref="OST:ScheduledStopPoint:1054195_1" />
                </StopPointInJourneyPattern>
                <StopPointInJourneyPattern order="10" id="OST:StopPointInJourneyPattern:799_Outbound_211210121983450_10_211210121975025" version="271">
                  <ScheduledStopPointRef ref="OST:ScheduledStopPoint:1052610_2" />
                </StopPointInJourneyPattern>
                <StopPointInJourneyPattern order="3" id="OST:StopPointInJourneyPattern:799_Outbound_211210121983450_3_211210121975025" version="271">
                  <ScheduledStopPointRef ref="OST:ScheduledStopPoint:1052615_1" />
                </StopPointInJourneyPattern>
                <StopPointInJourneyPattern order="11" id="OST:StopPointInJourneyPattern:799_Outbound_211210121983450_11_211210121975025" version="271">
                  <ForBoarding>false</ForBoarding>
                  <ScheduledStopPointRef ref="OST:ScheduledStopPoint:1052026_7" />
                </StopPointInJourneyPattern>
                <StopPointInJourneyPattern order="7" id="OST:StopPointInJourneyPattern:799_Outbound_211210121983450_7_211210121975025" version="271">
                  <ScheduledStopPointRef ref="OST:ScheduledStopPoint:1053961_1" />
                </StopPointInJourneyPattern>
                <StopPointInJourneyPattern order="1" id="OST:StopPointInJourneyPattern:799_Outbound_211210121983450_1_211210121975025" version="271">
                  <ForAlighting>false</ForAlighting>
                  <DestinationDisplayRef ref="OST:DestinationDisplay:130" />
                  <ScheduledStopPointRef ref="OST:ScheduledStopPoint:1052026_7" />
                </StopPointInJourneyPattern>
                <StopPointInJourneyPattern order="6" id="OST:StopPointInJourneyPattern:799_Outbound_211210121983450_6_211210121975025" version="271">
                  <ScheduledStopPointRef ref="OST:ScheduledStopPoint:1053950_1" />
                </StopPointInJourneyPattern>
              </pointsInSequence>
              <linksInSequence>
                <ServiceLinkInJourneyPattern order="6" id="OST:ServiceLinkInJourneyPattern:7476780" version="271">
                  <ServiceLinkRef ref="OST:ServiceLink:200811072684856_1_200811072684868_1_897" />
                </ServiceLinkInJourneyPattern>
                <ServiceLinkInJourneyPattern order="3" id="OST:ServiceLinkInJourneyPattern:7476776" version="271">
                  <ServiceLinkRef ref="OST:ServiceLink:200811072684563_1_200811072684944_1_315" />
                </ServiceLinkInJourneyPattern>
                <ServiceLinkInJourneyPattern order="10" id="OST:ServiceLinkInJourneyPattern:7476784" version="271">
                  <ServiceLinkRef ref="OST:ServiceLink:200811072684560_2_200811072684319_7_274" />
                </ServiceLinkInJourneyPattern>
                <ServiceLinkInJourneyPattern order="8" id="OST:ServiceLinkInJourneyPattern:7476782" version="271">
                  <ServiceLinkRef ref="OST:ServiceLink:200811072684862_1_200811072684566_1_525" />
                </ServiceLinkInJourneyPattern>
                <ServiceLinkInJourneyPattern order="5" id="OST:ServiceLinkInJourneyPattern:7476778" version="271">
                  <ServiceLinkRef ref="OST:ServiceLink:200811072684939_1_200811072684856_1_803" />
                </ServiceLinkInJourneyPattern>
                <ServiceLinkInJourneyPattern order="2" id="OST:ServiceLinkInJourneyPattern:7476775" version="271">
                  <ServiceLinkRef ref="OST:ServiceLink:200811072684558_1_200811072684563_1_133" />
                </ServiceLinkInJourneyPattern>
                <ServiceLinkInJourneyPattern order="1" id="OST:ServiceLinkInJourneyPattern:7476774" version="271">
                  <ServiceLinkRef ref="OST:ServiceLink:200811072684319_7_200811072684558_1_355" />
                </ServiceLinkInJourneyPattern>
                <ServiceLinkInJourneyPattern order="9" id="OST:ServiceLinkInJourneyPattern:7476783" version="271">
                  <ServiceLinkRef ref="OST:ServiceLink:200811072684566_1_200811072684560_2_232" />
                </ServiceLinkInJourneyPattern>
                <ServiceLinkInJourneyPattern order="7" id="OST:ServiceLinkInJourneyPattern:7476781" version="271">
                  <ServiceLinkRef ref="OST:ServiceLink:200811072684868_1_200811072684862_1_757" />
                </ServiceLinkInJourneyPattern>
                <ServiceLinkInJourneyPattern order="4" id="OST:ServiceLinkInJourneyPattern:7476777" version="271">
                  <ServiceLinkRef ref="OST:ServiceLink:200811072684944_1_200811072684939_1_314" />
                </ServiceLinkInJourneyPattern>
              </linksInSequence>
            </JourneyPattern>
          </journeyPatterns>
        </ServiceFrame>
        <TimetableFrame id="585326759" version="1">
          <vehicleJourneys>
            <ServiceJourney id="OST:ServiceJourney:799_211210122072839_11" publication="public" version="271">
              <Name>Fylkeshuset</Name>
              <PrivateCode>11</PrivateCode>
              <dayTypes>
                <DayTypeRef ref="OST:DayType:101" />
              </dayTypes>
              <JourneyPatternRef ref="OST:JourneyPattern:799_Outbound_211210121983449_211210121975025" version="271" />
              <LineRef ref="OST:Line:1_799" version="271" />
              <OperatorRef ref="OST:Operator:156" />
              <passingTimes>
                <TimetabledPassingTime id="OST:TimetabledPassingTime:211210122072839_1_07_50_00" version="271">
                  <DepartureTime>07:50:00</DepartureTime>
                  <StopPointInJourneyPatternRef ref="OST:StopPointInJourneyPattern:799_Outbound_211210121983449_1_211210121975025" version="271" />
                </TimetabledPassingTime>
                <TimetabledPassingTime id="OST:TimetabledPassingTime:211210122072839_2_07_52_00" version="271">
                  <DepartureTime>07:52:00</DepartureTime>
                  <StopPointInJourneyPatternRef ref="OST:StopPointInJourneyPattern:799_Outbound_211210121983449_2_211210121975025" version="271" />
                </TimetabledPassingTime>
                <TimetabledPassingTime id="OST:TimetabledPassingTime:211210122072839_3_07_55_00" version="271">
                  <DepartureTime>07:55:00</DepartureTime>
                  <StopPointInJourneyPatternRef ref="OST:StopPointInJourneyPattern:799_Outbound_211210121983449_3_211210121975025" version="271" />
                </TimetabledPassingTime>
                <TimetabledPassingTime id="OST:TimetabledPassingTime:211210122072839_4_07_55_00" version="271">
                  <DepartureTime>07:55:00</DepartureTime>
                  <StopPointInJourneyPatternRef ref="OST:StopPointInJourneyPattern:799_Outbound_211210121983449_4_211210121975025" version="271" />
                </TimetabledPassingTime>
                <TimetabledPassingTime id="OST:TimetabledPassingTime:211210122072839_5_07_56_00" version="271">
                  <DepartureTime>07:56:00</DepartureTime>
                  <StopPointInJourneyPatternRef ref="OST:StopPointInJourneyPattern:799_Outbound_211210121983449_5_211210121975025" version="271" />
                </TimetabledPassingTime>
                <TimetabledPassingTime id="OST:TimetabledPassingTime:211210122072839_6_07_56_00" version="271">
                  <DepartureTime>07:56:00</DepartureTime>
                  <StopPointInJourneyPatternRef ref="OST:StopPointInJourneyPattern:799_Outbound_211210121983449_6_211210121975025" version="271" />
                </TimetabledPassingTime>
                <TimetabledPassingTime id="OST:TimetabledPassingTime:211210122072839_7_07_57_00" version="271">
                  <ArrivalTime>07:57:00</ArrivalTime>
                  <StopPointInJourneyPatternRef ref="OST:StopPointInJourneyPattern:799_Outbound_211210121983449_7_211210121975025" version="271" />
                </TimetabledPassingTime>
              </passingTimes>
            </ServiceJourney>
            <ServiceJourney id="OST:ServiceJourney:799_211210122072841_13" publication="public" version="271">
              <Name>Fylkeshuset</Name>
              <PrivateCode>13</PrivateCode>
              <dayTypes>
                <DayTypeRef ref="OST:DayType:101" />
              </dayTypes>
              <JourneyPatternRef ref="OST:JourneyPattern:799_Outbound_211210121983449_211210121975025" version="271" />
              <LineRef ref="OST:Line:1_799" version="271" />
              <OperatorRef ref="OST:Operator:156" />
              <passingTimes>
                <TimetabledPassingTime id="OST:TimetabledPassingTime:211210122072841_1_08_05_00" version="271">
                  <DepartureTime>08:05:00</DepartureTime>
                  <StopPointInJourneyPatternRef ref="OST:StopPointInJourneyPattern:799_Outbound_211210121983449_1_211210121975025" version="271" />
                </TimetabledPassingTime>
                <TimetabledPassingTime id="OST:TimetabledPassingTime:211210122072841_2_08_07_00" version="271">
                  <DepartureTime>08:07:00</DepartureTime>
                  <StopPointInJourneyPatternRef ref="OST:StopPointInJourneyPattern:799_Outbound_211210121983449_2_211210121975025" version="271" />
                </TimetabledPassingTime>
                <TimetabledPassingTime id="OST:TimetabledPassingTime:211210122072841_4_08_10_00" version="271">
                  <DepartureTime>08:10:00</DepartureTime>
                  <StopPointInJourneyPatternRef ref="OST:StopPointInJourneyPattern:799_Outbound_211210121983449_4_211210121975025" version="271" />
                </TimetabledPassingTime>
                <TimetabledPassingTime id="OST:TimetabledPassingTime:211210122072841_3_08_10_00" version="271">
                  <DepartureTime>08:10:00</DepartureTime>
                  <StopPointInJourneyPatternRef ref="OST:StopPointInJourneyPattern:799_Outbound_211210121983449_3_211210121975025" version="271" />
                </TimetabledPassingTime>
                <TimetabledPassingTime id="OST:TimetabledPassingTime:211210122072841_6_08_11_00" version="271">
                  <DepartureTime>08:11:00</DepartureTime>
                  <StopPointInJourneyPatternRef ref="OST:StopPointInJourneyPattern:799_Outbound_211210121983449_6_211210121975025" version="271" />
                </TimetabledPassingTime>
                <TimetabledPassingTime id="OST:TimetabledPassingTime:211210122072841_5_08_11_00" version="271">
                  <DepartureTime>08:11:00</DepartureTime>
                  <StopPointInJourneyPatternRef ref="OST:StopPointInJourneyPattern:799_Outbound_211210121983449_5_211210121975025" version="271" />
                </TimetabledPassingTime>
                <TimetabledPassingTime id="OST:TimetabledPassingTime:211210122072841_7_08_12_00" version="271">
                  <ArrivalTime>08:12:00</ArrivalTime>
                  <StopPointInJourneyPatternRef ref="OST:StopPointInJourneyPattern:799_Outbound_211210121983449_7_211210121975025" version="271" />
                </TimetabledPassingTime>
              </passingTimes>
            </ServiceJourney>
            <ServiceJourney id="OST:ServiceJourney:799_211210122072848_6" publication="public" version="271">
              <Name>Fylkeshuset</Name>
              <PrivateCode>6</PrivateCode>
              <dayTypes>
                <DayTypeRef ref="OST:DayType:101" />
              </dayTypes>
              <JourneyPatternRef ref="OST:JourneyPattern:799_Inbound_211210121983452_211210121975025" version="271" />
              <LineRef ref="OST:Line:1_799" version="271" />
              <OperatorRef ref="OST:Operator:156" />
              <passingTimes>
                <TimetabledPassingTime id="OST:TimetabledPassingTime:211210122072848_1_14_50_00" version="271">
                  <DepartureTime>14:50:00</DepartureTime>
                  <StopPointInJourneyPatternRef ref="OST:StopPointInJourneyPattern:799_Inbound_211210121983452_1_211210121975025" version="271" />
                </TimetabledPassingTime>
                <TimetabledPassingTime id="OST:TimetabledPassingTime:211210122072848_2_14_50_00" version="271">
                  <DepartureTime>14:50:00</DepartureTime>
                  <StopPointInJourneyPatternRef ref="OST:StopPointInJourneyPattern:799_Inbound_211210121983452_2_211210121975025" version="271" />
                </TimetabledPassingTime>
                <TimetabledPassingTime id="OST:TimetabledPassingTime:211210122072848_3_14_51_00" version="271">
                  <DepartureTime>14:51:00</DepartureTime>
                  <StopPointInJourneyPatternRef ref="OST:StopPointInJourneyPattern:799_Inbound_211210121983452_3_211210121975025" version="271" />
                </TimetabledPassingTime>
                <TimetabledPassingTime id="OST:TimetabledPassingTime:211210122072848_4_14_53_00" version="271">
                  <DepartureTime>14:53:00</DepartureTime>
                  <StopPointInJourneyPatternRef ref="OST:StopPointInJourneyPattern:799_Inbound_211210121983452_4_211210121975025" version="271" />
                </TimetabledPassingTime>
                <TimetabledPassingTime id="OST:TimetabledPassingTime:211210122072848_5_14_55_00" version="271">
                  <DepartureTime>14:55:00</DepartureTime>
                  <StopPointInJourneyPatternRef ref="OST:StopPointInJourneyPattern:799_Inbound_211210121983452_5_211210121975025" version="271" />
                </TimetabledPassingTime>
                <TimetabledPassingTime id="OST:TimetabledPassingTime:211210122072848_6_14_58_00" version="271">
                  <ArrivalTime>14:58:00</ArrivalTime>
                  <StopPointInJourneyPatternRef ref="OST:StopPointInJourneyPattern:799_Inbound_211210121983452_6_211210121975025" version="271" />
                </TimetabledPassingTime>
              </passingTimes>
            </ServiceJourney>
            <ServiceJourney id="OST:ServiceJourney:799_211210122072837_1" publication="public" version="271">
              <Name>Fylkeshuset</Name>
              <PrivateCode>1</PrivateCode>
              <dayTypes>
                <DayTypeRef ref="OST:DayType:101" />
              </dayTypes>
              <JourneyPatternRef ref="OST:JourneyPattern:799_Outbound_211210121983449_211210121975025" version="271" />
              <LineRef ref="OST:Line:1_799" version="271" />
              <OperatorRef ref="OST:Operator:156" />
              <passingTimes>
                <TimetabledPassingTime id="OST:TimetabledPassingTime:211210122072837_1_06_35_00" version="271">
                  <DepartureTime>06:35:00</DepartureTime>
                  <StopPointInJourneyPatternRef ref="OST:StopPointInJourneyPattern:799_Outbound_211210121983449_1_211210121975025" version="271" />
                </TimetabledPassingTime>
                <TimetabledPassingTime id="OST:TimetabledPassingTime:211210122072837_2_06_37_00" version="271">
                  <DepartureTime>06:37:00</DepartureTime>
                  <StopPointInJourneyPatternRef ref="OST:StopPointInJourneyPattern:799_Outbound_211210121983449_2_211210121975025" version="271" />
                </TimetabledPassingTime>
                <TimetabledPassingTime id="OST:TimetabledPassingTime:211210122072837_4_06_40_00" version="271">
                  <DepartureTime>06:40:00</DepartureTime>
                  <StopPointInJourneyPatternRef ref="OST:StopPointInJourneyPattern:799_Outbound_211210121983449_4_211210121975025" version="271" />
                </TimetabledPassingTime>
                <TimetabledPassingTime id="OST:TimetabledPassingTime:211210122072837_3_06_40_00" version="271">
                  <DepartureTime>06:40:00</DepartureTime>
                  <StopPointInJourneyPatternRef ref="OST:StopPointInJourneyPattern:799_Outbound_211210121983449_3_211210121975025" version="271" />
                </TimetabledPassingTime>
                <TimetabledPassingTime id="OST:TimetabledPassingTime:211210122072837_6_06_41_00" version="271">
                  <DepartureTime>06:41:00</DepartureTime>
                  <StopPointInJourneyPatternRef ref="OST:StopPointInJourneyPattern:799_Outbound_211210121983449_6_211210121975025" version="271" />
                </TimetabledPassingTime>
                <TimetabledPassingTime id="OST:TimetabledPassingTime:211210122072837_5_06_41_00" version="271">
                  <DepartureTime>06:41:00</DepartureTime>
                  <StopPointInJourneyPatternRef ref="OST:StopPointInJourneyPattern:799_Outbound_211210121983449_5_211210121975025" version="271" />
                </TimetabledPassingTime>
                <TimetabledPassingTime id="OST:TimetabledPassingTime:211210122072837_7_06_42_00" version="271">
                  <ArrivalTime>06:42:00</ArrivalTime>
                  <StopPointInJourneyPatternRef ref="OST:StopPointInJourneyPattern:799_Outbound_211210121983449_7_211210121975025" version="271" />
                </TimetabledPassingTime>
              </passingTimes>
            </ServiceJourney>
            <ServiceJourney id="OST:ServiceJourney:799_211210122072838_10" publication="public" version="271">
              <Name>Fylkeshuset</Name>
              <PrivateCode>10</PrivateCode>
              <dayTypes>
                <DayTypeRef ref="OST:DayType:101" />
              </dayTypes>
              <JourneyPatternRef ref="OST:JourneyPattern:799_Inbound_211210121983452_211210121975025" version="271" />
              <LineRef ref="OST:Line:1_799" version="271" />
              <OperatorRef ref="OST:Operator:156" />
              <passingTimes>
                <TimetabledPassingTime id="OST:TimetabledPassingTime:211210122072838_2_15_35_00" version="271">
                  <DepartureTime>15:35:00</DepartureTime>
                  <StopPointInJourneyPatternRef ref="OST:StopPointInJourneyPattern:799_Inbound_211210121983452_2_211210121975025" version="271" />
                </TimetabledPassingTime>
                <TimetabledPassingTime id="OST:TimetabledPassingTime:211210122072838_1_15_35_00" version="271">
                  <DepartureTime>15:35:00</DepartureTime>
                  <StopPointInJourneyPatternRef ref="OST:StopPointInJourneyPattern:799_Inbound_211210121983452_1_211210121975025" version="271" />
                </TimetabledPassingTime>
                <TimetabledPassingTime id="OST:TimetabledPassingTime:211210122072838_3_15_36_00" version="271">
                  <DepartureTime>15:36:00</DepartureTime>
                  <StopPointInJourneyPatternRef ref="OST:StopPointInJourneyPattern:799_Inbound_211210121983452_3_211210121975025" version="271" />
                </TimetabledPassingTime>
                <TimetabledPassingTime id="OST:TimetabledPassingTime:211210122072838_4_15_38_00" version="271">
                  <DepartureTime>15:38:00</DepartureTime>
                  <StopPointInJourneyPatternRef ref="OST:StopPointInJourneyPattern:799_Inbound_211210121983452_4_211210121975025" version="271" />
                </TimetabledPassingTime>
                <TimetabledPassingTime id="OST:TimetabledPassingTime:211210122072838_5_15_40_00" version="271">
                  <DepartureTime>15:40:00</DepartureTime>
                  <StopPointInJourneyPatternRef ref="OST:StopPointInJourneyPattern:799_Inbound_211210121983452_5_211210121975025" version="271" />
                </TimetabledPassingTime>
                <TimetabledPassingTime id="OST:TimetabledPassingTime:211210122072838_6_15_43_00" version="271">
                  <ArrivalTime>15:43:00</ArrivalTime>
                  <StopPointInJourneyPatternRef ref="OST:StopPointInJourneyPattern:799_Inbound_211210121983452_6_211210121975025" version="271" />
                </TimetabledPassingTime>
              </passingTimes>
            </ServiceJourney>
            <ServiceJourney id="OST:ServiceJourney:799_211210122072840_12" publication="public" version="271">
              <Name>Fylkeshuset</Name>
              <PrivateCode>12</PrivateCode>
              <dayTypes>
                <DayTypeRef ref="OST:DayType:101" />
              </dayTypes>
              <JourneyPatternRef ref="OST:JourneyPattern:799_Inbound_211210121983452_211210121975025" version="271" />
              <LineRef ref="OST:Line:1_799" version="271" />
              <OperatorRef ref="OST:Operator:156" />
              <passingTimes>
                <TimetabledPassingTime id="OST:TimetabledPassingTime:211210122072840_2_15_50_00" version="271">
                  <DepartureTime>15:50:00</DepartureTime>
                  <StopPointInJourneyPatternRef ref="OST:StopPointInJourneyPattern:799_Inbound_211210121983452_2_211210121975025" version="271" />
                </TimetabledPassingTime>
                <TimetabledPassingTime id="OST:TimetabledPassingTime:211210122072840_1_15_50_00" version="271">
                  <DepartureTime>15:50:00</DepartureTime>
                  <StopPointInJourneyPatternRef ref="OST:StopPointInJourneyPattern:799_Inbound_211210121983452_1_211210121975025" version="271" />
                </TimetabledPassingTime>
                <TimetabledPassingTime id="OST:TimetabledPassingTime:211210122072840_3_15_51_00" version="271">
                  <DepartureTime>15:51:00</DepartureTime>
                  <StopPointInJourneyPatternRef ref="OST:StopPointInJourneyPattern:799_Inbound_211210121983452_3_211210121975025" version="271" />
                </TimetabledPassingTime>
                <TimetabledPassingTime id="OST:TimetabledPassingTime:211210122072840_4_15_53_00" version="271">
                  <DepartureTime>15:53:00</DepartureTime>
                  <StopPointInJourneyPatternRef ref="OST:StopPointInJourneyPattern:799_Inbound_211210121983452_4_211210121975025" version="271" />
                </TimetabledPassingTime>
                <TimetabledPassingTime id="OST:TimetabledPassingTime:211210122072840_5_15_55_00" version="271">
                  <DepartureTime>15:55:00</DepartureTime>
                  <StopPointInJourneyPatternRef ref="OST:StopPointInJourneyPattern:799_Inbound_211210121983452_5_211210121975025" version="271" />
                </TimetabledPassingTime>
                <TimetabledPassingTime id="OST:TimetabledPassingTime:211210122072840_6_15_58_00" version="271">
                  <ArrivalTime>15:58:00</ArrivalTime>
                  <StopPointInJourneyPatternRef ref="OST:StopPointInJourneyPattern:799_Inbound_211210121983452_6_211210121975025" version="271" />
                </TimetabledPassingTime>
              </passingTimes>
            </ServiceJourney>
            <ServiceJourney id="OST:ServiceJourney:799_211210122072851_9" publication="public" version="271">
              <Name>Fylkeshuset</Name>
              <PrivateCode>9</PrivateCode>
              <dayTypes>
                <DayTypeRef ref="OST:DayType:101" />
              </dayTypes>
              <JourneyPatternRef ref="OST:JourneyPattern:799_Outbound_211210121983449_211210121975025" version="271" />
              <LineRef ref="OST:Line:1_799" version="271" />
              <OperatorRef ref="OST:Operator:156" />
              <passingTimes>
                <TimetabledPassingTime id="OST:TimetabledPassingTime:211210122072851_1_07_40_00" version="271">
                  <DepartureTime>07:40:00</DepartureTime>
                  <StopPointInJourneyPatternRef ref="OST:StopPointInJourneyPattern:799_Outbound_211210121983449_1_211210121975025" version="271" />
                </TimetabledPassingTime>
                <TimetabledPassingTime id="OST:TimetabledPassingTime:211210122072851_2_07_42_00" version="271">
                  <DepartureTime>07:42:00</DepartureTime>
                  <StopPointInJourneyPatternRef ref="OST:StopPointInJourneyPattern:799_Outbound_211210121983449_2_211210121975025" version="271" />
                </TimetabledPassingTime>
                <TimetabledPassingTime id="OST:TimetabledPassingTime:211210122072851_3_07_45_00" version="271">
                  <DepartureTime>07:45:00</DepartureTime>
                  <StopPointInJourneyPatternRef ref="OST:StopPointInJourneyPattern:799_Outbound_211210121983449_3_211210121975025" version="271" />
                </TimetabledPassingTime>
                <TimetabledPassingTime id="OST:TimetabledPassingTime:211210122072851_4_07_45_00" version="271">
                  <DepartureTime>07:45:00</DepartureTime>
                  <StopPointInJourneyPatternRef ref="OST:StopPointInJourneyPattern:799_Outbound_211210121983449_4_211210121975025" version="271" />
                </TimetabledPassingTime>
                <TimetabledPassingTime id="OST:TimetabledPassingTime:211210122072851_6_07_46_00" version="271">
                  <DepartureTime>07:46:00</DepartureTime>
                  <StopPointInJourneyPatternRef ref="OST:StopPointInJourneyPattern:799_Outbound_211210121983449_6_211210121975025" version="271" />
                </TimetabledPassingTime>
                <TimetabledPassingTime id="OST:TimetabledPassingTime:211210122072851_5_07_46_00" version="271">
                  <DepartureTime>07:46:00</DepartureTime>
                  <StopPointInJourneyPatternRef ref="OST:StopPointInJourneyPattern:799_Outbound_211210121983449_5_211210121975025" version="271" />
                </TimetabledPassingTime>
                <TimetabledPassingTime id="OST:TimetabledPassingTime:211210122072851_7_07_47_00" version="271">
                  <ArrivalTime>07:47:00</ArrivalTime>
                  <StopPointInJourneyPatternRef ref="OST:StopPointInJourneyPattern:799_Outbound_211210121983449_7_211210121975025" version="271" />
                </TimetabledPassingTime>
              </passingTimes>
            </ServiceJourney>
            <ServiceJourney id="OST:ServiceJourney:799_211210122072850_8" publication="public" version="271">
              <Name>Fylkeshuset</Name>
              <PrivateCode>8</PrivateCode>
              <dayTypes>
                <DayTypeRef ref="OST:DayType:101" />
              </dayTypes>
              <JourneyPatternRef ref="OST:JourneyPattern:799_Inbound_211210121983451_211210121975025" version="271" />
              <LineRef ref="OST:Line:1_799" version="271" />
              <OperatorRef ref="OST:Operator:156" />
              <passingTimes>
                <TimetabledPassingTime id="OST:TimetabledPassingTime:211210122072850_2_15_15_00" version="271">
                  <DepartureTime>15:15:00</DepartureTime>
                  <StopPointInJourneyPatternRef ref="OST:StopPointInJourneyPattern:799_Inbound_211210121983451_2_211210121975025" version="271" />
                </TimetabledPassingTime>
                <TimetabledPassingTime id="OST:TimetabledPassingTime:211210122072850_1_15_15_00" version="271">
                  <DepartureTime>15:15:00</DepartureTime>
                  <StopPointInJourneyPatternRef ref="OST:StopPointInJourneyPattern:799_Inbound_211210121983451_1_211210121975025" version="271" />
                </TimetabledPassingTime>
                <TimetabledPassingTime id="OST:TimetabledPassingTime:211210122072850_3_15_17_00" version="271">
                  <DepartureTime>15:17:00</DepartureTime>
                  <StopPointInJourneyPatternRef ref="OST:StopPointInJourneyPattern:799_Inbound_211210121983451_3_211210121975025" version="271" />
                </TimetabledPassingTime>
                <TimetabledPassingTime id="OST:TimetabledPassingTime:211210122072850_4_15_18_00" version="271">
                  <DepartureTime>15:18:00</DepartureTime>
                  <StopPointInJourneyPatternRef ref="OST:StopPointInJourneyPattern:799_Inbound_211210121983451_4_211210121975025" version="271" />
                </TimetabledPassingTime>
                <TimetabledPassingTime id="OST:TimetabledPassingTime:211210122072850_5_15_20_00" version="271">
                  <DepartureTime>15:20:00</DepartureTime>
                  <StopPointInJourneyPatternRef ref="OST:StopPointInJourneyPattern:799_Inbound_211210121983451_5_211210121975025" version="271" />
                </TimetabledPassingTime>
                <TimetabledPassingTime id="OST:TimetabledPassingTime:211210122072850_6_15_23_00" version="271">
                  <DepartureTime>15:23:00</DepartureTime>
                  <StopPointInJourneyPatternRef ref="OST:StopPointInJourneyPattern:799_Inbound_211210121983451_6_211210121975025" version="271" />
                </TimetabledPassingTime>
                <TimetabledPassingTime id="OST:TimetabledPassingTime:211210122072850_7_15_25_00" version="271">
                  <DepartureTime>15:25:00</DepartureTime>
                  <StopPointInJourneyPatternRef ref="OST:StopPointInJourneyPattern:799_Inbound_211210121983451_7_211210121975025" version="271" />
                </TimetabledPassingTime>
                <TimetabledPassingTime id="OST:TimetabledPassingTime:211210122072850_8_15_28_00" version="271">
                  <ArrivalTime>15:28:00</ArrivalTime>
                  <StopPointInJourneyPatternRef ref="OST:StopPointInJourneyPattern:799_Inbound_211210121983451_8_211210121975025" version="271" />
                </TimetabledPassingTime>
              </passingTimes>
            </ServiceJourney>
            <ServiceJourney id="OST:ServiceJourney:799_211210122072846_4" publication="public" version="271">
              <Name>Fylkeshuset</Name>
              <PrivateCode>4</PrivateCode>
              <dayTypes>
                <DayTypeRef ref="OST:DayType:101" />
              </dayTypes>
              <JourneyPatternRef ref="OST:JourneyPattern:799_Inbound_211210121983452_211210121975025" version="271" />
              <LineRef ref="OST:Line:1_799" version="271" />
              <OperatorRef ref="OST:Operator:156" />
              <passingTimes>
                <TimetabledPassingTime id="OST:TimetabledPassingTime:211210122072846_2_14_35_00" version="271">
                  <DepartureTime>14:35:00</DepartureTime>
                  <StopPointInJourneyPatternRef ref="OST:StopPointInJourneyPattern:799_Inbound_211210121983452_2_211210121975025" version="271" />
                </TimetabledPassingTime>
                <TimetabledPassingTime id="OST:TimetabledPassingTime:211210122072846_1_14_35_00" version="271">
                  <DepartureTime>14:35:00</DepartureTime>
                  <StopPointInJourneyPatternRef ref="OST:StopPointInJourneyPattern:799_Inbound_211210121983452_1_211210121975025" version="271" />
                </TimetabledPassingTime>
                <TimetabledPassingTime id="OST:TimetabledPassingTime:211210122072846_3_14_36_00" version="271">
                  <DepartureTime>14:36:00</DepartureTime>
                  <StopPointInJourneyPatternRef ref="OST:StopPointInJourneyPattern:799_Inbound_211210121983452_3_211210121975025" version="271" />
                </TimetabledPassingTime>
                <TimetabledPassingTime id="OST:TimetabledPassingTime:211210122072846_4_14_38_00" version="271">
                  <DepartureTime>14:38:00</DepartureTime>
                  <StopPointInJourneyPatternRef ref="OST:StopPointInJourneyPattern:799_Inbound_211210121983452_4_211210121975025" version="271" />
                </TimetabledPassingTime>
                <TimetabledPassingTime id="OST:TimetabledPassingTime:211210122072846_5_14_40_00" version="271">
                  <DepartureTime>14:40:00</DepartureTime>
                  <StopPointInJourneyPatternRef ref="OST:StopPointInJourneyPattern:799_Inbound_211210121983452_5_211210121975025" version="271" />
                </TimetabledPassingTime>
                <TimetabledPassingTime id="OST:TimetabledPassingTime:211210122072846_6_14_43_00" version="271">
                  <ArrivalTime>14:43:00</ArrivalTime>
                  <StopPointInJourneyPatternRef ref="OST:StopPointInJourneyPattern:799_Inbound_211210121983452_6_211210121975025" version="271" />
                </TimetabledPassingTime>
              </passingTimes>
            </ServiceJourney>
            <ServiceJourney id="OST:ServiceJourney:799_211210122072849_7" publication="public" version="271">
              <Name>Fylkeshuset</Name>
              <PrivateCode>7</PrivateCode>
              <dayTypes>
                <DayTypeRef ref="OST:DayType:101" />
              </dayTypes>
              <JourneyPatternRef ref="OST:JourneyPattern:799_Outbound_211210121983450_211210121975025" version="271" />
              <LineRef ref="OST:Line:1_799" version="271" />
              <OperatorRef ref="OST:Operator:156" />
              <passingTimes>
                <TimetabledPassingTime id="OST:TimetabledPassingTime:211210122072849_1_07_20_00" version="271">
                  <DepartureTime>07:20:00</DepartureTime>
                  <StopPointInJourneyPatternRef ref="OST:StopPointInJourneyPattern:799_Outbound_211210121983450_1_211210121975025" version="271" />
                </TimetabledPassingTime>
                <TimetabledPassingTime id="OST:TimetabledPassingTime:211210122072849_2_07_21_00" version="271">
                  <DepartureTime>07:21:00</DepartureTime>
                  <StopPointInJourneyPatternRef ref="OST:StopPointInJourneyPattern:799_Outbound_211210121983450_2_211210121975025" version="271" />
                </TimetabledPassingTime>
                <TimetabledPassingTime id="OST:TimetabledPassingTime:211210122072849_3_07_22_00" version="271">
                  <DepartureTime>07:22:00</DepartureTime>
                  <StopPointInJourneyPatternRef ref="OST:StopPointInJourneyPattern:799_Outbound_211210121983450_3_211210121975025" version="271" />
                </TimetabledPassingTime>
                <TimetabledPassingTime id="OST:TimetabledPassingTime:211210122072849_4_07_23_00" version="271">
                  <DepartureTime>07:23:00</DepartureTime>
                  <StopPointInJourneyPatternRef ref="OST:StopPointInJourneyPattern:799_Outbound_211210121983450_4_211210121975025" version="271" />
                </TimetabledPassingTime>
                <TimetabledPassingTime id="OST:TimetabledPassingTime:211210122072849_5_07_25_00" version="271">
                  <DepartureTime>07:25:00</DepartureTime>
                  <StopPointInJourneyPatternRef ref="OST:StopPointInJourneyPattern:799_Outbound_211210121983450_5_211210121975025" version="271" />
                </TimetabledPassingTime>
                <TimetabledPassingTime id="OST:TimetabledPassingTime:211210122072849_6_07_27_00" version="271">
                  <DepartureTime>07:27:00</DepartureTime>
                  <StopPointInJourneyPatternRef ref="OST:StopPointInJourneyPattern:799_Outbound_211210121983450_6_211210121975025" version="271" />
                </TimetabledPassingTime>
                <TimetabledPassingTime id="OST:TimetabledPassingTime:211210122072849_7_07_30_00" version="271">
                  <DepartureTime>07:30:00</DepartureTime>
                  <StopPointInJourneyPatternRef ref="OST:StopPointInJourneyPattern:799_Outbound_211210121983450_7_211210121975025" version="271" />
                </TimetabledPassingTime>
                <TimetabledPassingTime id="OST:TimetabledPassingTime:211210122072849_8_07_30_00" version="271">
                  <DepartureTime>07:30:00</DepartureTime>
                  <StopPointInJourneyPatternRef ref="OST:StopPointInJourneyPattern:799_Outbound_211210121983450_8_211210121975025" version="271" />
                </TimetabledPassingTime>
                <TimetabledPassingTime id="OST:TimetabledPassingTime:211210122072849_10_07_31_00" version="271">
                  <DepartureTime>07:31:00</DepartureTime>
                  <StopPointInJourneyPatternRef ref="OST:StopPointInJourneyPattern:799_Outbound_211210121983450_10_211210121975025" version="271" />
                </TimetabledPassingTime>
                <TimetabledPassingTime id="OST:TimetabledPassingTime:211210122072849_9_07_31_00" version="271">
                  <DepartureTime>07:31:00</DepartureTime>
                  <StopPointInJourneyPatternRef ref="OST:StopPointInJourneyPattern:799_Outbound_211210121983450_9_211210121975025" version="271" />
                </TimetabledPassingTime>
                <TimetabledPassingTime id="OST:TimetabledPassingTime:211210122072849_11_07_32_00" version="271">
                  <ArrivalTime>07:32:00</ArrivalTime>
                  <StopPointInJourneyPatternRef ref="OST:StopPointInJourneyPattern:799_Outbound_211210121983450_11_211210121975025" version="271" />
                </TimetabledPassingTime>
              </passingTimes>
            </ServiceJourney>
            <ServiceJourney id="OST:ServiceJourney:799_211210122072845_3" publication="public" version="271">
              <Name>Fylkeshuset</Name>
              <PrivateCode>3</PrivateCode>
              <dayTypes>
                <DayTypeRef ref="OST:DayType:101" />
              </dayTypes>
              <JourneyPatternRef ref="OST:JourneyPattern:799_Outbound_211210121983450_211210121975025" version="271" />
              <LineRef ref="OST:Line:1_799" version="271" />
              <OperatorRef ref="OST:Operator:156" />
              <passingTimes>
                <TimetabledPassingTime id="OST:TimetabledPassingTime:211210122072845_1_06_50_00" version="271">
                  <DepartureTime>06:50:00</DepartureTime>
                  <StopPointInJourneyPatternRef ref="OST:StopPointInJourneyPattern:799_Outbound_211210121983450_1_211210121975025" version="271" />
                </TimetabledPassingTime>
                <TimetabledPassingTime id="OST:TimetabledPassingTime:211210122072845_2_06_51_00" version="271">
                  <DepartureTime>06:51:00</DepartureTime>
                  <StopPointInJourneyPatternRef ref="OST:StopPointInJourneyPattern:799_Outbound_211210121983450_2_211210121975025" version="271" />
                </TimetabledPassingTime>
                <TimetabledPassingTime id="OST:TimetabledPassingTime:211210122072845_3_06_52_00" version="271">
                  <DepartureTime>06:52:00</DepartureTime>
                  <StopPointInJourneyPatternRef ref="OST:StopPointInJourneyPattern:799_Outbound_211210121983450_3_211210121975025" version="271" />
                </TimetabledPassingTime>
                <TimetabledPassingTime id="OST:TimetabledPassingTime:211210122072845_4_06_53_00" version="271">
                  <DepartureTime>06:53:00</DepartureTime>
                  <StopPointInJourneyPatternRef ref="OST:StopPointInJourneyPattern:799_Outbound_211210121983450_4_211210121975025" version="271" />
                </TimetabledPassingTime>
                <TimetabledPassingTime id="OST:TimetabledPassingTime:211210122072845_5_06_55_00" version="271">
                  <DepartureTime>06:55:00</DepartureTime>
                  <StopPointInJourneyPatternRef ref="OST:StopPointInJourneyPattern:799_Outbound_211210121983450_5_211210121975025" version="271" />
                </TimetabledPassingTime>
                <TimetabledPassingTime id="OST:TimetabledPassingTime:211210122072845_6_06_57_00" version="271">
                  <DepartureTime>06:57:00</DepartureTime>
                  <StopPointInJourneyPatternRef ref="OST:StopPointInJourneyPattern:799_Outbound_211210121983450_6_211210121975025" version="271" />
                </TimetabledPassingTime>
                <TimetabledPassingTime id="OST:TimetabledPassingTime:211210122072845_7_07_00_00" version="271">
                  <DepartureTime>07:00:00</DepartureTime>
                  <StopPointInJourneyPatternRef ref="OST:StopPointInJourneyPattern:799_Outbound_211210121983450_7_211210121975025" version="271" />
                </TimetabledPassingTime>
                <TimetabledPassingTime id="OST:TimetabledPassingTime:211210122072845_8_07_00_00" version="271">
                  <DepartureTime>07:00:00</DepartureTime>
                  <StopPointInJourneyPatternRef ref="OST:StopPointInJourneyPattern:799_Outbound_211210121983450_8_211210121975025" version="271" />
                </TimetabledPassingTime>
                <TimetabledPassingTime id="OST:TimetabledPassingTime:211210122072845_9_07_01_00" version="271">
                  <DepartureTime>07:01:00</DepartureTime>
                  <StopPointInJourneyPatternRef ref="OST:StopPointInJourneyPattern:799_Outbound_211210121983450_9_211210121975025" version="271" />
                </TimetabledPassingTime>
                <TimetabledPassingTime id="OST:TimetabledPassingTime:211210122072845_10_07_01_00" version="271">
                  <DepartureTime>07:01:00</DepartureTime>
                  <StopPointInJourneyPatternRef ref="OST:StopPointInJourneyPattern:799_Outbound_211210121983450_10_211210121975025" version="271" />
                </TimetabledPassingTime>
                <TimetabledPassingTime id="OST:TimetabledPassingTime:211210122072845_11_07_02_00" version="271">
                  <ArrivalTime>07:02:00</ArrivalTime>
                  <StopPointInJourneyPatternRef ref="OST:StopPointInJourneyPattern:799_Outbound_211210121983450_11_211210121975025" version="271" />
                </TimetabledPassingTime>
              </passingTimes>
            </ServiceJourney>
            <ServiceJourney id="OST:ServiceJourney:799_211210122072842_14" publication="public" version="271">
              <Name>Sarpsborg bussterminal</Name>
              <PrivateCode>14</PrivateCode>
              <dayTypes>
                <DayTypeRef ref="OST:DayType:101" />
              </dayTypes>
              <JourneyPatternRef ref="OST:JourneyPattern:799_Inbound_211210121983454_211210121975025" version="271" />
              <LineRef ref="OST:Line:1_799" version="271" />
              <OperatorRef ref="OST:Operator:156" />
              <passingTimes>
                <TimetabledPassingTime id="OST:TimetabledPassingTime:211210122072842_1_16_15_00" version="271">
                  <DepartureTime>16:15:00</DepartureTime>
                  <StopPointInJourneyPatternRef ref="OST:StopPointInJourneyPattern:799_Inbound_211210121983454_1_211210121975025" version="271" />
                </TimetabledPassingTime>
                <TimetabledPassingTime id="OST:TimetabledPassingTime:211210122072842_2_16_15_00" version="271">
                  <DepartureTime>16:15:00</DepartureTime>
                  <StopPointInJourneyPatternRef ref="OST:StopPointInJourneyPattern:799_Inbound_211210121983454_2_211210121975025" version="271" />
                </TimetabledPassingTime>
                <TimetabledPassingTime id="OST:TimetabledPassingTime:211210122072842_3_16_18_00" version="271">
                  <DepartureTime>16:18:00</DepartureTime>
                  <StopPointInJourneyPatternRef ref="OST:StopPointInJourneyPattern:799_Inbound_211210121983454_3_211210121975025" version="271" />
                </TimetabledPassingTime>
                <TimetabledPassingTime id="OST:TimetabledPassingTime:211210122072842_4_16_20_00" version="271">
                  <DepartureTime>16:20:00</DepartureTime>
                  <StopPointInJourneyPatternRef ref="OST:StopPointInJourneyPattern:799_Inbound_211210121983454_4_211210121975025" version="271" />
                </TimetabledPassingTime>
                <TimetabledPassingTime id="OST:TimetabledPassingTime:211210122072842_5_16_23_00" version="271">
                  <ArrivalTime>16:23:00</ArrivalTime>
                  <StopPointInJourneyPatternRef ref="OST:StopPointInJourneyPattern:799_Inbound_211210121983454_5_211210121975025" version="271" />
                </TimetabledPassingTime>
              </passingTimes>
            </ServiceJourney>
            <ServiceJourney id="OST:ServiceJourney:799_211210122072847_5" publication="public" version="271">
              <Name>Fylkeshuset</Name>
              <PrivateCode>5</PrivateCode>
              <dayTypes>
                <DayTypeRef ref="OST:DayType:101" />
              </dayTypes>
              <JourneyPatternRef ref="OST:JourneyPattern:799_Outbound_211210121983449_211210121975025" version="271" />
              <LineRef ref="OST:Line:1_799" version="271" />
              <OperatorRef ref="OST:Operator:156" />
              <passingTimes>
                <TimetabledPassingTime id="OST:TimetabledPassingTime:211210122072847_1_07_05_00" version="271">
                  <DepartureTime>07:05:00</DepartureTime>
                  <StopPointInJourneyPatternRef ref="OST:StopPointInJourneyPattern:799_Outbound_211210121983449_1_211210121975025" version="271" />
                </TimetabledPassingTime>
                <TimetabledPassingTime id="OST:TimetabledPassingTime:211210122072847_2_07_07_00" version="271">
                  <DepartureTime>07:07:00</DepartureTime>
                  <StopPointInJourneyPatternRef ref="OST:StopPointInJourneyPattern:799_Outbound_211210121983449_2_211210121975025" version="271" />
                </TimetabledPassingTime>
                <TimetabledPassingTime id="OST:TimetabledPassingTime:211210122072847_4_07_10_00" version="271">
                  <DepartureTime>07:10:00</DepartureTime>
                  <StopPointInJourneyPatternRef ref="OST:StopPointInJourneyPattern:799_Outbound_211210121983449_4_211210121975025" version="271" />
                </TimetabledPassingTime>
                <TimetabledPassingTime id="OST:TimetabledPassingTime:211210122072847_3_07_10_00" version="271">
                  <DepartureTime>07:10:00</DepartureTime>
                  <StopPointInJourneyPatternRef ref="OST:StopPointInJourneyPattern:799_Outbound_211210121983449_3_211210121975025" version="271" />
                </TimetabledPassingTime>
                <TimetabledPassingTime id="OST:TimetabledPassingTime:211210122072847_6_07_11_00" version="271">
                  <DepartureTime>07:11:00</DepartureTime>
                  <StopPointInJourneyPatternRef ref="OST:StopPointInJourneyPattern:799_Outbound_211210121983449_6_211210121975025" version="271" />
                </TimetabledPassingTime>
                <TimetabledPassingTime id="OST:TimetabledPassingTime:211210122072847_5_07_11_00" version="271">
                  <DepartureTime>07:11:00</DepartureTime>
                  <StopPointInJourneyPatternRef ref="OST:StopPointInJourneyPattern:799_Outbound_211210121983449_5_211210121975025" version="271" />
                </TimetabledPassingTime>
                <TimetabledPassingTime id="OST:TimetabledPassingTime:211210122072847_7_07_12_00" version="271">
                  <ArrivalTime>07:12:00</ArrivalTime>
                  <StopPointInJourneyPatternRef ref="OST:StopPointInJourneyPattern:799_Outbound_211210121983449_7_211210121975025" version="271" />
                </TimetabledPassingTime>
              </passingTimes>
            </ServiceJourney>
            <ServiceJourney id="OST:ServiceJourney:799_211210122072843_15" publication="public" version="271">
              <Name>Fylkeshuset</Name>
              <PrivateCode>15</PrivateCode>
              <dayTypes>
                <DayTypeRef ref="OST:DayType:101" />
              </dayTypes>
              <JourneyPatternRef ref="OST:JourneyPattern:799_Outbound_211210121983450_211210121975025" version="271" />
              <LineRef ref="OST:Line:1_799" version="271" />
              <OperatorRef ref="OST:Operator:156" />
              <passingTimes>
                <TimetabledPassingTime id="OST:TimetabledPassingTime:211210122072843_1_08_30_00" version="271">
                  <DepartureTime>08:30:00</DepartureTime>
                  <StopPointInJourneyPatternRef ref="OST:StopPointInJourneyPattern:799_Outbound_211210121983450_1_211210121975025" version="271" />
                </TimetabledPassingTime>
                <TimetabledPassingTime id="OST:TimetabledPassingTime:211210122072843_2_08_31_00" version="271">
                  <DepartureTime>08:31:00</DepartureTime>
                  <StopPointInJourneyPatternRef ref="OST:StopPointInJourneyPattern:799_Outbound_211210121983450_2_211210121975025" version="271" />
                </TimetabledPassingTime>
                <TimetabledPassingTime id="OST:TimetabledPassingTime:211210122072843_3_08_32_00" version="271">
                  <DepartureTime>08:32:00</DepartureTime>
                  <StopPointInJourneyPatternRef ref="OST:StopPointInJourneyPattern:799_Outbound_211210121983450_3_211210121975025" version="271" />
                </TimetabledPassingTime>
                <TimetabledPassingTime id="OST:TimetabledPassingTime:211210122072843_4_08_33_00" version="271">
                  <DepartureTime>08:33:00</DepartureTime>
                  <StopPointInJourneyPatternRef ref="OST:StopPointInJourneyPattern:799_Outbound_211210121983450_4_211210121975025" version="271" />
                </TimetabledPassingTime>
                <TimetabledPassingTime id="OST:TimetabledPassingTime:211210122072843_5_08_35_00" version="271">
                  <DepartureTime>08:35:00</DepartureTime>
                  <StopPointInJourneyPatternRef ref="OST:StopPointInJourneyPattern:799_Outbound_211210121983450_5_211210121975025" version="271" />
                </TimetabledPassingTime>
                <TimetabledPassingTime id="OST:TimetabledPassingTime:211210122072843_6_08_37_00" version="271">
                  <DepartureTime>08:37:00</DepartureTime>
                  <StopPointInJourneyPatternRef ref="OST:StopPointInJourneyPattern:799_Outbound_211210121983450_6_211210121975025" version="271" />
                </TimetabledPassingTime>
                <TimetabledPassingTime id="OST:TimetabledPassingTime:211210122072843_7_08_40_00" version="271">
                  <DepartureTime>08:40:00</DepartureTime>
                  <StopPointInJourneyPatternRef ref="OST:StopPointInJourneyPattern:799_Outbound_211210121983450_7_211210121975025" version="271" />
                </TimetabledPassingTime>
                <TimetabledPassingTime id="OST:TimetabledPassingTime:211210122072843_8_08_40_00" version="271">
                  <DepartureTime>08:40:00</DepartureTime>
                  <StopPointInJourneyPatternRef ref="OST:StopPointInJourneyPattern:799_Outbound_211210121983450_8_211210121975025" version="271" />
                </TimetabledPassingTime>
                <TimetabledPassingTime id="OST:TimetabledPassingTime:211210122072843_9_08_41_00" version="271">
                  <DepartureTime>08:41:00</DepartureTime>
                  <StopPointInJourneyPatternRef ref="OST:StopPointInJourneyPattern:799_Outbound_211210121983450_9_211210121975025" version="271" />
                </TimetabledPassingTime>
                <TimetabledPassingTime id="OST:TimetabledPassingTime:211210122072843_10_08_41_00" version="271">
                  <DepartureTime>08:41:00</DepartureTime>
                  <StopPointInJourneyPatternRef ref="OST:StopPointInJourneyPattern:799_Outbound_211210121983450_10_211210121975025" version="271" />
                </TimetabledPassingTime>
                <TimetabledPassingTime id="OST:TimetabledPassingTime:211210122072843_11_08_42_00" version="271">
                  <ArrivalTime>08:42:00</ArrivalTime>
                  <StopPointInJourneyPatternRef ref="OST:StopPointInJourneyPattern:799_Outbound_211210121983450_11_211210121975025" version="271" />
                </TimetabledPassingTime>
              </passingTimes>
            </ServiceJourney>
            <ServiceJourney id="OST:ServiceJourney:799_211210122072844_2" publication="public" version="271">
              <Name>Fylkeshuset</Name>
              <PrivateCode>2</PrivateCode>
              <dayTypes>
                <DayTypeRef ref="OST:DayType:101" />
              </dayTypes>
              <JourneyPatternRef ref="OST:JourneyPattern:799_Inbound_211210121983451_211210121975025" version="271" />
              <LineRef ref="OST:Line:1_799" version="271" />
              <OperatorRef ref="OST:Operator:156" />
              <passingTimes>
                <TimetabledPassingTime id="OST:TimetabledPassingTime:211210122072844_1_14_15_00" version="271">
                  <DepartureTime>14:15:00</DepartureTime>
                  <StopPointInJourneyPatternRef ref="OST:StopPointInJourneyPattern:799_Inbound_211210121983451_1_211210121975025" version="271" />
                </TimetabledPassingTime>
                <TimetabledPassingTime id="OST:TimetabledPassingTime:211210122072844_2_14_15_00" version="271">
                  <DepartureTime>14:15:00</DepartureTime>
                  <StopPointInJourneyPatternRef ref="OST:StopPointInJourneyPattern:799_Inbound_211210121983451_2_211210121975025" version="271" />
                </TimetabledPassingTime>
                <TimetabledPassingTime id="OST:TimetabledPassingTime:211210122072844_3_14_17_00" version="271">
                  <DepartureTime>14:17:00</DepartureTime>
                  <StopPointInJourneyPatternRef ref="OST:StopPointInJourneyPattern:799_Inbound_211210121983451_3_211210121975025" version="271" />
                </TimetabledPassingTime>
                <TimetabledPassingTime id="OST:TimetabledPassingTime:211210122072844_4_14_18_00" version="271">
                  <DepartureTime>14:18:00</DepartureTime>
                  <StopPointInJourneyPatternRef ref="OST:StopPointInJourneyPattern:799_Inbound_211210121983451_4_211210121975025" version="271" />
                </TimetabledPassingTime>
                <TimetabledPassingTime id="OST:TimetabledPassingTime:211210122072844_5_14_20_00" version="271">
                  <DepartureTime>14:20:00</DepartureTime>
                  <StopPointInJourneyPatternRef ref="OST:StopPointInJourneyPattern:799_Inbound_211210121983451_5_211210121975025" version="271" />
                </TimetabledPassingTime>
                <TimetabledPassingTime id="OST:TimetabledPassingTime:211210122072844_6_14_23_00" version="271">
                  <DepartureTime>14:23:00</DepartureTime>
                  <StopPointInJourneyPatternRef ref="OST:StopPointInJourneyPattern:799_Inbound_211210121983451_6_211210121975025" version="271" />
                </TimetabledPassingTime>
                <TimetabledPassingTime id="OST:TimetabledPassingTime:211210122072844_7_14_25_00" version="271">
                  <DepartureTime>14:25:00</DepartureTime>
                  <StopPointInJourneyPatternRef ref="OST:StopPointInJourneyPattern:799_Inbound_211210121983451_7_211210121975025" version="271" />
                </TimetabledPassingTime>
                <TimetabledPassingTime id="OST:TimetabledPassingTime:211210122072844_8_14_28_00" version="271">
                  <ArrivalTime>14:28:00</ArrivalTime>
                  <StopPointInJourneyPatternRef ref="OST:StopPointInJourneyPattern:799_Inbound_211210121983451_8_211210121975025" version="271" />
                </TimetabledPassingTime>
              </passingTimes>
            </ServiceJourney>
          </vehicleJourneys>
        </TimetableFrame>
      </frames>
    </CompositeFrame>
  </dataObjects>
</PublicationDelivery>
