<?xml version="1.0" encoding="UTF-8"?>
<PublicationDelivery xmlns="http://www.netex.org.uk/netex" xmlns:gis="http://www.opengis.net/gml/3.2" xmlns:siri="http://www.siri.org.uk/siri" version="1.13:NO-NeTEx-networktimetable:1.3">
  <PublicationTimestamp>2022-05-26T00:05:35.012</PublicationTimestamp>
  <ParticipantRef>RB</ParticipantRef>
  <Description>Trømborg skole</Description>
  <dataObjects>
    <CompositeFrame created="2022-04-08T10:32:34.29" id="1030936991" version="1">
      <validityConditions>
        <AvailabilityCondition id="1695610436" version="1">
          <FromDate>2022-05-23T00:00:00</FromDate>
          <ToDate>2023-05-25T00:00:00</ToDate>
        </AvailabilityCondition>
      </validityConditions>
      <codespaces>
        <Codespace id="ost">
          <Xmlns>OST</Xmlns>
          <XmlnsUrl>http://www.rutebanken.org/ns/ost</XmlnsUrl>
        </Codespace>
        <Codespace id="nsr">
          <Xmlns>NSR</Xmlns>
          <XmlnsUrl>http://www.rutebanken.org/ns/nsr</XmlnsUrl>
        </Codespace>
      </codespaces>
      <FrameDefaults>
        <DefaultLocale>
          <TimeZone>Europe/Oslo</TimeZone>
          <DefaultLanguage>no</DefaultLanguage>
        </DefaultLocale>
      </FrameDefaults>
      <frames>
        <ServiceFrame id="596634740" version="1">
          <routes>
            <Route id="OST:Route:463_Inbound_211210121983282_211210121975025" version="271">
              <Name>2-1</Name>
              <ShortName>2-1</ShortName>
              <LineRef ref="OST:Line:1_463" version="271" />
              <DirectionType>outbound</DirectionType>
              <pointsInSequence>
                <PointOnRoute id="OST:PointOnRoute:7451972" order="5" version="271">
                  <RoutePointRef ref="OST:RoutePoint:1254440_2" />
                </PointOnRoute>
                <PointOnRoute id="OST:PointOnRoute:7451970" order="3" version="271">
                  <RoutePointRef ref="OST:RoutePoint:1254450_2" />
                </PointOnRoute>
                <PointOnRoute id="OST:PointOnRoute:7451976" order="9" version="271">
                  <RoutePointRef ref="OST:RoutePoint:1254475_1" />
                </PointOnRoute>
                <PointOnRoute id="OST:PointOnRoute:7451974" order="7" version="271">
                  <RoutePointRef ref="OST:RoutePoint:1254465_1" />
                </PointOnRoute>
                <PointOnRoute id="OST:PointOnRoute:7451971" order="4" version="271">
                  <RoutePointRef ref="OST:RoutePoint:1254445_2" />
                </PointOnRoute>
                <PointOnRoute id="OST:PointOnRoute:7451980" order="13" version="271">
                  <RoutePointRef ref="OST:RoutePoint:1254500_1" />
                </PointOnRoute>
                <PointOnRoute id="OST:PointOnRoute:7451983" order="16" version="271">
                  <RoutePointRef ref="OST:RoutePoint:1253145_2" />
                </PointOnRoute>
                <PointOnRoute id="OST:PointOnRoute:7451975" order="8" version="271">
                  <RoutePointRef ref="OST:RoutePoint:1254470_1" />
                </PointOnRoute>
                <PointOnRoute id="OST:PointOnRoute:7451982" order="15" version="271">
                  <RoutePointRef ref="OST:RoutePoint:1253166_2" />
                </PointOnRoute>
                <PointOnRoute id="OST:PointOnRoute:7451973" order="6" version="271">
                  <RoutePointRef ref="OST:RoutePoint:1254435_2" />
                </PointOnRoute>
                <PointOnRoute id="OST:PointOnRoute:7451977" order="10" version="271">
                  <RoutePointRef ref="OST:RoutePoint:1254480_1" />
                </PointOnRoute>
                <PointOnRoute id="OST:PointOnRoute:7451969" order="2" version="271">
                  <RoutePointRef ref="OST:RoutePoint:1254455_2" />
                </PointOnRoute>
                <PointOnRoute id="OST:PointOnRoute:7451978" order="11" version="271">
                  <RoutePointRef ref="OST:RoutePoint:1254485_1" />
                </PointOnRoute>
                <PointOnRoute id="OST:PointOnRoute:7451979" order="12" version="271">
                  <RoutePointRef ref="OST:RoutePoint:1254490_1" />
                </PointOnRoute>
                <PointOnRoute id="OST:PointOnRoute:7451981" order="14" version="271">
                  <RoutePointRef ref="OST:RoutePoint:1253160_2" />
                </PointOnRoute>
                <PointOnRoute id="OST:PointOnRoute:7451968" order="1" version="271">
                  <RoutePointRef ref="OST:RoutePoint:1254461_1" />
                </PointOnRoute>
              </pointsInSequence>
            </Route>
            <Route id="OST:Route:463_Inbound_211210121983283_211210121975025" version="271">
              <Name>2-2</Name>
              <ShortName>2-2</ShortName>
              <LineRef ref="OST:Line:1_463" version="271" />
              <DirectionType>outbound</DirectionType>
              <pointsInSequence>
                <PointOnRoute id="OST:PointOnRoute:7451990" order="7" version="271">
                  <RoutePointRef ref="OST:RoutePoint:1253145_2" />
                </PointOnRoute>
                <PointOnRoute id="OST:PointOnRoute:7451989" order="6" version="271">
                  <RoutePointRef ref="OST:RoutePoint:1253166_2" />
                </PointOnRoute>
                <PointOnRoute id="OST:PointOnRoute:7451988" order="5" version="271">
                  <RoutePointRef ref="OST:RoutePoint:1253160_2" />
                </PointOnRoute>
                <PointOnRoute id="OST:PointOnRoute:7451987" order="4" version="271">
                  <RoutePointRef ref="OST:RoutePoint:1254500_1" />
                </PointOnRoute>
                <PointOnRoute id="OST:PointOnRoute:7451986" order="3" version="271">
                  <RoutePointRef ref="OST:RoutePoint:1257590_1" />
                </PointOnRoute>
                <PointOnRoute id="OST:PointOnRoute:7451985" order="2" version="271">
                  <RoutePointRef ref="OST:RoutePoint:1253146_1" />
                </PointOnRoute>
                <PointOnRoute id="OST:PointOnRoute:7451984" order="1" version="271">
                  <RoutePointRef ref="OST:RoutePoint:1254461_1" />
                </PointOnRoute>
              </pointsInSequence>
            </Route>
          </routes>
          <lines>
            <Line id="OST:Line:1_463" version="271">
              <Name>Trømborg skole</Name>
              <TransportMode>bus</TransportMode>
              <TransportSubmode>
                <BusSubmode>localBus</BusSubmode>
              </TransportSubmode>
              <PublicCode>463</PublicCode>
              <PrivateCode>463</PrivateCode>
              <OperatorRef ref="OST:Operator:152" />
              <RepresentedByGroupRef ref="OST:GroupOfLines:bus_1" />
            </Line>
          </lines>
          <journeyPatterns>
            <JourneyPattern id="OST:JourneyPattern:463_Inbound_211210121983282_211210121975025" version="271">
              <Name>2-1</Name>
              <RouteRef ref="OST:Route:463_Inbound_211210121983282_211210121975025" version="271" />
              <pointsInSequence>
                <StopPointInJourneyPattern order="15" id="OST:StopPointInJourneyPattern:463_Inbound_211210121983282_15_211210121975025" version="271">
                  <ScheduledStopPointRef ref="OST:ScheduledStopPoint:1253166_2" />
                </StopPointInJourneyPattern>
                <StopPointInJourneyPattern order="14" id="OST:StopPointInJourneyPattern:463_Inbound_211210121983282_14_211210121975025" version="271">
                  <ScheduledStopPointRef ref="OST:ScheduledStopPoint:1253160_2" />
                </StopPointInJourneyPattern>
                <StopPointInJourneyPattern order="8" id="OST:StopPointInJourneyPattern:463_Inbound_211210121983282_8_211210121975025" version="271">
                  <ScheduledStopPointRef ref="OST:ScheduledStopPoint:1254470_1" />
                </StopPointInJourneyPattern>
                <StopPointInJourneyPattern order="5" id="OST:StopPointInJourneyPattern:463_Inbound_211210121983282_5_211210121975025" version="271">
                  <ScheduledStopPointRef ref="OST:ScheduledStopPoint:1254440_2" />
                </StopPointInJourneyPattern>
                <StopPointInJourneyPattern order="10" id="OST:StopPointInJourneyPattern:463_Inbound_211210121983282_10_211210121975025" version="271">
                  <ScheduledStopPointRef ref="OST:ScheduledStopPoint:1254480_1" />
                </StopPointInJourneyPattern>
                <StopPointInJourneyPattern order="6" id="OST:StopPointInJourneyPattern:463_Inbound_211210121983282_6_211210121975025" version="271">
                  <ScheduledStopPointRef ref="OST:ScheduledStopPoint:1254435_2" />
                </StopPointInJourneyPattern>
                <StopPointInJourneyPattern order="4" id="OST:StopPointInJourneyPattern:463_Inbound_211210121983282_4_211210121975025" version="271">
                  <ScheduledStopPointRef ref="OST:ScheduledStopPoint:1254445_2" />
                </StopPointInJourneyPattern>
                <StopPointInJourneyPattern order="13" id="OST:StopPointInJourneyPattern:463_Inbound_211210121983282_13_211210121975025" version="271">
                  <ScheduledStopPointRef ref="OST:ScheduledStopPoint:1254500_1" />
                </StopPointInJourneyPattern>
                <StopPointInJourneyPattern order="11" id="OST:StopPointInJourneyPattern:463_Inbound_211210121983282_11_211210121975025" version="271">
                  <ScheduledStopPointRef ref="OST:ScheduledStopPoint:1254485_1" />
                </StopPointInJourneyPattern>
                <StopPointInJourneyPattern order="16" id="OST:StopPointInJourneyPattern:463_Inbound_211210121983282_16_211210121975025" version="271">
                  <ForBoarding>false</ForBoarding>
                  <ScheduledStopPointRef ref="OST:ScheduledStopPoint:1253145_2" />
                </StopPointInJourneyPattern>
                <StopPointInJourneyPattern order="1" id="OST:StopPointInJourneyPattern:463_Inbound_211210121983282_1_211210121975025" version="271">
                  <ForAlighting>false</ForAlighting>
                  <DestinationDisplayRef ref="OST:DestinationDisplay:85" />
                  <ScheduledStopPointRef ref="OST:ScheduledStopPoint:1254461_1" />
                </StopPointInJourneyPattern>
                <StopPointInJourneyPattern order="3" id="OST:StopPointInJourneyPattern:463_Inbound_211210121983282_3_211210121975025" version="271">
                  <ScheduledStopPointRef ref="OST:ScheduledStopPoint:1254450_2" />
                </StopPointInJourneyPattern>
                <StopPointInJourneyPattern order="2" id="OST:StopPointInJourneyPattern:463_Inbound_211210121983282_2_211210121975025" version="271">
                  <ScheduledStopPointRef ref="OST:ScheduledStopPoint:1254455_2" />
                </StopPointInJourneyPattern>
                <StopPointInJourneyPattern order="12" id="OST:StopPointInJourneyPattern:463_Inbound_211210121983282_12_211210121975025" version="271">
                  <ScheduledStopPointRef ref="OST:ScheduledStopPoint:1254490_1" />
                </StopPointInJourneyPattern>
                <StopPointInJourneyPattern order="7" id="OST:StopPointInJourneyPattern:463_Inbound_211210121983282_7_211210121975025" version="271">
                  <ScheduledStopPointRef ref="OST:ScheduledStopPoint:1254465_1" />
                </StopPointInJourneyPattern>
                <StopPointInJourneyPattern order="9" id="OST:StopPointInJourneyPattern:463_Inbound_211210121983282_9_211210121975025" version="271">
                  <ScheduledStopPointRef ref="OST:ScheduledStopPoint:1254475_1" />
                </StopPointInJourneyPattern>
              </pointsInSequence>
              <linksInSequence>
                <ServiceLinkInJourneyPattern order="15" id="OST:ServiceLinkInJourneyPattern:7452006" version="271">
                  <ServiceLinkRef ref="OST:ServiceLink:200811072689792_2_200811072689773_2_187" />
                </ServiceLinkInJourneyPattern>
                <ServiceLinkInJourneyPattern order="11" id="OST:ServiceLinkInJourneyPattern:7452002" version="271">
                  <ServiceLinkRef ref="OST:ServiceLink:200811072689879_1_200811072689884_1_2008" />
                </ServiceLinkInJourneyPattern>
                <ServiceLinkInJourneyPattern order="4" id="OST:ServiceLinkInJourneyPattern:7451994" version="271">
                  <ServiceLinkRef ref="OST:ServiceLink:200811072689838_2_200811072689830_2_408" />
                </ServiceLinkInJourneyPattern>
                <ServiceLinkInJourneyPattern order="8" id="OST:ServiceLinkInJourneyPattern:7451999" version="271">
                  <ServiceLinkRef ref="OST:ServiceLink:200811072689864_1_200811072689869_1_434" />
                </ServiceLinkInJourneyPattern>
                <ServiceLinkInJourneyPattern order="1" id="OST:ServiceLinkInJourneyPattern:7451991" version="271">
                  <ServiceLinkRef ref="OST:ServiceLink:200811072689856_1_200811072689848_2_687" />
                </ServiceLinkInJourneyPattern>
                <ServiceLinkInJourneyPattern order="14" id="OST:ServiceLinkInJourneyPattern:7452005" version="271">
                  <ServiceLinkRef ref="OST:ServiceLink:200811072689784_2_200811072689792_2_521" />
                </ServiceLinkInJourneyPattern>
                <ServiceLinkInJourneyPattern order="10" id="OST:ServiceLinkInJourneyPattern:7452001" version="271">
                  <ServiceLinkRef ref="OST:ServiceLink:200811072689874_1_200811072689879_1_997" />
                </ServiceLinkInJourneyPattern>
                <ServiceLinkInJourneyPattern order="13" id="OST:ServiceLinkInJourneyPattern:7452004" version="271">
                  <ServiceLinkRef ref="OST:ServiceLink:200811072689889_1_200811072689784_2_758" />
                </ServiceLinkInJourneyPattern>
                <ServiceLinkInJourneyPattern order="6" id="OST:ServiceLinkInJourneyPattern:7451996" version="271">
                  <ServiceLinkRef ref="OST:ServiceLink:200811072689825_2_200811072689859_1_3740" />
                </ServiceLinkInJourneyPattern>
                <ServiceLinkInJourneyPattern order="7" id="OST:ServiceLinkInJourneyPattern:7451998" version="271">
                  <ServiceLinkRef ref="OST:ServiceLink:200811072689859_1_200811072689864_1_389" />
                </ServiceLinkInJourneyPattern>
                <ServiceLinkInJourneyPattern order="3" id="OST:ServiceLinkInJourneyPattern:7451993" version="271">
                  <ServiceLinkRef ref="OST:ServiceLink:200811072689843_2_200811072689838_2_355" />
                </ServiceLinkInJourneyPattern>
                <ServiceLinkInJourneyPattern order="12" id="OST:ServiceLinkInJourneyPattern:7452003" version="271">
                  <ServiceLinkRef ref="OST:ServiceLink:200811072689884_1_200811072689889_1_503" />
                </ServiceLinkInJourneyPattern>
                <ServiceLinkInJourneyPattern order="9" id="OST:ServiceLinkInJourneyPattern:7452000" version="271">
                  <ServiceLinkRef ref="OST:ServiceLink:200811072689869_1_200811072689874_1_756" />
                </ServiceLinkInJourneyPattern>
                <ServiceLinkInJourneyPattern order="5" id="OST:ServiceLinkInJourneyPattern:7451995" version="271">
                  <ServiceLinkRef ref="OST:ServiceLink:200811072689830_2_200811072689825_2_708" />
                </ServiceLinkInJourneyPattern>
                <ServiceLinkInJourneyPattern order="2" id="OST:ServiceLinkInJourneyPattern:7451992" version="271">
                  <ServiceLinkRef ref="OST:ServiceLink:200811072689848_2_200811072689843_2_1149" />
                </ServiceLinkInJourneyPattern>
              </linksInSequence>
            </JourneyPattern>
            <JourneyPattern id="OST:JourneyPattern:463_Inbound_211210121983283_211210121975025" version="271">
              <Name>2-2</Name>
              <RouteRef ref="OST:Route:463_Inbound_211210121983283_211210121975025" version="271" />
              <pointsInSequence>
                <StopPointInJourneyPattern order="1" id="OST:StopPointInJourneyPattern:463_Inbound_211210121983283_1_211210121975025" version="271">
                  <ForAlighting>false</ForAlighting>
                  <DestinationDisplayRef ref="OST:DestinationDisplay:597" />
                  <ScheduledStopPointRef ref="OST:ScheduledStopPoint:1254461_1" />
                </StopPointInJourneyPattern>
                <StopPointInJourneyPattern order="4" id="OST:StopPointInJourneyPattern:463_Inbound_211210121983283_4_211210121975025" version="271">
                  <ScheduledStopPointRef ref="OST:ScheduledStopPoint:1254500_1" />
                </StopPointInJourneyPattern>
                <StopPointInJourneyPattern order="6" id="OST:StopPointInJourneyPattern:463_Inbound_211210121983283_6_211210121975025" version="271">
                  <ScheduledStopPointRef ref="OST:ScheduledStopPoint:1253166_2" />
                </StopPointInJourneyPattern>
                <StopPointInJourneyPattern order="3" id="OST:StopPointInJourneyPattern:463_Inbound_211210121983283_3_211210121975025" version="271">
                  <ScheduledStopPointRef ref="OST:ScheduledStopPoint:1257590_1" />
                </StopPointInJourneyPattern>
                <StopPointInJourneyPattern order="7" id="OST:StopPointInJourneyPattern:463_Inbound_211210121983283_7_211210121975025" version="271">
                  <ForBoarding>false</ForBoarding>
                  <ScheduledStopPointRef ref="OST:ScheduledStopPoint:1253145_2" />
                </StopPointInJourneyPattern>
                <StopPointInJourneyPattern order="2" id="OST:StopPointInJourneyPattern:463_Inbound_211210121983283_2_211210121975025" version="271">
                  <ScheduledStopPointRef ref="OST:ScheduledStopPoint:1253146_1" />
                </StopPointInJourneyPattern>
                <StopPointInJourneyPattern order="5" id="OST:StopPointInJourneyPattern:463_Inbound_211210121983283_5_211210121975025" version="271">
                  <ScheduledStopPointRef ref="OST:ScheduledStopPoint:1253160_2" />
                </StopPointInJourneyPattern>
              </pointsInSequence>
              <linksInSequence>
                <ServiceLinkInJourneyPattern order="5" id="OST:ServiceLinkInJourneyPattern:7452012" version="271">
                  <ServiceLinkRef ref="OST:ServiceLink:200811072689784_2_200811072689792_2_521" />
                </ServiceLinkInJourneyPattern>
                <ServiceLinkInJourneyPattern order="6" id="OST:ServiceLinkInJourneyPattern:7452013" version="271">
                  <ServiceLinkRef ref="OST:ServiceLink:200811072689792_2_200811072689773_2_187" />
                </ServiceLinkInJourneyPattern>
                <ServiceLinkInJourneyPattern order="1" id="OST:ServiceLinkInJourneyPattern:7452007" version="271">
                  <ServiceLinkRef ref="OST:ServiceLink:200811072689856_1_200811072689778_1_5119" />
                </ServiceLinkInJourneyPattern>
                <ServiceLinkInJourneyPattern order="2" id="OST:ServiceLinkInJourneyPattern:7452009" version="271">
                  <ServiceLinkRef ref="OST:ServiceLink:200811072689778_1_200811072689931_1_1963" />
                </ServiceLinkInJourneyPattern>
                <ServiceLinkInJourneyPattern order="3" id="OST:ServiceLinkInJourneyPattern:7452010" version="271">
                  <ServiceLinkRef ref="OST:ServiceLink:200811072689931_1_200811072689889_1_689" />
                </ServiceLinkInJourneyPattern>
                <ServiceLinkInJourneyPattern order="4" id="OST:ServiceLinkInJourneyPattern:7452011" version="271">
                  <ServiceLinkRef ref="OST:ServiceLink:200811072689889_1_200811072689784_2_758" />
                </ServiceLinkInJourneyPattern>
              </linksInSequence>
            </JourneyPattern>
          </journeyPatterns>
        </ServiceFrame>
        <TimetableFrame id="409290465" version="1">
          <vehicleJourneys>
            <ServiceJourney id="OST:ServiceJourney:463_211210122072326_2" publication="public" version="271">
              <Name>Ekhaugen-Mysen</Name>
              <PrivateCode>2</PrivateCode>
              <dayTypes>
                <DayTypeRef ref="OST:DayType:76" />
              </dayTypes>
              <JourneyPatternRef ref="OST:JourneyPattern:463_Inbound_211210121983282_211210121975025" version="271" />
              <LineRef ref="OST:Line:1_463" version="271" />
              <OperatorRef ref="OST:Operator:152" />
              <passingTimes>
                <TimetabledPassingTime id="OST:TimetabledPassingTime:211210122072326_1_12_20_00" version="271">
                  <DepartureTime>12:20:00</DepartureTime>
                  <StopPointInJourneyPatternRef ref="OST:StopPointInJourneyPattern:463_Inbound_211210121983282_1_211210121975025" version="271" />
                </TimetabledPassingTime>
                <TimetabledPassingTime id="OST:TimetabledPassingTime:211210122072326_2_12_21_00" version="271">
                  <DepartureTime>12:21:00</DepartureTime>
                  <StopPointInJourneyPatternRef ref="OST:StopPointInJourneyPattern:463_Inbound_211210121983282_2_211210121975025" version="271" />
                </TimetabledPassingTime>
                <TimetabledPassingTime id="OST:TimetabledPassingTime:211210122072326_3_12_22_00" version="271">
                  <DepartureTime>12:22:00</DepartureTime>
                  <StopPointInJourneyPatternRef ref="OST:StopPointInJourneyPattern:463_Inbound_211210121983282_3_211210121975025" version="271" />
                </TimetabledPassingTime>
                <TimetabledPassingTime id="OST:TimetabledPassingTime:211210122072326_4_12_23_00" version="271">
                  <DepartureTime>12:23:00</DepartureTime>
                  <StopPointInJourneyPatternRef ref="OST:StopPointInJourneyPattern:463_Inbound_211210121983282_4_211210121975025" version="271" />
                </TimetabledPassingTime>
                <TimetabledPassingTime id="OST:TimetabledPassingTime:211210122072326_5_12_24_00" version="271">
                  <DepartureTime>12:24:00</DepartureTime>
                  <StopPointInJourneyPatternRef ref="OST:StopPointInJourneyPattern:463_Inbound_211210121983282_5_211210121975025" version="271" />
                </TimetabledPassingTime>
                <TimetabledPassingTime id="OST:TimetabledPassingTime:211210122072326_6_12_25_00" version="271">
                  <DepartureTime>12:25:00</DepartureTime>
                  <StopPointInJourneyPatternRef ref="OST:StopPointInJourneyPattern:463_Inbound_211210121983282_6_211210121975025" version="271" />
                </TimetabledPassingTime>
                <TimetabledPassingTime id="OST:TimetabledPassingTime:211210122072326_7_12_39_00" version="271">
                  <DepartureTime>12:39:00</DepartureTime>
                  <StopPointInJourneyPatternRef ref="OST:StopPointInJourneyPattern:463_Inbound_211210121983282_7_211210121975025" version="271" />
                </TimetabledPassingTime>
                <TimetabledPassingTime id="OST:TimetabledPassingTime:211210122072326_8_12_40_00" version="271">
                  <DepartureTime>12:40:00</DepartureTime>
                  <StopPointInJourneyPatternRef ref="OST:StopPointInJourneyPattern:463_Inbound_211210121983282_8_211210121975025" version="271" />
                </TimetabledPassingTime>
                <TimetabledPassingTime id="OST:TimetabledPassingTime:211210122072326_9_12_41_00" version="271">
                  <DepartureTime>12:41:00</DepartureTime>
                  <StopPointInJourneyPatternRef ref="OST:StopPointInJourneyPattern:463_Inbound_211210121983282_9_211210121975025" version="271" />
                </TimetabledPassingTime>
                <TimetabledPassingTime id="OST:TimetabledPassingTime:211210122072326_10_12_42_00" version="271">
                  <DepartureTime>12:42:00</DepartureTime>
                  <StopPointInJourneyPatternRef ref="OST:StopPointInJourneyPattern:463_Inbound_211210121983282_10_211210121975025" version="271" />
                </TimetabledPassingTime>
                <TimetabledPassingTime id="OST:TimetabledPassingTime:211210122072326_11_12_43_00" version="271">
                  <DepartureTime>12:43:00</DepartureTime>
                  <StopPointInJourneyPatternRef ref="OST:StopPointInJourneyPattern:463_Inbound_211210121983282_11_211210121975025" version="271" />
                </TimetabledPassingTime>
                <TimetabledPassingTime id="OST:TimetabledPassingTime:211210122072326_12_12_46_00" version="271">
                  <DepartureTime>12:46:00</DepartureTime>
                  <StopPointInJourneyPatternRef ref="OST:StopPointInJourneyPattern:463_Inbound_211210121983282_12_211210121975025" version="271" />
                </TimetabledPassingTime>
                <TimetabledPassingTime id="OST:TimetabledPassingTime:211210122072326_13_12_47_00" version="271">
                  <DepartureTime>12:47:00</DepartureTime>
                  <StopPointInJourneyPatternRef ref="OST:StopPointInJourneyPattern:463_Inbound_211210121983282_13_211210121975025" version="271" />
                </TimetabledPassingTime>
                <TimetabledPassingTime id="OST:TimetabledPassingTime:211210122072326_14_12_48_00" version="271">
                  <DepartureTime>12:48:00</DepartureTime>
                  <StopPointInJourneyPatternRef ref="OST:StopPointInJourneyPattern:463_Inbound_211210121983282_14_211210121975025" version="271" />
                </TimetabledPassingTime>
                <TimetabledPassingTime id="OST:TimetabledPassingTime:211210122072326_15_12_49_00" version="271">
                  <DepartureTime>12:49:00</DepartureTime>
                  <StopPointInJourneyPatternRef ref="OST:StopPointInJourneyPattern:463_Inbound_211210121983282_15_211210121975025" version="271" />
                </TimetabledPassingTime>
                <TimetabledPassingTime id="OST:TimetabledPassingTime:211210122072326_16_12_50_00" version="271">
                  <ArrivalTime>12:50:00</ArrivalTime>
                  <StopPointInJourneyPatternRef ref="OST:StopPointInJourneyPattern:463_Inbound_211210121983282_16_211210121975025" version="271" />
                </TimetabledPassingTime>
              </passingTimes>
            </ServiceJourney>
            <ServiceJourney id="OST:ServiceJourney:463_211210122072327_4" publication="public" version="271">
              <Name>Åsgård-Mysen</Name>
              <PrivateCode>4</PrivateCode>
              <dayTypes>
                <DayTypeRef ref="OST:DayType:76" />
              </dayTypes>
              <JourneyPatternRef ref="OST:JourneyPattern:463_Inbound_211210121983283_211210121975025" version="271" />
              <LineRef ref="OST:Line:1_463" version="271" />
              <OperatorRef ref="OST:Operator:152" />
              <passingTimes>
                <TimetabledPassingTime id="OST:TimetabledPassingTime:211210122072327_1_12_20_00" version="271">
                  <DepartureTime>12:20:00</DepartureTime>
                  <StopPointInJourneyPatternRef ref="OST:StopPointInJourneyPattern:463_Inbound_211210121983283_1_211210121975025" version="271" />
                </TimetabledPassingTime>
                <TimetabledPassingTime id="OST:TimetabledPassingTime:211210122072327_2_12_26_00" version="271">
                  <DepartureTime>12:26:00</DepartureTime>
                  <StopPointInJourneyPatternRef ref="OST:StopPointInJourneyPattern:463_Inbound_211210121983283_2_211210121975025" version="271" />
                </TimetabledPassingTime>
                <TimetabledPassingTime id="OST:TimetabledPassingTime:211210122072327_3_12_29_00" version="271">
                  <DepartureTime>12:29:00</DepartureTime>
                  <StopPointInJourneyPatternRef ref="OST:StopPointInJourneyPattern:463_Inbound_211210121983283_3_211210121975025" version="271" />
                </TimetabledPassingTime>
                <TimetabledPassingTime id="OST:TimetabledPassingTime:211210122072327_4_12_30_00" version="271">
                  <DepartureTime>12:30:00</DepartureTime>
                  <StopPointInJourneyPatternRef ref="OST:StopPointInJourneyPattern:463_Inbound_211210121983283_4_211210121975025" version="271" />
                </TimetabledPassingTime>
                <TimetabledPassingTime id="OST:TimetabledPassingTime:211210122072327_5_12_32_00" version="271">
                  <DepartureTime>12:32:00</DepartureTime>
                  <StopPointInJourneyPatternRef ref="OST:StopPointInJourneyPattern:463_Inbound_211210121983283_5_211210121975025" version="271" />
                </TimetabledPassingTime>
                <TimetabledPassingTime id="OST:TimetabledPassingTime:211210122072327_6_12_34_00" version="271">
                  <DepartureTime>12:34:00</DepartureTime>
                  <StopPointInJourneyPatternRef ref="OST:StopPointInJourneyPattern:463_Inbound_211210121983283_6_211210121975025" version="271" />
                </TimetabledPassingTime>
                <TimetabledPassingTime id="OST:TimetabledPassingTime:211210122072327_7_12_35_00" version="271">
                  <ArrivalTime>12:35:00</ArrivalTime>
                  <StopPointInJourneyPatternRef ref="OST:StopPointInJourneyPattern:463_Inbound_211210121983283_7_211210121975025" version="271" />
                </TimetabledPassingTime>
              </passingTimes>
            </ServiceJourney>
          </vehicleJourneys>
        </TimetableFrame>
      </frames>
    </CompositeFrame>
  </dataObjects>
</PublicationDelivery>
