<?xml version="1.0" encoding="UTF-8"?>
<PublicationDelivery xmlns="http://www.netex.org.uk/netex" xmlns:gis="http://www.opengis.net/gml/3.2" xmlns:siri="http://www.siri.org.uk/siri" version="1.13:NO-NeTEx-networktimetable:1.3">
  <PublicationTimestamp>2022-05-26T00:05:35.012</PublicationTimestamp>
  <ParticipantRef>RB</ParticipantRef>
  <Description>Lunde skole</Description>
  <dataObjects>
    <CompositeFrame created="2022-04-08T10:32:34.29" id="1693420818" version="1">
      <validityConditions>
        <AvailabilityCondition id="453652985" version="1">
          <FromDate>2022-05-23T00:00:00</FromDate>
          <ToDate>2023-05-25T00:00:00</ToDate>
        </AvailabilityCondition>
      </validityConditions>
      <codespaces>
        <Codespace id="ost">
          <Xmlns>OST</Xmlns>
          <XmlnsUrl>http://www.rutebanken.org/ns/ost</XmlnsUrl>
        </Codespace>
        <Codespace id="nsr">
          <Xmlns>NSR</Xmlns>
          <XmlnsUrl>http://www.rutebanken.org/ns/nsr</XmlnsUrl>
        </Codespace>
      </codespaces>
      <FrameDefaults>
        <DefaultLocale>
          <TimeZone>Europe/Oslo</TimeZone>
          <DefaultLanguage>no</DefaultLanguage>
        </DefaultLocale>
      </FrameDefaults>
      <frames>
        <ServiceFrame id="1240123806" version="1">
          <routes>
            <Route id="OST:Route:195_Inbound_211210121982921_211210121975025" version="271">
              <Name>2-2</Name>
              <ShortName>2-2</ShortName>
              <LineRef ref="OST:Line:1_195" version="271" />
              <DirectionType>outbound</DirectionType>
              <pointsInSequence>
                <PointOnRoute id="OST:PointOnRoute:7431598" order="4" version="271">
                  <RoutePointRef ref="OST:RoutePoint:1068600_1" />
                </PointOnRoute>
                <PointOnRoute id="OST:PointOnRoute:7431604" order="10" version="271">
                  <RoutePointRef ref="OST:RoutePoint:1068600_2" />
                </PointOnRoute>
                <PointOnRoute id="OST:PointOnRoute:7431606" order="12" version="271">
                  <RoutePointRef ref="OST:RoutePoint:1065970_1" />
                </PointOnRoute>
                <PointOnRoute id="OST:PointOnRoute:7431599" order="5" version="271">
                  <RoutePointRef ref="OST:RoutePoint:1068605_1" />
                </PointOnRoute>
                <PointOnRoute id="OST:PointOnRoute:7431596" order="2" version="271">
                  <RoutePointRef ref="OST:RoutePoint:1065955_1" />
                </PointOnRoute>
                <PointOnRoute id="OST:PointOnRoute:7431607" order="13" version="271">
                  <RoutePointRef ref="OST:RoutePoint:1065975_1" />
                </PointOnRoute>
                <PointOnRoute id="OST:PointOnRoute:7431602" order="8" version="271">
                  <RoutePointRef ref="OST:RoutePoint:1068610_2" />
                </PointOnRoute>
                <PointOnRoute id="OST:PointOnRoute:7431597" order="3" version="271">
                  <RoutePointRef ref="OST:RoutePoint:1065960_1" />
                </PointOnRoute>
                <PointOnRoute id="OST:PointOnRoute:7431603" order="9" version="271">
                  <RoutePointRef ref="OST:RoutePoint:1068605_2" />
                </PointOnRoute>
                <PointOnRoute id="OST:PointOnRoute:7431605" order="11" version="271">
                  <RoutePointRef ref="OST:RoutePoint:1065965_1" />
                </PointOnRoute>
                <PointOnRoute id="OST:PointOnRoute:7431600" order="6" version="271">
                  <RoutePointRef ref="OST:RoutePoint:1068610_1" />
                </PointOnRoute>
                <PointOnRoute id="OST:PointOnRoute:7431595" order="1" version="271">
                  <RoutePointRef ref="OST:RoutePoint:1065953_1" />
                </PointOnRoute>
                <PointOnRoute id="OST:PointOnRoute:7431601" order="7" version="271">
                  <RoutePointRef ref="OST:RoutePoint:1068615_1" />
                </PointOnRoute>
              </pointsInSequence>
            </Route>
            <Route id="OST:Route:195_Inbound_211210121982922_211210121975025" version="271">
              <Name>2-3</Name>
              <ShortName>2-3</ShortName>
              <LineRef ref="OST:Line:1_195" version="271" />
              <DirectionType>outbound</DirectionType>
              <pointsInSequence>
                <PointOnRoute id="OST:PointOnRoute:7431629" order="22" version="271">
                  <RoutePointRef ref="OST:RoutePoint:1065915_2" />
                </PointOnRoute>
                <PointOnRoute id="OST:PointOnRoute:7431610" order="3" version="271">
                  <RoutePointRef ref="OST:RoutePoint:1065960_1" />
                </PointOnRoute>
                <PointOnRoute id="OST:PointOnRoute:7431631" order="24" version="271">
                  <RoutePointRef ref="OST:RoutePoint:1065905_2" />
                </PointOnRoute>
                <PointOnRoute id="OST:PointOnRoute:7431633" order="26" version="271">
                  <RoutePointRef ref="OST:RoutePoint:1065895_2" />
                </PointOnRoute>
                <PointOnRoute id="OST:PointOnRoute:7431632" order="25" version="271">
                  <RoutePointRef ref="OST:RoutePoint:1065900_4" />
                </PointOnRoute>
                <PointOnRoute id="OST:PointOnRoute:7431621" order="14" version="271">
                  <RoutePointRef ref="OST:RoutePoint:1066000_2" />
                </PointOnRoute>
                <PointOnRoute id="OST:PointOnRoute:7431615" order="8" version="271">
                  <RoutePointRef ref="OST:RoutePoint:1065965_2" />
                </PointOnRoute>
                <PointOnRoute id="OST:PointOnRoute:7431609" order="2" version="271">
                  <RoutePointRef ref="OST:RoutePoint:1065955_1" />
                </PointOnRoute>
                <PointOnRoute id="OST:PointOnRoute:7431630" order="23" version="271">
                  <RoutePointRef ref="OST:RoutePoint:1065910_2" />
                </PointOnRoute>
                <PointOnRoute id="OST:PointOnRoute:7431624" order="17" version="271">
                  <RoutePointRef ref="OST:RoutePoint:1065985_2" />
                </PointOnRoute>
                <PointOnRoute id="OST:PointOnRoute:7431608" order="1" version="271">
                  <RoutePointRef ref="OST:RoutePoint:1065953_1" />
                </PointOnRoute>
                <PointOnRoute id="OST:PointOnRoute:7431613" order="6" version="271">
                  <RoutePointRef ref="OST:RoutePoint:1065975_1" />
                </PointOnRoute>
                <PointOnRoute id="OST:PointOnRoute:7431626" order="19" version="271">
                  <RoutePointRef ref="OST:RoutePoint:1065920_1" />
                </PointOnRoute>
                <PointOnRoute id="OST:PointOnRoute:7431612" order="5" version="271">
                  <RoutePointRef ref="OST:RoutePoint:1065970_1" />
                </PointOnRoute>
                <PointOnRoute id="OST:PointOnRoute:7431614" order="7" version="271">
                  <RoutePointRef ref="OST:RoutePoint:1065970_2" />
                </PointOnRoute>
                <PointOnRoute id="OST:PointOnRoute:7431635" order="28" version="271">
                  <RoutePointRef ref="OST:RoutePoint:1065885_2" />
                </PointOnRoute>
                <PointOnRoute id="OST:PointOnRoute:7431619" order="12" version="271">
                  <RoutePointRef ref="OST:RoutePoint:1065945_2" />
                </PointOnRoute>
                <PointOnRoute id="OST:PointOnRoute:7431623" order="16" version="271">
                  <RoutePointRef ref="OST:RoutePoint:1065990_2" />
                </PointOnRoute>
                <PointOnRoute id="OST:PointOnRoute:7431628" order="21" version="271">
                  <RoutePointRef ref="OST:RoutePoint:1065920_2" />
                </PointOnRoute>
                <PointOnRoute id="OST:PointOnRoute:7431625" order="18" version="271">
                  <RoutePointRef ref="OST:RoutePoint:1065980_2" />
                </PointOnRoute>
                <PointOnRoute id="OST:PointOnRoute:7431617" order="10" version="271">
                  <RoutePointRef ref="OST:RoutePoint:1065953_1" />
                </PointOnRoute>
                <PointOnRoute id="OST:PointOnRoute:7431611" order="4" version="271">
                  <RoutePointRef ref="OST:RoutePoint:1065965_1" />
                </PointOnRoute>
                <PointOnRoute id="OST:PointOnRoute:7431616" order="9" version="271">
                  <RoutePointRef ref="OST:RoutePoint:1065955_2" />
                </PointOnRoute>
                <PointOnRoute id="OST:PointOnRoute:7431634" order="27" version="271">
                  <RoutePointRef ref="OST:RoutePoint:1065890_2" />
                </PointOnRoute>
                <PointOnRoute id="OST:PointOnRoute:7431618" order="11" version="271">
                  <RoutePointRef ref="OST:RoutePoint:1065950_2" />
                </PointOnRoute>
                <PointOnRoute id="OST:PointOnRoute:7431620" order="13" version="271">
                  <RoutePointRef ref="OST:RoutePoint:1065940_2" />
                </PointOnRoute>
                <PointOnRoute id="OST:PointOnRoute:7431622" order="15" version="271">
                  <RoutePointRef ref="OST:RoutePoint:1065995_2" />
                </PointOnRoute>
                <PointOnRoute id="OST:PointOnRoute:7431627" order="20" version="271">
                  <RoutePointRef ref="OST:RoutePoint:1065925_2" />
                </PointOnRoute>
              </pointsInSequence>
            </Route>
            <Route id="OST:Route:195_Inbound_211210121982923_211210121975025" version="271">
              <Name>2-4</Name>
              <ShortName>2-4</ShortName>
              <LineRef ref="OST:Line:1_195" version="271" />
              <DirectionType>outbound</DirectionType>
              <pointsInSequence>
                <PointOnRoute id="OST:PointOnRoute:7431645" order="10" version="271">
                  <RoutePointRef ref="OST:RoutePoint:1065920_1" />
                </PointOnRoute>
                <PointOnRoute id="OST:PointOnRoute:7431641" order="6" version="271">
                  <RoutePointRef ref="OST:RoutePoint:1065995_2" />
                </PointOnRoute>
                <PointOnRoute id="OST:PointOnRoute:7431639" order="4" version="271">
                  <RoutePointRef ref="OST:RoutePoint:1065940_2" />
                </PointOnRoute>
                <PointOnRoute id="OST:PointOnRoute:7431653" order="18" version="271">
                  <RoutePointRef ref="OST:RoutePoint:1065890_2" />
                </PointOnRoute>
                <PointOnRoute id="OST:PointOnRoute:7431637" order="2" version="271">
                  <RoutePointRef ref="OST:RoutePoint:1065950_2" />
                </PointOnRoute>
                <PointOnRoute id="OST:PointOnRoute:7431654" order="19" version="271">
                  <RoutePointRef ref="OST:RoutePoint:1065885_2" />
                </PointOnRoute>
                <PointOnRoute id="OST:PointOnRoute:7431651" order="16" version="271">
                  <RoutePointRef ref="OST:RoutePoint:1065900_4" />
                </PointOnRoute>
                <PointOnRoute id="OST:PointOnRoute:7431638" order="3" version="271">
                  <RoutePointRef ref="OST:RoutePoint:1065945_2" />
                </PointOnRoute>
                <PointOnRoute id="OST:PointOnRoute:7431652" order="17" version="271">
                  <RoutePointRef ref="OST:RoutePoint:1065895_2" />
                </PointOnRoute>
                <PointOnRoute id="OST:PointOnRoute:7431648" order="13" version="271">
                  <RoutePointRef ref="OST:RoutePoint:1065915_2" />
                </PointOnRoute>
                <PointOnRoute id="OST:PointOnRoute:7431644" order="9" version="271">
                  <RoutePointRef ref="OST:RoutePoint:1065980_2" />
                </PointOnRoute>
                <PointOnRoute id="OST:PointOnRoute:7431636" order="1" version="271">
                  <RoutePointRef ref="OST:RoutePoint:1065953_1" />
                </PointOnRoute>
                <PointOnRoute id="OST:PointOnRoute:7431649" order="14" version="271">
                  <RoutePointRef ref="OST:RoutePoint:1065910_2" />
                </PointOnRoute>
                <PointOnRoute id="OST:PointOnRoute:7431650" order="15" version="271">
                  <RoutePointRef ref="OST:RoutePoint:1065905_2" />
                </PointOnRoute>
                <PointOnRoute id="OST:PointOnRoute:7431646" order="11" version="271">
                  <RoutePointRef ref="OST:RoutePoint:1065925_2" />
                </PointOnRoute>
                <PointOnRoute id="OST:PointOnRoute:7431642" order="7" version="271">
                  <RoutePointRef ref="OST:RoutePoint:1065990_2" />
                </PointOnRoute>
                <PointOnRoute id="OST:PointOnRoute:7431647" order="12" version="271">
                  <RoutePointRef ref="OST:RoutePoint:1065920_2" />
                </PointOnRoute>
                <PointOnRoute id="OST:PointOnRoute:7431643" order="8" version="271">
                  <RoutePointRef ref="OST:RoutePoint:1065985_2" />
                </PointOnRoute>
                <PointOnRoute id="OST:PointOnRoute:7431640" order="5" version="271">
                  <RoutePointRef ref="OST:RoutePoint:1066000_2" />
                </PointOnRoute>
              </pointsInSequence>
            </Route>
            <Route id="OST:Route:195_Outbound_211210121982920_211210121975025" version="271">
              <Name>1-1</Name>
              <ShortName>1-1</ShortName>
              <LineRef ref="OST:Line:1_195" version="271" />
              <DirectionType>inbound</DirectionType>
              <pointsInSequence>
                <PointOnRoute id="OST:PointOnRoute:7431594" order="10" version="271">
                  <RoutePointRef ref="OST:RoutePoint:1065953_2" />
                </PointOnRoute>
                <PointOnRoute id="OST:PointOnRoute:7431593" order="9" version="271">
                  <RoutePointRef ref="OST:RoutePoint:1065950_1" />
                </PointOnRoute>
                <PointOnRoute id="OST:PointOnRoute:7431589" order="5" version="271">
                  <RoutePointRef ref="OST:RoutePoint:1065990_1" />
                </PointOnRoute>
                <PointOnRoute id="OST:PointOnRoute:7431592" order="8" version="271">
                  <RoutePointRef ref="OST:RoutePoint:1065945_1" />
                </PointOnRoute>
                <PointOnRoute id="OST:PointOnRoute:7431587" order="3" version="271">
                  <RoutePointRef ref="OST:RoutePoint:1065980_1" />
                </PointOnRoute>
                <PointOnRoute id="OST:PointOnRoute:7431588" order="4" version="271">
                  <RoutePointRef ref="OST:RoutePoint:1065985_2" />
                </PointOnRoute>
                <PointOnRoute id="OST:PointOnRoute:7431590" order="6" version="271">
                  <RoutePointRef ref="OST:RoutePoint:1065995_1" />
                </PointOnRoute>
                <PointOnRoute id="OST:PointOnRoute:7431585" order="1" version="271">
                  <RoutePointRef ref="OST:RoutePoint:1065925_2" />
                </PointOnRoute>
                <PointOnRoute id="OST:PointOnRoute:7431591" order="7" version="271">
                  <RoutePointRef ref="OST:RoutePoint:1066000_1" />
                </PointOnRoute>
                <PointOnRoute id="OST:PointOnRoute:7431586" order="2" version="271">
                  <RoutePointRef ref="OST:RoutePoint:1065920_2" />
                </PointOnRoute>
              </pointsInSequence>
            </Route>
          </routes>
          <lines>
            <Line id="OST:Line:1_195" version="271">
              <Name>Lunde skole</Name>
              <TransportMode>bus</TransportMode>
              <TransportSubmode>
                <BusSubmode>localBus</BusSubmode>
              </TransportSubmode>
              <PublicCode>195</PublicCode>
              <PrivateCode>195</PrivateCode>
              <OperatorRef ref="OST:Operator:152" />
              <RepresentedByGroupRef ref="OST:GroupOfLines:bus_1" />
            </Line>
          </lines>
          <journeyPatterns>
            <JourneyPattern id="OST:JourneyPattern:195_Inbound_211210121982921_211210121975025" version="271">
              <Name>2-2</Name>
              <RouteRef ref="OST:Route:195_Inbound_211210121982921_211210121975025" version="271" />
              <pointsInSequence>
                <StopPointInJourneyPattern order="1" id="OST:StopPointInJourneyPattern:195_Inbound_211210121982921_1_211210121975025" version="271">
                  <ForAlighting>false</ForAlighting>
                  <DestinationDisplayRef ref="OST:DestinationDisplay:508" />
                  <ScheduledStopPointRef ref="OST:ScheduledStopPoint:1065953_1" />
                </StopPointInJourneyPattern>
                <StopPointInJourneyPattern order="8" id="OST:StopPointInJourneyPattern:195_Inbound_211210121982921_8_211210121975025" version="271">
                  <ScheduledStopPointRef ref="OST:ScheduledStopPoint:1068610_2" />
                </StopPointInJourneyPattern>
                <StopPointInJourneyPattern order="4" id="OST:StopPointInJourneyPattern:195_Inbound_211210121982921_4_211210121975025" version="271">
                  <ScheduledStopPointRef ref="OST:ScheduledStopPoint:1068600_1" />
                </StopPointInJourneyPattern>
                <StopPointInJourneyPattern order="5" id="OST:StopPointInJourneyPattern:195_Inbound_211210121982921_5_211210121975025" version="271">
                  <ScheduledStopPointRef ref="OST:ScheduledStopPoint:1068605_1" />
                </StopPointInJourneyPattern>
                <StopPointInJourneyPattern order="3" id="OST:StopPointInJourneyPattern:195_Inbound_211210121982921_3_211210121975025" version="271">
                  <ScheduledStopPointRef ref="OST:ScheduledStopPoint:1065960_1" />
                </StopPointInJourneyPattern>
                <StopPointInJourneyPattern order="6" id="OST:StopPointInJourneyPattern:195_Inbound_211210121982921_6_211210121975025" version="271">
                  <ScheduledStopPointRef ref="OST:ScheduledStopPoint:1068610_1" />
                </StopPointInJourneyPattern>
                <StopPointInJourneyPattern order="9" id="OST:StopPointInJourneyPattern:195_Inbound_211210121982921_9_211210121975025" version="271">
                  <ScheduledStopPointRef ref="OST:ScheduledStopPoint:1068605_2" />
                </StopPointInJourneyPattern>
                <StopPointInJourneyPattern order="13" id="OST:StopPointInJourneyPattern:195_Inbound_211210121982921_13_211210121975025" version="271">
                  <ForBoarding>false</ForBoarding>
                  <ScheduledStopPointRef ref="OST:ScheduledStopPoint:1065975_1" />
                </StopPointInJourneyPattern>
                <StopPointInJourneyPattern order="10" id="OST:StopPointInJourneyPattern:195_Inbound_211210121982921_10_211210121975025" version="271">
                  <ScheduledStopPointRef ref="OST:ScheduledStopPoint:1068600_2" />
                </StopPointInJourneyPattern>
                <StopPointInJourneyPattern order="11" id="OST:StopPointInJourneyPattern:195_Inbound_211210121982921_11_211210121975025" version="271">
                  <ScheduledStopPointRef ref="OST:ScheduledStopPoint:1065965_1" />
                </StopPointInJourneyPattern>
                <StopPointInJourneyPattern order="2" id="OST:StopPointInJourneyPattern:195_Inbound_211210121982921_2_211210121975025" version="271">
                  <ScheduledStopPointRef ref="OST:ScheduledStopPoint:1065955_1" />
                </StopPointInJourneyPattern>
                <StopPointInJourneyPattern order="7" id="OST:StopPointInJourneyPattern:195_Inbound_211210121982921_7_211210121975025" version="271">
                  <ScheduledStopPointRef ref="OST:ScheduledStopPoint:1068615_1" />
                </StopPointInJourneyPattern>
                <StopPointInJourneyPattern order="12" id="OST:StopPointInJourneyPattern:195_Inbound_211210121982921_12_211210121975025" version="271">
                  <ScheduledStopPointRef ref="OST:ScheduledStopPoint:1065970_1" />
                </StopPointInJourneyPattern>
              </pointsInSequence>
              <linksInSequence>
                <ServiceLinkInJourneyPattern order="12" id="OST:ServiceLinkInJourneyPattern:7431684" version="271">
                  <ServiceLinkRef ref="OST:ServiceLink:200811072687010_1_200811072687015_1_1035" />
                </ServiceLinkInJourneyPattern>
                <ServiceLinkInJourneyPattern order="6" id="OST:ServiceLinkInJourneyPattern:7431675" version="271">
                  <ServiceLinkRef ref="OST:ServiceLink:200811072687348_1_200811072687353_1_481" />
                </ServiceLinkInJourneyPattern>
                <ServiceLinkInJourneyPattern order="1" id="OST:ServiceLinkInJourneyPattern:7431669" version="271">
                  <ServiceLinkRef ref="OST:ServiceLink:200811072686992_1_200811072686995_1_560" />
                </ServiceLinkInJourneyPattern>
                <ServiceLinkInJourneyPattern order="7" id="OST:ServiceLinkInJourneyPattern:7431676" version="271">
                  <ServiceLinkRef ref="OST:ServiceLink:200811072687353_1_200811072687350_2_475" />
                </ServiceLinkInJourneyPattern>
                <ServiceLinkInJourneyPattern order="8" id="OST:ServiceLinkInJourneyPattern:7431678" version="271">
                  <ServiceLinkRef ref="OST:ServiceLink:200811072687350_2_200811072687345_2_992" />
                </ServiceLinkInJourneyPattern>
                <ServiceLinkInJourneyPattern order="4" id="OST:ServiceLinkInJourneyPattern:7431673" version="271">
                  <ServiceLinkRef ref="OST:ServiceLink:200811072687338_1_200811072687343_1_875" />
                </ServiceLinkInJourneyPattern>
                <ServiceLinkInJourneyPattern order="11" id="OST:ServiceLinkInJourneyPattern:7431682" version="271">
                  <ServiceLinkRef ref="OST:ServiceLink:200811072687005_1_200811072687010_1_463" />
                </ServiceLinkInJourneyPattern>
                <ServiceLinkInJourneyPattern order="9" id="OST:ServiceLinkInJourneyPattern:7431679" version="271">
                  <ServiceLinkRef ref="OST:ServiceLink:200811072687345_2_200811072687340_2_752" />
                </ServiceLinkInJourneyPattern>
                <ServiceLinkInJourneyPattern order="2" id="OST:ServiceLinkInJourneyPattern:7431671" version="271">
                  <ServiceLinkRef ref="OST:ServiceLink:200811072686995_1_200811072687002_1_285" />
                </ServiceLinkInJourneyPattern>
                <ServiceLinkInJourneyPattern order="5" id="OST:ServiceLinkInJourneyPattern:7431674" version="271">
                  <ServiceLinkRef ref="OST:ServiceLink:200811072687343_1_200811072687348_1_860" />
                </ServiceLinkInJourneyPattern>
                <ServiceLinkInJourneyPattern order="10" id="OST:ServiceLinkInJourneyPattern:7431680" version="271">
                  <ServiceLinkRef ref="OST:ServiceLink:200811072687340_2_200811072687005_1_1170" />
                </ServiceLinkInJourneyPattern>
                <ServiceLinkInJourneyPattern order="3" id="OST:ServiceLinkInJourneyPattern:7431672" version="271">
                  <ServiceLinkRef ref="OST:ServiceLink:200811072687002_1_200811072687338_1_659" />
                </ServiceLinkInJourneyPattern>
              </linksInSequence>
            </JourneyPattern>
            <JourneyPattern id="OST:JourneyPattern:195_Inbound_211210121982922_211210121975025" version="271">
              <Name>2-3</Name>
              <RouteRef ref="OST:Route:195_Inbound_211210121982922_211210121975025" version="271" />
              <pointsInSequence>
                <StopPointInJourneyPattern order="11" id="OST:StopPointInJourneyPattern:195_Inbound_211210121982922_11_211210121975025" version="271">
                  <ScheduledStopPointRef ref="OST:ScheduledStopPoint:1065950_2" />
                </StopPointInJourneyPattern>
                <StopPointInJourneyPattern order="7" id="OST:StopPointInJourneyPattern:195_Inbound_211210121982922_7_211210121975025" version="271">
                  <ScheduledStopPointRef ref="OST:ScheduledStopPoint:1065970_2" />
                </StopPointInJourneyPattern>
                <StopPointInJourneyPattern order="9" id="OST:StopPointInJourneyPattern:195_Inbound_211210121982922_9_211210121975025" version="271">
                  <ScheduledStopPointRef ref="OST:ScheduledStopPoint:1065955_2" />
                </StopPointInJourneyPattern>
                <StopPointInJourneyPattern order="8" id="OST:StopPointInJourneyPattern:195_Inbound_211210121982922_8_211210121975025" version="271">
                  <ScheduledStopPointRef ref="OST:ScheduledStopPoint:1065965_2" />
                </StopPointInJourneyPattern>
                <StopPointInJourneyPattern order="16" id="OST:StopPointInJourneyPattern:195_Inbound_211210121982922_16_211210121975025" version="271">
                  <ScheduledStopPointRef ref="OST:ScheduledStopPoint:1065990_2" />
                </StopPointInJourneyPattern>
                <StopPointInJourneyPattern order="28" id="OST:StopPointInJourneyPattern:195_Inbound_211210121982922_28_211210121975025" version="271">
                  <ForBoarding>false</ForBoarding>
                  <ScheduledStopPointRef ref="OST:ScheduledStopPoint:1065885_2" />
                </StopPointInJourneyPattern>
                <StopPointInJourneyPattern order="6" id="OST:StopPointInJourneyPattern:195_Inbound_211210121982922_6_211210121975025" version="271">
                  <DestinationDisplayRef ref="OST:DestinationDisplay:3" />
                  <ScheduledStopPointRef ref="OST:ScheduledStopPoint:1065975_1" />
                </StopPointInJourneyPattern>
                <StopPointInJourneyPattern order="3" id="OST:StopPointInJourneyPattern:195_Inbound_211210121982922_3_211210121975025" version="271">
                  <ScheduledStopPointRef ref="OST:ScheduledStopPoint:1065960_1" />
                </StopPointInJourneyPattern>
                <StopPointInJourneyPattern order="12" id="OST:StopPointInJourneyPattern:195_Inbound_211210121982922_12_211210121975025" version="271">
                  <ScheduledStopPointRef ref="OST:ScheduledStopPoint:1065945_2" />
                </StopPointInJourneyPattern>
                <StopPointInJourneyPattern order="21" id="OST:StopPointInJourneyPattern:195_Inbound_211210121982922_21_211210121975025" version="271">
                  <ScheduledStopPointRef ref="OST:ScheduledStopPoint:1065920_2" />
                </StopPointInJourneyPattern>
                <StopPointInJourneyPattern order="15" id="OST:StopPointInJourneyPattern:195_Inbound_211210121982922_15_211210121975025" version="271">
                  <DestinationDisplayRef ref="OST:DestinationDisplay:76" />
                  <ScheduledStopPointRef ref="OST:ScheduledStopPoint:1065995_2" />
                </StopPointInJourneyPattern>
                <StopPointInJourneyPattern order="23" id="OST:StopPointInJourneyPattern:195_Inbound_211210121982922_23_211210121975025" version="271">
                  <ScheduledStopPointRef ref="OST:ScheduledStopPoint:1065910_2" />
                </StopPointInJourneyPattern>
                <StopPointInJourneyPattern order="2" id="OST:StopPointInJourneyPattern:195_Inbound_211210121982922_2_211210121975025" version="271">
                  <ScheduledStopPointRef ref="OST:ScheduledStopPoint:1065955_1" />
                </StopPointInJourneyPattern>
                <StopPointInJourneyPattern order="5" id="OST:StopPointInJourneyPattern:195_Inbound_211210121982922_5_211210121975025" version="271">
                  <ScheduledStopPointRef ref="OST:ScheduledStopPoint:1065970_1" />
                </StopPointInJourneyPattern>
                <StopPointInJourneyPattern order="24" id="OST:StopPointInJourneyPattern:195_Inbound_211210121982922_24_211210121975025" version="271">
                  <ScheduledStopPointRef ref="OST:ScheduledStopPoint:1065905_2" />
                </StopPointInJourneyPattern>
                <StopPointInJourneyPattern order="26" id="OST:StopPointInJourneyPattern:195_Inbound_211210121982922_26_211210121975025" version="271">
                  <ScheduledStopPointRef ref="OST:ScheduledStopPoint:1065895_2" />
                </StopPointInJourneyPattern>
                <StopPointInJourneyPattern order="22" id="OST:StopPointInJourneyPattern:195_Inbound_211210121982922_22_211210121975025" version="271">
                  <ScheduledStopPointRef ref="OST:ScheduledStopPoint:1065915_2" />
                </StopPointInJourneyPattern>
                <StopPointInJourneyPattern order="27" id="OST:StopPointInJourneyPattern:195_Inbound_211210121982922_27_211210121975025" version="271">
                  <ScheduledStopPointRef ref="OST:ScheduledStopPoint:1065890_2" />
                </StopPointInJourneyPattern>
                <StopPointInJourneyPattern order="4" id="OST:StopPointInJourneyPattern:195_Inbound_211210121982922_4_211210121975025" version="271">
                  <ScheduledStopPointRef ref="OST:ScheduledStopPoint:1065965_1" />
                </StopPointInJourneyPattern>
                <StopPointInJourneyPattern order="10" id="OST:StopPointInJourneyPattern:195_Inbound_211210121982922_10_211210121975025" version="271">
                  <ScheduledStopPointRef ref="OST:ScheduledStopPoint:1065953_1" />
                </StopPointInJourneyPattern>
                <StopPointInJourneyPattern order="19" id="OST:StopPointInJourneyPattern:195_Inbound_211210121982922_19_211210121975025" version="271">
                  <ScheduledStopPointRef ref="OST:ScheduledStopPoint:1065920_1" />
                </StopPointInJourneyPattern>
                <StopPointInJourneyPattern order="18" id="OST:StopPointInJourneyPattern:195_Inbound_211210121982922_18_211210121975025" version="271">
                  <ScheduledStopPointRef ref="OST:ScheduledStopPoint:1065980_2" />
                </StopPointInJourneyPattern>
                <StopPointInJourneyPattern order="14" id="OST:StopPointInJourneyPattern:195_Inbound_211210121982922_14_211210121975025" version="271">
                  <ScheduledStopPointRef ref="OST:ScheduledStopPoint:1066000_2" />
                </StopPointInJourneyPattern>
                <StopPointInJourneyPattern order="25" id="OST:StopPointInJourneyPattern:195_Inbound_211210121982922_25_211210121975025" version="271">
                  <ScheduledStopPointRef ref="OST:ScheduledStopPoint:1065900_4" />
                </StopPointInJourneyPattern>
                <StopPointInJourneyPattern order="1" id="OST:StopPointInJourneyPattern:195_Inbound_211210121982922_1_211210121975025" version="271">
                  <ForAlighting>false</ForAlighting>
                  <DestinationDisplayRef ref="OST:DestinationDisplay:510" />
                  <ScheduledStopPointRef ref="OST:ScheduledStopPoint:1065953_1" />
                </StopPointInJourneyPattern>
                <StopPointInJourneyPattern order="17" id="OST:StopPointInJourneyPattern:195_Inbound_211210121982922_17_211210121975025" version="271">
                  <ScheduledStopPointRef ref="OST:ScheduledStopPoint:1065985_2" />
                </StopPointInJourneyPattern>
                <StopPointInJourneyPattern order="13" id="OST:StopPointInJourneyPattern:195_Inbound_211210121982922_13_211210121975025" version="271">
                  <ScheduledStopPointRef ref="OST:ScheduledStopPoint:1065940_2" />
                </StopPointInJourneyPattern>
                <StopPointInJourneyPattern order="20" id="OST:StopPointInJourneyPattern:195_Inbound_211210121982922_20_211210121975025" version="271">
                  <ScheduledStopPointRef ref="OST:ScheduledStopPoint:1065925_2" />
                </StopPointInJourneyPattern>
              </pointsInSequence>
              <linksInSequence>
                <ServiceLinkInJourneyPattern order="18" id="OST:ServiceLinkInJourneyPattern:7431709" version="271">
                  <ServiceLinkRef ref="OST:ServiceLink:200811072687020_2_200811072686952_1_1344" />
                </ServiceLinkInJourneyPattern>
                <ServiceLinkInJourneyPattern order="8" id="OST:ServiceLinkInJourneyPattern:7431696" version="271">
                  <ServiceLinkRef ref="OST:ServiceLink:200811072687007_2_200811072686997_2_905" />
                </ServiceLinkInJourneyPattern>
                <ServiceLinkInJourneyPattern order="9" id="OST:ServiceLinkInJourneyPattern:7431698" version="271">
                  <ServiceLinkRef ref="OST:ServiceLink:200811072686997_2_200811072686992_1_597" />
                </ServiceLinkInJourneyPattern>
                <ServiceLinkInJourneyPattern order="12" id="OST:ServiceLinkInJourneyPattern:7431703" version="271">
                  <ServiceLinkRef ref="OST:ServiceLink:200811072686982_2_200811072686977_2_548" />
                </ServiceLinkInJourneyPattern>
                <ServiceLinkInJourneyPattern order="19" id="OST:ServiceLinkInJourneyPattern:7431711" version="271">
                  <ServiceLinkRef ref="OST:ServiceLink:200811072686952_1_200811072686959_2_433" />
                </ServiceLinkInJourneyPattern>
                <ServiceLinkInJourneyPattern order="13" id="OST:ServiceLinkInJourneyPattern:7431704" version="271">
                  <ServiceLinkRef ref="OST:ServiceLink:200811072686977_2_200811072687040_2_265" />
                </ServiceLinkInJourneyPattern>
                <ServiceLinkInJourneyPattern order="15" id="OST:ServiceLinkInJourneyPattern:7431706" version="271">
                  <ServiceLinkRef ref="OST:ServiceLink:200811072687035_2_200811072687030_2_375" />
                </ServiceLinkInJourneyPattern>
                <ServiceLinkInJourneyPattern order="23" id="OST:ServiceLinkInJourneyPattern:7431716" version="271">
                  <ServiceLinkRef ref="OST:ServiceLink:200811072686944_2_200811072686939_2_286" />
                </ServiceLinkInJourneyPattern>
                <ServiceLinkInJourneyPattern order="26" id="OST:ServiceLinkInJourneyPattern:7431719" version="271">
                  <ServiceLinkRef ref="OST:ServiceLink:200811072686929_2_200811072686924_2_406" />
                </ServiceLinkInJourneyPattern>
                <ServiceLinkInJourneyPattern order="25" id="OST:ServiceLinkInJourneyPattern:7431718" version="271">
                  <ServiceLinkRef ref="OST:ServiceLink:200811072686934_4_200811072686929_2_376" />
                </ServiceLinkInJourneyPattern>
                <ServiceLinkInJourneyPattern order="2" id="OST:ServiceLinkInJourneyPattern:7431687" version="271">
                  <ServiceLinkRef ref="OST:ServiceLink:200811072686995_1_200811072687002_1_285" />
                </ServiceLinkInJourneyPattern>
                <ServiceLinkInJourneyPattern order="4" id="OST:ServiceLinkInJourneyPattern:7431690" version="271">
                  <ServiceLinkRef ref="OST:ServiceLink:200811072687005_1_200811072687010_1_463" />
                </ServiceLinkInJourneyPattern>
                <ServiceLinkInJourneyPattern order="20" id="OST:ServiceLinkInJourneyPattern:7431713" version="271">
                  <ServiceLinkRef ref="OST:ServiceLink:200811072686959_2_200811072686954_2_337" />
                </ServiceLinkInJourneyPattern>
                <ServiceLinkInJourneyPattern order="14" id="OST:ServiceLinkInJourneyPattern:7431705" version="271">
                  <ServiceLinkRef ref="OST:ServiceLink:200811072687040_2_200811072687035_2_807" />
                </ServiceLinkInJourneyPattern>
                <ServiceLinkInJourneyPattern order="16" id="OST:ServiceLinkInJourneyPattern:7431707" version="271">
                  <ServiceLinkRef ref="OST:ServiceLink:200811072687030_2_200811072687025_2_629" />
                </ServiceLinkInJourneyPattern>
                <ServiceLinkInJourneyPattern order="27" id="OST:ServiceLinkInJourneyPattern:7431720" version="271">
                  <ServiceLinkRef ref="OST:ServiceLink:200811072686924_2_200811072686919_2_480" />
                </ServiceLinkInJourneyPattern>
                <ServiceLinkInJourneyPattern order="10" id="OST:ServiceLinkInJourneyPattern:7431700" version="271">
                  <ServiceLinkRef ref="OST:ServiceLink:200811072686992_1_200811072686987_2_290" />
                </ServiceLinkInJourneyPattern>
                <ServiceLinkInJourneyPattern order="17" id="OST:ServiceLinkInJourneyPattern:7431708" version="271">
                  <ServiceLinkRef ref="OST:ServiceLink:200811072687025_2_200811072687020_2_486" />
                </ServiceLinkInJourneyPattern>
                <ServiceLinkInJourneyPattern order="7" id="OST:ServiceLinkInJourneyPattern:7431694" version="271">
                  <ServiceLinkRef ref="OST:ServiceLink:200811072687012_2_200811072687007_2_579" />
                </ServiceLinkInJourneyPattern>
                <ServiceLinkInJourneyPattern order="1" id="OST:ServiceLinkInJourneyPattern:7431686" version="271">
                  <ServiceLinkRef ref="OST:ServiceLink:200811072686992_1_200811072686995_1_560" />
                </ServiceLinkInJourneyPattern>
                <ServiceLinkInJourneyPattern order="3" id="OST:ServiceLinkInJourneyPattern:7431688" version="271">
                  <ServiceLinkRef ref="OST:ServiceLink:200811072687002_1_200811072687005_1_661" />
                </ServiceLinkInJourneyPattern>
                <ServiceLinkInJourneyPattern order="11" id="OST:ServiceLinkInJourneyPattern:7431702" version="271">
                  <ServiceLinkRef ref="OST:ServiceLink:200811072686987_2_200811072686982_2_351" />
                </ServiceLinkInJourneyPattern>
                <ServiceLinkInJourneyPattern order="6" id="OST:ServiceLinkInJourneyPattern:7431692" version="271">
                  <ServiceLinkRef ref="OST:ServiceLink:200811072687015_1_200811072687012_2_1017" />
                </ServiceLinkInJourneyPattern>
                <ServiceLinkInJourneyPattern order="5" id="OST:ServiceLinkInJourneyPattern:7431691" version="271">
                  <ServiceLinkRef ref="OST:ServiceLink:200811072687010_1_200811072687015_1_1035" />
                </ServiceLinkInJourneyPattern>
                <ServiceLinkInJourneyPattern order="22" id="OST:ServiceLinkInJourneyPattern:7431715" version="271">
                  <ServiceLinkRef ref="OST:ServiceLink:200811072686949_2_200811072686944_2_413" />
                </ServiceLinkInJourneyPattern>
                <ServiceLinkInJourneyPattern order="21" id="OST:ServiceLinkInJourneyPattern:7431714" version="271">
                  <ServiceLinkRef ref="OST:ServiceLink:200811072686954_2_200811072686949_2_859" />
                </ServiceLinkInJourneyPattern>
                <ServiceLinkInJourneyPattern order="24" id="OST:ServiceLinkInJourneyPattern:7431717" version="271">
                  <ServiceLinkRef ref="OST:ServiceLink:200811072686939_2_200811072686934_4_281" />
                </ServiceLinkInJourneyPattern>
              </linksInSequence>
            </JourneyPattern>
            <JourneyPattern id="OST:JourneyPattern:195_Inbound_211210121982923_211210121975025" version="271">
              <Name>2-4</Name>
              <RouteRef ref="OST:Route:195_Inbound_211210121982923_211210121975025" version="271" />
              <pointsInSequence>
                <StopPointInJourneyPattern order="11" id="OST:StopPointInJourneyPattern:195_Inbound_211210121982923_11_211210121975025" version="271">
                  <ScheduledStopPointRef ref="OST:ScheduledStopPoint:1065925_2" />
                </StopPointInJourneyPattern>
                <StopPointInJourneyPattern order="13" id="OST:StopPointInJourneyPattern:195_Inbound_211210121982923_13_211210121975025" version="271">
                  <ScheduledStopPointRef ref="OST:ScheduledStopPoint:1065915_2" />
                </StopPointInJourneyPattern>
                <StopPointInJourneyPattern order="17" id="OST:StopPointInJourneyPattern:195_Inbound_211210121982923_17_211210121975025" version="271">
                  <ScheduledStopPointRef ref="OST:ScheduledStopPoint:1065895_2" />
                </StopPointInJourneyPattern>
                <StopPointInJourneyPattern order="5" id="OST:StopPointInJourneyPattern:195_Inbound_211210121982923_5_211210121975025" version="271">
                  <ScheduledStopPointRef ref="OST:ScheduledStopPoint:1066000_2" />
                </StopPointInJourneyPattern>
                <StopPointInJourneyPattern order="2" id="OST:StopPointInJourneyPattern:195_Inbound_211210121982923_2_211210121975025" version="271">
                  <ScheduledStopPointRef ref="OST:ScheduledStopPoint:1065950_2" />
                </StopPointInJourneyPattern>
                <StopPointInJourneyPattern order="14" id="OST:StopPointInJourneyPattern:195_Inbound_211210121982923_14_211210121975025" version="271">
                  <ScheduledStopPointRef ref="OST:ScheduledStopPoint:1065910_2" />
                </StopPointInJourneyPattern>
                <StopPointInJourneyPattern order="18" id="OST:StopPointInJourneyPattern:195_Inbound_211210121982923_18_211210121975025" version="271">
                  <ScheduledStopPointRef ref="OST:ScheduledStopPoint:1065890_2" />
                </StopPointInJourneyPattern>
                <StopPointInJourneyPattern order="3" id="OST:StopPointInJourneyPattern:195_Inbound_211210121982923_3_211210121975025" version="271">
                  <ScheduledStopPointRef ref="OST:ScheduledStopPoint:1065945_2" />
                </StopPointInJourneyPattern>
                <StopPointInJourneyPattern order="6" id="OST:StopPointInJourneyPattern:195_Inbound_211210121982923_6_211210121975025" version="271">
                  <DestinationDisplayRef ref="OST:DestinationDisplay:76" />
                  <ScheduledStopPointRef ref="OST:ScheduledStopPoint:1065995_2" />
                </StopPointInJourneyPattern>
                <StopPointInJourneyPattern order="15" id="OST:StopPointInJourneyPattern:195_Inbound_211210121982923_15_211210121975025" version="271">
                  <ScheduledStopPointRef ref="OST:ScheduledStopPoint:1065905_2" />
                </StopPointInJourneyPattern>
                <StopPointInJourneyPattern order="16" id="OST:StopPointInJourneyPattern:195_Inbound_211210121982923_16_211210121975025" version="271">
                  <ScheduledStopPointRef ref="OST:ScheduledStopPoint:1065900_4" />
                </StopPointInJourneyPattern>
                <StopPointInJourneyPattern order="9" id="OST:StopPointInJourneyPattern:195_Inbound_211210121982923_9_211210121975025" version="271">
                  <ScheduledStopPointRef ref="OST:ScheduledStopPoint:1065980_2" />
                </StopPointInJourneyPattern>
                <StopPointInJourneyPattern order="7" id="OST:StopPointInJourneyPattern:195_Inbound_211210121982923_7_211210121975025" version="271">
                  <ScheduledStopPointRef ref="OST:ScheduledStopPoint:1065990_2" />
                </StopPointInJourneyPattern>
                <StopPointInJourneyPattern order="12" id="OST:StopPointInJourneyPattern:195_Inbound_211210121982923_12_211210121975025" version="271">
                  <ScheduledStopPointRef ref="OST:ScheduledStopPoint:1065920_2" />
                </StopPointInJourneyPattern>
                <StopPointInJourneyPattern order="19" id="OST:StopPointInJourneyPattern:195_Inbound_211210121982923_19_211210121975025" version="271">
                  <ForBoarding>false</ForBoarding>
                  <ScheduledStopPointRef ref="OST:ScheduledStopPoint:1065885_2" />
                </StopPointInJourneyPattern>
                <StopPointInJourneyPattern order="10" id="OST:StopPointInJourneyPattern:195_Inbound_211210121982923_10_211210121975025" version="271">
                  <ScheduledStopPointRef ref="OST:ScheduledStopPoint:1065920_1" />
                </StopPointInJourneyPattern>
                <StopPointInJourneyPattern order="1" id="OST:StopPointInJourneyPattern:195_Inbound_211210121982923_1_211210121975025" version="271">
                  <ForAlighting>false</ForAlighting>
                  <DestinationDisplayRef ref="OST:DestinationDisplay:3" />
                  <ScheduledStopPointRef ref="OST:ScheduledStopPoint:1065953_1" />
                </StopPointInJourneyPattern>
                <StopPointInJourneyPattern order="4" id="OST:StopPointInJourneyPattern:195_Inbound_211210121982923_4_211210121975025" version="271">
                  <ScheduledStopPointRef ref="OST:ScheduledStopPoint:1065940_2" />
                </StopPointInJourneyPattern>
                <StopPointInJourneyPattern order="8" id="OST:StopPointInJourneyPattern:195_Inbound_211210121982923_8_211210121975025" version="271">
                  <ScheduledStopPointRef ref="OST:ScheduledStopPoint:1065985_2" />
                </StopPointInJourneyPattern>
              </pointsInSequence>
              <linksInSequence>
                <ServiceLinkInJourneyPattern order="7" id="OST:ServiceLinkInJourneyPattern:7431727" version="271">
                  <ServiceLinkRef ref="OST:ServiceLink:200811072687030_2_200811072687025_2_629" />
                </ServiceLinkInJourneyPattern>
                <ServiceLinkInJourneyPattern order="9" id="OST:ServiceLinkInJourneyPattern:7431729" version="271">
                  <ServiceLinkRef ref="OST:ServiceLink:200811072687020_2_200811072686952_1_1344" />
                </ServiceLinkInJourneyPattern>
                <ServiceLinkInJourneyPattern order="15" id="OST:ServiceLinkInJourneyPattern:7431735" version="271">
                  <ServiceLinkRef ref="OST:ServiceLink:200811072686939_2_200811072686934_4_281" />
                </ServiceLinkInJourneyPattern>
                <ServiceLinkInJourneyPattern order="10" id="OST:ServiceLinkInJourneyPattern:7431730" version="271">
                  <ServiceLinkRef ref="OST:ServiceLink:200811072686952_1_200811072686959_2_433" />
                </ServiceLinkInJourneyPattern>
                <ServiceLinkInJourneyPattern order="13" id="OST:ServiceLinkInJourneyPattern:7431733" version="271">
                  <ServiceLinkRef ref="OST:ServiceLink:200811072686949_2_200811072686944_2_413" />
                </ServiceLinkInJourneyPattern>
                <ServiceLinkInJourneyPattern order="12" id="OST:ServiceLinkInJourneyPattern:7431732" version="271">
                  <ServiceLinkRef ref="OST:ServiceLink:200811072686954_2_200811072686949_2_859" />
                </ServiceLinkInJourneyPattern>
                <ServiceLinkInJourneyPattern order="2" id="OST:ServiceLinkInJourneyPattern:7431722" version="271">
                  <ServiceLinkRef ref="OST:ServiceLink:200811072686987_2_200811072686982_2_351" />
                </ServiceLinkInJourneyPattern>
                <ServiceLinkInJourneyPattern order="4" id="OST:ServiceLinkInJourneyPattern:7431724" version="271">
                  <ServiceLinkRef ref="OST:ServiceLink:200811072686977_2_200811072687040_2_265" />
                </ServiceLinkInJourneyPattern>
                <ServiceLinkInJourneyPattern order="14" id="OST:ServiceLinkInJourneyPattern:7431734" version="271">
                  <ServiceLinkRef ref="OST:ServiceLink:200811072686944_2_200811072686939_2_286" />
                </ServiceLinkInJourneyPattern>
                <ServiceLinkInJourneyPattern order="17" id="OST:ServiceLinkInJourneyPattern:7431737" version="271">
                  <ServiceLinkRef ref="OST:ServiceLink:200811072686929_2_200811072686924_2_406" />
                </ServiceLinkInJourneyPattern>
                <ServiceLinkInJourneyPattern order="16" id="OST:ServiceLinkInJourneyPattern:7431736" version="271">
                  <ServiceLinkRef ref="OST:ServiceLink:200811072686934_4_200811072686929_2_376" />
                </ServiceLinkInJourneyPattern>
                <ServiceLinkInJourneyPattern order="1" id="OST:ServiceLinkInJourneyPattern:7431721" version="271">
                  <ServiceLinkRef ref="OST:ServiceLink:200811072686992_1_200811072686987_2_290" />
                </ServiceLinkInJourneyPattern>
                <ServiceLinkInJourneyPattern order="6" id="OST:ServiceLinkInJourneyPattern:7431726" version="271">
                  <ServiceLinkRef ref="OST:ServiceLink:200811072687035_2_200811072687030_2_375" />
                </ServiceLinkInJourneyPattern>
                <ServiceLinkInJourneyPattern order="8" id="OST:ServiceLinkInJourneyPattern:7431728" version="271">
                  <ServiceLinkRef ref="OST:ServiceLink:200811072687025_2_200811072687020_2_486" />
                </ServiceLinkInJourneyPattern>
                <ServiceLinkInJourneyPattern order="18" id="OST:ServiceLinkInJourneyPattern:7431738" version="271">
                  <ServiceLinkRef ref="OST:ServiceLink:200811072686924_2_200811072686919_2_480" />
                </ServiceLinkInJourneyPattern>
                <ServiceLinkInJourneyPattern order="3" id="OST:ServiceLinkInJourneyPattern:7431723" version="271">
                  <ServiceLinkRef ref="OST:ServiceLink:200811072686982_2_200811072686977_2_548" />
                </ServiceLinkInJourneyPattern>
                <ServiceLinkInJourneyPattern order="5" id="OST:ServiceLinkInJourneyPattern:7431725" version="271">
                  <ServiceLinkRef ref="OST:ServiceLink:200811072687040_2_200811072687035_2_807" />
                </ServiceLinkInJourneyPattern>
                <ServiceLinkInJourneyPattern order="11" id="OST:ServiceLinkInJourneyPattern:7431731" version="271">
                  <ServiceLinkRef ref="OST:ServiceLink:200811072686959_2_200811072686954_2_337" />
                </ServiceLinkInJourneyPattern>
              </linksInSequence>
            </JourneyPattern>
            <JourneyPattern id="OST:JourneyPattern:195_Outbound_211210121982920_211210121975025" version="271">
              <Name>1-1</Name>
              <RouteRef ref="OST:Route:195_Outbound_211210121982920_211210121975025" version="271" />
              <pointsInSequence>
                <StopPointInJourneyPattern order="5" id="OST:StopPointInJourneyPattern:195_Outbound_211210121982920_5_211210121975025" version="271">
                  <ScheduledStopPointRef ref="OST:ScheduledStopPoint:1065990_1" />
                </StopPointInJourneyPattern>
                <StopPointInJourneyPattern order="10" id="OST:StopPointInJourneyPattern:195_Outbound_211210121982920_10_211210121975025" version="271">
                  <ForBoarding>false</ForBoarding>
                  <ScheduledStopPointRef ref="OST:ScheduledStopPoint:1065953_2" />
                </StopPointInJourneyPattern>
                <StopPointInJourneyPattern order="3" id="OST:StopPointInJourneyPattern:195_Outbound_211210121982920_3_211210121975025" version="271">
                  <ScheduledStopPointRef ref="OST:ScheduledStopPoint:1065980_1" />
                </StopPointInJourneyPattern>
                <StopPointInJourneyPattern order="8" id="OST:StopPointInJourneyPattern:195_Outbound_211210121982920_8_211210121975025" version="271">
                  <ScheduledStopPointRef ref="OST:ScheduledStopPoint:1065945_1" />
                </StopPointInJourneyPattern>
                <StopPointInJourneyPattern order="7" id="OST:StopPointInJourneyPattern:195_Outbound_211210121982920_7_211210121975025" version="271">
                  <ScheduledStopPointRef ref="OST:ScheduledStopPoint:1066000_1" />
                </StopPointInJourneyPattern>
                <StopPointInJourneyPattern order="4" id="OST:StopPointInJourneyPattern:195_Outbound_211210121982920_4_211210121975025" version="271">
                  <ScheduledStopPointRef ref="OST:ScheduledStopPoint:1065985_2" />
                </StopPointInJourneyPattern>
                <StopPointInJourneyPattern order="1" id="OST:StopPointInJourneyPattern:195_Outbound_211210121982920_1_211210121975025" version="271">
                  <ForAlighting>false</ForAlighting>
                  <DestinationDisplayRef ref="OST:DestinationDisplay:298" />
                  <ScheduledStopPointRef ref="OST:ScheduledStopPoint:1065925_2" />
                </StopPointInJourneyPattern>
                <StopPointInJourneyPattern order="2" id="OST:StopPointInJourneyPattern:195_Outbound_211210121982920_2_211210121975025" version="271">
                  <ScheduledStopPointRef ref="OST:ScheduledStopPoint:1065920_2" />
                </StopPointInJourneyPattern>
                <StopPointInJourneyPattern order="9" id="OST:StopPointInJourneyPattern:195_Outbound_211210121982920_9_211210121975025" version="271">
                  <ScheduledStopPointRef ref="OST:ScheduledStopPoint:1065950_1" />
                </StopPointInJourneyPattern>
                <StopPointInJourneyPattern order="6" id="OST:StopPointInJourneyPattern:195_Outbound_211210121982920_6_211210121975025" version="271">
                  <ScheduledStopPointRef ref="OST:ScheduledStopPoint:1065995_1" />
                </StopPointInJourneyPattern>
              </pointsInSequence>
              <linksInSequence>
                <ServiceLinkInJourneyPattern order="3" id="OST:ServiceLinkInJourneyPattern:7431658" version="271">
                  <ServiceLinkRef ref="OST:ServiceLink:200811072687018_1_200811072687025_2_387" />
                </ServiceLinkInJourneyPattern>
                <ServiceLinkInJourneyPattern order="8" id="OST:ServiceLinkInJourneyPattern:7431666" version="271">
                  <ServiceLinkRef ref="OST:ServiceLink:200811072686980_1_200811072686985_1_387" />
                </ServiceLinkInJourneyPattern>
                <ServiceLinkInJourneyPattern order="7" id="OST:ServiceLinkInJourneyPattern:7431664" version="271">
                  <ServiceLinkRef ref="OST:ServiceLink:200811072687038_1_200811072686980_1_793" />
                </ServiceLinkInJourneyPattern>
                <ServiceLinkInJourneyPattern order="2" id="OST:ServiceLinkInJourneyPattern:7431656" version="271">
                  <ServiceLinkRef ref="OST:ServiceLink:200811072686954_2_200811072687018_1_1371" />
                </ServiceLinkInJourneyPattern>
                <ServiceLinkInJourneyPattern order="5" id="OST:ServiceLinkInJourneyPattern:7431662" version="271">
                  <ServiceLinkRef ref="OST:ServiceLink:200811072687028_1_200811072687033_1_417" />
                </ServiceLinkInJourneyPattern>
                <ServiceLinkInJourneyPattern order="9" id="OST:ServiceLinkInJourneyPattern:7431667" version="271">
                  <ServiceLinkRef ref="OST:ServiceLink:200811072686985_1_200811072686990_2_372" />
                </ServiceLinkInJourneyPattern>
                <ServiceLinkInJourneyPattern order="1" id="OST:ServiceLinkInJourneyPattern:7431655" version="271">
                  <ServiceLinkRef ref="OST:ServiceLink:200811072686959_2_200811072686954_2_337" />
                </ServiceLinkInJourneyPattern>
                <ServiceLinkInJourneyPattern order="6" id="OST:ServiceLinkInJourneyPattern:7431663" version="271">
                  <ServiceLinkRef ref="OST:ServiceLink:200811072687033_1_200811072687038_1_742" />
                </ServiceLinkInJourneyPattern>
                <ServiceLinkInJourneyPattern order="4" id="OST:ServiceLinkInJourneyPattern:7431660" version="271">
                  <ServiceLinkRef ref="OST:ServiceLink:200811072687025_2_200811072687028_1_628" />
                </ServiceLinkInJourneyPattern>
              </linksInSequence>
            </JourneyPattern>
          </journeyPatterns>
        </ServiceFrame>
        <TimetableFrame id="1216042624" version="1">
          <vehicleJourneys>
            <ServiceJourney id="OST:ServiceJourney:195_211210122070743_1" publication="public" version="271">
              <Name>Lunde skole</Name>
              <PrivateCode>1</PrivateCode>
              <dayTypes>
                <DayTypeRef ref="OST:DayType:121" />
              </dayTypes>
              <JourneyPatternRef ref="OST:JourneyPattern:195_Outbound_211210121982920_211210121975025" version="271" />
              <LineRef ref="OST:Line:1_195" version="271" />
              <OperatorRef ref="OST:Operator:152" />
              <passingTimes>
                <TimetabledPassingTime id="OST:TimetabledPassingTime:211210122070743_2_07_45_00" version="271">
                  <DepartureTime>07:45:00</DepartureTime>
                  <StopPointInJourneyPatternRef ref="OST:StopPointInJourneyPattern:195_Outbound_211210121982920_2_211210121975025" version="271" />
                </TimetabledPassingTime>
                <TimetabledPassingTime id="OST:TimetabledPassingTime:211210122070743_1_07_45_00" version="271">
                  <DepartureTime>07:45:00</DepartureTime>
                  <StopPointInJourneyPatternRef ref="OST:StopPointInJourneyPattern:195_Outbound_211210121982920_1_211210121975025" version="271" />
                </TimetabledPassingTime>
                <TimetabledPassingTime id="OST:TimetabledPassingTime:211210122070743_3_07_47_00" version="271">
                  <DepartureTime>07:47:00</DepartureTime>
                  <StopPointInJourneyPatternRef ref="OST:StopPointInJourneyPattern:195_Outbound_211210121982920_3_211210121975025" version="271" />
                </TimetabledPassingTime>
                <TimetabledPassingTime id="OST:TimetabledPassingTime:211210122070743_4_07_48_00" version="271">
                  <DepartureTime>07:48:00</DepartureTime>
                  <StopPointInJourneyPatternRef ref="OST:StopPointInJourneyPattern:195_Outbound_211210121982920_4_211210121975025" version="271" />
                </TimetabledPassingTime>
                <TimetabledPassingTime id="OST:TimetabledPassingTime:211210122070743_5_07_49_00" version="271">
                  <DepartureTime>07:49:00</DepartureTime>
                  <StopPointInJourneyPatternRef ref="OST:StopPointInJourneyPattern:195_Outbound_211210121982920_5_211210121975025" version="271" />
                </TimetabledPassingTime>
                <TimetabledPassingTime id="OST:TimetabledPassingTime:211210122070743_6_07_50_00" version="271">
                  <DepartureTime>07:50:00</DepartureTime>
                  <StopPointInJourneyPatternRef ref="OST:StopPointInJourneyPattern:195_Outbound_211210121982920_6_211210121975025" version="271" />
                </TimetabledPassingTime>
                <TimetabledPassingTime id="OST:TimetabledPassingTime:211210122070743_7_07_53_00" version="271">
                  <DepartureTime>07:53:00</DepartureTime>
                  <StopPointInJourneyPatternRef ref="OST:StopPointInJourneyPattern:195_Outbound_211210121982920_7_211210121975025" version="271" />
                </TimetabledPassingTime>
                <TimetabledPassingTime id="OST:TimetabledPassingTime:211210122070743_8_07_56_00" version="271">
                  <DepartureTime>07:56:00</DepartureTime>
                  <StopPointInJourneyPatternRef ref="OST:StopPointInJourneyPattern:195_Outbound_211210121982920_8_211210121975025" version="271" />
                </TimetabledPassingTime>
                <TimetabledPassingTime id="OST:TimetabledPassingTime:211210122070743_9_07_58_00" version="271">
                  <DepartureTime>07:58:00</DepartureTime>
                  <StopPointInJourneyPatternRef ref="OST:StopPointInJourneyPattern:195_Outbound_211210121982920_9_211210121975025" version="271" />
                </TimetabledPassingTime>
                <TimetabledPassingTime id="OST:TimetabledPassingTime:211210122070743_10_08_00_00" version="271">
                  <ArrivalTime>08:00:00</ArrivalTime>
                  <StopPointInJourneyPatternRef ref="OST:StopPointInJourneyPattern:195_Outbound_211210121982920_10_211210121975025" version="271" />
                </TimetabledPassingTime>
              </passingTimes>
            </ServiceJourney>
            <ServiceJourney id="OST:ServiceJourney:195_211210122070745_4" publication="public" version="271">
              <Name>Alshus-Domkirken</Name>
              <PrivateCode>4</PrivateCode>
              <dayTypes>
                <DayTypeRef ref="OST:DayType:121" />
              </dayTypes>
              <JourneyPatternRef ref="OST:JourneyPattern:195_Inbound_211210121982923_211210121975025" version="271" />
              <LineRef ref="OST:Line:1_195" version="271" />
              <OperatorRef ref="OST:Operator:152" />
              <passingTimes>
                <TimetabledPassingTime id="OST:TimetabledPassingTime:211210122070745_1_13_15_00" version="271">
                  <DepartureTime>13:15:00</DepartureTime>
                  <StopPointInJourneyPatternRef ref="OST:StopPointInJourneyPattern:195_Inbound_211210121982923_1_211210121975025" version="271" />
                </TimetabledPassingTime>
                <TimetabledPassingTime id="OST:TimetabledPassingTime:211210122070745_2_13_15_00" version="271">
                  <DepartureTime>13:15:00</DepartureTime>
                  <StopPointInJourneyPatternRef ref="OST:StopPointInJourneyPattern:195_Inbound_211210121982923_2_211210121975025" version="271" />
                </TimetabledPassingTime>
                <TimetabledPassingTime id="OST:TimetabledPassingTime:211210122070745_3_13_16_00" version="271">
                  <DepartureTime>13:16:00</DepartureTime>
                  <StopPointInJourneyPatternRef ref="OST:StopPointInJourneyPattern:195_Inbound_211210121982923_3_211210121975025" version="271" />
                </TimetabledPassingTime>
                <TimetabledPassingTime id="OST:TimetabledPassingTime:211210122070745_5_13_17_00" version="271">
                  <DepartureTime>13:17:00</DepartureTime>
                  <StopPointInJourneyPatternRef ref="OST:StopPointInJourneyPattern:195_Inbound_211210121982923_5_211210121975025" version="271" />
                </TimetabledPassingTime>
                <TimetabledPassingTime id="OST:TimetabledPassingTime:211210122070745_4_13_17_00" version="271">
                  <DepartureTime>13:17:00</DepartureTime>
                  <StopPointInJourneyPatternRef ref="OST:StopPointInJourneyPattern:195_Inbound_211210121982923_4_211210121975025" version="271" />
                </TimetabledPassingTime>
                <TimetabledPassingTime id="OST:TimetabledPassingTime:211210122070745_7_13_18_00" version="271">
                  <DepartureTime>13:18:00</DepartureTime>
                  <StopPointInJourneyPatternRef ref="OST:StopPointInJourneyPattern:195_Inbound_211210121982923_7_211210121975025" version="271" />
                </TimetabledPassingTime>
                <TimetabledPassingTime id="OST:TimetabledPassingTime:211210122070745_6_13_18_00" version="271">
                  <DepartureTime>13:18:00</DepartureTime>
                  <StopPointInJourneyPatternRef ref="OST:StopPointInJourneyPattern:195_Inbound_211210121982923_6_211210121975025" version="271" />
                </TimetabledPassingTime>
                <TimetabledPassingTime id="OST:TimetabledPassingTime:211210122070745_8_13_20_00" version="271">
                  <DepartureTime>13:20:00</DepartureTime>
                  <StopPointInJourneyPatternRef ref="OST:StopPointInJourneyPattern:195_Inbound_211210121982923_8_211210121975025" version="271" />
                </TimetabledPassingTime>
                <TimetabledPassingTime id="OST:TimetabledPassingTime:211210122070745_9_13_21_00" version="271">
                  <DepartureTime>13:21:00</DepartureTime>
                  <StopPointInJourneyPatternRef ref="OST:StopPointInJourneyPattern:195_Inbound_211210121982923_9_211210121975025" version="271" />
                </TimetabledPassingTime>
                <TimetabledPassingTime id="OST:TimetabledPassingTime:211210122070745_10_13_24_00" version="271">
                  <DepartureTime>13:24:00</DepartureTime>
                  <StopPointInJourneyPatternRef ref="OST:StopPointInJourneyPattern:195_Inbound_211210121982923_10_211210121975025" version="271" />
                </TimetabledPassingTime>
                <TimetabledPassingTime id="OST:TimetabledPassingTime:211210122070745_12_13_25_00" version="271">
                  <DepartureTime>13:25:00</DepartureTime>
                  <StopPointInJourneyPatternRef ref="OST:StopPointInJourneyPattern:195_Inbound_211210121982923_12_211210121975025" version="271" />
                </TimetabledPassingTime>
                <TimetabledPassingTime id="OST:TimetabledPassingTime:211210122070745_11_13_25_00" version="271">
                  <DepartureTime>13:25:00</DepartureTime>
                  <StopPointInJourneyPatternRef ref="OST:StopPointInJourneyPattern:195_Inbound_211210121982923_11_211210121975025" version="271" />
                </TimetabledPassingTime>
                <TimetabledPassingTime id="OST:TimetabledPassingTime:211210122070745_13_13_27_00" version="271">
                  <DepartureTime>13:27:00</DepartureTime>
                  <StopPointInJourneyPatternRef ref="OST:StopPointInJourneyPattern:195_Inbound_211210121982923_13_211210121975025" version="271" />
                </TimetabledPassingTime>
                <TimetabledPassingTime id="OST:TimetabledPassingTime:211210122070745_14_13_27_00" version="271">
                  <DepartureTime>13:27:00</DepartureTime>
                  <StopPointInJourneyPatternRef ref="OST:StopPointInJourneyPattern:195_Inbound_211210121982923_14_211210121975025" version="271" />
                </TimetabledPassingTime>
                <TimetabledPassingTime id="OST:TimetabledPassingTime:211210122070745_16_13_28_00" version="271">
                  <DepartureTime>13:28:00</DepartureTime>
                  <StopPointInJourneyPatternRef ref="OST:StopPointInJourneyPattern:195_Inbound_211210121982923_16_211210121975025" version="271" />
                </TimetabledPassingTime>
                <TimetabledPassingTime id="OST:TimetabledPassingTime:211210122070745_15_13_28_00" version="271">
                  <DepartureTime>13:28:00</DepartureTime>
                  <StopPointInJourneyPatternRef ref="OST:StopPointInJourneyPattern:195_Inbound_211210121982923_15_211210121975025" version="271" />
                </TimetabledPassingTime>
                <TimetabledPassingTime id="OST:TimetabledPassingTime:211210122070745_17_13_29_00" version="271">
                  <DepartureTime>13:29:00</DepartureTime>
                  <StopPointInJourneyPatternRef ref="OST:StopPointInJourneyPattern:195_Inbound_211210121982923_17_211210121975025" version="271" />
                </TimetabledPassingTime>
                <TimetabledPassingTime id="OST:TimetabledPassingTime:211210122070745_18_13_30_00" version="271">
                  <DepartureTime>13:30:00</DepartureTime>
                  <StopPointInJourneyPatternRef ref="OST:StopPointInJourneyPattern:195_Inbound_211210121982923_18_211210121975025" version="271" />
                </TimetabledPassingTime>
                <TimetabledPassingTime id="OST:TimetabledPassingTime:211210122070745_19_13_31_00" version="271">
                  <ArrivalTime>13:31:00</ArrivalTime>
                  <StopPointInJourneyPatternRef ref="OST:StopPointInJourneyPattern:195_Inbound_211210121982923_19_211210121975025" version="271" />
                </TimetabledPassingTime>
              </passingTimes>
            </ServiceJourney>
            <ServiceJourney id="OST:ServiceJourney:195_211210122070744_2" publication="public" version="271">
              <Name>Tangen</Name>
              <PrivateCode>2</PrivateCode>
              <dayTypes>
                <DayTypeRef ref="OST:DayType:121" />
              </dayTypes>
              <JourneyPatternRef ref="OST:JourneyPattern:195_Inbound_211210121982921_211210121975025" version="271" />
              <LineRef ref="OST:Line:1_195" version="271" />
              <OperatorRef ref="OST:Operator:152" />
              <passingTimes>
                <TimetabledPassingTime id="OST:TimetabledPassingTime:211210122070744_1_12_55_00" version="271">
                  <DepartureTime>12:55:00</DepartureTime>
                  <StopPointInJourneyPatternRef ref="OST:StopPointInJourneyPattern:195_Inbound_211210121982921_1_211210121975025" version="271" />
                </TimetabledPassingTime>
                <TimetabledPassingTime id="OST:TimetabledPassingTime:211210122070744_2_12_55_00" version="271">
                  <DepartureTime>12:55:00</DepartureTime>
                  <StopPointInJourneyPatternRef ref="OST:StopPointInJourneyPattern:195_Inbound_211210121982921_2_211210121975025" version="271" />
                </TimetabledPassingTime>
                <TimetabledPassingTime id="OST:TimetabledPassingTime:211210122070744_3_12_56_00" version="271">
                  <DepartureTime>12:56:00</DepartureTime>
                  <StopPointInJourneyPatternRef ref="OST:StopPointInJourneyPattern:195_Inbound_211210121982921_3_211210121975025" version="271" />
                </TimetabledPassingTime>
                <TimetabledPassingTime id="OST:TimetabledPassingTime:211210122070744_4_12_57_00" version="271">
                  <DepartureTime>12:57:00</DepartureTime>
                  <StopPointInJourneyPatternRef ref="OST:StopPointInJourneyPattern:195_Inbound_211210121982921_4_211210121975025" version="271" />
                </TimetabledPassingTime>
                <TimetabledPassingTime id="OST:TimetabledPassingTime:211210122070744_5_12_59_00" version="271">
                  <DepartureTime>12:59:00</DepartureTime>
                  <StopPointInJourneyPatternRef ref="OST:StopPointInJourneyPattern:195_Inbound_211210121982921_5_211210121975025" version="271" />
                </TimetabledPassingTime>
                <TimetabledPassingTime id="OST:TimetabledPassingTime:211210122070744_6_13_00_00" version="271">
                  <DepartureTime>13:00:00</DepartureTime>
                  <StopPointInJourneyPatternRef ref="OST:StopPointInJourneyPattern:195_Inbound_211210121982921_6_211210121975025" version="271" />
                </TimetabledPassingTime>
                <TimetabledPassingTime id="OST:TimetabledPassingTime:211210122070744_7_13_01_00" version="271">
                  <DepartureTime>13:01:00</DepartureTime>
                  <StopPointInJourneyPatternRef ref="OST:StopPointInJourneyPattern:195_Inbound_211210121982921_7_211210121975025" version="271" />
                </TimetabledPassingTime>
                <TimetabledPassingTime id="OST:TimetabledPassingTime:211210122070744_8_13_02_00" version="271">
                  <DepartureTime>13:02:00</DepartureTime>
                  <StopPointInJourneyPatternRef ref="OST:StopPointInJourneyPattern:195_Inbound_211210121982921_8_211210121975025" version="271" />
                </TimetabledPassingTime>
                <TimetabledPassingTime id="OST:TimetabledPassingTime:211210122070744_9_13_03_00" version="271">
                  <DepartureTime>13:03:00</DepartureTime>
                  <StopPointInJourneyPatternRef ref="OST:StopPointInJourneyPattern:195_Inbound_211210121982921_9_211210121975025" version="271" />
                </TimetabledPassingTime>
                <TimetabledPassingTime id="OST:TimetabledPassingTime:211210122070744_10_13_05_00" version="271">
                  <DepartureTime>13:05:00</DepartureTime>
                  <StopPointInJourneyPatternRef ref="OST:StopPointInJourneyPattern:195_Inbound_211210121982921_10_211210121975025" version="271" />
                </TimetabledPassingTime>
                <TimetabledPassingTime id="OST:TimetabledPassingTime:211210122070744_11_13_07_00" version="271">
                  <DepartureTime>13:07:00</DepartureTime>
                  <StopPointInJourneyPatternRef ref="OST:StopPointInJourneyPattern:195_Inbound_211210121982921_11_211210121975025" version="271" />
                </TimetabledPassingTime>
                <TimetabledPassingTime id="OST:TimetabledPassingTime:211210122070744_12_13_08_00" version="271">
                  <DepartureTime>13:08:00</DepartureTime>
                  <StopPointInJourneyPatternRef ref="OST:StopPointInJourneyPattern:195_Inbound_211210121982921_12_211210121975025" version="271" />
                </TimetabledPassingTime>
                <TimetabledPassingTime id="OST:TimetabledPassingTime:211210122070744_13_13_10_00" version="271">
                  <ArrivalTime>13:10:00</ArrivalTime>
                  <StopPointInJourneyPatternRef ref="OST:StopPointInJourneyPattern:195_Inbound_211210121982921_13_211210121975025" version="271" />
                </TimetabledPassingTime>
              </passingTimes>
            </ServiceJourney>
            <ServiceJourney id="OST:ServiceJourney:195_211210122070746_6" publication="public" version="271">
              <Name>Tangen-Domkirken</Name>
              <PrivateCode>6</PrivateCode>
              <dayTypes>
                <DayTypeRef ref="OST:DayType:121" />
              </dayTypes>
              <JourneyPatternRef ref="OST:JourneyPattern:195_Inbound_211210121982922_211210121975025" version="271" />
              <LineRef ref="OST:Line:1_195" version="271" />
              <OperatorRef ref="OST:Operator:152" />
              <passingTimes>
                <TimetabledPassingTime id="OST:TimetabledPassingTime:211210122070746_1_13_51_00" version="271">
                  <DepartureTime>13:51:00</DepartureTime>
                  <StopPointInJourneyPatternRef ref="OST:StopPointInJourneyPattern:195_Inbound_211210121982922_1_211210121975025" version="271" />
                </TimetabledPassingTime>
                <TimetabledPassingTime id="OST:TimetabledPassingTime:211210122070746_2_13_52_00" version="271">
                  <DepartureTime>13:52:00</DepartureTime>
                  <StopPointInJourneyPatternRef ref="OST:StopPointInJourneyPattern:195_Inbound_211210121982922_2_211210121975025" version="271" />
                </TimetabledPassingTime>
                <TimetabledPassingTime id="OST:TimetabledPassingTime:211210122070746_3_13_53_00" version="271">
                  <DepartureTime>13:53:00</DepartureTime>
                  <StopPointInJourneyPatternRef ref="OST:StopPointInJourneyPattern:195_Inbound_211210121982922_3_211210121975025" version="271" />
                </TimetabledPassingTime>
                <TimetabledPassingTime id="OST:TimetabledPassingTime:211210122070746_4_13_55_00" version="271">
                  <DepartureTime>13:55:00</DepartureTime>
                  <StopPointInJourneyPatternRef ref="OST:StopPointInJourneyPattern:195_Inbound_211210121982922_4_211210121975025" version="271" />
                </TimetabledPassingTime>
                <TimetabledPassingTime id="OST:TimetabledPassingTime:211210122070746_5_13_56_00" version="271">
                  <DepartureTime>13:56:00</DepartureTime>
                  <StopPointInJourneyPatternRef ref="OST:StopPointInJourneyPattern:195_Inbound_211210121982922_5_211210121975025" version="271" />
                </TimetabledPassingTime>
                <TimetabledPassingTime id="OST:TimetabledPassingTime:211210122070746_6_13_57_00" version="271">
                  <DepartureTime>13:57:00</DepartureTime>
                  <StopPointInJourneyPatternRef ref="OST:StopPointInJourneyPattern:195_Inbound_211210121982922_6_211210121975025" version="271" />
                </TimetabledPassingTime>
                <TimetabledPassingTime id="OST:TimetabledPassingTime:211210122070746_7_13_57_00" version="271">
                  <DepartureTime>13:57:00</DepartureTime>
                  <StopPointInJourneyPatternRef ref="OST:StopPointInJourneyPattern:195_Inbound_211210121982922_7_211210121975025" version="271" />
                </TimetabledPassingTime>
                <TimetabledPassingTime id="OST:TimetabledPassingTime:211210122070746_8_13_58_00" version="271">
                  <DepartureTime>13:58:00</DepartureTime>
                  <StopPointInJourneyPatternRef ref="OST:StopPointInJourneyPattern:195_Inbound_211210121982922_8_211210121975025" version="271" />
                </TimetabledPassingTime>
                <TimetabledPassingTime id="OST:TimetabledPassingTime:211210122070746_9_13_59_00" version="271">
                  <DepartureTime>13:59:00</DepartureTime>
                  <StopPointInJourneyPatternRef ref="OST:StopPointInJourneyPattern:195_Inbound_211210121982922_9_211210121975025" version="271" />
                </TimetabledPassingTime>
                <TimetabledPassingTime id="OST:TimetabledPassingTime:211210122070746_11_14_01_00" version="271">
                  <DepartureTime>14:01:00</DepartureTime>
                  <StopPointInJourneyPatternRef ref="OST:StopPointInJourneyPattern:195_Inbound_211210121982922_11_211210121975025" version="271" />
                </TimetabledPassingTime>
                <TimetabledPassingTime id="OST:TimetabledPassingTime:211210122070746_10_14_01_00" version="271">
                  <DepartureTime>14:01:00</DepartureTime>
                  <StopPointInJourneyPatternRef ref="OST:StopPointInJourneyPattern:195_Inbound_211210121982922_10_211210121975025" version="271" />
                </TimetabledPassingTime>
                <TimetabledPassingTime id="OST:TimetabledPassingTime:211210122070746_12_14_02_00" version="271">
                  <DepartureTime>14:02:00</DepartureTime>
                  <StopPointInJourneyPatternRef ref="OST:StopPointInJourneyPattern:195_Inbound_211210121982922_12_211210121975025" version="271" />
                </TimetabledPassingTime>
                <TimetabledPassingTime id="OST:TimetabledPassingTime:211210122070746_14_14_03_00" version="271">
                  <DepartureTime>14:03:00</DepartureTime>
                  <StopPointInJourneyPatternRef ref="OST:StopPointInJourneyPattern:195_Inbound_211210121982922_14_211210121975025" version="271" />
                </TimetabledPassingTime>
                <TimetabledPassingTime id="OST:TimetabledPassingTime:211210122070746_13_14_03_00" version="271">
                  <DepartureTime>14:03:00</DepartureTime>
                  <StopPointInJourneyPatternRef ref="OST:StopPointInJourneyPattern:195_Inbound_211210121982922_13_211210121975025" version="271" />
                </TimetabledPassingTime>
                <TimetabledPassingTime id="OST:TimetabledPassingTime:211210122070746_15_14_04_00" version="271">
                  <DepartureTime>14:04:00</DepartureTime>
                  <StopPointInJourneyPatternRef ref="OST:StopPointInJourneyPattern:195_Inbound_211210121982922_15_211210121975025" version="271" />
                </TimetabledPassingTime>
                <TimetabledPassingTime id="OST:TimetabledPassingTime:211210122070746_16_14_04_00" version="271">
                  <DepartureTime>14:04:00</DepartureTime>
                  <StopPointInJourneyPatternRef ref="OST:StopPointInJourneyPattern:195_Inbound_211210121982922_16_211210121975025" version="271" />
                </TimetabledPassingTime>
                <TimetabledPassingTime id="OST:TimetabledPassingTime:211210122070746_17_14_06_00" version="271">
                  <DepartureTime>14:06:00</DepartureTime>
                  <StopPointInJourneyPatternRef ref="OST:StopPointInJourneyPattern:195_Inbound_211210121982922_17_211210121975025" version="271" />
                </TimetabledPassingTime>
                <TimetabledPassingTime id="OST:TimetabledPassingTime:211210122070746_18_14_07_00" version="271">
                  <DepartureTime>14:07:00</DepartureTime>
                  <StopPointInJourneyPatternRef ref="OST:StopPointInJourneyPattern:195_Inbound_211210121982922_18_211210121975025" version="271" />
                </TimetabledPassingTime>
                <TimetabledPassingTime id="OST:TimetabledPassingTime:211210122070746_19_14_10_00" version="271">
                  <DepartureTime>14:10:00</DepartureTime>
                  <StopPointInJourneyPatternRef ref="OST:StopPointInJourneyPattern:195_Inbound_211210121982922_19_211210121975025" version="271" />
                </TimetabledPassingTime>
                <TimetabledPassingTime id="OST:TimetabledPassingTime:211210122070746_20_14_11_00" version="271">
                  <DepartureTime>14:11:00</DepartureTime>
                  <StopPointInJourneyPatternRef ref="OST:StopPointInJourneyPattern:195_Inbound_211210121982922_20_211210121975025" version="271" />
                </TimetabledPassingTime>
                <TimetabledPassingTime id="OST:TimetabledPassingTime:211210122070746_21_14_11_00" version="271">
                  <DepartureTime>14:11:00</DepartureTime>
                  <StopPointInJourneyPatternRef ref="OST:StopPointInJourneyPattern:195_Inbound_211210121982922_21_211210121975025" version="271" />
                </TimetabledPassingTime>
                <TimetabledPassingTime id="OST:TimetabledPassingTime:211210122070746_22_14_13_00" version="271">
                  <DepartureTime>14:13:00</DepartureTime>
                  <StopPointInJourneyPatternRef ref="OST:StopPointInJourneyPattern:195_Inbound_211210121982922_22_211210121975025" version="271" />
                </TimetabledPassingTime>
                <TimetabledPassingTime id="OST:TimetabledPassingTime:211210122070746_23_14_13_00" version="271">
                  <DepartureTime>14:13:00</DepartureTime>
                  <StopPointInJourneyPatternRef ref="OST:StopPointInJourneyPattern:195_Inbound_211210121982922_23_211210121975025" version="271" />
                </TimetabledPassingTime>
                <TimetabledPassingTime id="OST:TimetabledPassingTime:211210122070746_24_14_14_00" version="271">
                  <DepartureTime>14:14:00</DepartureTime>
                  <StopPointInJourneyPatternRef ref="OST:StopPointInJourneyPattern:195_Inbound_211210121982922_24_211210121975025" version="271" />
                </TimetabledPassingTime>
                <TimetabledPassingTime id="OST:TimetabledPassingTime:211210122070746_25_14_14_00" version="271">
                  <DepartureTime>14:14:00</DepartureTime>
                  <StopPointInJourneyPatternRef ref="OST:StopPointInJourneyPattern:195_Inbound_211210121982922_25_211210121975025" version="271" />
                </TimetabledPassingTime>
                <TimetabledPassingTime id="OST:TimetabledPassingTime:211210122070746_26_14_15_00" version="271">
                  <DepartureTime>14:15:00</DepartureTime>
                  <StopPointInJourneyPatternRef ref="OST:StopPointInJourneyPattern:195_Inbound_211210121982922_26_211210121975025" version="271" />
                </TimetabledPassingTime>
                <TimetabledPassingTime id="OST:TimetabledPassingTime:211210122070746_27_14_16_00" version="271">
                  <DepartureTime>14:16:00</DepartureTime>
                  <StopPointInJourneyPatternRef ref="OST:StopPointInJourneyPattern:195_Inbound_211210121982922_27_211210121975025" version="271" />
                </TimetabledPassingTime>
                <TimetabledPassingTime id="OST:TimetabledPassingTime:211210122070746_28_14_17_00" version="271">
                  <ArrivalTime>14:17:00</ArrivalTime>
                  <StopPointInJourneyPatternRef ref="OST:StopPointInJourneyPattern:195_Inbound_211210121982922_28_211210121975025" version="271" />
                </TimetabledPassingTime>
              </passingTimes>
            </ServiceJourney>
          </vehicleJourneys>
        </TimetableFrame>
      </frames>
    </CompositeFrame>
  </dataObjects>
</PublicationDelivery>
