<?xml version="1.0" encoding="UTF-8"?>
<PublicationDelivery xmlns="http://www.netex.org.uk/netex" xmlns:gis="http://www.opengis.net/gml/3.2" xmlns:siri="http://www.siri.org.uk/siri" version="1.13:NO-NeTEx-networktimetable:1.3">
  <PublicationTimestamp>2022-05-26T00:05:35.012</PublicationTimestamp>
  <ParticipantRef>RB</ParticipantRef>
  <Description>Åsgård-Trømborg-Mysen</Description>
  <dataObjects>
    <CompositeFrame created="2022-04-08T10:32:34.29" id="1179360590" version="1">
      <validityConditions>
        <AvailabilityCondition id="309163593" version="1">
          <FromDate>2022-05-23T00:00:00</FromDate>
          <ToDate>2023-05-25T00:00:00</ToDate>
        </AvailabilityCondition>
      </validityConditions>
      <codespaces>
        <Codespace id="ost">
          <Xmlns>OST</Xmlns>
          <XmlnsUrl>http://www.rutebanken.org/ns/ost</XmlnsUrl>
        </Codespace>
        <Codespace id="nsr">
          <Xmlns>NSR</Xmlns>
          <XmlnsUrl>http://www.rutebanken.org/ns/nsr</XmlnsUrl>
        </Codespace>
      </codespaces>
      <FrameDefaults>
        <DefaultLocale>
          <TimeZone>Europe/Oslo</TimeZone>
          <DefaultLanguage>no</DefaultLanguage>
        </DefaultLocale>
      </FrameDefaults>
      <frames>
        <ServiceFrame id="104279828" version="1">
          <routes>
            <Route id="OST:Route:413_Inbound_211210121983212_211210121975025" version="271">
              <Name>2-2</Name>
              <ShortName>2-2</ShortName>
              <LineRef ref="OST:Line:1_413" version="271" />
              <DirectionType>outbound</DirectionType>
              <pointsInSequence>
                <PointOnRoute id="OST:PointOnRoute:7449867" order="7" version="271">
                  <RoutePointRef ref="OST:RoutePoint:1254480_2" />
                </PointOnRoute>
                <PointOnRoute id="OST:PointOnRoute:7449864" order="4" version="271">
                  <RoutePointRef ref="OST:RoutePoint:1254500_2" />
                </PointOnRoute>
                <PointOnRoute id="OST:PointOnRoute:7449871" order="11" version="271">
                  <RoutePointRef ref="OST:RoutePoint:1254460_2" />
                </PointOnRoute>
                <PointOnRoute id="OST:PointOnRoute:7449876" order="16" version="271">
                  <RoutePointRef ref="OST:RoutePoint:1253145_2" />
                </PointOnRoute>
                <PointOnRoute id="OST:PointOnRoute:7449869" order="9" version="271">
                  <RoutePointRef ref="OST:RoutePoint:1254470_2" />
                </PointOnRoute>
                <PointOnRoute id="OST:PointOnRoute:7449866" order="6" version="271">
                  <RoutePointRef ref="OST:RoutePoint:1254485_2" />
                </PointOnRoute>
                <PointOnRoute id="OST:PointOnRoute:7449875" order="15" version="271">
                  <RoutePointRef ref="OST:RoutePoint:1253160_2" />
                </PointOnRoute>
                <PointOnRoute id="OST:PointOnRoute:7449861" order="1" version="271">
                  <RoutePointRef ref="OST:RoutePoint:1253145_2" />
                </PointOnRoute>
                <PointOnRoute id="OST:PointOnRoute:7449863" order="3" version="271">
                  <RoutePointRef ref="OST:RoutePoint:1257731_2" />
                </PointOnRoute>
                <PointOnRoute id="OST:PointOnRoute:7449870" order="10" version="271">
                  <RoutePointRef ref="OST:RoutePoint:1254465_2" />
                </PointOnRoute>
                <PointOnRoute id="OST:PointOnRoute:7449868" order="8" version="271">
                  <RoutePointRef ref="OST:RoutePoint:1254475_2" />
                </PointOnRoute>
                <PointOnRoute id="OST:PointOnRoute:7449865" order="5" version="271">
                  <RoutePointRef ref="OST:RoutePoint:1254490_2" />
                </PointOnRoute>
                <PointOnRoute id="OST:PointOnRoute:7449862" order="2" version="271">
                  <RoutePointRef ref="OST:RoutePoint:1253150_2" />
                </PointOnRoute>
                <PointOnRoute id="OST:PointOnRoute:7449872" order="12" version="271">
                  <RoutePointRef ref="OST:RoutePoint:1253146_1" />
                </PointOnRoute>
                <PointOnRoute id="OST:PointOnRoute:7449874" order="14" version="271">
                  <RoutePointRef ref="OST:RoutePoint:1254500_1" />
                </PointOnRoute>
                <PointOnRoute id="OST:PointOnRoute:7449873" order="13" version="271">
                  <RoutePointRef ref="OST:RoutePoint:1257590_1" />
                </PointOnRoute>
              </pointsInSequence>
            </Route>
            <Route id="OST:Route:413_Outbound_211210121983211_211210121975025" version="271">
              <Name>1-1</Name>
              <ShortName>1-1</ShortName>
              <LineRef ref="OST:Line:1_413" version="271" />
              <DirectionType>inbound</DirectionType>
              <pointsInSequence>
                <PointOnRoute id="OST:PointOnRoute:7449860" order="21" version="271">
                  <RoutePointRef ref="OST:RoutePoint:1257720_2" />
                </PointOnRoute>
                <PointOnRoute id="OST:PointOnRoute:7449853" order="14" version="271">
                  <RoutePointRef ref="OST:RoutePoint:1254480_1" />
                </PointOnRoute>
                <PointOnRoute id="OST:PointOnRoute:7449845" order="6" version="271">
                  <RoutePointRef ref="OST:RoutePoint:1257585_2" />
                </PointOnRoute>
                <PointOnRoute id="OST:PointOnRoute:7449843" order="4" version="271">
                  <RoutePointRef ref="OST:RoutePoint:1254500_2" />
                </PointOnRoute>
                <PointOnRoute id="OST:PointOnRoute:7449856" order="17" version="271">
                  <RoutePointRef ref="OST:RoutePoint:1254500_1" />
                </PointOnRoute>
                <PointOnRoute id="OST:PointOnRoute:7449854" order="15" version="271">
                  <RoutePointRef ref="OST:RoutePoint:1254485_1" />
                </PointOnRoute>
                <PointOnRoute id="OST:PointOnRoute:7449844" order="5" version="271">
                  <RoutePointRef ref="OST:RoutePoint:1257590_2" />
                </PointOnRoute>
                <PointOnRoute id="OST:PointOnRoute:7449842" order="3" version="271">
                  <RoutePointRef ref="OST:RoutePoint:1257731_2" />
                </PointOnRoute>
                <PointOnRoute id="OST:PointOnRoute:7449849" order="10" version="271">
                  <RoutePointRef ref="OST:RoutePoint:1254461_1" />
                </PointOnRoute>
                <PointOnRoute id="OST:PointOnRoute:7449855" order="16" version="271">
                  <RoutePointRef ref="OST:RoutePoint:1254490_1" />
                </PointOnRoute>
                <PointOnRoute id="OST:PointOnRoute:7449841" order="2" version="271">
                  <RoutePointRef ref="OST:RoutePoint:1253150_2" />
                </PointOnRoute>
                <PointOnRoute id="OST:PointOnRoute:7449847" order="8" version="271">
                  <RoutePointRef ref="OST:RoutePoint:1257585_1" />
                </PointOnRoute>
                <PointOnRoute id="OST:PointOnRoute:7449852" order="13" version="271">
                  <RoutePointRef ref="OST:RoutePoint:1254475_1" />
                </PointOnRoute>
                <PointOnRoute id="OST:PointOnRoute:7449858" order="19" version="271">
                  <RoutePointRef ref="OST:RoutePoint:1253166_1" />
                </PointOnRoute>
                <PointOnRoute id="OST:PointOnRoute:7449850" order="11" version="271">
                  <RoutePointRef ref="OST:RoutePoint:1254460_1" />
                </PointOnRoute>
                <PointOnRoute id="OST:PointOnRoute:7449848" order="9" version="271">
                  <RoutePointRef ref="OST:RoutePoint:1253146_1" />
                </PointOnRoute>
                <PointOnRoute id="OST:PointOnRoute:7449840" order="1" version="271">
                  <RoutePointRef ref="OST:RoutePoint:1253145_2" />
                </PointOnRoute>
                <PointOnRoute id="OST:PointOnRoute:7449846" order="7" version="271">
                  <RoutePointRef ref="OST:RoutePoint:1257580_3" />
                </PointOnRoute>
                <PointOnRoute id="OST:PointOnRoute:7449859" order="20" version="271">
                  <RoutePointRef ref="OST:RoutePoint:1253145_2" />
                </PointOnRoute>
                <PointOnRoute id="OST:PointOnRoute:7449851" order="12" version="271">
                  <RoutePointRef ref="OST:RoutePoint:1254470_1" />
                </PointOnRoute>
                <PointOnRoute id="OST:PointOnRoute:7449857" order="18" version="271">
                  <RoutePointRef ref="OST:RoutePoint:1253160_2" />
                </PointOnRoute>
              </pointsInSequence>
            </Route>
          </routes>
          <lines>
            <Line id="OST:Line:1_413" version="271">
              <Name>Åsgård-Trømborg-Mysen</Name>
              <TransportMode>bus</TransportMode>
              <TransportSubmode>
                <BusSubmode>localBus</BusSubmode>
              </TransportSubmode>
              <PublicCode>413</PublicCode>
              <PrivateCode>413</PrivateCode>
              <OperatorRef ref="OST:Operator:152" />
              <RepresentedByGroupRef ref="OST:GroupOfLines:bus_1" />
            </Line>
          </lines>
          <journeyPatterns>
            <JourneyPattern id="OST:JourneyPattern:413_Inbound_211210121983212_211210121975025" version="271">
              <Name>2-2</Name>
              <RouteRef ref="OST:Route:413_Inbound_211210121983212_211210121975025" version="271" />
              <pointsInSequence>
                <StopPointInJourneyPattern order="6" id="OST:StopPointInJourneyPattern:413_Inbound_211210121983212_6_211210121975025" version="271">
                  <ScheduledStopPointRef ref="OST:ScheduledStopPoint:1254485_2" />
                </StopPointInJourneyPattern>
                <StopPointInJourneyPattern order="1" id="OST:StopPointInJourneyPattern:413_Inbound_211210121983212_1_211210121975025" version="271">
                  <ForAlighting>false</ForAlighting>
                  <DestinationDisplayRef ref="OST:DestinationDisplay:597" />
                  <ScheduledStopPointRef ref="OST:ScheduledStopPoint:1253145_2" />
                </StopPointInJourneyPattern>
                <StopPointInJourneyPattern order="8" id="OST:StopPointInJourneyPattern:413_Inbound_211210121983212_8_211210121975025" version="271">
                  <ScheduledStopPointRef ref="OST:ScheduledStopPoint:1254475_2" />
                </StopPointInJourneyPattern>
                <StopPointInJourneyPattern order="13" id="OST:StopPointInJourneyPattern:413_Inbound_211210121983212_13_211210121975025" version="271">
                  <ScheduledStopPointRef ref="OST:ScheduledStopPoint:1257590_1" />
                </StopPointInJourneyPattern>
                <StopPointInJourneyPattern order="4" id="OST:StopPointInJourneyPattern:413_Inbound_211210121983212_4_211210121975025" version="271">
                  <ScheduledStopPointRef ref="OST:ScheduledStopPoint:1254500_2" />
                </StopPointInJourneyPattern>
                <StopPointInJourneyPattern order="9" id="OST:StopPointInJourneyPattern:413_Inbound_211210121983212_9_211210121975025" version="271">
                  <ScheduledStopPointRef ref="OST:ScheduledStopPoint:1254470_2" />
                </StopPointInJourneyPattern>
                <StopPointInJourneyPattern order="5" id="OST:StopPointInJourneyPattern:413_Inbound_211210121983212_5_211210121975025" version="271">
                  <ScheduledStopPointRef ref="OST:ScheduledStopPoint:1254490_2" />
                </StopPointInJourneyPattern>
                <StopPointInJourneyPattern order="7" id="OST:StopPointInJourneyPattern:413_Inbound_211210121983212_7_211210121975025" version="271">
                  <ScheduledStopPointRef ref="OST:ScheduledStopPoint:1254480_2" />
                </StopPointInJourneyPattern>
                <StopPointInJourneyPattern order="14" id="OST:StopPointInJourneyPattern:413_Inbound_211210121983212_14_211210121975025" version="271">
                  <ScheduledStopPointRef ref="OST:ScheduledStopPoint:1254500_1" />
                </StopPointInJourneyPattern>
                <StopPointInJourneyPattern order="11" id="OST:StopPointInJourneyPattern:413_Inbound_211210121983212_11_211210121975025" version="271">
                  <DestinationDisplayRef ref="OST:DestinationDisplay:324" />
                  <ScheduledStopPointRef ref="OST:ScheduledStopPoint:1254460_2" />
                </StopPointInJourneyPattern>
                <StopPointInJourneyPattern order="2" id="OST:StopPointInJourneyPattern:413_Inbound_211210121983212_2_211210121975025" version="271">
                  <ScheduledStopPointRef ref="OST:ScheduledStopPoint:1253150_2" />
                </StopPointInJourneyPattern>
                <StopPointInJourneyPattern order="12" id="OST:StopPointInJourneyPattern:413_Inbound_211210121983212_12_211210121975025" version="271">
                  <ScheduledStopPointRef ref="OST:ScheduledStopPoint:1253146_1" />
                </StopPointInJourneyPattern>
                <StopPointInJourneyPattern order="3" id="OST:StopPointInJourneyPattern:413_Inbound_211210121983212_3_211210121975025" version="271">
                  <ScheduledStopPointRef ref="OST:ScheduledStopPoint:1257731_2" />
                </StopPointInJourneyPattern>
                <StopPointInJourneyPattern order="10" id="OST:StopPointInJourneyPattern:413_Inbound_211210121983212_10_211210121975025" version="271">
                  <ScheduledStopPointRef ref="OST:ScheduledStopPoint:1254465_2" />
                </StopPointInJourneyPattern>
                <StopPointInJourneyPattern order="16" id="OST:StopPointInJourneyPattern:413_Inbound_211210121983212_16_211210121975025" version="271">
                  <ForBoarding>false</ForBoarding>
                  <ScheduledStopPointRef ref="OST:ScheduledStopPoint:1253145_2" />
                </StopPointInJourneyPattern>
                <StopPointInJourneyPattern order="15" id="OST:StopPointInJourneyPattern:413_Inbound_211210121983212_15_211210121975025" version="271">
                  <ScheduledStopPointRef ref="OST:ScheduledStopPoint:1253160_2" />
                </StopPointInJourneyPattern>
              </pointsInSequence>
              <linksInSequence>
                <ServiceLinkInJourneyPattern order="14" id="OST:ServiceLinkInJourneyPattern:7449928" version="271">
                  <ServiceLinkRef ref="OST:ServiceLink:200811072689889_1_200811072689784_2_758" />
                </ServiceLinkInJourneyPattern>
                <ServiceLinkInJourneyPattern order="3" id="OST:ServiceLinkInJourneyPattern:7449907" version="271">
                  <ServiceLinkRef ref="OST:ServiceLink:200811072690029_2_200811072689891_2_700" />
                </ServiceLinkInJourneyPattern>
                <ServiceLinkInJourneyPattern order="8" id="OST:ServiceLinkInJourneyPattern:7449916" version="271">
                  <ServiceLinkRef ref="OST:ServiceLink:200811072689871_2_200811072689866_2_565" />
                </ServiceLinkInJourneyPattern>
                <ServiceLinkInJourneyPattern order="4" id="OST:ServiceLinkInJourneyPattern:7449908" version="271">
                  <ServiceLinkRef ref="OST:ServiceLink:200811072689891_2_200811072689886_2_476" />
                </ServiceLinkInJourneyPattern>
                <ServiceLinkInJourneyPattern order="11" id="OST:ServiceLinkInJourneyPattern:7449922" version="271">
                  <ServiceLinkRef ref="OST:ServiceLink:200811072689853_2_200811072689778_1_5183" />
                </ServiceLinkInJourneyPattern>
                <ServiceLinkInJourneyPattern order="5" id="OST:ServiceLinkInJourneyPattern:7449910" version="271">
                  <ServiceLinkRef ref="OST:ServiceLink:200811072689886_2_200811072689881_2_2055" />
                </ServiceLinkInJourneyPattern>
                <ServiceLinkInJourneyPattern order="15" id="OST:ServiceLinkInJourneyPattern:7449929" version="271">
                  <ServiceLinkRef ref="OST:ServiceLink:200811072689784_2_200811072689773_2_708" />
                </ServiceLinkInJourneyPattern>
                <ServiceLinkInJourneyPattern order="1" id="OST:ServiceLinkInJourneyPattern:7449905" version="271">
                  <ServiceLinkRef ref="OST:ServiceLink:200811072689773_2_200811072689781_2_619" />
                </ServiceLinkInJourneyPattern>
                <ServiceLinkInJourneyPattern order="12" id="OST:ServiceLinkInJourneyPattern:7449924" version="271">
                  <ServiceLinkRef ref="OST:ServiceLink:200811072689778_1_200811072689931_1_1963" />
                </ServiceLinkInJourneyPattern>
                <ServiceLinkInJourneyPattern order="10" id="OST:ServiceLinkInJourneyPattern:7449920" version="271">
                  <ServiceLinkRef ref="OST:ServiceLink:200811072689861_2_200811072689853_2_567" />
                </ServiceLinkInJourneyPattern>
                <ServiceLinkInJourneyPattern order="9" id="OST:ServiceLinkInJourneyPattern:7449918" version="271">
                  <ServiceLinkRef ref="OST:ServiceLink:200811072689866_2_200811072689861_2_375" />
                </ServiceLinkInJourneyPattern>
                <ServiceLinkInJourneyPattern order="13" id="OST:ServiceLinkInJourneyPattern:7449926" version="271">
                  <ServiceLinkRef ref="OST:ServiceLink:200811072689931_1_200811072689889_1_689" />
                </ServiceLinkInJourneyPattern>
                <ServiceLinkInJourneyPattern order="2" id="OST:ServiceLinkInJourneyPattern:7449906" version="271">
                  <ServiceLinkRef ref="OST:ServiceLink:200811072689781_2_200811072690029_2_272" />
                </ServiceLinkInJourneyPattern>
                <ServiceLinkInJourneyPattern order="6" id="OST:ServiceLinkInJourneyPattern:7449912" version="271">
                  <ServiceLinkRef ref="OST:ServiceLink:200811072689881_2_200811072689876_2_980" />
                </ServiceLinkInJourneyPattern>
                <ServiceLinkInJourneyPattern order="7" id="OST:ServiceLinkInJourneyPattern:7449914" version="271">
                  <ServiceLinkRef ref="OST:ServiceLink:200811072689876_2_200811072689871_2_634" />
                </ServiceLinkInJourneyPattern>
              </linksInSequence>
            </JourneyPattern>
            <JourneyPattern id="OST:JourneyPattern:413_Outbound_211210121983211_211210121975025" version="271">
              <Name>1-1</Name>
              <RouteRef ref="OST:Route:413_Outbound_211210121983211_211210121975025" version="271" />
              <pointsInSequence>
                <StopPointInJourneyPattern order="15" id="OST:StopPointInJourneyPattern:413_Outbound_211210121983211_15_211210121975025" version="271">
                  <ScheduledStopPointRef ref="OST:ScheduledStopPoint:1254485_1" />
                </StopPointInJourneyPattern>
                <StopPointInJourneyPattern order="1" id="OST:StopPointInJourneyPattern:413_Outbound_211210121983211_1_211210121975025" version="271">
                  <ForAlighting>false</ForAlighting>
                  <DestinationDisplayRef ref="OST:DestinationDisplay:597" />
                  <ScheduledStopPointRef ref="OST:ScheduledStopPoint:1253145_2" />
                </StopPointInJourneyPattern>
                <StopPointInJourneyPattern order="11" id="OST:StopPointInJourneyPattern:413_Outbound_211210121983211_11_211210121975025" version="271">
                  <ScheduledStopPointRef ref="OST:ScheduledStopPoint:1254460_1" />
                </StopPointInJourneyPattern>
                <StopPointInJourneyPattern order="14" id="OST:StopPointInJourneyPattern:413_Outbound_211210121983211_14_211210121975025" version="271">
                  <ScheduledStopPointRef ref="OST:ScheduledStopPoint:1254480_1" />
                </StopPointInJourneyPattern>
                <StopPointInJourneyPattern order="18" id="OST:StopPointInJourneyPattern:413_Outbound_211210121983211_18_211210121975025" version="271">
                  <ScheduledStopPointRef ref="OST:ScheduledStopPoint:1253160_2" />
                </StopPointInJourneyPattern>
                <StopPointInJourneyPattern order="6" id="OST:StopPointInJourneyPattern:413_Outbound_211210121983211_6_211210121975025" version="271">
                  <ScheduledStopPointRef ref="OST:ScheduledStopPoint:1257585_2" />
                </StopPointInJourneyPattern>
                <StopPointInJourneyPattern order="13" id="OST:StopPointInJourneyPattern:413_Outbound_211210121983211_13_211210121975025" version="271">
                  <ScheduledStopPointRef ref="OST:ScheduledStopPoint:1254475_1" />
                </StopPointInJourneyPattern>
                <StopPointInJourneyPattern order="19" id="OST:StopPointInJourneyPattern:413_Outbound_211210121983211_19_211210121975025" version="271">
                  <ScheduledStopPointRef ref="OST:ScheduledStopPoint:1253166_1" />
                </StopPointInJourneyPattern>
                <StopPointInJourneyPattern order="2" id="OST:StopPointInJourneyPattern:413_Outbound_211210121983211_2_211210121975025" version="271">
                  <ScheduledStopPointRef ref="OST:ScheduledStopPoint:1253150_2" />
                </StopPointInJourneyPattern>
                <StopPointInJourneyPattern order="16" id="OST:StopPointInJourneyPattern:413_Outbound_211210121983211_16_211210121975025" version="271">
                  <ScheduledStopPointRef ref="OST:ScheduledStopPoint:1254490_1" />
                </StopPointInJourneyPattern>
                <StopPointInJourneyPattern order="9" id="OST:StopPointInJourneyPattern:413_Outbound_211210121983211_9_211210121975025" version="271">
                  <ScheduledStopPointRef ref="OST:ScheduledStopPoint:1253146_1" />
                </StopPointInJourneyPattern>
                <StopPointInJourneyPattern order="4" id="OST:StopPointInJourneyPattern:413_Outbound_211210121983211_4_211210121975025" version="271">
                  <ScheduledStopPointRef ref="OST:ScheduledStopPoint:1254500_2" />
                </StopPointInJourneyPattern>
                <StopPointInJourneyPattern order="5" id="OST:StopPointInJourneyPattern:413_Outbound_211210121983211_5_211210121975025" version="271">
                  <ScheduledStopPointRef ref="OST:ScheduledStopPoint:1257590_2" />
                </StopPointInJourneyPattern>
                <StopPointInJourneyPattern order="20" id="OST:StopPointInJourneyPattern:413_Outbound_211210121983211_20_211210121975025" version="271">
                  <ScheduledStopPointRef ref="OST:ScheduledStopPoint:1253145_2" />
                </StopPointInJourneyPattern>
                <StopPointInJourneyPattern order="8" id="OST:StopPointInJourneyPattern:413_Outbound_211210121983211_8_211210121975025" version="271">
                  <ScheduledStopPointRef ref="OST:ScheduledStopPoint:1257585_1" />
                </StopPointInJourneyPattern>
                <StopPointInJourneyPattern order="12" id="OST:StopPointInJourneyPattern:413_Outbound_211210121983211_12_211210121975025" version="271">
                  <ScheduledStopPointRef ref="OST:ScheduledStopPoint:1254470_1" />
                </StopPointInJourneyPattern>
                <StopPointInJourneyPattern order="7" id="OST:StopPointInJourneyPattern:413_Outbound_211210121983211_7_211210121975025" version="271">
                  <ScheduledStopPointRef ref="OST:ScheduledStopPoint:1257580_3" />
                </StopPointInJourneyPattern>
                <StopPointInJourneyPattern order="10" id="OST:StopPointInJourneyPattern:413_Outbound_211210121983211_10_211210121975025" version="271">
                  <ScheduledStopPointRef ref="OST:ScheduledStopPoint:1254461_1" />
                </StopPointInJourneyPattern>
                <StopPointInJourneyPattern order="3" id="OST:StopPointInJourneyPattern:413_Outbound_211210121983211_3_211210121975025" version="271">
                  <ScheduledStopPointRef ref="OST:ScheduledStopPoint:1257731_2" />
                </StopPointInJourneyPattern>
                <StopPointInJourneyPattern order="17" id="OST:StopPointInJourneyPattern:413_Outbound_211210121983211_17_211210121975025" version="271">
                  <ScheduledStopPointRef ref="OST:ScheduledStopPoint:1254500_1" />
                </StopPointInJourneyPattern>
                <StopPointInJourneyPattern order="21" id="OST:StopPointInJourneyPattern:413_Outbound_211210121983211_21_211210121975025" version="271">
                  <ForBoarding>false</ForBoarding>
                  <ScheduledStopPointRef ref="OST:ScheduledStopPoint:1257720_2" />
                </StopPointInJourneyPattern>
              </pointsInSequence>
              <linksInSequence>
                <ServiceLinkInJourneyPattern order="2" id="OST:ServiceLinkInJourneyPattern:7449878" version="271">
                  <ServiceLinkRef ref="OST:ServiceLink:200811072689781_2_200811072690029_2_272" />
                </ServiceLinkInJourneyPattern>
                <ServiceLinkInJourneyPattern order="19" id="OST:ServiceLinkInJourneyPattern:7449902" version="271">
                  <ServiceLinkRef ref="OST:ServiceLink:200811072689794_1_200811072689773_2_189" />
                </ServiceLinkInJourneyPattern>
                <ServiceLinkInJourneyPattern order="5" id="OST:ServiceLinkInJourneyPattern:7449882" version="271">
                  <ServiceLinkRef ref="OST:ServiceLink:200811072689933_2_200811072689926_2_510" />
                </ServiceLinkInJourneyPattern>
                <ServiceLinkInJourneyPattern order="12" id="OST:ServiceLinkInJourneyPattern:7449895" version="271">
                  <ServiceLinkRef ref="OST:ServiceLink:200811072689864_1_200811072689869_1_434" />
                </ServiceLinkInJourneyPattern>
                <ServiceLinkInJourneyPattern order="20" id="OST:ServiceLinkInJourneyPattern:7449903" version="271">
                  <ServiceLinkRef ref="OST:ServiceLink:200811072689773_2_200811072690024_2_975" />
                </ServiceLinkInJourneyPattern>
                <ServiceLinkInJourneyPattern order="8" id="OST:ServiceLinkInJourneyPattern:7449888" version="271">
                  <ServiceLinkRef ref="OST:ServiceLink:200811072689928_1_200811072689778_1_2418" />
                </ServiceLinkInJourneyPattern>
                <ServiceLinkInJourneyPattern order="10" id="OST:ServiceLinkInJourneyPattern:7449891" version="271">
                  <ServiceLinkRef ref="OST:ServiceLink:200811072689856_1_200811072689851_1_227" />
                </ServiceLinkInJourneyPattern>
                <ServiceLinkInJourneyPattern order="9" id="OST:ServiceLinkInJourneyPattern:7449890" version="271">
                  <ServiceLinkRef ref="OST:ServiceLink:200811072689778_1_200811072689856_1_5119" />
                </ServiceLinkInJourneyPattern>
                <ServiceLinkInJourneyPattern order="6" id="OST:ServiceLinkInJourneyPattern:7449884" version="271">
                  <ServiceLinkRef ref="OST:ServiceLink:200811072689926_2_200811072689909_3_368" />
                </ServiceLinkInJourneyPattern>
                <ServiceLinkInJourneyPattern order="14" id="OST:ServiceLinkInJourneyPattern:7449897" version="271">
                  <ServiceLinkRef ref="OST:ServiceLink:200811072689874_1_200811072689879_1_997" />
                </ServiceLinkInJourneyPattern>
                <ServiceLinkInJourneyPattern order="1" id="OST:ServiceLinkInJourneyPattern:7449877" version="271">
                  <ServiceLinkRef ref="OST:ServiceLink:200811072689773_2_200811072689781_2_619" />
                </ServiceLinkInJourneyPattern>
                <ServiceLinkInJourneyPattern order="13" id="OST:ServiceLinkInJourneyPattern:7449896" version="271">
                  <ServiceLinkRef ref="OST:ServiceLink:200811072689869_1_200811072689874_1_756" />
                </ServiceLinkInJourneyPattern>
                <ServiceLinkInJourneyPattern order="17" id="OST:ServiceLinkInJourneyPattern:7449900" version="271">
                  <ServiceLinkRef ref="OST:ServiceLink:200811072689889_1_200811072689784_2_758" />
                </ServiceLinkInJourneyPattern>
                <ServiceLinkInJourneyPattern order="4" id="OST:ServiceLinkInJourneyPattern:7449880" version="271">
                  <ServiceLinkRef ref="OST:ServiceLink:200811072689891_2_200811072689933_2_767" />
                </ServiceLinkInJourneyPattern>
                <ServiceLinkInJourneyPattern order="11" id="OST:ServiceLinkInJourneyPattern:7449893" version="271">
                  <ServiceLinkRef ref="OST:ServiceLink:200811072689851_1_200811072689864_1_999" />
                </ServiceLinkInJourneyPattern>
                <ServiceLinkInJourneyPattern order="18" id="OST:ServiceLinkInJourneyPattern:7449901" version="271">
                  <ServiceLinkRef ref="OST:ServiceLink:200811072689784_2_200811072689794_1_504" />
                </ServiceLinkInJourneyPattern>
                <ServiceLinkInJourneyPattern order="7" id="OST:ServiceLinkInJourneyPattern:7449886" version="271">
                  <ServiceLinkRef ref="OST:ServiceLink:200811072689909_3_200811072689928_1_420" />
                </ServiceLinkInJourneyPattern>
                <ServiceLinkInJourneyPattern order="16" id="OST:ServiceLinkInJourneyPattern:7449899" version="271">
                  <ServiceLinkRef ref="OST:ServiceLink:200811072689884_1_200811072689889_1_503" />
                </ServiceLinkInJourneyPattern>
                <ServiceLinkInJourneyPattern order="3" id="OST:ServiceLinkInJourneyPattern:7449879" version="271">
                  <ServiceLinkRef ref="OST:ServiceLink:200811072690029_2_200811072689891_2_700" />
                </ServiceLinkInJourneyPattern>
                <ServiceLinkInJourneyPattern order="15" id="OST:ServiceLinkInJourneyPattern:7449898" version="271">
                  <ServiceLinkRef ref="OST:ServiceLink:200811072689879_1_200811072689884_1_2008" />
                </ServiceLinkInJourneyPattern>
              </linksInSequence>
            </JourneyPattern>
          </journeyPatterns>
        </ServiceFrame>
        <TimetableFrame id="2139976434" version="1">
          <vehicleJourneys>
            <ServiceJourney id="OST:ServiceJourney:413_211210122072244_1" publication="public" version="271">
              <Name>Åsgård-Mysen</Name>
              <PrivateCode>1</PrivateCode>
              <dayTypes>
                <DayTypeRef ref="OST:DayType:121" />
              </dayTypes>
              <JourneyPatternRef ref="OST:JourneyPattern:413_Outbound_211210121983211_211210121975025" version="271" />
              <LineRef ref="OST:Line:1_413" version="271" />
              <OperatorRef ref="OST:Operator:152" />
              <passingTimes>
                <TimetabledPassingTime id="OST:TimetabledPassingTime:211210122072244_2_07_45_00" version="271">
                  <DepartureTime>07:45:00</DepartureTime>
                  <StopPointInJourneyPatternRef ref="OST:StopPointInJourneyPattern:413_Outbound_211210121983211_2_211210121975025" version="271" />
                </TimetabledPassingTime>
                <TimetabledPassingTime id="OST:TimetabledPassingTime:211210122072244_1_07_45_00" version="271">
                  <DepartureTime>07:45:00</DepartureTime>
                  <StopPointInJourneyPatternRef ref="OST:StopPointInJourneyPattern:413_Outbound_211210121983211_1_211210121975025" version="271" />
                </TimetabledPassingTime>
                <TimetabledPassingTime id="OST:TimetabledPassingTime:211210122072244_3_07_46_00" version="271">
                  <DepartureTime>07:46:00</DepartureTime>
                  <StopPointInJourneyPatternRef ref="OST:StopPointInJourneyPattern:413_Outbound_211210121983211_3_211210121975025" version="271" />
                </TimetabledPassingTime>
                <TimetabledPassingTime id="OST:TimetabledPassingTime:211210122072244_5_07_47_00" version="271">
                  <DepartureTime>07:47:00</DepartureTime>
                  <StopPointInJourneyPatternRef ref="OST:StopPointInJourneyPattern:413_Outbound_211210121983211_5_211210121975025" version="271" />
                </TimetabledPassingTime>
                <TimetabledPassingTime id="OST:TimetabledPassingTime:211210122072244_4_07_47_00" version="271">
                  <DepartureTime>07:47:00</DepartureTime>
                  <StopPointInJourneyPatternRef ref="OST:StopPointInJourneyPattern:413_Outbound_211210121983211_4_211210121975025" version="271" />
                </TimetabledPassingTime>
                <TimetabledPassingTime id="OST:TimetabledPassingTime:211210122072244_6_07_48_00" version="271">
                  <DepartureTime>07:48:00</DepartureTime>
                  <StopPointInJourneyPatternRef ref="OST:StopPointInJourneyPattern:413_Outbound_211210121983211_6_211210121975025" version="271" />
                </TimetabledPassingTime>
                <TimetabledPassingTime id="OST:TimetabledPassingTime:211210122072244_7_07_51_00" version="271">
                  <DepartureTime>07:51:00</DepartureTime>
                  <StopPointInJourneyPatternRef ref="OST:StopPointInJourneyPattern:413_Outbound_211210121983211_7_211210121975025" version="271" />
                </TimetabledPassingTime>
                <TimetabledPassingTime id="OST:TimetabledPassingTime:211210122072244_8_07_52_00" version="271">
                  <DepartureTime>07:52:00</DepartureTime>
                  <StopPointInJourneyPatternRef ref="OST:StopPointInJourneyPattern:413_Outbound_211210121983211_8_211210121975025" version="271" />
                </TimetabledPassingTime>
                <TimetabledPassingTime id="OST:TimetabledPassingTime:211210122072244_9_07_58_00" version="271">
                  <DepartureTime>07:58:00</DepartureTime>
                  <StopPointInJourneyPatternRef ref="OST:StopPointInJourneyPattern:413_Outbound_211210121983211_9_211210121975025" version="271" />
                </TimetabledPassingTime>
                <TimetabledPassingTime id="OST:TimetabledPassingTime:211210122072244_10_08_06_00" version="271">
                  <DepartureTime>08:06:00</DepartureTime>
                  <StopPointInJourneyPatternRef ref="OST:StopPointInJourneyPattern:413_Outbound_211210121983211_10_211210121975025" version="271" />
                </TimetabledPassingTime>
                <TimetabledPassingTime id="OST:TimetabledPassingTime:211210122072244_11_08_07_00" version="271">
                  <DepartureTime>08:07:00</DepartureTime>
                  <StopPointInJourneyPatternRef ref="OST:StopPointInJourneyPattern:413_Outbound_211210121983211_11_211210121975025" version="271" />
                </TimetabledPassingTime>
                <TimetabledPassingTime id="OST:TimetabledPassingTime:211210122072244_12_08_08_00" version="271">
                  <DepartureTime>08:08:00</DepartureTime>
                  <StopPointInJourneyPatternRef ref="OST:StopPointInJourneyPattern:413_Outbound_211210121983211_12_211210121975025" version="271" />
                </TimetabledPassingTime>
                <TimetabledPassingTime id="OST:TimetabledPassingTime:211210122072244_14_08_09_00" version="271">
                  <DepartureTime>08:09:00</DepartureTime>
                  <StopPointInJourneyPatternRef ref="OST:StopPointInJourneyPattern:413_Outbound_211210121983211_14_211210121975025" version="271" />
                </TimetabledPassingTime>
                <TimetabledPassingTime id="OST:TimetabledPassingTime:211210122072244_13_08_09_00" version="271">
                  <DepartureTime>08:09:00</DepartureTime>
                  <StopPointInJourneyPatternRef ref="OST:StopPointInJourneyPattern:413_Outbound_211210121983211_13_211210121975025" version="271" />
                </TimetabledPassingTime>
                <TimetabledPassingTime id="OST:TimetabledPassingTime:211210122072244_15_08_10_00" version="271">
                  <DepartureTime>08:10:00</DepartureTime>
                  <StopPointInJourneyPatternRef ref="OST:StopPointInJourneyPattern:413_Outbound_211210121983211_15_211210121975025" version="271" />
                </TimetabledPassingTime>
                <TimetabledPassingTime id="OST:TimetabledPassingTime:211210122072244_16_08_12_00" version="271">
                  <DepartureTime>08:12:00</DepartureTime>
                  <StopPointInJourneyPatternRef ref="OST:StopPointInJourneyPattern:413_Outbound_211210121983211_16_211210121975025" version="271" />
                </TimetabledPassingTime>
                <TimetabledPassingTime id="OST:TimetabledPassingTime:211210122072244_17_08_13_00" version="271">
                  <DepartureTime>08:13:00</DepartureTime>
                  <StopPointInJourneyPatternRef ref="OST:StopPointInJourneyPattern:413_Outbound_211210121983211_17_211210121975025" version="271" />
                </TimetabledPassingTime>
                <TimetabledPassingTime id="OST:TimetabledPassingTime:211210122072244_18_08_14_00" version="271">
                  <DepartureTime>08:14:00</DepartureTime>
                  <StopPointInJourneyPatternRef ref="OST:StopPointInJourneyPattern:413_Outbound_211210121983211_18_211210121975025" version="271" />
                </TimetabledPassingTime>
                <TimetabledPassingTime id="OST:TimetabledPassingTime:211210122072244_19_08_15_00" version="271">
                  <DepartureTime>08:15:00</DepartureTime>
                  <StopPointInJourneyPatternRef ref="OST:StopPointInJourneyPattern:413_Outbound_211210121983211_19_211210121975025" version="271" />
                </TimetabledPassingTime>
                <TimetabledPassingTime id="OST:TimetabledPassingTime:211210122072244_20_08_16_00" version="271">
                  <DepartureTime>08:16:00</DepartureTime>
                  <StopPointInJourneyPatternRef ref="OST:StopPointInJourneyPattern:413_Outbound_211210121983211_20_211210121975025" version="271" />
                </TimetabledPassingTime>
                <TimetabledPassingTime id="OST:TimetabledPassingTime:211210122072244_21_08_20_00" version="271">
                  <ArrivalTime>08:20:00</ArrivalTime>
                  <StopPointInJourneyPatternRef ref="OST:StopPointInJourneyPattern:413_Outbound_211210121983211_21_211210121975025" version="271" />
                </TimetabledPassingTime>
              </passingTimes>
            </ServiceJourney>
            <ServiceJourney id="OST:ServiceJourney:413_211210122072246_4" publication="public" version="271">
              <Name>Åsgård-Mysen</Name>
              <PrivateCode>4</PrivateCode>
              <dayTypes>
                <DayTypeRef ref="OST:DayType:123" />
              </dayTypes>
              <JourneyPatternRef ref="OST:JourneyPattern:413_Inbound_211210121983212_211210121975025" version="271" />
              <LineRef ref="OST:Line:1_413" version="271" />
              <OperatorRef ref="OST:Operator:152" />
              <passingTimes>
                <TimetabledPassingTime id="OST:TimetabledPassingTime:211210122072246_1_14_35_00" version="271">
                  <DepartureTime>14:35:00</DepartureTime>
                  <StopPointInJourneyPatternRef ref="OST:StopPointInJourneyPattern:413_Inbound_211210121983212_1_211210121975025" version="271" />
                </TimetabledPassingTime>
                <TimetabledPassingTime id="OST:TimetabledPassingTime:211210122072246_2_14_35_00" version="271">
                  <DepartureTime>14:35:00</DepartureTime>
                  <StopPointInJourneyPatternRef ref="OST:StopPointInJourneyPattern:413_Inbound_211210121983212_2_211210121975025" version="271" />
                </TimetabledPassingTime>
                <TimetabledPassingTime id="OST:TimetabledPassingTime:211210122072246_3_14_36_00" version="271">
                  <DepartureTime>14:36:00</DepartureTime>
                  <StopPointInJourneyPatternRef ref="OST:StopPointInJourneyPattern:413_Inbound_211210121983212_3_211210121975025" version="271" />
                </TimetabledPassingTime>
                <TimetabledPassingTime id="OST:TimetabledPassingTime:211210122072246_5_14_37_00" version="271">
                  <DepartureTime>14:37:00</DepartureTime>
                  <StopPointInJourneyPatternRef ref="OST:StopPointInJourneyPattern:413_Inbound_211210121983212_5_211210121975025" version="271" />
                </TimetabledPassingTime>
                <TimetabledPassingTime id="OST:TimetabledPassingTime:211210122072246_4_14_37_00" version="271">
                  <DepartureTime>14:37:00</DepartureTime>
                  <StopPointInJourneyPatternRef ref="OST:StopPointInJourneyPattern:413_Inbound_211210121983212_4_211210121975025" version="271" />
                </TimetabledPassingTime>
                <TimetabledPassingTime id="OST:TimetabledPassingTime:211210122072246_6_14_40_00" version="271">
                  <DepartureTime>14:40:00</DepartureTime>
                  <StopPointInJourneyPatternRef ref="OST:StopPointInJourneyPattern:413_Inbound_211210121983212_6_211210121975025" version="271" />
                </TimetabledPassingTime>
                <TimetabledPassingTime id="OST:TimetabledPassingTime:211210122072246_8_14_42_00" version="271">
                  <DepartureTime>14:42:00</DepartureTime>
                  <StopPointInJourneyPatternRef ref="OST:StopPointInJourneyPattern:413_Inbound_211210121983212_8_211210121975025" version="271" />
                </TimetabledPassingTime>
                <TimetabledPassingTime id="OST:TimetabledPassingTime:211210122072246_7_14_42_00" version="271">
                  <DepartureTime>14:42:00</DepartureTime>
                  <StopPointInJourneyPatternRef ref="OST:StopPointInJourneyPattern:413_Inbound_211210121983212_7_211210121975025" version="271" />
                </TimetabledPassingTime>
                <TimetabledPassingTime id="OST:TimetabledPassingTime:211210122072246_9_14_43_00" version="271">
                  <DepartureTime>14:43:00</DepartureTime>
                  <StopPointInJourneyPatternRef ref="OST:StopPointInJourneyPattern:413_Inbound_211210121983212_9_211210121975025" version="271" />
                </TimetabledPassingTime>
                <TimetabledPassingTime id="OST:TimetabledPassingTime:211210122072246_10_14_44_00" version="271">
                  <DepartureTime>14:44:00</DepartureTime>
                  <StopPointInJourneyPatternRef ref="OST:StopPointInJourneyPattern:413_Inbound_211210121983212_10_211210121975025" version="271" />
                </TimetabledPassingTime>
                <TimetabledPassingTime id="OST:TimetabledPassingTime:211210122072246_11_14_45_00" version="271">
                  <DepartureTime>14:45:00</DepartureTime>
                  <StopPointInJourneyPatternRef ref="OST:StopPointInJourneyPattern:413_Inbound_211210121983212_11_211210121975025" version="271" />
                </TimetabledPassingTime>
                <TimetabledPassingTime id="OST:TimetabledPassingTime:211210122072246_12_14_50_00" version="271">
                  <DepartureTime>14:50:00</DepartureTime>
                  <StopPointInJourneyPatternRef ref="OST:StopPointInJourneyPattern:413_Inbound_211210121983212_12_211210121975025" version="271" />
                </TimetabledPassingTime>
                <TimetabledPassingTime id="OST:TimetabledPassingTime:211210122072246_13_14_54_00" version="271">
                  <DepartureTime>14:54:00</DepartureTime>
                  <StopPointInJourneyPatternRef ref="OST:StopPointInJourneyPattern:413_Inbound_211210121983212_13_211210121975025" version="271" />
                </TimetabledPassingTime>
                <TimetabledPassingTime id="OST:TimetabledPassingTime:211210122072246_14_14_56_00" version="271">
                  <DepartureTime>14:56:00</DepartureTime>
                  <StopPointInJourneyPatternRef ref="OST:StopPointInJourneyPattern:413_Inbound_211210121983212_14_211210121975025" version="271" />
                </TimetabledPassingTime>
                <TimetabledPassingTime id="OST:TimetabledPassingTime:211210122072246_15_14_58_00" version="271">
                  <DepartureTime>14:58:00</DepartureTime>
                  <StopPointInJourneyPatternRef ref="OST:StopPointInJourneyPattern:413_Inbound_211210121983212_15_211210121975025" version="271" />
                </TimetabledPassingTime>
                <TimetabledPassingTime id="OST:TimetabledPassingTime:211210122072246_16_15_05_00" version="271">
                  <ArrivalTime>15:05:00</ArrivalTime>
                  <StopPointInJourneyPatternRef ref="OST:StopPointInJourneyPattern:413_Inbound_211210121983212_16_211210121975025" version="271" />
                </TimetabledPassingTime>
              </passingTimes>
            </ServiceJourney>
            <ServiceJourney id="OST:ServiceJourney:413_211210122072245_2" publication="public" version="271">
              <Name>Åsgård-Mysen</Name>
              <PrivateCode>2</PrivateCode>
              <dayTypes>
                <DayTypeRef ref="OST:DayType:81" />
              </dayTypes>
              <JourneyPatternRef ref="OST:JourneyPattern:413_Inbound_211210121983212_211210121975025" version="271" />
              <LineRef ref="OST:Line:1_413" version="271" />
              <OperatorRef ref="OST:Operator:152" />
              <passingTimes>
                <TimetabledPassingTime id="OST:TimetabledPassingTime:211210122072245_2_14_05_00" version="271">
                  <DepartureTime>14:05:00</DepartureTime>
                  <StopPointInJourneyPatternRef ref="OST:StopPointInJourneyPattern:413_Inbound_211210121983212_2_211210121975025" version="271" />
                </TimetabledPassingTime>
                <TimetabledPassingTime id="OST:TimetabledPassingTime:211210122072245_1_14_05_00" version="271">
                  <DepartureTime>14:05:00</DepartureTime>
                  <StopPointInJourneyPatternRef ref="OST:StopPointInJourneyPattern:413_Inbound_211210121983212_1_211210121975025" version="271" />
                </TimetabledPassingTime>
                <TimetabledPassingTime id="OST:TimetabledPassingTime:211210122072245_3_14_06_00" version="271">
                  <DepartureTime>14:06:00</DepartureTime>
                  <StopPointInJourneyPatternRef ref="OST:StopPointInJourneyPattern:413_Inbound_211210121983212_3_211210121975025" version="271" />
                </TimetabledPassingTime>
                <TimetabledPassingTime id="OST:TimetabledPassingTime:211210122072245_4_14_07_00" version="271">
                  <DepartureTime>14:07:00</DepartureTime>
                  <StopPointInJourneyPatternRef ref="OST:StopPointInJourneyPattern:413_Inbound_211210121983212_4_211210121975025" version="271" />
                </TimetabledPassingTime>
                <TimetabledPassingTime id="OST:TimetabledPassingTime:211210122072245_5_14_07_00" version="271">
                  <DepartureTime>14:07:00</DepartureTime>
                  <StopPointInJourneyPatternRef ref="OST:StopPointInJourneyPattern:413_Inbound_211210121983212_5_211210121975025" version="271" />
                </TimetabledPassingTime>
                <TimetabledPassingTime id="OST:TimetabledPassingTime:211210122072245_6_14_10_00" version="271">
                  <DepartureTime>14:10:00</DepartureTime>
                  <StopPointInJourneyPatternRef ref="OST:StopPointInJourneyPattern:413_Inbound_211210121983212_6_211210121975025" version="271" />
                </TimetabledPassingTime>
                <TimetabledPassingTime id="OST:TimetabledPassingTime:211210122072245_7_14_12_00" version="271">
                  <DepartureTime>14:12:00</DepartureTime>
                  <StopPointInJourneyPatternRef ref="OST:StopPointInJourneyPattern:413_Inbound_211210121983212_7_211210121975025" version="271" />
                </TimetabledPassingTime>
                <TimetabledPassingTime id="OST:TimetabledPassingTime:211210122072245_8_14_12_00" version="271">
                  <DepartureTime>14:12:00</DepartureTime>
                  <StopPointInJourneyPatternRef ref="OST:StopPointInJourneyPattern:413_Inbound_211210121983212_8_211210121975025" version="271" />
                </TimetabledPassingTime>
                <TimetabledPassingTime id="OST:TimetabledPassingTime:211210122072245_9_14_13_00" version="271">
                  <DepartureTime>14:13:00</DepartureTime>
                  <StopPointInJourneyPatternRef ref="OST:StopPointInJourneyPattern:413_Inbound_211210121983212_9_211210121975025" version="271" />
                </TimetabledPassingTime>
                <TimetabledPassingTime id="OST:TimetabledPassingTime:211210122072245_10_14_14_00" version="271">
                  <DepartureTime>14:14:00</DepartureTime>
                  <StopPointInJourneyPatternRef ref="OST:StopPointInJourneyPattern:413_Inbound_211210121983212_10_211210121975025" version="271" />
                </TimetabledPassingTime>
                <TimetabledPassingTime id="OST:TimetabledPassingTime:211210122072245_11_14_15_00" version="271">
                  <DepartureTime>14:15:00</DepartureTime>
                  <StopPointInJourneyPatternRef ref="OST:StopPointInJourneyPattern:413_Inbound_211210121983212_11_211210121975025" version="271" />
                </TimetabledPassingTime>
                <TimetabledPassingTime id="OST:TimetabledPassingTime:211210122072245_12_14_20_00" version="271">
                  <DepartureTime>14:20:00</DepartureTime>
                  <StopPointInJourneyPatternRef ref="OST:StopPointInJourneyPattern:413_Inbound_211210121983212_12_211210121975025" version="271" />
                </TimetabledPassingTime>
                <TimetabledPassingTime id="OST:TimetabledPassingTime:211210122072245_13_14_24_00" version="271">
                  <DepartureTime>14:24:00</DepartureTime>
                  <StopPointInJourneyPatternRef ref="OST:StopPointInJourneyPattern:413_Inbound_211210121983212_13_211210121975025" version="271" />
                </TimetabledPassingTime>
                <TimetabledPassingTime id="OST:TimetabledPassingTime:211210122072245_14_14_26_00" version="271">
                  <DepartureTime>14:26:00</DepartureTime>
                  <StopPointInJourneyPatternRef ref="OST:StopPointInJourneyPattern:413_Inbound_211210121983212_14_211210121975025" version="271" />
                </TimetabledPassingTime>
                <TimetabledPassingTime id="OST:TimetabledPassingTime:211210122072245_15_14_28_00" version="271">
                  <DepartureTime>14:28:00</DepartureTime>
                  <StopPointInJourneyPatternRef ref="OST:StopPointInJourneyPattern:413_Inbound_211210121983212_15_211210121975025" version="271" />
                </TimetabledPassingTime>
                <TimetabledPassingTime id="OST:TimetabledPassingTime:211210122072245_16_14_35_00" version="271">
                  <ArrivalTime>14:35:00</ArrivalTime>
                  <StopPointInJourneyPatternRef ref="OST:StopPointInJourneyPattern:413_Inbound_211210121983212_16_211210121975025" version="271" />
                </TimetabledPassingTime>
              </passingTimes>
            </ServiceJourney>
          </vehicleJourneys>
        </TimetableFrame>
      </frames>
    </CompositeFrame>
  </dataObjects>
</PublicationDelivery>
