<?xml version="1.0" encoding="UTF-8"?>
<PublicationDelivery xmlns="http://www.netex.org.uk/netex" xmlns:gis="http://www.opengis.net/gml/3.2" xmlns:siri="http://www.siri.org.uk/siri" version="1.13:NO-NeTEx-networktimetable:1.3">
  <PublicationTimestamp>2022-05-26T00:05:35.012</PublicationTimestamp>
  <ParticipantRef>RB</ParticipantRef>
  <Description>Skjønhaug-Havnås</Description>
  <dataObjects>
    <CompositeFrame created="2022-04-08T10:32:34.29" id="662244974" version="1">
      <validityConditions>
        <AvailabilityCondition id="1756892220" version="1">
          <FromDate>2022-05-23T00:00:00</FromDate>
          <ToDate>2023-05-25T00:00:00</ToDate>
        </AvailabilityCondition>
      </validityConditions>
      <codespaces>
        <Codespace id="ost">
          <Xmlns>OST</Xmlns>
          <XmlnsUrl>http://www.rutebanken.org/ns/ost</XmlnsUrl>
        </Codespace>
        <Codespace id="nsr">
          <Xmlns>NSR</Xmlns>
          <XmlnsUrl>http://www.rutebanken.org/ns/nsr</XmlnsUrl>
        </Codespace>
      </codespaces>
      <FrameDefaults>
        <DefaultLocale>
          <TimeZone>Europe/Oslo</TimeZone>
          <DefaultLanguage>no</DefaultLanguage>
        </DefaultLocale>
      </FrameDefaults>
      <frames>
        <ServiceFrame id="1224999731" version="1">
          <routes>
            <Route id="OST:Route:402_Inbound_211210121983148_211210121975025" version="271">
              <Name>2-3</Name>
              <ShortName>2-3</ShortName>
              <LineRef ref="OST:Line:1_402" version="271" />
              <DirectionType>outbound</DirectionType>
              <pointsInSequence>
                <PointOnRoute id="OST:PointOnRoute:7443435" order="2" version="271">
                  <RoutePointRef ref="OST:RoutePoint:1223285_2" />
                </PointOnRoute>
                <PointOnRoute id="OST:PointOnRoute:7443447" order="14" version="271">
                  <RoutePointRef ref="OST:RoutePoint:1223280_2" />
                </PointOnRoute>
                <PointOnRoute id="OST:PointOnRoute:7443450" order="17" version="271">
                  <RoutePointRef ref="OST:RoutePoint:1253166_2" />
                </PointOnRoute>
                <PointOnRoute id="OST:PointOnRoute:7443441" order="8" version="271">
                  <RoutePointRef ref="OST:RoutePoint:1227550_1" />
                </PointOnRoute>
                <PointOnRoute id="OST:PointOnRoute:7443443" order="10" version="271">
                  <RoutePointRef ref="OST:RoutePoint:1227557_2" />
                </PointOnRoute>
                <PointOnRoute id="OST:PointOnRoute:7443438" order="5" version="271">
                  <RoutePointRef ref="OST:RoutePoint:1223282_1" />
                </PointOnRoute>
                <PointOnRoute id="OST:PointOnRoute:7443446" order="13" version="271">
                  <RoutePointRef ref="OST:RoutePoint:1223281_3" />
                </PointOnRoute>
                <PointOnRoute id="OST:PointOnRoute:7443437" order="4" version="271">
                  <RoutePointRef ref="OST:RoutePoint:1223281_1" />
                </PointOnRoute>
                <PointOnRoute id="OST:PointOnRoute:7443440" order="7" version="271">
                  <RoutePointRef ref="OST:RoutePoint:1227545_1" />
                </PointOnRoute>
                <PointOnRoute id="OST:PointOnRoute:7443449" order="16" version="271">
                  <RoutePointRef ref="OST:RoutePoint:1223285_1" />
                </PointOnRoute>
                <PointOnRoute id="OST:PointOnRoute:7443439" order="6" version="271">
                  <RoutePointRef ref="OST:RoutePoint:1227540_1" />
                </PointOnRoute>
                <PointOnRoute id="OST:PointOnRoute:7443445" order="12" version="271">
                  <RoutePointRef ref="OST:RoutePoint:1223281_2" />
                </PointOnRoute>
                <PointOnRoute id="OST:PointOnRoute:7443442" order="9" version="271">
                  <RoutePointRef ref="OST:RoutePoint:1227555_1" />
                </PointOnRoute>
                <PointOnRoute id="OST:PointOnRoute:7443436" order="3" version="271">
                  <RoutePointRef ref="OST:RoutePoint:1223280_1" />
                </PointOnRoute>
                <PointOnRoute id="OST:PointOnRoute:7443444" order="11" version="271">
                  <RoutePointRef ref="OST:RoutePoint:1223283_1" />
                </PointOnRoute>
                <PointOnRoute id="OST:PointOnRoute:7443448" order="15" version="271">
                  <RoutePointRef ref="OST:RoutePoint:1223286_2" />
                </PointOnRoute>
                <PointOnRoute id="OST:PointOnRoute:7443434" order="1" version="271">
                  <RoutePointRef ref="OST:RoutePoint:1223291_1" />
                </PointOnRoute>
              </pointsInSequence>
            </Route>
            <Route id="OST:Route:402_Outbound_211210121983146_211210121975025" version="271">
              <Name>1-1</Name>
              <ShortName>1-1</ShortName>
              <LineRef ref="OST:Line:1_402" version="271" />
              <DirectionType>inbound</DirectionType>
              <pointsInSequence>
                <PointOnRoute id="OST:PointOnRoute:7443422" order="9" version="271">
                  <RoutePointRef ref="OST:RoutePoint:1223285_1" />
                </PointOnRoute>
                <PointOnRoute id="OST:PointOnRoute:7443421" order="8" version="271">
                  <RoutePointRef ref="OST:RoutePoint:1223281_2" />
                </PointOnRoute>
                <PointOnRoute id="OST:PointOnRoute:7443420" order="7" version="271">
                  <RoutePointRef ref="OST:RoutePoint:1223282_1" />
                </PointOnRoute>
                <PointOnRoute id="OST:PointOnRoute:7443419" order="6" version="271">
                  <RoutePointRef ref="OST:RoutePoint:1227540_2" />
                </PointOnRoute>
                <PointOnRoute id="OST:PointOnRoute:7443418" order="5" version="271">
                  <RoutePointRef ref="OST:RoutePoint:1227550_2" />
                </PointOnRoute>
                <PointOnRoute id="OST:PointOnRoute:7443417" order="4" version="271">
                  <RoutePointRef ref="OST:RoutePoint:1227555_1" />
                </PointOnRoute>
                <PointOnRoute id="OST:PointOnRoute:7443416" order="3" version="271">
                  <RoutePointRef ref="OST:RoutePoint:1223281_1" />
                </PointOnRoute>
                <PointOnRoute id="OST:PointOnRoute:7443415" order="2" version="271">
                  <RoutePointRef ref="OST:RoutePoint:1223286_2" />
                </PointOnRoute>
                <PointOnRoute id="OST:PointOnRoute:7443414" order="1" version="271">
                  <RoutePointRef ref="OST:RoutePoint:1223285_2" />
                </PointOnRoute>
              </pointsInSequence>
            </Route>
            <Route id="OST:Route:402_Outbound_211210121983147_211210121975025" version="271">
              <Name>1-2</Name>
              <ShortName>1-2</ShortName>
              <LineRef ref="OST:Line:1_402" version="271" />
              <DirectionType>inbound</DirectionType>
              <pointsInSequence>
                <PointOnRoute id="OST:PointOnRoute:7443424" order="2" version="271">
                  <RoutePointRef ref="OST:RoutePoint:1223286_2" />
                </PointOnRoute>
                <PointOnRoute id="OST:PointOnRoute:7443432" order="10" version="271">
                  <RoutePointRef ref="OST:RoutePoint:1223283_1" />
                </PointOnRoute>
                <PointOnRoute id="OST:PointOnRoute:7443429" order="7" version="271">
                  <RoutePointRef ref="OST:RoutePoint:1227550_1" />
                </PointOnRoute>
                <PointOnRoute id="OST:PointOnRoute:7443430" order="8" version="271">
                  <RoutePointRef ref="OST:RoutePoint:1227555_1" />
                </PointOnRoute>
                <PointOnRoute id="OST:PointOnRoute:7443427" order="5" version="271">
                  <RoutePointRef ref="OST:RoutePoint:1227540_1" />
                </PointOnRoute>
                <PointOnRoute id="OST:PointOnRoute:7443431" order="9" version="271">
                  <RoutePointRef ref="OST:RoutePoint:1227557_2" />
                </PointOnRoute>
                <PointOnRoute id="OST:PointOnRoute:7443428" order="6" version="271">
                  <RoutePointRef ref="OST:RoutePoint:1227545_1" />
                </PointOnRoute>
                <PointOnRoute id="OST:PointOnRoute:7443426" order="4" version="271">
                  <RoutePointRef ref="OST:RoutePoint:1223282_1" />
                </PointOnRoute>
                <PointOnRoute id="OST:PointOnRoute:7443433" order="11" version="271">
                  <RoutePointRef ref="OST:RoutePoint:1257557_2" />
                </PointOnRoute>
                <PointOnRoute id="OST:PointOnRoute:7443425" order="3" version="271">
                  <RoutePointRef ref="OST:RoutePoint:1223281_1" />
                </PointOnRoute>
                <PointOnRoute id="OST:PointOnRoute:7443423" order="1" version="271">
                  <RoutePointRef ref="OST:RoutePoint:1223285_2" />
                </PointOnRoute>
              </pointsInSequence>
            </Route>
          </routes>
          <lines>
            <Line id="OST:Line:1_402" version="271">
              <Name>Skjønhaug-Havnås</Name>
              <TransportMode>bus</TransportMode>
              <TransportSubmode>
                <BusSubmode>localBus</BusSubmode>
              </TransportSubmode>
              <PublicCode>402</PublicCode>
              <PrivateCode>402</PrivateCode>
              <OperatorRef ref="OST:Operator:152" />
              <RepresentedByGroupRef ref="OST:GroupOfLines:bus_1" />
            </Line>
          </lines>
          <journeyPatterns>
            <JourneyPattern id="OST:JourneyPattern:402_Inbound_211210121983148_211210121975025" version="271">
              <Name>2-3</Name>
              <RouteRef ref="OST:Route:402_Inbound_211210121983148_211210121975025" version="271" />
              <pointsInSequence>
                <StopPointInJourneyPattern order="16" id="OST:StopPointInJourneyPattern:402_Inbound_211210121983148_16_211210121975025" version="271">
                  <ScheduledStopPointRef ref="OST:ScheduledStopPoint:1223285_1" />
                </StopPointInJourneyPattern>
                <StopPointInJourneyPattern order="2" id="OST:StopPointInJourneyPattern:402_Inbound_211210121983148_2_211210121975025" version="271">
                  <ScheduledStopPointRef ref="OST:ScheduledStopPoint:1223285_2" />
                </StopPointInJourneyPattern>
                <StopPointInJourneyPattern order="11" id="OST:StopPointInJourneyPattern:402_Inbound_211210121983148_11_211210121975025" version="271">
                  <ScheduledStopPointRef ref="OST:ScheduledStopPoint:1223283_1" />
                </StopPointInJourneyPattern>
                <StopPointInJourneyPattern order="4" id="OST:StopPointInJourneyPattern:402_Inbound_211210121983148_4_211210121975025" version="271">
                  <ScheduledStopPointRef ref="OST:ScheduledStopPoint:1223281_1" />
                </StopPointInJourneyPattern>
                <StopPointInJourneyPattern order="13" id="OST:StopPointInJourneyPattern:402_Inbound_211210121983148_13_211210121975025" version="271">
                  <ScheduledStopPointRef ref="OST:ScheduledStopPoint:1223281_3" />
                </StopPointInJourneyPattern>
                <StopPointInJourneyPattern order="15" id="OST:StopPointInJourneyPattern:402_Inbound_211210121983148_15_211210121975025" version="271">
                  <DestinationDisplayRef ref="OST:DestinationDisplay:321" />
                  <ScheduledStopPointRef ref="OST:ScheduledStopPoint:1223286_2" />
                </StopPointInJourneyPattern>
                <StopPointInJourneyPattern order="1" id="OST:StopPointInJourneyPattern:402_Inbound_211210121983148_1_211210121975025" version="271">
                  <ForAlighting>false</ForAlighting>
                  <DestinationDisplayRef ref="OST:DestinationDisplay:584" />
                  <ScheduledStopPointRef ref="OST:ScheduledStopPoint:1223291_1" />
                </StopPointInJourneyPattern>
                <StopPointInJourneyPattern order="10" id="OST:StopPointInJourneyPattern:402_Inbound_211210121983148_10_211210121975025" version="271">
                  <ScheduledStopPointRef ref="OST:ScheduledStopPoint:1227557_2" />
                </StopPointInJourneyPattern>
                <StopPointInJourneyPattern order="6" id="OST:StopPointInJourneyPattern:402_Inbound_211210121983148_6_211210121975025" version="271">
                  <ScheduledStopPointRef ref="OST:ScheduledStopPoint:1227540_1" />
                </StopPointInJourneyPattern>
                <StopPointInJourneyPattern order="8" id="OST:StopPointInJourneyPattern:402_Inbound_211210121983148_8_211210121975025" version="271">
                  <ScheduledStopPointRef ref="OST:ScheduledStopPoint:1227550_1" />
                </StopPointInJourneyPattern>
                <StopPointInJourneyPattern order="12" id="OST:StopPointInJourneyPattern:402_Inbound_211210121983148_12_211210121975025" version="271">
                  <ScheduledStopPointRef ref="OST:ScheduledStopPoint:1223281_2" />
                </StopPointInJourneyPattern>
                <StopPointInJourneyPattern order="5" id="OST:StopPointInJourneyPattern:402_Inbound_211210121983148_5_211210121975025" version="271">
                  <ScheduledStopPointRef ref="OST:ScheduledStopPoint:1223282_1" />
                </StopPointInJourneyPattern>
                <StopPointInJourneyPattern order="14" id="OST:StopPointInJourneyPattern:402_Inbound_211210121983148_14_211210121975025" version="271">
                  <ScheduledStopPointRef ref="OST:ScheduledStopPoint:1223280_2" />
                </StopPointInJourneyPattern>
                <StopPointInJourneyPattern order="3" id="OST:StopPointInJourneyPattern:402_Inbound_211210121983148_3_211210121975025" version="271">
                  <ScheduledStopPointRef ref="OST:ScheduledStopPoint:1223280_1" />
                </StopPointInJourneyPattern>
                <StopPointInJourneyPattern order="7" id="OST:StopPointInJourneyPattern:402_Inbound_211210121983148_7_211210121975025" version="271">
                  <ScheduledStopPointRef ref="OST:ScheduledStopPoint:1227545_1" />
                </StopPointInJourneyPattern>
                <StopPointInJourneyPattern order="9" id="OST:StopPointInJourneyPattern:402_Inbound_211210121983148_9_211210121975025" version="271">
                  <ScheduledStopPointRef ref="OST:ScheduledStopPoint:1227555_1" />
                </StopPointInJourneyPattern>
                <StopPointInJourneyPattern order="17" id="OST:StopPointInJourneyPattern:402_Inbound_211210121983148_17_211210121975025" version="271">
                  <ForBoarding>false</ForBoarding>
                  <ScheduledStopPointRef ref="OST:ScheduledStopPoint:1253166_2" />
                </StopPointInJourneyPattern>
              </pointsInSequence>
              <linksInSequence>
                <ServiceLinkInJourneyPattern order="2" id="OST:ServiceLinkInJourneyPattern:7443487" version="271">
                  <ServiceLinkRef ref="OST:ServiceLink:200811072688914_2_200811072688891_1_1235" />
                </ServiceLinkInJourneyPattern>
                <ServiceLinkInJourneyPattern order="12" id="OST:ServiceLinkInJourneyPattern:7443500" version="271">
                  <ServiceLinkRef ref="OST:ServiceLink:200811072688900_2_200811072688898_3_79" />
                </ServiceLinkInJourneyPattern>
                <ServiceLinkInJourneyPattern order="10" id="OST:ServiceLinkInJourneyPattern:7443497" version="271">
                  <ServiceLinkRef ref="OST:ServiceLink:200811072689080_2_200811072688906_1_2084" />
                </ServiceLinkInJourneyPattern>
                <ServiceLinkInJourneyPattern order="15" id="OST:ServiceLinkInJourneyPattern:7443506" version="271">
                  <ServiceLinkRef ref="OST:ServiceLink:200811072688919_2_200811072688912_1_541" />
                </ServiceLinkInJourneyPattern>
                <ServiceLinkInJourneyPattern order="13" id="OST:ServiceLinkInJourneyPattern:7443502" version="271">
                  <ServiceLinkRef ref="OST:ServiceLink:200811072688898_3_200811072688893_2_644" />
                </ServiceLinkInJourneyPattern>
                <ServiceLinkInJourneyPattern order="3" id="OST:ServiceLinkInJourneyPattern:7443489" version="271">
                  <ServiceLinkRef ref="OST:ServiceLink:200811072688891_1_200811072688896_1_634" />
                </ServiceLinkInJourneyPattern>
                <ServiceLinkInJourneyPattern order="1" id="OST:ServiceLinkInJourneyPattern:7443485" version="271">
                  <ServiceLinkRef ref="OST:ServiceLink:200811072688940_1_200811072688914_2_446" />
                </ServiceLinkInJourneyPattern>
                <ServiceLinkInJourneyPattern order="4" id="OST:ServiceLinkInJourneyPattern:7443491" version="271">
                  <ServiceLinkRef ref="OST:ServiceLink:200811072688896_1_200811072688903_1_4275" />
                </ServiceLinkInJourneyPattern>
                <ServiceLinkInJourneyPattern order="16" id="OST:ServiceLinkInJourneyPattern:7443508" version="271">
                  <ServiceLinkRef ref="OST:ServiceLink:200811072688912_1_200811072689792_2_10408" />
                </ServiceLinkInJourneyPattern>
                <ServiceLinkInJourneyPattern order="6" id="OST:ServiceLinkInJourneyPattern:7443493" version="271">
                  <ServiceLinkRef ref="OST:ServiceLink:200811072689059_1_200811072689064_1_914" />
                </ServiceLinkInJourneyPattern>
                <ServiceLinkInJourneyPattern order="8" id="OST:ServiceLinkInJourneyPattern:7443495" version="271">
                  <ServiceLinkRef ref="OST:ServiceLink:200811072689069_1_200811072689072_1_2417" />
                </ServiceLinkInJourneyPattern>
                <ServiceLinkInJourneyPattern order="14" id="OST:ServiceLinkInJourneyPattern:7443504" version="271">
                  <ServiceLinkRef ref="OST:ServiceLink:200811072688893_2_200811072688919_2_1123" />
                </ServiceLinkInJourneyPattern>
                <ServiceLinkInJourneyPattern order="11" id="OST:ServiceLinkInJourneyPattern:7443498" version="271">
                  <ServiceLinkRef ref="OST:ServiceLink:200811072688906_1_200811072688900_2_3633" />
                </ServiceLinkInJourneyPattern>
                <ServiceLinkInJourneyPattern order="7" id="OST:ServiceLinkInJourneyPattern:7443494" version="271">
                  <ServiceLinkRef ref="OST:ServiceLink:200811072689064_1_200811072689069_1_1869" />
                </ServiceLinkInJourneyPattern>
                <ServiceLinkInJourneyPattern order="5" id="OST:ServiceLinkInJourneyPattern:7443492" version="271">
                  <ServiceLinkRef ref="OST:ServiceLink:200811072688903_1_200811072689059_1_5706" />
                </ServiceLinkInJourneyPattern>
                <ServiceLinkInJourneyPattern order="9" id="OST:ServiceLinkInJourneyPattern:7443496" version="271">
                  <ServiceLinkRef ref="OST:ServiceLink:200811072689072_1_200811072689080_2_504" />
                </ServiceLinkInJourneyPattern>
              </linksInSequence>
            </JourneyPattern>
            <JourneyPattern id="OST:JourneyPattern:402_Outbound_211210121983146_211210121975025" version="271">
              <Name>1-1</Name>
              <RouteRef ref="OST:Route:402_Outbound_211210121983146_211210121975025" version="271" />
              <pointsInSequence>
                <StopPointInJourneyPattern order="2" id="OST:StopPointInJourneyPattern:402_Outbound_211210121983146_2_211210121975025" version="271">
                  <ScheduledStopPointRef ref="OST:ScheduledStopPoint:1223286_2" />
                </StopPointInJourneyPattern>
                <StopPointInJourneyPattern order="1" id="OST:StopPointInJourneyPattern:402_Outbound_211210121983146_1_211210121975025" version="271">
                  <ForAlighting>false</ForAlighting>
                  <DestinationDisplayRef ref="OST:DestinationDisplay:584" />
                  <ScheduledStopPointRef ref="OST:ScheduledStopPoint:1223285_2" />
                </StopPointInJourneyPattern>
                <StopPointInJourneyPattern order="7" id="OST:StopPointInJourneyPattern:402_Outbound_211210121983146_7_211210121975025" version="271">
                  <ScheduledStopPointRef ref="OST:ScheduledStopPoint:1223282_1" />
                </StopPointInJourneyPattern>
                <StopPointInJourneyPattern order="8" id="OST:StopPointInJourneyPattern:402_Outbound_211210121983146_8_211210121975025" version="271">
                  <ScheduledStopPointRef ref="OST:ScheduledStopPoint:1223281_2" />
                </StopPointInJourneyPattern>
                <StopPointInJourneyPattern order="9" id="OST:StopPointInJourneyPattern:402_Outbound_211210121983146_9_211210121975025" version="271">
                  <ForBoarding>false</ForBoarding>
                  <ScheduledStopPointRef ref="OST:ScheduledStopPoint:1223285_1" />
                </StopPointInJourneyPattern>
                <StopPointInJourneyPattern order="6" id="OST:StopPointInJourneyPattern:402_Outbound_211210121983146_6_211210121975025" version="271">
                  <ScheduledStopPointRef ref="OST:ScheduledStopPoint:1227540_2" />
                </StopPointInJourneyPattern>
                <StopPointInJourneyPattern order="5" id="OST:StopPointInJourneyPattern:402_Outbound_211210121983146_5_211210121975025" version="271">
                  <ScheduledStopPointRef ref="OST:ScheduledStopPoint:1227550_2" />
                </StopPointInJourneyPattern>
                <StopPointInJourneyPattern order="4" id="OST:StopPointInJourneyPattern:402_Outbound_211210121983146_4_211210121975025" version="271">
                  <ScheduledStopPointRef ref="OST:ScheduledStopPoint:1227555_1" />
                </StopPointInJourneyPattern>
                <StopPointInJourneyPattern order="3" id="OST:StopPointInJourneyPattern:402_Outbound_211210121983146_3_211210121975025" version="271">
                  <ScheduledStopPointRef ref="OST:ScheduledStopPoint:1223281_1" />
                </StopPointInJourneyPattern>
              </pointsInSequence>
              <linksInSequence>
                <ServiceLinkInJourneyPattern order="5" id="OST:ServiceLinkInJourneyPattern:7443459" version="271">
                  <ServiceLinkRef ref="OST:ServiceLink:200811072689067_2_200811072689057_2_2927" />
                </ServiceLinkInJourneyPattern>
                <ServiceLinkInJourneyPattern order="7" id="OST:ServiceLinkInJourneyPattern:7443463" version="271">
                  <ServiceLinkRef ref="OST:ServiceLink:200811072688903_1_200811072688900_2_4295" />
                </ServiceLinkInJourneyPattern>
                <ServiceLinkInJourneyPattern order="4" id="OST:ServiceLinkInJourneyPattern:7443457" version="271">
                  <ServiceLinkRef ref="OST:ServiceLink:200811072689072_1_200811072689067_2_2344" />
                </ServiceLinkInJourneyPattern>
                <ServiceLinkInJourneyPattern order="6" id="OST:ServiceLinkInJourneyPattern:7443461" version="271">
                  <ServiceLinkRef ref="OST:ServiceLink:200811072689057_2_200811072688903_1_5747" />
                </ServiceLinkInJourneyPattern>
                <ServiceLinkInJourneyPattern order="1" id="OST:ServiceLinkInJourneyPattern:7443451" version="271">
                  <ServiceLinkRef ref="OST:ServiceLink:200811072688914_2_200811072688919_2_639" />
                </ServiceLinkInJourneyPattern>
                <ServiceLinkInJourneyPattern order="8" id="OST:ServiceLinkInJourneyPattern:7443465" version="271">
                  <ServiceLinkRef ref="OST:ServiceLink:200811072688900_2_200811072688912_1_1776" />
                </ServiceLinkInJourneyPattern>
                <ServiceLinkInJourneyPattern order="3" id="OST:ServiceLinkInJourneyPattern:7443455" version="271">
                  <ServiceLinkRef ref="OST:ServiceLink:200811072688896_1_200811072689072_1_6278" />
                </ServiceLinkInJourneyPattern>
                <ServiceLinkInJourneyPattern order="2" id="OST:ServiceLinkInJourneyPattern:7443453" version="271">
                  <ServiceLinkRef ref="OST:ServiceLink:200811072688919_2_200811072688896_1_1789" />
                </ServiceLinkInJourneyPattern>
              </linksInSequence>
            </JourneyPattern>
            <JourneyPattern id="OST:JourneyPattern:402_Outbound_211210121983147_211210121975025" version="271">
              <Name>1-2</Name>
              <RouteRef ref="OST:Route:402_Outbound_211210121983147_211210121975025" version="271" />
              <pointsInSequence>
                <StopPointInJourneyPattern order="11" id="OST:StopPointInJourneyPattern:402_Outbound_211210121983147_11_211210121975025" version="271">
                  <ForBoarding>false</ForBoarding>
                  <ScheduledStopPointRef ref="OST:ScheduledStopPoint:1257557_2" />
                </StopPointInJourneyPattern>
                <StopPointInJourneyPattern order="8" id="OST:StopPointInJourneyPattern:402_Outbound_211210121983147_8_211210121975025" version="271">
                  <ScheduledStopPointRef ref="OST:ScheduledStopPoint:1227555_1" />
                </StopPointInJourneyPattern>
                <StopPointInJourneyPattern order="9" id="OST:StopPointInJourneyPattern:402_Outbound_211210121983147_9_211210121975025" version="271">
                  <ScheduledStopPointRef ref="OST:ScheduledStopPoint:1227557_2" />
                </StopPointInJourneyPattern>
                <StopPointInJourneyPattern order="10" id="OST:StopPointInJourneyPattern:402_Outbound_211210121983147_10_211210121975025" version="271">
                  <ScheduledStopPointRef ref="OST:ScheduledStopPoint:1223283_1" />
                </StopPointInJourneyPattern>
                <StopPointInJourneyPattern order="2" id="OST:StopPointInJourneyPattern:402_Outbound_211210121983147_2_211210121975025" version="271">
                  <ScheduledStopPointRef ref="OST:ScheduledStopPoint:1223286_2" />
                </StopPointInJourneyPattern>
                <StopPointInJourneyPattern order="4" id="OST:StopPointInJourneyPattern:402_Outbound_211210121983147_4_211210121975025" version="271">
                  <ScheduledStopPointRef ref="OST:ScheduledStopPoint:1223282_1" />
                </StopPointInJourneyPattern>
                <StopPointInJourneyPattern order="5" id="OST:StopPointInJourneyPattern:402_Outbound_211210121983147_5_211210121975025" version="271">
                  <ScheduledStopPointRef ref="OST:ScheduledStopPoint:1227540_1" />
                </StopPointInJourneyPattern>
                <StopPointInJourneyPattern order="7" id="OST:StopPointInJourneyPattern:402_Outbound_211210121983147_7_211210121975025" version="271">
                  <ScheduledStopPointRef ref="OST:ScheduledStopPoint:1227550_1" />
                </StopPointInJourneyPattern>
                <StopPointInJourneyPattern order="3" id="OST:StopPointInJourneyPattern:402_Outbound_211210121983147_3_211210121975025" version="271">
                  <ScheduledStopPointRef ref="OST:ScheduledStopPoint:1223281_1" />
                </StopPointInJourneyPattern>
                <StopPointInJourneyPattern order="6" id="OST:StopPointInJourneyPattern:402_Outbound_211210121983147_6_211210121975025" version="271">
                  <ScheduledStopPointRef ref="OST:ScheduledStopPoint:1227545_1" />
                </StopPointInJourneyPattern>
                <StopPointInJourneyPattern order="1" id="OST:StopPointInJourneyPattern:402_Outbound_211210121983147_1_211210121975025" version="271">
                  <ForAlighting>false</ForAlighting>
                  <DestinationDisplayRef ref="OST:DestinationDisplay:190" />
                  <ScheduledStopPointRef ref="OST:ScheduledStopPoint:1223285_2" />
                </StopPointInJourneyPattern>
              </pointsInSequence>
              <linksInSequence>
                <ServiceLinkInJourneyPattern order="4" id="OST:ServiceLinkInJourneyPattern:7443471" version="271">
                  <ServiceLinkRef ref="OST:ServiceLink:200811072688903_1_200811072689059_1_5706" />
                </ServiceLinkInJourneyPattern>
                <ServiceLinkInJourneyPattern order="2" id="OST:ServiceLinkInJourneyPattern:7443468" version="271">
                  <ServiceLinkRef ref="OST:ServiceLink:200811072688919_2_200811072688896_1_1789" />
                </ServiceLinkInJourneyPattern>
                <ServiceLinkInJourneyPattern order="8" id="OST:ServiceLinkInJourneyPattern:7443479" version="271">
                  <ServiceLinkRef ref="OST:ServiceLink:200811072689072_1_200811072689080_2_504" />
                </ServiceLinkInJourneyPattern>
                <ServiceLinkInJourneyPattern order="7" id="OST:ServiceLinkInJourneyPattern:7443477" version="271">
                  <ServiceLinkRef ref="OST:ServiceLink:200811072689069_1_200811072689072_1_2417" />
                </ServiceLinkInJourneyPattern>
                <ServiceLinkInJourneyPattern order="3" id="OST:ServiceLinkInJourneyPattern:7443469" version="271">
                  <ServiceLinkRef ref="OST:ServiceLink:200811072688896_1_200811072688903_1_4275" />
                </ServiceLinkInJourneyPattern>
                <ServiceLinkInJourneyPattern order="10" id="OST:ServiceLinkInJourneyPattern:7443483" version="271">
                  <ServiceLinkRef ref="OST:ServiceLink:200811072688906_1_200811072689896_2_3709" />
                </ServiceLinkInJourneyPattern>
                <ServiceLinkInJourneyPattern order="6" id="OST:ServiceLinkInJourneyPattern:7443475" version="271">
                  <ServiceLinkRef ref="OST:ServiceLink:200811072689064_1_200811072689069_1_1869" />
                </ServiceLinkInJourneyPattern>
                <ServiceLinkInJourneyPattern order="9" id="OST:ServiceLinkInJourneyPattern:7443481" version="271">
                  <ServiceLinkRef ref="OST:ServiceLink:200811072689080_2_200811072688906_1_2084" />
                </ServiceLinkInJourneyPattern>
                <ServiceLinkInJourneyPattern order="1" id="OST:ServiceLinkInJourneyPattern:7443467" version="271">
                  <ServiceLinkRef ref="OST:ServiceLink:200811072688914_2_200811072688919_2_639" />
                </ServiceLinkInJourneyPattern>
                <ServiceLinkInJourneyPattern order="5" id="OST:ServiceLinkInJourneyPattern:7443473" version="271">
                  <ServiceLinkRef ref="OST:ServiceLink:200811072689059_1_200811072689064_1_914" />
                </ServiceLinkInJourneyPattern>
              </linksInSequence>
            </JourneyPattern>
          </journeyPatterns>
        </ServiceFrame>
        <TimetableFrame id="934392957" version="1">
          <vehicleJourneys>
            <ServiceJourney id="OST:ServiceJourney:402_211210122072162_2" publication="public" version="271">
              <Name>Østre Trøgstad</Name>
              <PrivateCode>2</PrivateCode>
              <dayTypes>
                <DayTypeRef ref="OST:DayType:121" />
              </dayTypes>
              <JourneyPatternRef ref="OST:JourneyPattern:402_Inbound_211210121983148_211210121975025" version="271" />
              <LineRef ref="OST:Line:1_402" version="271" />
              <OperatorRef ref="OST:Operator:152" />
              <passingTimes>
                <TimetabledPassingTime id="OST:TimetabledPassingTime:211210122072162_1_07_20_00" version="271">
                  <DepartureTime>07:20:00</DepartureTime>
                  <StopPointInJourneyPatternRef ref="OST:StopPointInJourneyPattern:402_Inbound_211210121983148_1_211210121975025" version="271" />
                </TimetabledPassingTime>
                <TimetabledPassingTime id="OST:TimetabledPassingTime:211210122072162_2_07_25_00" version="271">
                  <DepartureTime>07:25:00</DepartureTime>
                  <StopPointInJourneyPatternRef ref="OST:StopPointInJourneyPattern:402_Inbound_211210121983148_2_211210121975025" version="271" />
                </TimetabledPassingTime>
                <TimetabledPassingTime id="OST:TimetabledPassingTime:211210122072162_3_07_26_00" version="271">
                  <DepartureTime>07:26:00</DepartureTime>
                  <StopPointInJourneyPatternRef ref="OST:StopPointInJourneyPattern:402_Inbound_211210121983148_3_211210121975025" version="271" />
                </TimetabledPassingTime>
                <TimetabledPassingTime id="OST:TimetabledPassingTime:211210122072162_4_07_27_00" version="271">
                  <DepartureTime>07:27:00</DepartureTime>
                  <StopPointInJourneyPatternRef ref="OST:StopPointInJourneyPattern:402_Inbound_211210121983148_4_211210121975025" version="271" />
                </TimetabledPassingTime>
                <TimetabledPassingTime id="OST:TimetabledPassingTime:211210122072162_5_07_32_00" version="271">
                  <DepartureTime>07:32:00</DepartureTime>
                  <StopPointInJourneyPatternRef ref="OST:StopPointInJourneyPattern:402_Inbound_211210121983148_5_211210121975025" version="271" />
                </TimetabledPassingTime>
                <TimetabledPassingTime id="OST:TimetabledPassingTime:211210122072162_6_07_41_00" version="271">
                  <DepartureTime>07:41:00</DepartureTime>
                  <StopPointInJourneyPatternRef ref="OST:StopPointInJourneyPattern:402_Inbound_211210121983148_6_211210121975025" version="271" />
                </TimetabledPassingTime>
                <TimetabledPassingTime id="OST:TimetabledPassingTime:211210122072162_7_07_42_00" version="271">
                  <DepartureTime>07:42:00</DepartureTime>
                  <StopPointInJourneyPatternRef ref="OST:StopPointInJourneyPattern:402_Inbound_211210121983148_7_211210121975025" version="271" />
                </TimetabledPassingTime>
                <TimetabledPassingTime id="OST:TimetabledPassingTime:211210122072162_8_07_45_00" version="271">
                  <DepartureTime>07:45:00</DepartureTime>
                  <StopPointInJourneyPatternRef ref="OST:StopPointInJourneyPattern:402_Inbound_211210121983148_8_211210121975025" version="271" />
                </TimetabledPassingTime>
                <TimetabledPassingTime id="OST:TimetabledPassingTime:211210122072162_9_07_50_00" version="271">
                  <DepartureTime>07:50:00</DepartureTime>
                  <StopPointInJourneyPatternRef ref="OST:StopPointInJourneyPattern:402_Inbound_211210121983148_9_211210121975025" version="271" />
                </TimetabledPassingTime>
                <TimetabledPassingTime id="OST:TimetabledPassingTime:211210122072162_10_07_51_00" version="271">
                  <DepartureTime>07:51:00</DepartureTime>
                  <StopPointInJourneyPatternRef ref="OST:StopPointInJourneyPattern:402_Inbound_211210121983148_10_211210121975025" version="271" />
                </TimetabledPassingTime>
                <TimetabledPassingTime id="OST:TimetabledPassingTime:211210122072162_11_07_55_00" version="271">
                  <DepartureTime>07:55:00</DepartureTime>
                  <StopPointInJourneyPatternRef ref="OST:StopPointInJourneyPattern:402_Inbound_211210121983148_11_211210121975025" version="271" />
                </TimetabledPassingTime>
                <TimetabledPassingTime id="OST:TimetabledPassingTime:211210122072162_12_07_57_00" version="271">
                  <DepartureTime>07:57:00</DepartureTime>
                  <StopPointInJourneyPatternRef ref="OST:StopPointInJourneyPattern:402_Inbound_211210121983148_12_211210121975025" version="271" />
                </TimetabledPassingTime>
                <TimetabledPassingTime id="OST:TimetabledPassingTime:211210122072162_13_07_58_00" version="271">
                  <DepartureTime>07:58:00</DepartureTime>
                  <StopPointInJourneyPatternRef ref="OST:StopPointInJourneyPattern:402_Inbound_211210121983148_13_211210121975025" version="271" />
                </TimetabledPassingTime>
                <TimetabledPassingTime id="OST:TimetabledPassingTime:211210122072162_14_07_58_00" version="271">
                  <DepartureTime>07:58:00</DepartureTime>
                  <StopPointInJourneyPatternRef ref="OST:StopPointInJourneyPattern:402_Inbound_211210121983148_14_211210121975025" version="271" />
                </TimetabledPassingTime>
                <TimetabledPassingTime id="OST:TimetabledPassingTime:211210122072162_15_07_59_00" version="271">
                  <DepartureTime>07:59:00</DepartureTime>
                  <StopPointInJourneyPatternRef ref="OST:StopPointInJourneyPattern:402_Inbound_211210121983148_15_211210121975025" version="271" />
                </TimetabledPassingTime>
                <TimetabledPassingTime id="OST:TimetabledPassingTime:211210122072162_16_08_00_00" version="271">
                  <DepartureTime>08:00:00</DepartureTime>
                  <StopPointInJourneyPatternRef ref="OST:StopPointInJourneyPattern:402_Inbound_211210121983148_16_211210121975025" version="271" />
                </TimetabledPassingTime>
                <TimetabledPassingTime id="OST:TimetabledPassingTime:211210122072162_17_08_20_00" version="271">
                  <ArrivalTime>08:20:00</ArrivalTime>
                  <StopPointInJourneyPatternRef ref="OST:StopPointInJourneyPattern:402_Inbound_211210121983148_17_211210121975025" version="271" />
                </TimetabledPassingTime>
              </passingTimes>
            </ServiceJourney>
            <ServiceJourney id="OST:ServiceJourney:402_211210122072161_1" publication="public" version="271">
              <Name>Østre Trøgstad</Name>
              <PrivateCode>1</PrivateCode>
              <dayTypes>
                <DayTypeRef ref="OST:DayType:121" />
              </dayTypes>
              <JourneyPatternRef ref="OST:JourneyPattern:402_Outbound_211210121983146_211210121975025" version="271" />
              <LineRef ref="OST:Line:1_402" version="271" />
              <OperatorRef ref="OST:Operator:152" />
              <passingTimes>
                <TimetabledPassingTime id="OST:TimetabledPassingTime:211210122072161_1_13_20_00" version="271">
                  <DepartureTime>13:20:00</DepartureTime>
                  <StopPointInJourneyPatternRef ref="OST:StopPointInJourneyPattern:402_Outbound_211210121983146_1_211210121975025" version="271" />
                </TimetabledPassingTime>
                <TimetabledPassingTime id="OST:TimetabledPassingTime:211210122072161_2_13_25_00" version="271">
                  <DepartureTime>13:25:00</DepartureTime>
                  <StopPointInJourneyPatternRef ref="OST:StopPointInJourneyPattern:402_Outbound_211210121983146_2_211210121975025" version="271" />
                </TimetabledPassingTime>
                <TimetabledPassingTime id="OST:TimetabledPassingTime:211210122072161_3_13_28_00" version="271">
                  <DepartureTime>13:28:00</DepartureTime>
                  <StopPointInJourneyPatternRef ref="OST:StopPointInJourneyPattern:402_Outbound_211210121983146_3_211210121975025" version="271" />
                </TimetabledPassingTime>
                <TimetabledPassingTime id="OST:TimetabledPassingTime:211210122072161_4_13_43_00" version="271">
                  <DepartureTime>13:43:00</DepartureTime>
                  <StopPointInJourneyPatternRef ref="OST:StopPointInJourneyPattern:402_Outbound_211210121983146_4_211210121975025" version="271" />
                </TimetabledPassingTime>
                <TimetabledPassingTime id="OST:TimetabledPassingTime:211210122072161_5_13_43_00" version="271">
                  <DepartureTime>13:43:00</DepartureTime>
                  <StopPointInJourneyPatternRef ref="OST:StopPointInJourneyPattern:402_Outbound_211210121983146_5_211210121975025" version="271" />
                </TimetabledPassingTime>
                <TimetabledPassingTime id="OST:TimetabledPassingTime:211210122072161_6_13_45_00" version="271">
                  <DepartureTime>13:45:00</DepartureTime>
                  <StopPointInJourneyPatternRef ref="OST:StopPointInJourneyPattern:402_Outbound_211210121983146_6_211210121975025" version="271" />
                </TimetabledPassingTime>
                <TimetabledPassingTime id="OST:TimetabledPassingTime:211210122072161_7_13_52_00" version="271">
                  <DepartureTime>13:52:00</DepartureTime>
                  <StopPointInJourneyPatternRef ref="OST:StopPointInJourneyPattern:402_Outbound_211210121983146_7_211210121975025" version="271" />
                </TimetabledPassingTime>
                <TimetabledPassingTime id="OST:TimetabledPassingTime:211210122072161_8_14_00_00" version="271">
                  <DepartureTime>14:00:00</DepartureTime>
                  <StopPointInJourneyPatternRef ref="OST:StopPointInJourneyPattern:402_Outbound_211210121983146_8_211210121975025" version="271" />
                </TimetabledPassingTime>
                <TimetabledPassingTime id="OST:TimetabledPassingTime:211210122072161_9_14_05_00" version="271">
                  <ArrivalTime>14:05:00</ArrivalTime>
                  <StopPointInJourneyPatternRef ref="OST:StopPointInJourneyPattern:402_Outbound_211210121983146_9_211210121975025" version="271" />
                </TimetabledPassingTime>
              </passingTimes>
            </ServiceJourney>
            <ServiceJourney id="OST:ServiceJourney:402_211210122072163_3" publication="public" version="271">
              <Name>Havnås</Name>
              <PrivateCode>3</PrivateCode>
              <dayTypes>
                <DayTypeRef ref="OST:DayType:121" />
              </dayTypes>
              <JourneyPatternRef ref="OST:JourneyPattern:402_Outbound_211210121983147_211210121975025" version="271" />
              <LineRef ref="OST:Line:1_402" version="271" />
              <OperatorRef ref="OST:Operator:152" />
              <passingTimes>
                <TimetabledPassingTime id="OST:TimetabledPassingTime:211210122072163_1_14_20_00" version="271">
                  <DepartureTime>14:20:00</DepartureTime>
                  <StopPointInJourneyPatternRef ref="OST:StopPointInJourneyPattern:402_Outbound_211210121983147_1_211210121975025" version="271" />
                </TimetabledPassingTime>
                <TimetabledPassingTime id="OST:TimetabledPassingTime:211210122072163_2_14_22_00" version="271">
                  <DepartureTime>14:22:00</DepartureTime>
                  <StopPointInJourneyPatternRef ref="OST:StopPointInJourneyPattern:402_Outbound_211210121983147_2_211210121975025" version="271" />
                </TimetabledPassingTime>
                <TimetabledPassingTime id="OST:TimetabledPassingTime:211210122072163_3_14_24_00" version="271">
                  <DepartureTime>14:24:00</DepartureTime>
                  <StopPointInJourneyPatternRef ref="OST:StopPointInJourneyPattern:402_Outbound_211210121983147_3_211210121975025" version="271" />
                </TimetabledPassingTime>
                <TimetabledPassingTime id="OST:TimetabledPassingTime:211210122072163_4_14_30_00" version="271">
                  <DepartureTime>14:30:00</DepartureTime>
                  <StopPointInJourneyPatternRef ref="OST:StopPointInJourneyPattern:402_Outbound_211210121983147_4_211210121975025" version="271" />
                </TimetabledPassingTime>
                <TimetabledPassingTime id="OST:TimetabledPassingTime:211210122072163_5_14_37_00" version="271">
                  <DepartureTime>14:37:00</DepartureTime>
                  <StopPointInJourneyPatternRef ref="OST:StopPointInJourneyPattern:402_Outbound_211210121983147_5_211210121975025" version="271" />
                </TimetabledPassingTime>
                <TimetabledPassingTime id="OST:TimetabledPassingTime:211210122072163_6_14_39_00" version="271">
                  <DepartureTime>14:39:00</DepartureTime>
                  <StopPointInJourneyPatternRef ref="OST:StopPointInJourneyPattern:402_Outbound_211210121983147_6_211210121975025" version="271" />
                </TimetabledPassingTime>
                <TimetabledPassingTime id="OST:TimetabledPassingTime:211210122072163_7_14_41_00" version="271">
                  <DepartureTime>14:41:00</DepartureTime>
                  <StopPointInJourneyPatternRef ref="OST:StopPointInJourneyPattern:402_Outbound_211210121983147_7_211210121975025" version="271" />
                </TimetabledPassingTime>
                <TimetabledPassingTime id="OST:TimetabledPassingTime:211210122072163_8_14_45_00" version="271">
                  <DepartureTime>14:45:00</DepartureTime>
                  <StopPointInJourneyPatternRef ref="OST:StopPointInJourneyPattern:402_Outbound_211210121983147_8_211210121975025" version="271" />
                </TimetabledPassingTime>
                <TimetabledPassingTime id="OST:TimetabledPassingTime:211210122072163_9_14_46_00" version="271">
                  <DepartureTime>14:46:00</DepartureTime>
                  <StopPointInJourneyPatternRef ref="OST:StopPointInJourneyPattern:402_Outbound_211210121983147_9_211210121975025" version="271" />
                </TimetabledPassingTime>
                <TimetabledPassingTime id="OST:TimetabledPassingTime:211210122072163_10_14_50_00" version="271">
                  <DepartureTime>14:50:00</DepartureTime>
                  <StopPointInJourneyPatternRef ref="OST:StopPointInJourneyPattern:402_Outbound_211210121983147_10_211210121975025" version="271" />
                </TimetabledPassingTime>
                <TimetabledPassingTime id="OST:TimetabledPassingTime:211210122072163_11_14_55_00" version="271">
                  <ArrivalTime>14:55:00</ArrivalTime>
                  <StopPointInJourneyPatternRef ref="OST:StopPointInJourneyPattern:402_Outbound_211210121983147_11_211210121975025" version="271" />
                </TimetabledPassingTime>
              </passingTimes>
            </ServiceJourney>
          </vehicleJourneys>
        </TimetableFrame>
      </frames>
    </CompositeFrame>
  </dataObjects>
</PublicationDelivery>
