<?xml version="1.0" encoding="UTF-8"?>
<PublicationDelivery xmlns="http://www.netex.org.uk/netex" xmlns:gis="http://www.opengis.net/gml/3.2" xmlns:siri="http://www.siri.org.uk/siri" version="1.13:NO-NeTEx-networktimetable:1.3">
  <PublicationTimestamp>2022-05-26T00:05:35.012</PublicationTimestamp>
  <ParticipantRef>RB</ParticipantRef>
  <Description>Svinndal</Description>
  <dataObjects>
    <CompositeFrame created="2022-04-08T10:32:34.29" id="1390792248" version="1">
      <validityConditions>
        <AvailabilityCondition id="393531787" version="1">
          <FromDate>2022-05-23T00:00:00</FromDate>
          <ToDate>2023-05-25T00:00:00</ToDate>
        </AvailabilityCondition>
      </validityConditions>
      <codespaces>
        <Codespace id="ost">
          <Xmlns>OST</Xmlns>
          <XmlnsUrl>http://www.rutebanken.org/ns/ost</XmlnsUrl>
        </Codespace>
        <Codespace id="nsr">
          <Xmlns>NSR</Xmlns>
          <XmlnsUrl>http://www.rutebanken.org/ns/nsr</XmlnsUrl>
        </Codespace>
      </codespaces>
      <FrameDefaults>
        <DefaultLocale>
          <TimeZone>Europe/Oslo</TimeZone>
          <DefaultLanguage>no</DefaultLanguage>
        </DefaultLocale>
      </FrameDefaults>
      <frames>
        <ServiceFrame id="259255645" version="1">
          <routes>
            <Route id="OST:Route:254_Inbound_211210121983017_211210121975025" version="271">
              <Name>2-1</Name>
              <ShortName>2-1</ShortName>
              <LineRef ref="OST:Line:1_254" version="271" />
              <DirectionType>outbound</DirectionType>
              <pointsInSequence>
                <PointOnRoute id="OST:PointOnRoute:7429779" order="15" version="271">
                  <RoutePointRef ref="OST:RoutePoint:1372410_2" />
                </PointOnRoute>
                <PointOnRoute id="OST:PointOnRoute:7429771" order="7" version="271">
                  <RoutePointRef ref="OST:RoutePoint:1372505_1" />
                </PointOnRoute>
                <PointOnRoute id="OST:PointOnRoute:7429778" order="14" version="271">
                  <RoutePointRef ref="OST:RoutePoint:1372415_2" />
                </PointOnRoute>
                <PointOnRoute id="OST:PointOnRoute:7429770" order="6" version="271">
                  <RoutePointRef ref="OST:RoutePoint:1372515_1" />
                </PointOnRoute>
                <PointOnRoute id="OST:PointOnRoute:7429766" order="2" version="271">
                  <RoutePointRef ref="OST:RoutePoint:1372535_1" />
                </PointOnRoute>
                <PointOnRoute id="OST:PointOnRoute:7429772" order="8" version="271">
                  <RoutePointRef ref="OST:RoutePoint:1372500_2" />
                </PointOnRoute>
                <PointOnRoute id="OST:PointOnRoute:7429781" order="17" version="271">
                  <RoutePointRef ref="OST:RoutePoint:1372400_1" />
                </PointOnRoute>
                <PointOnRoute id="OST:PointOnRoute:7429765" order="1" version="271">
                  <RoutePointRef ref="OST:RoutePoint:1372540_4" />
                </PointOnRoute>
                <PointOnRoute id="OST:PointOnRoute:7429774" order="10" version="271">
                  <RoutePointRef ref="OST:RoutePoint:1233454_1" />
                </PointOnRoute>
                <PointOnRoute id="OST:PointOnRoute:7429768" order="4" version="271">
                  <RoutePointRef ref="OST:RoutePoint:1372525_2" />
                </PointOnRoute>
                <PointOnRoute id="OST:PointOnRoute:7429769" order="5" version="271">
                  <RoutePointRef ref="OST:RoutePoint:1372520_1" />
                </PointOnRoute>
                <PointOnRoute id="OST:PointOnRoute:7429780" order="16" version="271">
                  <RoutePointRef ref="OST:RoutePoint:1372405_1" />
                </PointOnRoute>
                <PointOnRoute id="OST:PointOnRoute:7429777" order="13" version="271">
                  <RoutePointRef ref="OST:RoutePoint:1372425_1" />
                </PointOnRoute>
                <PointOnRoute id="OST:PointOnRoute:7429767" order="3" version="271">
                  <RoutePointRef ref="OST:RoutePoint:1372530_1" />
                </PointOnRoute>
                <PointOnRoute id="OST:PointOnRoute:7429775" order="11" version="271">
                  <RoutePointRef ref="OST:RoutePoint:1372526_1" />
                </PointOnRoute>
                <PointOnRoute id="OST:PointOnRoute:7429773" order="9" version="271">
                  <RoutePointRef ref="OST:RoutePoint:1372480_1" />
                </PointOnRoute>
                <PointOnRoute id="OST:PointOnRoute:7429776" order="12" version="271">
                  <RoutePointRef ref="OST:RoutePoint:1372430_1" />
                </PointOnRoute>
              </pointsInSequence>
            </Route>
          </routes>
          <lines>
            <Line id="OST:Line:1_254" version="271">
              <Name>Svinndal</Name>
              <TransportMode>bus</TransportMode>
              <TransportSubmode>
                <BusSubmode>localBus</BusSubmode>
              </TransportSubmode>
              <PublicCode>254</PublicCode>
              <PrivateCode>254</PrivateCode>
              <OperatorRef ref="OST:Operator:152" />
              <RepresentedByGroupRef ref="OST:GroupOfLines:bus_1" />
            </Line>
          </lines>
          <journeyPatterns>
            <JourneyPattern id="OST:JourneyPattern:254_Inbound_211210121983017_211210121975025" version="271">
              <Name>2-1</Name>
              <RouteRef ref="OST:Route:254_Inbound_211210121983017_211210121975025" version="271" />
              <pointsInSequence>
                <StopPointInJourneyPattern order="5" id="OST:StopPointInJourneyPattern:254_Inbound_211210121983017_5_211210121975025" version="271">
                  <ScheduledStopPointRef ref="OST:ScheduledStopPoint:1372520_1" />
                </StopPointInJourneyPattern>
                <StopPointInJourneyPattern order="17" id="OST:StopPointInJourneyPattern:254_Inbound_211210121983017_17_211210121975025" version="271">
                  <ForBoarding>false</ForBoarding>
                  <ScheduledStopPointRef ref="OST:ScheduledStopPoint:1372400_1" />
                </StopPointInJourneyPattern>
                <StopPointInJourneyPattern order="14" id="OST:StopPointInJourneyPattern:254_Inbound_211210121983017_14_211210121975025" version="271">
                  <ScheduledStopPointRef ref="OST:ScheduledStopPoint:1372415_2" />
                </StopPointInJourneyPattern>
                <StopPointInJourneyPattern order="6" id="OST:StopPointInJourneyPattern:254_Inbound_211210121983017_6_211210121975025" version="271">
                  <ScheduledStopPointRef ref="OST:ScheduledStopPoint:1372515_1" />
                </StopPointInJourneyPattern>
                <StopPointInJourneyPattern order="3" id="OST:StopPointInJourneyPattern:254_Inbound_211210121983017_3_211210121975025" version="271">
                  <ScheduledStopPointRef ref="OST:ScheduledStopPoint:1372530_1" />
                </StopPointInJourneyPattern>
                <StopPointInJourneyPattern order="10" id="OST:StopPointInJourneyPattern:254_Inbound_211210121983017_10_211210121975025" version="271">
                  <ScheduledStopPointRef ref="OST:ScheduledStopPoint:1233454_1" />
                </StopPointInJourneyPattern>
                <StopPointInJourneyPattern order="8" id="OST:StopPointInJourneyPattern:254_Inbound_211210121983017_8_211210121975025" version="271">
                  <ScheduledStopPointRef ref="OST:ScheduledStopPoint:1372500_2" />
                </StopPointInJourneyPattern>
                <StopPointInJourneyPattern order="11" id="OST:StopPointInJourneyPattern:254_Inbound_211210121983017_11_211210121975025" version="271">
                  <ScheduledStopPointRef ref="OST:ScheduledStopPoint:1372526_1" />
                </StopPointInJourneyPattern>
                <StopPointInJourneyPattern order="4" id="OST:StopPointInJourneyPattern:254_Inbound_211210121983017_4_211210121975025" version="271">
                  <ScheduledStopPointRef ref="OST:ScheduledStopPoint:1372525_2" />
                </StopPointInJourneyPattern>
                <StopPointInJourneyPattern order="13" id="OST:StopPointInJourneyPattern:254_Inbound_211210121983017_13_211210121975025" version="271">
                  <ScheduledStopPointRef ref="OST:ScheduledStopPoint:1372425_1" />
                </StopPointInJourneyPattern>
                <StopPointInJourneyPattern order="2" id="OST:StopPointInJourneyPattern:254_Inbound_211210121983017_2_211210121975025" version="271">
                  <ScheduledStopPointRef ref="OST:ScheduledStopPoint:1372535_1" />
                </StopPointInJourneyPattern>
                <StopPointInJourneyPattern order="7" id="OST:StopPointInJourneyPattern:254_Inbound_211210121983017_7_211210121975025" version="271">
                  <ScheduledStopPointRef ref="OST:ScheduledStopPoint:1372505_1" />
                </StopPointInJourneyPattern>
                <StopPointInJourneyPattern order="16" id="OST:StopPointInJourneyPattern:254_Inbound_211210121983017_16_211210121975025" version="271">
                  <ScheduledStopPointRef ref="OST:ScheduledStopPoint:1372405_1" />
                </StopPointInJourneyPattern>
                <StopPointInJourneyPattern order="12" id="OST:StopPointInJourneyPattern:254_Inbound_211210121983017_12_211210121975025" version="271">
                  <ScheduledStopPointRef ref="OST:ScheduledStopPoint:1372430_1" />
                </StopPointInJourneyPattern>
                <StopPointInJourneyPattern order="15" id="OST:StopPointInJourneyPattern:254_Inbound_211210121983017_15_211210121975025" version="271">
                  <ScheduledStopPointRef ref="OST:ScheduledStopPoint:1372410_2" />
                </StopPointInJourneyPattern>
                <StopPointInJourneyPattern order="1" id="OST:StopPointInJourneyPattern:254_Inbound_211210121983017_1_211210121975025" version="271">
                  <ForAlighting>false</ForAlighting>
                  <DestinationDisplayRef ref="OST:DestinationDisplay:495" />
                  <ScheduledStopPointRef ref="OST:ScheduledStopPoint:1372540_4" />
                </StopPointInJourneyPattern>
                <StopPointInJourneyPattern order="9" id="OST:StopPointInJourneyPattern:254_Inbound_211210121983017_9_211210121975025" version="271">
                  <ScheduledStopPointRef ref="OST:ScheduledStopPoint:1372480_1" />
                </StopPointInJourneyPattern>
              </pointsInSequence>
              <linksInSequence>
                <ServiceLinkInJourneyPattern order="3" id="OST:ServiceLinkInJourneyPattern:7429786" version="271">
                  <ServiceLinkRef ref="OST:ServiceLink:200811072691749_1_200811072691743_2_1463" />
                </ServiceLinkInJourneyPattern>
                <ServiceLinkInJourneyPattern order="5" id="OST:ServiceLinkInJourneyPattern:7429790" version="271">
                  <ServiceLinkRef ref="OST:ServiceLink:200811072691738_1_200811072691733_1_2032" />
                </ServiceLinkInJourneyPattern>
                <ServiceLinkInJourneyPattern order="16" id="OST:ServiceLinkInJourneyPattern:7429806" version="271">
                  <ServiceLinkRef ref="OST:ServiceLink:200811072691632_1_200811072691622_1_733" />
                </ServiceLinkInJourneyPattern>
                <ServiceLinkInJourneyPattern order="2" id="OST:ServiceLinkInJourneyPattern:7429784" version="271">
                  <ServiceLinkRef ref="OST:ServiceLink:200811072691754_1_200811072691749_1_661" />
                </ServiceLinkInJourneyPattern>
                <ServiceLinkInJourneyPattern order="9" id="OST:ServiceLinkInJourneyPattern:7429796" version="271">
                  <ServiceLinkRef ref="OST:ServiceLink:200811072691700_1_200811072689263_1_10700" />
                </ServiceLinkInJourneyPattern>
                <ServiceLinkInJourneyPattern order="11" id="OST:ServiceLinkInJourneyPattern:7429799" version="271">
                  <ServiceLinkRef ref="OST:ServiceLink:200811072691746_1_200811072691656_1_2476" />
                </ServiceLinkInJourneyPattern>
                <ServiceLinkInJourneyPattern order="8" id="OST:ServiceLinkInJourneyPattern:7429794" version="271">
                  <ServiceLinkRef ref="OST:ServiceLink:200811072691725_2_200811072691700_1_723" />
                </ServiceLinkInJourneyPattern>
                <ServiceLinkInJourneyPattern order="1" id="OST:ServiceLinkInJourneyPattern:7429782" version="271">
                  <ServiceLinkRef ref="OST:ServiceLink:200811072691761_4_200811072691754_1_2196" />
                </ServiceLinkInJourneyPattern>
                <ServiceLinkInJourneyPattern order="4" id="OST:ServiceLinkInJourneyPattern:7429788" version="271">
                  <ServiceLinkRef ref="OST:ServiceLink:200811072691743_2_200811072691738_1_808" />
                </ServiceLinkInJourneyPattern>
                <ServiceLinkInJourneyPattern order="14" id="OST:ServiceLinkInJourneyPattern:7429804" version="271">
                  <ServiceLinkRef ref="OST:ServiceLink:200811072691642_2_200811072691637_2_561" />
                </ServiceLinkInJourneyPattern>
                <ServiceLinkInJourneyPattern order="10" id="OST:ServiceLinkInJourneyPattern:7429798" version="271">
                  <ServiceLinkRef ref="OST:ServiceLink:200811072689263_1_200811072691746_1_4593" />
                </ServiceLinkInJourneyPattern>
                <ServiceLinkInJourneyPattern order="15" id="OST:ServiceLinkInJourneyPattern:7429805" version="271">
                  <ServiceLinkRef ref="OST:ServiceLink:200811072691637_2_200811072691632_1_2387" />
                </ServiceLinkInJourneyPattern>
                <ServiceLinkInJourneyPattern order="12" id="OST:ServiceLinkInJourneyPattern:7429801" version="271">
                  <ServiceLinkRef ref="OST:ServiceLink:200811072691656_1_200811072691650_1_575" />
                </ServiceLinkInJourneyPattern>
                <ServiceLinkInJourneyPattern order="13" id="OST:ServiceLinkInJourneyPattern:7429803" version="271">
                  <ServiceLinkRef ref="OST:ServiceLink:200811072691650_1_200811072691642_2_1827" />
                </ServiceLinkInJourneyPattern>
                <ServiceLinkInJourneyPattern order="6" id="OST:ServiceLinkInJourneyPattern:7429792" version="271">
                  <ServiceLinkRef ref="OST:ServiceLink:200811072691733_1_200811072691728_1_604" />
                </ServiceLinkInJourneyPattern>
                <ServiceLinkInJourneyPattern order="7" id="OST:ServiceLinkInJourneyPattern:7429793" version="271">
                  <ServiceLinkRef ref="OST:ServiceLink:200811072691728_1_200811072691725_2_724" />
                </ServiceLinkInJourneyPattern>
              </linksInSequence>
            </JourneyPattern>
          </journeyPatterns>
        </ServiceFrame>
        <TimetableFrame id="375650082" version="1">
          <vehicleJourneys>
            <ServiceJourney id="OST:ServiceJourney:254_211210122071904_2" publication="public" version="271">
              <Name>Svinndal</Name>
              <PrivateCode>2</PrivateCode>
              <dayTypes>
                <DayTypeRef ref="OST:DayType:121" />
              </dayTypes>
              <JourneyPatternRef ref="OST:JourneyPattern:254_Inbound_211210121983017_211210121975025" version="271" />
              <LineRef ref="OST:Line:1_254" version="271" />
              <OperatorRef ref="OST:Operator:152" />
              <passingTimes>
                <TimetabledPassingTime id="OST:TimetabledPassingTime:211210122071904_1_16_10_00" version="271">
                  <DepartureTime>16:10:00</DepartureTime>
                  <StopPointInJourneyPatternRef ref="OST:StopPointInJourneyPattern:254_Inbound_211210121983017_1_211210121975025" version="271" />
                </TimetabledPassingTime>
                <TimetabledPassingTime id="OST:TimetabledPassingTime:211210122071904_2_16_13_00" version="271">
                  <DepartureTime>16:13:00</DepartureTime>
                  <StopPointInJourneyPatternRef ref="OST:StopPointInJourneyPattern:254_Inbound_211210121983017_2_211210121975025" version="271" />
                </TimetabledPassingTime>
                <TimetabledPassingTime id="OST:TimetabledPassingTime:211210122071904_3_16_15_00" version="271">
                  <DepartureTime>16:15:00</DepartureTime>
                  <StopPointInJourneyPatternRef ref="OST:StopPointInJourneyPattern:254_Inbound_211210121983017_3_211210121975025" version="271" />
                </TimetabledPassingTime>
                <TimetabledPassingTime id="OST:TimetabledPassingTime:211210122071904_4_16_16_00" version="271">
                  <DepartureTime>16:16:00</DepartureTime>
                  <StopPointInJourneyPatternRef ref="OST:StopPointInJourneyPattern:254_Inbound_211210121983017_4_211210121975025" version="271" />
                </TimetabledPassingTime>
                <TimetabledPassingTime id="OST:TimetabledPassingTime:211210122071904_5_16_17_00" version="271">
                  <DepartureTime>16:17:00</DepartureTime>
                  <StopPointInJourneyPatternRef ref="OST:StopPointInJourneyPattern:254_Inbound_211210121983017_5_211210121975025" version="271" />
                </TimetabledPassingTime>
                <TimetabledPassingTime id="OST:TimetabledPassingTime:211210122071904_6_16_20_00" version="271">
                  <DepartureTime>16:20:00</DepartureTime>
                  <StopPointInJourneyPatternRef ref="OST:StopPointInJourneyPattern:254_Inbound_211210121983017_6_211210121975025" version="271" />
                </TimetabledPassingTime>
                <TimetabledPassingTime id="OST:TimetabledPassingTime:211210122071904_7_16_21_00" version="271">
                  <DepartureTime>16:21:00</DepartureTime>
                  <StopPointInJourneyPatternRef ref="OST:StopPointInJourneyPattern:254_Inbound_211210121983017_7_211210121975025" version="271" />
                </TimetabledPassingTime>
                <TimetabledPassingTime id="OST:TimetabledPassingTime:211210122071904_8_16_22_00" version="271">
                  <DepartureTime>16:22:00</DepartureTime>
                  <StopPointInJourneyPatternRef ref="OST:StopPointInJourneyPattern:254_Inbound_211210121983017_8_211210121975025" version="271" />
                </TimetabledPassingTime>
                <TimetabledPassingTime id="OST:TimetabledPassingTime:211210122071904_9_16_22_00" version="271">
                  <DepartureTime>16:22:00</DepartureTime>
                  <StopPointInJourneyPatternRef ref="OST:StopPointInJourneyPattern:254_Inbound_211210121983017_9_211210121975025" version="271" />
                </TimetabledPassingTime>
                <TimetabledPassingTime id="OST:TimetabledPassingTime:211210122071904_10_16_36_00" version="271">
                  <DepartureTime>16:36:00</DepartureTime>
                  <StopPointInJourneyPatternRef ref="OST:StopPointInJourneyPattern:254_Inbound_211210121983017_10_211210121975025" version="271" />
                </TimetabledPassingTime>
                <TimetabledPassingTime id="OST:TimetabledPassingTime:211210122071904_11_16_42_00" version="271">
                  <DepartureTime>16:42:00</DepartureTime>
                  <StopPointInJourneyPatternRef ref="OST:StopPointInJourneyPattern:254_Inbound_211210121983017_11_211210121975025" version="271" />
                </TimetabledPassingTime>
                <TimetabledPassingTime id="OST:TimetabledPassingTime:211210122071904_12_16_45_00" version="271">
                  <DepartureTime>16:45:00</DepartureTime>
                  <StopPointInJourneyPatternRef ref="OST:StopPointInJourneyPattern:254_Inbound_211210121983017_12_211210121975025" version="271" />
                </TimetabledPassingTime>
                <TimetabledPassingTime id="OST:TimetabledPassingTime:211210122071904_13_16_46_00" version="271">
                  <DepartureTime>16:46:00</DepartureTime>
                  <StopPointInJourneyPatternRef ref="OST:StopPointInJourneyPattern:254_Inbound_211210121983017_13_211210121975025" version="271" />
                </TimetabledPassingTime>
                <TimetabledPassingTime id="OST:TimetabledPassingTime:211210122071904_14_16_48_00" version="271">
                  <DepartureTime>16:48:00</DepartureTime>
                  <StopPointInJourneyPatternRef ref="OST:StopPointInJourneyPattern:254_Inbound_211210121983017_14_211210121975025" version="271" />
                </TimetabledPassingTime>
                <TimetabledPassingTime id="OST:TimetabledPassingTime:211210122071904_15_16_49_00" version="271">
                  <DepartureTime>16:49:00</DepartureTime>
                  <StopPointInJourneyPatternRef ref="OST:StopPointInJourneyPattern:254_Inbound_211210121983017_15_211210121975025" version="271" />
                </TimetabledPassingTime>
                <TimetabledPassingTime id="OST:TimetabledPassingTime:211210122071904_16_16_52_00" version="271">
                  <DepartureTime>16:52:00</DepartureTime>
                  <StopPointInJourneyPatternRef ref="OST:StopPointInJourneyPattern:254_Inbound_211210121983017_16_211210121975025" version="271" />
                </TimetabledPassingTime>
                <TimetabledPassingTime id="OST:TimetabledPassingTime:211210122071904_17_16_54_00" version="271">
                  <ArrivalTime>16:54:00</ArrivalTime>
                  <StopPointInJourneyPatternRef ref="OST:StopPointInJourneyPattern:254_Inbound_211210121983017_17_211210121975025" version="271" />
                </TimetabledPassingTime>
              </passingTimes>
            </ServiceJourney>
          </vehicleJourneys>
        </TimetableFrame>
      </frames>
    </CompositeFrame>
  </dataObjects>
</PublicationDelivery>
