<?xml version="1.0" encoding="UTF-8"?>
<PublicationDelivery xmlns="http://www.netex.org.uk/netex" xmlns:gis="http://www.opengis.net/gml/3.2" xmlns:siri="http://www.siri.org.uk/siri" version="1.13:NO-NeTEx-networktimetable:1.3">
  <PublicationTimestamp>2022-05-26T00:05:35.012</PublicationTimestamp>
  <ParticipantRef>RB</ParticipantRef>
  <Description>Rød skole</Description>
  <dataObjects>
    <CompositeFrame created="2022-04-08T10:32:34.29" id="894008901" version="1">
      <validityConditions>
        <AvailabilityCondition id="1695333216" version="1">
          <FromDate>2022-05-23T00:00:00</FromDate>
          <ToDate>2023-05-25T00:00:00</ToDate>
        </AvailabilityCondition>
      </validityConditions>
      <codespaces>
        <Codespace id="ost">
          <Xmlns>OST</Xmlns>
          <XmlnsUrl>http://www.rutebanken.org/ns/ost</XmlnsUrl>
        </Codespace>
        <Codespace id="nsr">
          <Xmlns>NSR</Xmlns>
          <XmlnsUrl>http://www.rutebanken.org/ns/nsr</XmlnsUrl>
        </Codespace>
      </codespaces>
      <FrameDefaults>
        <DefaultLocale>
          <TimeZone>Europe/Oslo</TimeZone>
          <DefaultLanguage>no</DefaultLanguage>
        </DefaultLocale>
      </FrameDefaults>
      <frames>
        <ServiceFrame id="2067257454" version="1">
          <routes>
            <Route id="OST:Route:189_Inbound_211210121982887_211210121975025" version="271">
              <Name>2-2</Name>
              <ShortName>2-2</ShortName>
              <LineRef ref="OST:Line:1_189" version="271" />
              <DirectionType>outbound</DirectionType>
              <pointsInSequence>
                <PointOnRoute id="OST:PointOnRoute:7432758" order="8" version="271">
                  <RoutePointRef ref="OST:RoutePoint:1069105_2" />
                </PointOnRoute>
                <PointOnRoute id="OST:PointOnRoute:7432752" order="2" version="271">
                  <RoutePointRef ref="OST:RoutePoint:1065695_1" />
                </PointOnRoute>
                <PointOnRoute id="OST:PointOnRoute:7432754" order="4" version="271">
                  <RoutePointRef ref="OST:RoutePoint:1069090_1" />
                </PointOnRoute>
                <PointOnRoute id="OST:PointOnRoute:7432757" order="7" version="271">
                  <RoutePointRef ref="OST:RoutePoint:1069104_1" />
                </PointOnRoute>
                <PointOnRoute id="OST:PointOnRoute:7432759" order="9" version="271">
                  <RoutePointRef ref="OST:RoutePoint:1069110_1" />
                </PointOnRoute>
                <PointOnRoute id="OST:PointOnRoute:7432753" order="3" version="271">
                  <RoutePointRef ref="OST:RoutePoint:1069075_1" />
                </PointOnRoute>
                <PointOnRoute id="OST:PointOnRoute:7432760" order="10" version="271">
                  <RoutePointRef ref="OST:RoutePoint:1069109_1" />
                </PointOnRoute>
                <PointOnRoute id="OST:PointOnRoute:7432755" order="5" version="271">
                  <RoutePointRef ref="OST:RoutePoint:1069095_1" />
                </PointOnRoute>
                <PointOnRoute id="OST:PointOnRoute:7432761" order="11" version="271">
                  <RoutePointRef ref="OST:RoutePoint:1069115_1" />
                </PointOnRoute>
                <PointOnRoute id="OST:PointOnRoute:7432751" order="1" version="271">
                  <RoutePointRef ref="OST:RoutePoint:1069070_2" />
                </PointOnRoute>
                <PointOnRoute id="OST:PointOnRoute:7432756" order="6" version="271">
                  <RoutePointRef ref="OST:RoutePoint:1069100_1" />
                </PointOnRoute>
              </pointsInSequence>
            </Route>
            <Route id="OST:Route:189_Inbound_211210121982888_211210121975025" version="271">
              <Name>2-3</Name>
              <ShortName>2-3</ShortName>
              <LineRef ref="OST:Line:1_189" version="271" />
              <DirectionType>outbound</DirectionType>
              <pointsInSequence>
                <PointOnRoute id="OST:PointOnRoute:7432777" order="16" version="271">
                  <RoutePointRef ref="OST:RoutePoint:1069090_1" />
                </PointOnRoute>
                <PointOnRoute id="OST:PointOnRoute:7432768" order="7" version="271">
                  <RoutePointRef ref="OST:RoutePoint:1069020_2" />
                </PointOnRoute>
                <PointOnRoute id="OST:PointOnRoute:7432763" order="2" version="271">
                  <RoutePointRef ref="OST:RoutePoint:1065689_2" />
                </PointOnRoute>
                <PointOnRoute id="OST:PointOnRoute:7432769" order="8" version="271">
                  <RoutePointRef ref="OST:RoutePoint:1069021_4" />
                </PointOnRoute>
                <PointOnRoute id="OST:PointOnRoute:7432775" order="14" version="271">
                  <RoutePointRef ref="OST:RoutePoint:1065695_1" />
                </PointOnRoute>
                <PointOnRoute id="OST:PointOnRoute:7432776" order="15" version="271">
                  <RoutePointRef ref="OST:RoutePoint:1069075_1" />
                </PointOnRoute>
                <PointOnRoute id="OST:PointOnRoute:7432767" order="6" version="271">
                  <RoutePointRef ref="OST:RoutePoint:1069025_2" />
                </PointOnRoute>
                <PointOnRoute id="OST:PointOnRoute:7432773" order="12" version="271">
                  <RoutePointRef ref="OST:RoutePoint:1065681_1" />
                </PointOnRoute>
                <PointOnRoute id="OST:PointOnRoute:7432779" order="18" version="271">
                  <RoutePointRef ref="OST:RoutePoint:1069100_1" />
                </PointOnRoute>
                <PointOnRoute id="OST:PointOnRoute:7432774" order="13" version="271">
                  <RoutePointRef ref="OST:RoutePoint:1065691_1" />
                </PointOnRoute>
                <PointOnRoute id="OST:PointOnRoute:7432771" order="10" version="271">
                  <RoutePointRef ref="OST:RoutePoint:1065675_1" />
                </PointOnRoute>
                <PointOnRoute id="OST:PointOnRoute:7432762" order="1" version="271">
                  <RoutePointRef ref="OST:RoutePoint:1069070_2" />
                </PointOnRoute>
                <PointOnRoute id="OST:PointOnRoute:7432772" order="11" version="271">
                  <RoutePointRef ref="OST:RoutePoint:1065680_1" />
                </PointOnRoute>
                <PointOnRoute id="OST:PointOnRoute:7432766" order="5" version="271">
                  <RoutePointRef ref="OST:RoutePoint:1069030_2" />
                </PointOnRoute>
                <PointOnRoute id="OST:PointOnRoute:7432778" order="17" version="271">
                  <RoutePointRef ref="OST:RoutePoint:1069095_1" />
                </PointOnRoute>
                <PointOnRoute id="OST:PointOnRoute:7432770" order="9" version="271">
                  <RoutePointRef ref="OST:RoutePoint:1065670_1" />
                </PointOnRoute>
                <PointOnRoute id="OST:PointOnRoute:7432764" order="3" version="271">
                  <RoutePointRef ref="OST:RoutePoint:1069040_2" />
                </PointOnRoute>
                <PointOnRoute id="OST:PointOnRoute:7432765" order="4" version="271">
                  <RoutePointRef ref="OST:RoutePoint:1069035_2" />
                </PointOnRoute>
              </pointsInSequence>
            </Route>
            <Route id="OST:Route:189_Inbound_211210121982889_211210121975025" version="271">
              <Name>2-4</Name>
              <ShortName>2-4</ShortName>
              <LineRef ref="OST:Line:1_189" version="271" />
              <DirectionType>outbound</DirectionType>
              <pointsInSequence>
                <PointOnRoute id="OST:PointOnRoute:7432785" order="6" version="271">
                  <RoutePointRef ref="OST:RoutePoint:1069100_1" />
                </PointOnRoute>
                <PointOnRoute id="OST:PointOnRoute:7432784" order="5" version="271">
                  <RoutePointRef ref="OST:RoutePoint:1069095_1" />
                </PointOnRoute>
                <PointOnRoute id="OST:PointOnRoute:7432783" order="4" version="271">
                  <RoutePointRef ref="OST:RoutePoint:1069090_1" />
                </PointOnRoute>
                <PointOnRoute id="OST:PointOnRoute:7432782" order="3" version="271">
                  <RoutePointRef ref="OST:RoutePoint:1069075_1" />
                </PointOnRoute>
                <PointOnRoute id="OST:PointOnRoute:7432781" order="2" version="271">
                  <RoutePointRef ref="OST:RoutePoint:1065695_1" />
                </PointOnRoute>
                <PointOnRoute id="OST:PointOnRoute:7432780" order="1" version="271">
                  <RoutePointRef ref="OST:RoutePoint:1069070_2" />
                </PointOnRoute>
              </pointsInSequence>
            </Route>
            <Route id="OST:Route:189_Outbound_211210121982886_211210121975025" version="271">
              <Name>1-1</Name>
              <ShortName>1-1</ShortName>
              <LineRef ref="OST:Line:1_189" version="271" />
              <DirectionType>inbound</DirectionType>
              <pointsInSequence>
                <PointOnRoute id="OST:PointOnRoute:7432750" order="12" version="271">
                  <RoutePointRef ref="OST:RoutePoint:1069070_2" />
                </PointOnRoute>
                <PointOnRoute id="OST:PointOnRoute:7432743" order="5" version="271">
                  <RoutePointRef ref="OST:RoutePoint:1069104_2" />
                </PointOnRoute>
                <PointOnRoute id="OST:PointOnRoute:7432739" order="1" version="271">
                  <RoutePointRef ref="OST:RoutePoint:1069115_1" />
                </PointOnRoute>
                <PointOnRoute id="OST:PointOnRoute:7432744" order="6" version="271">
                  <RoutePointRef ref="OST:RoutePoint:1069100_1" />
                </PointOnRoute>
                <PointOnRoute id="OST:PointOnRoute:7432741" order="3" version="271">
                  <RoutePointRef ref="OST:RoutePoint:1069110_2" />
                </PointOnRoute>
                <PointOnRoute id="OST:PointOnRoute:7432742" order="4" version="271">
                  <RoutePointRef ref="OST:RoutePoint:1069105_3" />
                </PointOnRoute>
                <PointOnRoute id="OST:PointOnRoute:7432749" order="11" version="271">
                  <RoutePointRef ref="OST:RoutePoint:1065705_4" />
                </PointOnRoute>
                <PointOnRoute id="OST:PointOnRoute:7432740" order="2" version="271">
                  <RoutePointRef ref="OST:RoutePoint:1069109_2" />
                </PointOnRoute>
                <PointOnRoute id="OST:PointOnRoute:7432747" order="9" version="271">
                  <RoutePointRef ref="OST:RoutePoint:1069075_2" />
                </PointOnRoute>
                <PointOnRoute id="OST:PointOnRoute:7432745" order="7" version="271">
                  <RoutePointRef ref="OST:RoutePoint:1069095_2" />
                </PointOnRoute>
                <PointOnRoute id="OST:PointOnRoute:7432748" order="10" version="271">
                  <RoutePointRef ref="OST:RoutePoint:1065700_1" />
                </PointOnRoute>
                <PointOnRoute id="OST:PointOnRoute:7432746" order="8" version="271">
                  <RoutePointRef ref="OST:RoutePoint:1069090_2" />
                </PointOnRoute>
              </pointsInSequence>
            </Route>
          </routes>
          <lines>
            <Line id="OST:Line:1_189" version="271">
              <Name>Rød skole</Name>
              <TransportMode>bus</TransportMode>
              <TransportSubmode>
                <BusSubmode>localBus</BusSubmode>
              </TransportSubmode>
              <PublicCode>189</PublicCode>
              <PrivateCode>189</PrivateCode>
              <OperatorRef ref="OST:Operator:152" />
              <RepresentedByGroupRef ref="OST:GroupOfLines:bus_1" />
            </Line>
          </lines>
          <journeyPatterns>
            <JourneyPattern id="OST:JourneyPattern:189_Inbound_211210121982887_211210121975025" version="271">
              <Name>2-2</Name>
              <RouteRef ref="OST:Route:189_Inbound_211210121982887_211210121975025" version="271" />
              <pointsInSequence>
                <StopPointInJourneyPattern order="10" id="OST:StopPointInJourneyPattern:189_Inbound_211210121982887_10_211210121975025" version="271">
                  <ScheduledStopPointRef ref="OST:ScheduledStopPoint:1069109_1" />
                </StopPointInJourneyPattern>
                <StopPointInJourneyPattern order="8" id="OST:StopPointInJourneyPattern:189_Inbound_211210121982887_8_211210121975025" version="271">
                  <ScheduledStopPointRef ref="OST:ScheduledStopPoint:1069105_2" />
                </StopPointInJourneyPattern>
                <StopPointInJourneyPattern order="5" id="OST:StopPointInJourneyPattern:189_Inbound_211210121982887_5_211210121975025" version="271">
                  <ScheduledStopPointRef ref="OST:ScheduledStopPoint:1069095_1" />
                </StopPointInJourneyPattern>
                <StopPointInJourneyPattern order="2" id="OST:StopPointInJourneyPattern:189_Inbound_211210121982887_2_211210121975025" version="271">
                  <ScheduledStopPointRef ref="OST:ScheduledStopPoint:1065695_1" />
                </StopPointInJourneyPattern>
                <StopPointInJourneyPattern order="11" id="OST:StopPointInJourneyPattern:189_Inbound_211210121982887_11_211210121975025" version="271">
                  <ForBoarding>false</ForBoarding>
                  <ScheduledStopPointRef ref="OST:ScheduledStopPoint:1069115_1" />
                </StopPointInJourneyPattern>
                <StopPointInJourneyPattern order="1" id="OST:StopPointInJourneyPattern:189_Inbound_211210121982887_1_211210121975025" version="271">
                  <ForAlighting>false</ForAlighting>
                  <DestinationDisplayRef ref="OST:DestinationDisplay:567" />
                  <ScheduledStopPointRef ref="OST:ScheduledStopPoint:1069070_2" />
                </StopPointInJourneyPattern>
                <StopPointInJourneyPattern order="6" id="OST:StopPointInJourneyPattern:189_Inbound_211210121982887_6_211210121975025" version="271">
                  <ScheduledStopPointRef ref="OST:ScheduledStopPoint:1069100_1" />
                </StopPointInJourneyPattern>
                <StopPointInJourneyPattern order="9" id="OST:StopPointInJourneyPattern:189_Inbound_211210121982887_9_211210121975025" version="271">
                  <ScheduledStopPointRef ref="OST:ScheduledStopPoint:1069110_1" />
                </StopPointInJourneyPattern>
                <StopPointInJourneyPattern order="7" id="OST:StopPointInJourneyPattern:189_Inbound_211210121982887_7_211210121975025" version="271">
                  <ScheduledStopPointRef ref="OST:ScheduledStopPoint:1069104_1" />
                </StopPointInJourneyPattern>
                <StopPointInJourneyPattern order="3" id="OST:StopPointInJourneyPattern:189_Inbound_211210121982887_3_211210121975025" version="271">
                  <ScheduledStopPointRef ref="OST:ScheduledStopPoint:1069075_1" />
                </StopPointInJourneyPattern>
                <StopPointInJourneyPattern order="4" id="OST:StopPointInJourneyPattern:189_Inbound_211210121982887_4_211210121975025" version="271">
                  <ScheduledStopPointRef ref="OST:ScheduledStopPoint:1069090_1" />
                </StopPointInJourneyPattern>
              </pointsInSequence>
              <linksInSequence>
                <ServiceLinkInJourneyPattern order="9" id="OST:ServiceLinkInJourneyPattern:7432807" version="271">
                  <ServiceLinkRef ref="OST:ServiceLink:200811072687456_1_200811072687451_1_155" />
                </ServiceLinkInJourneyPattern>
                <ServiceLinkInJourneyPattern order="3" id="OST:ServiceLinkInJourneyPattern:7432801" version="271">
                  <ServiceLinkRef ref="OST:ServiceLink:200811072687423_1_200811072687428_1_427" />
                </ServiceLinkInJourneyPattern>
                <ServiceLinkInJourneyPattern order="4" id="OST:ServiceLinkInJourneyPattern:7432802" version="271">
                  <ServiceLinkRef ref="OST:ServiceLink:200811072687428_1_200811072687433_1_308" />
                </ServiceLinkInJourneyPattern>
                <ServiceLinkInJourneyPattern order="6" id="OST:ServiceLinkInJourneyPattern:7432804" version="271">
                  <ServiceLinkRef ref="OST:ServiceLink:200811072687438_1_200811072687441_1_1909" />
                </ServiceLinkInJourneyPattern>
                <ServiceLinkInJourneyPattern order="8" id="OST:ServiceLinkInJourneyPattern:7432806" version="271">
                  <ServiceLinkRef ref="OST:ServiceLink:200811072687446_2_200811072687456_1_263" />
                </ServiceLinkInJourneyPattern>
                <ServiceLinkInJourneyPattern order="5" id="OST:ServiceLinkInJourneyPattern:7432803" version="271">
                  <ServiceLinkRef ref="OST:ServiceLink:200811072687433_1_200811072687438_1_1100" />
                </ServiceLinkInJourneyPattern>
                <ServiceLinkInJourneyPattern order="1" id="OST:ServiceLinkInJourneyPattern:7432798" version="271">
                  <ServiceLinkRef ref="OST:ServiceLink:200811072687420_2_200811072686757_1_881" />
                </ServiceLinkInJourneyPattern>
                <ServiceLinkInJourneyPattern order="2" id="OST:ServiceLinkInJourneyPattern:7432800" version="271">
                  <ServiceLinkRef ref="OST:ServiceLink:200811072686757_1_200811072687423_1_358" />
                </ServiceLinkInJourneyPattern>
                <ServiceLinkInJourneyPattern order="7" id="OST:ServiceLinkInJourneyPattern:7432805" version="271">
                  <ServiceLinkRef ref="OST:ServiceLink:200811072687441_1_200811072687446_2_230" />
                </ServiceLinkInJourneyPattern>
                <ServiceLinkInJourneyPattern order="10" id="OST:ServiceLinkInJourneyPattern:7432808" version="271">
                  <ServiceLinkRef ref="OST:ServiceLink:200811072687451_1_200811072687461_1_524" />
                </ServiceLinkInJourneyPattern>
              </linksInSequence>
            </JourneyPattern>
            <JourneyPattern id="OST:JourneyPattern:189_Inbound_211210121982888_211210121975025" version="271">
              <Name>2-3</Name>
              <RouteRef ref="OST:Route:189_Inbound_211210121982888_211210121975025" version="271" />
              <pointsInSequence>
                <StopPointInJourneyPattern order="4" id="OST:StopPointInJourneyPattern:189_Inbound_211210121982888_4_211210121975025" version="271">
                  <ScheduledStopPointRef ref="OST:ScheduledStopPoint:1069035_2" />
                </StopPointInJourneyPattern>
                <StopPointInJourneyPattern order="10" id="OST:StopPointInJourneyPattern:189_Inbound_211210121982888_10_211210121975025" version="271">
                  <ScheduledStopPointRef ref="OST:ScheduledStopPoint:1065675_1" />
                </StopPointInJourneyPattern>
                <StopPointInJourneyPattern order="17" id="OST:StopPointInJourneyPattern:189_Inbound_211210121982888_17_211210121975025" version="271">
                  <ScheduledStopPointRef ref="OST:ScheduledStopPoint:1069095_1" />
                </StopPointInJourneyPattern>
                <StopPointInJourneyPattern order="8" id="OST:StopPointInJourneyPattern:189_Inbound_211210121982888_8_211210121975025" version="271">
                  <ScheduledStopPointRef ref="OST:ScheduledStopPoint:1069021_4" />
                </StopPointInJourneyPattern>
                <StopPointInJourneyPattern order="13" id="OST:StopPointInJourneyPattern:189_Inbound_211210121982888_13_211210121975025" version="271">
                  <ScheduledStopPointRef ref="OST:ScheduledStopPoint:1065691_1" />
                </StopPointInJourneyPattern>
                <StopPointInJourneyPattern order="14" id="OST:StopPointInJourneyPattern:189_Inbound_211210121982888_14_211210121975025" version="271">
                  <ScheduledStopPointRef ref="OST:ScheduledStopPoint:1065695_1" />
                </StopPointInJourneyPattern>
                <StopPointInJourneyPattern order="1" id="OST:StopPointInJourneyPattern:189_Inbound_211210121982888_1_211210121975025" version="271">
                  <ForAlighting>false</ForAlighting>
                  <DestinationDisplayRef ref="OST:DestinationDisplay:336" />
                  <ScheduledStopPointRef ref="OST:ScheduledStopPoint:1069070_2" />
                </StopPointInJourneyPattern>
                <StopPointInJourneyPattern order="15" id="OST:StopPointInJourneyPattern:189_Inbound_211210121982888_15_211210121975025" version="271">
                  <ScheduledStopPointRef ref="OST:ScheduledStopPoint:1069075_1" />
                </StopPointInJourneyPattern>
                <StopPointInJourneyPattern order="6" id="OST:StopPointInJourneyPattern:189_Inbound_211210121982888_6_211210121975025" version="271">
                  <ScheduledStopPointRef ref="OST:ScheduledStopPoint:1069025_2" />
                </StopPointInJourneyPattern>
                <StopPointInJourneyPattern order="3" id="OST:StopPointInJourneyPattern:189_Inbound_211210121982888_3_211210121975025" version="271">
                  <ScheduledStopPointRef ref="OST:ScheduledStopPoint:1069040_2" />
                </StopPointInJourneyPattern>
                <StopPointInJourneyPattern order="5" id="OST:StopPointInJourneyPattern:189_Inbound_211210121982888_5_211210121975025" version="271">
                  <ScheduledStopPointRef ref="OST:ScheduledStopPoint:1069030_2" />
                </StopPointInJourneyPattern>
                <StopPointInJourneyPattern order="12" id="OST:StopPointInJourneyPattern:189_Inbound_211210121982888_12_211210121975025" version="271">
                  <ScheduledStopPointRef ref="OST:ScheduledStopPoint:1065681_1" />
                </StopPointInJourneyPattern>
                <StopPointInJourneyPattern order="11" id="OST:StopPointInJourneyPattern:189_Inbound_211210121982888_11_211210121975025" version="271">
                  <ScheduledStopPointRef ref="OST:ScheduledStopPoint:1065680_1" />
                </StopPointInJourneyPattern>
                <StopPointInJourneyPattern order="2" id="OST:StopPointInJourneyPattern:189_Inbound_211210121982888_2_211210121975025" version="271">
                  <ScheduledStopPointRef ref="OST:ScheduledStopPoint:1065689_2" />
                </StopPointInJourneyPattern>
                <StopPointInJourneyPattern order="18" id="OST:StopPointInJourneyPattern:189_Inbound_211210121982888_18_211210121975025" version="271">
                  <ForBoarding>false</ForBoarding>
                  <ScheduledStopPointRef ref="OST:ScheduledStopPoint:1069100_1" />
                </StopPointInJourneyPattern>
                <StopPointInJourneyPattern order="9" id="OST:StopPointInJourneyPattern:189_Inbound_211210121982888_9_211210121975025" version="271">
                  <ScheduledStopPointRef ref="OST:ScheduledStopPoint:1065670_1" />
                </StopPointInJourneyPattern>
                <StopPointInJourneyPattern order="7" id="OST:StopPointInJourneyPattern:189_Inbound_211210121982888_7_211210121975025" version="271">
                  <ScheduledStopPointRef ref="OST:ScheduledStopPoint:1069020_2" />
                </StopPointInJourneyPattern>
                <StopPointInJourneyPattern order="16" id="OST:StopPointInJourneyPattern:189_Inbound_211210121982888_16_211210121975025" version="271">
                  <ScheduledStopPointRef ref="OST:ScheduledStopPoint:1069090_1" />
                </StopPointInJourneyPattern>
              </pointsInSequence>
              <linksInSequence>
                <ServiceLinkInJourneyPattern order="15" id="OST:ServiceLinkInJourneyPattern:7432825" version="271">
                  <ServiceLinkRef ref="OST:ServiceLink:200811072687423_1_200811072687428_1_427" />
                </ServiceLinkInJourneyPattern>
                <ServiceLinkInJourneyPattern order="13" id="OST:ServiceLinkInJourneyPattern:7432823" version="271">
                  <ServiceLinkRef ref="OST:ServiceLink:200811072686752_1_200811072686757_1_309" />
                </ServiceLinkInJourneyPattern>
                <ServiceLinkInJourneyPattern order="12" id="OST:ServiceLinkInJourneyPattern:7432822" version="271">
                  <ServiceLinkRef ref="OST:ServiceLink:200811072686735_1_200811072686752_1_321" />
                </ServiceLinkInJourneyPattern>
                <ServiceLinkInJourneyPattern order="17" id="OST:ServiceLinkInJourneyPattern:7432827" version="271">
                  <ServiceLinkRef ref="OST:ServiceLink:200811072687433_1_200811072687438_1_1100" />
                </ServiceLinkInJourneyPattern>
                <ServiceLinkInJourneyPattern order="6" id="OST:ServiceLinkInJourneyPattern:7432814" version="271">
                  <ServiceLinkRef ref="OST:ServiceLink:200811072687374_2_200811072687364_2_278" />
                </ServiceLinkInJourneyPattern>
                <ServiceLinkInJourneyPattern order="4" id="OST:ServiceLinkInJourneyPattern:7432812" version="271">
                  <ServiceLinkRef ref="OST:ServiceLink:200811072687386_2_200811072687381_2_168" />
                </ServiceLinkInJourneyPattern>
                <ServiceLinkInJourneyPattern order="11" id="OST:ServiceLinkInJourneyPattern:7432821" version="271">
                  <ServiceLinkRef ref="OST:ServiceLink:200811072686730_1_200811072686735_1_410" />
                </ServiceLinkInJourneyPattern>
                <ServiceLinkInJourneyPattern order="14" id="OST:ServiceLinkInJourneyPattern:7432824" version="271">
                  <ServiceLinkRef ref="OST:ServiceLink:200811072686757_1_200811072687423_1_358" />
                </ServiceLinkInJourneyPattern>
                <ServiceLinkInJourneyPattern order="9" id="OST:ServiceLinkInJourneyPattern:7432818" version="271">
                  <ServiceLinkRef ref="OST:ServiceLink:200811072686722_1_200811072686727_1_306" />
                </ServiceLinkInJourneyPattern>
                <ServiceLinkInJourneyPattern order="8" id="OST:ServiceLinkInJourneyPattern:7432816" version="271">
                  <ServiceLinkRef ref="OST:ServiceLink:200811072687369_4_200811072686722_1_199" />
                </ServiceLinkInJourneyPattern>
                <ServiceLinkInJourneyPattern order="5" id="OST:ServiceLinkInJourneyPattern:7432813" version="271">
                  <ServiceLinkRef ref="OST:ServiceLink:200811072687381_2_200811072687374_2_218" />
                </ServiceLinkInJourneyPattern>
                <ServiceLinkInJourneyPattern order="3" id="OST:ServiceLinkInJourneyPattern:7432811" version="271">
                  <ServiceLinkRef ref="OST:ServiceLink:200811072687391_2_200811072687386_2_328" />
                </ServiceLinkInJourneyPattern>
                <ServiceLinkInJourneyPattern order="16" id="OST:ServiceLinkInJourneyPattern:7432826" version="271">
                  <ServiceLinkRef ref="OST:ServiceLink:200811072687428_1_200811072687433_1_308" />
                </ServiceLinkInJourneyPattern>
                <ServiceLinkInJourneyPattern order="2" id="OST:ServiceLinkInJourneyPattern:7432810" version="271">
                  <ServiceLinkRef ref="OST:ServiceLink:200811072686744_2_200811072687391_2_359" />
                </ServiceLinkInJourneyPattern>
                <ServiceLinkInJourneyPattern order="1" id="OST:ServiceLinkInJourneyPattern:7432809" version="271">
                  <ServiceLinkRef ref="OST:ServiceLink:200811072687420_2_200811072686744_2_523" />
                </ServiceLinkInJourneyPattern>
                <ServiceLinkInJourneyPattern order="10" id="OST:ServiceLinkInJourneyPattern:7432820" version="271">
                  <ServiceLinkRef ref="OST:ServiceLink:200811072686727_1_200811072686730_1_186" />
                </ServiceLinkInJourneyPattern>
                <ServiceLinkInJourneyPattern order="7" id="OST:ServiceLinkInJourneyPattern:7432815" version="271">
                  <ServiceLinkRef ref="OST:ServiceLink:200811072687364_2_200811072687369_4_189" />
                </ServiceLinkInJourneyPattern>
              </linksInSequence>
            </JourneyPattern>
            <JourneyPattern id="OST:JourneyPattern:189_Inbound_211210121982889_211210121975025" version="271">
              <Name>2-4</Name>
              <RouteRef ref="OST:Route:189_Inbound_211210121982889_211210121975025" version="271" />
              <pointsInSequence>
                <StopPointInJourneyPattern order="5" id="OST:StopPointInJourneyPattern:189_Inbound_211210121982889_5_211210121975025" version="271">
                  <ScheduledStopPointRef ref="OST:ScheduledStopPoint:1069095_1" />
                </StopPointInJourneyPattern>
                <StopPointInJourneyPattern order="2" id="OST:StopPointInJourneyPattern:189_Inbound_211210121982889_2_211210121975025" version="271">
                  <ScheduledStopPointRef ref="OST:ScheduledStopPoint:1065695_1" />
                </StopPointInJourneyPattern>
                <StopPointInJourneyPattern order="4" id="OST:StopPointInJourneyPattern:189_Inbound_211210121982889_4_211210121975025" version="271">
                  <ScheduledStopPointRef ref="OST:ScheduledStopPoint:1069090_1" />
                </StopPointInJourneyPattern>
                <StopPointInJourneyPattern order="1" id="OST:StopPointInJourneyPattern:189_Inbound_211210121982889_1_211210121975025" version="271">
                  <ForAlighting>false</ForAlighting>
                  <DestinationDisplayRef ref="OST:DestinationDisplay:336" />
                  <ScheduledStopPointRef ref="OST:ScheduledStopPoint:1069070_2" />
                </StopPointInJourneyPattern>
                <StopPointInJourneyPattern order="3" id="OST:StopPointInJourneyPattern:189_Inbound_211210121982889_3_211210121975025" version="271">
                  <ScheduledStopPointRef ref="OST:ScheduledStopPoint:1069075_1" />
                </StopPointInJourneyPattern>
                <StopPointInJourneyPattern order="6" id="OST:StopPointInJourneyPattern:189_Inbound_211210121982889_6_211210121975025" version="271">
                  <ForBoarding>false</ForBoarding>
                  <ScheduledStopPointRef ref="OST:ScheduledStopPoint:1069100_1" />
                </StopPointInJourneyPattern>
              </pointsInSequence>
              <linksInSequence>
                <ServiceLinkInJourneyPattern order="2" id="OST:ServiceLinkInJourneyPattern:7432829" version="271">
                  <ServiceLinkRef ref="OST:ServiceLink:200811072686757_1_200811072687423_1_358" />
                </ServiceLinkInJourneyPattern>
                <ServiceLinkInJourneyPattern order="5" id="OST:ServiceLinkInJourneyPattern:7432832" version="271">
                  <ServiceLinkRef ref="OST:ServiceLink:200811072687433_1_200811072687438_1_1100" />
                </ServiceLinkInJourneyPattern>
                <ServiceLinkInJourneyPattern order="3" id="OST:ServiceLinkInJourneyPattern:7432830" version="271">
                  <ServiceLinkRef ref="OST:ServiceLink:200811072687423_1_200811072687428_1_427" />
                </ServiceLinkInJourneyPattern>
                <ServiceLinkInJourneyPattern order="1" id="OST:ServiceLinkInJourneyPattern:7432828" version="271">
                  <ServiceLinkRef ref="OST:ServiceLink:200811072687420_2_200811072686757_1_881" />
                </ServiceLinkInJourneyPattern>
                <ServiceLinkInJourneyPattern order="4" id="OST:ServiceLinkInJourneyPattern:7432831" version="271">
                  <ServiceLinkRef ref="OST:ServiceLink:200811072687428_1_200811072687433_1_308" />
                </ServiceLinkInJourneyPattern>
              </linksInSequence>
            </JourneyPattern>
            <JourneyPattern id="OST:JourneyPattern:189_Outbound_211210121982886_211210121975025" version="271">
              <Name>1-1</Name>
              <RouteRef ref="OST:Route:189_Outbound_211210121982886_211210121975025" version="271" />
              <pointsInSequence>
                <StopPointInJourneyPattern order="11" id="OST:StopPointInJourneyPattern:189_Outbound_211210121982886_11_211210121975025" version="271">
                  <ScheduledStopPointRef ref="OST:ScheduledStopPoint:1065705_4" />
                </StopPointInJourneyPattern>
                <StopPointInJourneyPattern order="5" id="OST:StopPointInJourneyPattern:189_Outbound_211210121982886_5_211210121975025" version="271">
                  <ScheduledStopPointRef ref="OST:ScheduledStopPoint:1069104_2" />
                </StopPointInJourneyPattern>
                <StopPointInJourneyPattern order="12" id="OST:StopPointInJourneyPattern:189_Outbound_211210121982886_12_211210121975025" version="271">
                  <ForBoarding>false</ForBoarding>
                  <ScheduledStopPointRef ref="OST:ScheduledStopPoint:1069070_2" />
                </StopPointInJourneyPattern>
                <StopPointInJourneyPattern order="2" id="OST:StopPointInJourneyPattern:189_Outbound_211210121982886_2_211210121975025" version="271">
                  <ScheduledStopPointRef ref="OST:ScheduledStopPoint:1069109_2" />
                </StopPointInJourneyPattern>
                <StopPointInJourneyPattern order="1" id="OST:StopPointInJourneyPattern:189_Outbound_211210121982886_1_211210121975025" version="271">
                  <ForAlighting>false</ForAlighting>
                  <DestinationDisplayRef ref="OST:DestinationDisplay:388" />
                  <ScheduledStopPointRef ref="OST:ScheduledStopPoint:1069115_1" />
                </StopPointInJourneyPattern>
                <StopPointInJourneyPattern order="9" id="OST:StopPointInJourneyPattern:189_Outbound_211210121982886_9_211210121975025" version="271">
                  <ScheduledStopPointRef ref="OST:ScheduledStopPoint:1069075_2" />
                </StopPointInJourneyPattern>
                <StopPointInJourneyPattern order="10" id="OST:StopPointInJourneyPattern:189_Outbound_211210121982886_10_211210121975025" version="271">
                  <ScheduledStopPointRef ref="OST:ScheduledStopPoint:1065700_1" />
                </StopPointInJourneyPattern>
                <StopPointInJourneyPattern order="6" id="OST:StopPointInJourneyPattern:189_Outbound_211210121982886_6_211210121975025" version="271">
                  <ScheduledStopPointRef ref="OST:ScheduledStopPoint:1069100_1" />
                </StopPointInJourneyPattern>
                <StopPointInJourneyPattern order="4" id="OST:StopPointInJourneyPattern:189_Outbound_211210121982886_4_211210121975025" version="271">
                  <ScheduledStopPointRef ref="OST:ScheduledStopPoint:1069105_3" />
                </StopPointInJourneyPattern>
                <StopPointInJourneyPattern order="8" id="OST:StopPointInJourneyPattern:189_Outbound_211210121982886_8_211210121975025" version="271">
                  <ScheduledStopPointRef ref="OST:ScheduledStopPoint:1069090_2" />
                </StopPointInJourneyPattern>
                <StopPointInJourneyPattern order="7" id="OST:StopPointInJourneyPattern:189_Outbound_211210121982886_7_211210121975025" version="271">
                  <ScheduledStopPointRef ref="OST:ScheduledStopPoint:1069095_2" />
                </StopPointInJourneyPattern>
                <StopPointInJourneyPattern order="3" id="OST:StopPointInJourneyPattern:189_Outbound_211210121982886_3_211210121975025" version="271">
                  <ScheduledStopPointRef ref="OST:ScheduledStopPoint:1069110_2" />
                </StopPointInJourneyPattern>
              </pointsInSequence>
              <linksInSequence>
                <ServiceLinkInJourneyPattern order="2" id="OST:ServiceLinkInJourneyPattern:7432787" version="271">
                  <ServiceLinkRef ref="OST:ServiceLink:200811072687453_2_200811072687458_2_156" />
                </ServiceLinkInJourneyPattern>
                <ServiceLinkInJourneyPattern order="7" id="OST:ServiceLinkInJourneyPattern:7432793" version="271">
                  <ServiceLinkRef ref="OST:ServiceLink:200811072687435_2_200811072687430_2_394" />
                </ServiceLinkInJourneyPattern>
                <ServiceLinkInJourneyPattern order="5" id="OST:ServiceLinkInJourneyPattern:7432790" version="271">
                  <ServiceLinkRef ref="OST:ServiceLink:200811072687443_2_200811072687438_1_1712" />
                </ServiceLinkInJourneyPattern>
                <ServiceLinkInJourneyPattern order="10" id="OST:ServiceLinkInJourneyPattern:7432796" version="271">
                  <ServiceLinkRef ref="OST:ServiceLink:200811072686760_1_200811072686765_4_411" />
                </ServiceLinkInJourneyPattern>
                <ServiceLinkInJourneyPattern order="11" id="OST:ServiceLinkInJourneyPattern:7432797" version="271">
                  <ServiceLinkRef ref="OST:ServiceLink:200811072686765_4_200811072687420_2_312" />
                </ServiceLinkInJourneyPattern>
                <ServiceLinkInJourneyPattern order="3" id="OST:ServiceLinkInJourneyPattern:7432788" version="271">
                  <ServiceLinkRef ref="OST:ServiceLink:200811072687458_2_200811072687448_3_235" />
                </ServiceLinkInJourneyPattern>
                <ServiceLinkInJourneyPattern order="8" id="OST:ServiceLinkInJourneyPattern:7432794" version="271">
                  <ServiceLinkRef ref="OST:ServiceLink:200811072687430_2_200811072687425_2_338" />
                </ServiceLinkInJourneyPattern>
                <ServiceLinkInJourneyPattern order="4" id="OST:ServiceLinkInJourneyPattern:7432789" version="271">
                  <ServiceLinkRef ref="OST:ServiceLink:200811072687448_3_200811072687443_2_273" />
                </ServiceLinkInJourneyPattern>
                <ServiceLinkInJourneyPattern order="9" id="OST:ServiceLinkInJourneyPattern:7432795" version="271">
                  <ServiceLinkRef ref="OST:ServiceLink:200811072687425_2_200811072686760_1_270" />
                </ServiceLinkInJourneyPattern>
                <ServiceLinkInJourneyPattern order="1" id="OST:ServiceLinkInJourneyPattern:7432786" version="271">
                  <ServiceLinkRef ref="OST:ServiceLink:200811072687461_1_200811072687453_2_478" />
                </ServiceLinkInJourneyPattern>
                <ServiceLinkInJourneyPattern order="6" id="OST:ServiceLinkInJourneyPattern:7432792" version="271">
                  <ServiceLinkRef ref="OST:ServiceLink:200811072687438_1_200811072687435_2_1300" />
                </ServiceLinkInJourneyPattern>
              </linksInSequence>
            </JourneyPattern>
          </journeyPatterns>
        </ServiceFrame>
        <TimetableFrame id="585381034" version="1">
          <vehicleJourneys>
            <ServiceJourney id="OST:ServiceJourney:189_211210122070711_4" publication="public" version="271">
              <Name>Oksviken</Name>
              <PrivateCode>4</PrivateCode>
              <dayTypes>
                <DayTypeRef ref="OST:DayType:127" />
              </dayTypes>
              <JourneyPatternRef ref="OST:JourneyPattern:189_Inbound_211210121982888_211210121975025" version="271" />
              <LineRef ref="OST:Line:1_189" version="271" />
              <OperatorRef ref="OST:Operator:152" />
              <passingTimes>
                <TimetabledPassingTime id="OST:TimetabledPassingTime:211210122070711_1_14_05_00" version="271">
                  <DepartureTime>14:05:00</DepartureTime>
                  <StopPointInJourneyPatternRef ref="OST:StopPointInJourneyPattern:189_Inbound_211210121982888_1_211210121975025" version="271" />
                </TimetabledPassingTime>
                <TimetabledPassingTime id="OST:TimetabledPassingTime:211210122070711_2_14_06_00" version="271">
                  <DepartureTime>14:06:00</DepartureTime>
                  <StopPointInJourneyPatternRef ref="OST:StopPointInJourneyPattern:189_Inbound_211210121982888_2_211210121975025" version="271" />
                </TimetabledPassingTime>
                <TimetabledPassingTime id="OST:TimetabledPassingTime:211210122070711_3_14_07_00" version="271">
                  <DepartureTime>14:07:00</DepartureTime>
                  <StopPointInJourneyPatternRef ref="OST:StopPointInJourneyPattern:189_Inbound_211210121982888_3_211210121975025" version="271" />
                </TimetabledPassingTime>
                <TimetabledPassingTime id="OST:TimetabledPassingTime:211210122070711_4_14_07_00" version="271">
                  <DepartureTime>14:07:00</DepartureTime>
                  <StopPointInJourneyPatternRef ref="OST:StopPointInJourneyPattern:189_Inbound_211210121982888_4_211210121975025" version="271" />
                </TimetabledPassingTime>
                <TimetabledPassingTime id="OST:TimetabledPassingTime:211210122070711_5_14_08_00" version="271">
                  <DepartureTime>14:08:00</DepartureTime>
                  <StopPointInJourneyPatternRef ref="OST:StopPointInJourneyPattern:189_Inbound_211210121982888_5_211210121975025" version="271" />
                </TimetabledPassingTime>
                <TimetabledPassingTime id="OST:TimetabledPassingTime:211210122070711_6_14_08_00" version="271">
                  <DepartureTime>14:08:00</DepartureTime>
                  <StopPointInJourneyPatternRef ref="OST:StopPointInJourneyPattern:189_Inbound_211210121982888_6_211210121975025" version="271" />
                </TimetabledPassingTime>
                <TimetabledPassingTime id="OST:TimetabledPassingTime:211210122070711_7_14_09_00" version="271">
                  <DepartureTime>14:09:00</DepartureTime>
                  <StopPointInJourneyPatternRef ref="OST:StopPointInJourneyPattern:189_Inbound_211210121982888_7_211210121975025" version="271" />
                </TimetabledPassingTime>
                <TimetabledPassingTime id="OST:TimetabledPassingTime:211210122070711_9_14_10_00" version="271">
                  <DepartureTime>14:10:00</DepartureTime>
                  <StopPointInJourneyPatternRef ref="OST:StopPointInJourneyPattern:189_Inbound_211210121982888_9_211210121975025" version="271" />
                </TimetabledPassingTime>
                <TimetabledPassingTime id="OST:TimetabledPassingTime:211210122070711_8_14_10_00" version="271">
                  <DepartureTime>14:10:00</DepartureTime>
                  <StopPointInJourneyPatternRef ref="OST:StopPointInJourneyPattern:189_Inbound_211210121982888_8_211210121975025" version="271" />
                </TimetabledPassingTime>
                <TimetabledPassingTime id="OST:TimetabledPassingTime:211210122070711_11_14_11_00" version="271">
                  <DepartureTime>14:11:00</DepartureTime>
                  <StopPointInJourneyPatternRef ref="OST:StopPointInJourneyPattern:189_Inbound_211210121982888_11_211210121975025" version="271" />
                </TimetabledPassingTime>
                <TimetabledPassingTime id="OST:TimetabledPassingTime:211210122070711_10_14_11_00" version="271">
                  <DepartureTime>14:11:00</DepartureTime>
                  <StopPointInJourneyPatternRef ref="OST:StopPointInJourneyPattern:189_Inbound_211210121982888_10_211210121975025" version="271" />
                </TimetabledPassingTime>
                <TimetabledPassingTime id="OST:TimetabledPassingTime:211210122070711_12_14_12_00" version="271">
                  <DepartureTime>14:12:00</DepartureTime>
                  <StopPointInJourneyPatternRef ref="OST:StopPointInJourneyPattern:189_Inbound_211210121982888_12_211210121975025" version="271" />
                </TimetabledPassingTime>
                <TimetabledPassingTime id="OST:TimetabledPassingTime:211210122070711_13_14_13_00" version="271">
                  <DepartureTime>14:13:00</DepartureTime>
                  <StopPointInJourneyPatternRef ref="OST:StopPointInJourneyPattern:189_Inbound_211210121982888_13_211210121975025" version="271" />
                </TimetabledPassingTime>
                <TimetabledPassingTime id="OST:TimetabledPassingTime:211210122070711_14_14_14_00" version="271">
                  <DepartureTime>14:14:00</DepartureTime>
                  <StopPointInJourneyPatternRef ref="OST:StopPointInJourneyPattern:189_Inbound_211210121982888_14_211210121975025" version="271" />
                </TimetabledPassingTime>
                <TimetabledPassingTime id="OST:TimetabledPassingTime:211210122070711_15_14_15_00" version="271">
                  <DepartureTime>14:15:00</DepartureTime>
                  <StopPointInJourneyPatternRef ref="OST:StopPointInJourneyPattern:189_Inbound_211210121982888_15_211210121975025" version="271" />
                </TimetabledPassingTime>
                <TimetabledPassingTime id="OST:TimetabledPassingTime:211210122070711_16_14_16_00" version="271">
                  <DepartureTime>14:16:00</DepartureTime>
                  <StopPointInJourneyPatternRef ref="OST:StopPointInJourneyPattern:189_Inbound_211210121982888_16_211210121975025" version="271" />
                </TimetabledPassingTime>
                <TimetabledPassingTime id="OST:TimetabledPassingTime:211210122070711_17_14_17_00" version="271">
                  <DepartureTime>14:17:00</DepartureTime>
                  <StopPointInJourneyPatternRef ref="OST:StopPointInJourneyPattern:189_Inbound_211210121982888_17_211210121975025" version="271" />
                </TimetabledPassingTime>
                <TimetabledPassingTime id="OST:TimetabledPassingTime:211210122070711_18_14_20_00" version="271">
                  <ArrivalTime>14:20:00</ArrivalTime>
                  <StopPointInJourneyPatternRef ref="OST:StopPointInJourneyPattern:189_Inbound_211210121982888_18_211210121975025" version="271" />
                </TimetabledPassingTime>
              </passingTimes>
            </ServiceJourney>
            <ServiceJourney id="OST:ServiceJourney:189_211210122070709_1" publication="public" version="271">
              <Name>Rød skole</Name>
              <PrivateCode>1</PrivateCode>
              <dayTypes>
                <DayTypeRef ref="OST:DayType:109" />
              </dayTypes>
              <JourneyPatternRef ref="OST:JourneyPattern:189_Outbound_211210121982886_211210121975025" version="271" />
              <LineRef ref="OST:Line:1_189" version="271" />
              <OperatorRef ref="OST:Operator:152" />
              <passingTimes>
                <TimetabledPassingTime id="OST:TimetabledPassingTime:211210122070709_1_08_50_00" version="271">
                  <DepartureTime>08:50:00</DepartureTime>
                  <StopPointInJourneyPatternRef ref="OST:StopPointInJourneyPattern:189_Outbound_211210121982886_1_211210121975025" version="271" />
                </TimetabledPassingTime>
                <TimetabledPassingTime id="OST:TimetabledPassingTime:211210122070709_2_08_50_00" version="271">
                  <DepartureTime>08:50:00</DepartureTime>
                  <StopPointInJourneyPatternRef ref="OST:StopPointInJourneyPattern:189_Outbound_211210121982886_2_211210121975025" version="271" />
                </TimetabledPassingTime>
                <TimetabledPassingTime id="OST:TimetabledPassingTime:211210122070709_4_08_51_00" version="271">
                  <DepartureTime>08:51:00</DepartureTime>
                  <StopPointInJourneyPatternRef ref="OST:StopPointInJourneyPattern:189_Outbound_211210121982886_4_211210121975025" version="271" />
                </TimetabledPassingTime>
                <TimetabledPassingTime id="OST:TimetabledPassingTime:211210122070709_5_08_51_00" version="271">
                  <DepartureTime>08:51:00</DepartureTime>
                  <StopPointInJourneyPatternRef ref="OST:StopPointInJourneyPattern:189_Outbound_211210121982886_5_211210121975025" version="271" />
                </TimetabledPassingTime>
                <TimetabledPassingTime id="OST:TimetabledPassingTime:211210122070709_3_08_51_00" version="271">
                  <DepartureTime>08:51:00</DepartureTime>
                  <StopPointInJourneyPatternRef ref="OST:StopPointInJourneyPattern:189_Outbound_211210121982886_3_211210121975025" version="271" />
                </TimetabledPassingTime>
                <TimetabledPassingTime id="OST:TimetabledPassingTime:211210122070709_6_08_55_00" version="271">
                  <DepartureTime>08:55:00</DepartureTime>
                  <StopPointInJourneyPatternRef ref="OST:StopPointInJourneyPattern:189_Outbound_211210121982886_6_211210121975025" version="271" />
                </TimetabledPassingTime>
                <TimetabledPassingTime id="OST:TimetabledPassingTime:211210122070709_7_08_59_00" version="271">
                  <DepartureTime>08:59:00</DepartureTime>
                  <StopPointInJourneyPatternRef ref="OST:StopPointInJourneyPattern:189_Outbound_211210121982886_7_211210121975025" version="271" />
                </TimetabledPassingTime>
                <TimetabledPassingTime id="OST:TimetabledPassingTime:211210122070709_8_09_00_00" version="271">
                  <DepartureTime>09:00:00</DepartureTime>
                  <StopPointInJourneyPatternRef ref="OST:StopPointInJourneyPattern:189_Outbound_211210121982886_8_211210121975025" version="271" />
                </TimetabledPassingTime>
                <TimetabledPassingTime id="OST:TimetabledPassingTime:211210122070709_9_09_01_00" version="271">
                  <DepartureTime>09:01:00</DepartureTime>
                  <StopPointInJourneyPatternRef ref="OST:StopPointInJourneyPattern:189_Outbound_211210121982886_9_211210121975025" version="271" />
                </TimetabledPassingTime>
                <TimetabledPassingTime id="OST:TimetabledPassingTime:211210122070709_10_09_02_00" version="271">
                  <DepartureTime>09:02:00</DepartureTime>
                  <StopPointInJourneyPatternRef ref="OST:StopPointInJourneyPattern:189_Outbound_211210121982886_10_211210121975025" version="271" />
                </TimetabledPassingTime>
                <TimetabledPassingTime id="OST:TimetabledPassingTime:211210122070709_11_09_03_00" version="271">
                  <DepartureTime>09:03:00</DepartureTime>
                  <StopPointInJourneyPatternRef ref="OST:StopPointInJourneyPattern:189_Outbound_211210121982886_11_211210121975025" version="271" />
                </TimetabledPassingTime>
                <TimetabledPassingTime id="OST:TimetabledPassingTime:211210122070709_12_09_05_00" version="271">
                  <ArrivalTime>09:05:00</ArrivalTime>
                  <StopPointInJourneyPatternRef ref="OST:StopPointInJourneyPattern:189_Outbound_211210121982886_12_211210121975025" version="271" />
                </TimetabledPassingTime>
              </passingTimes>
            </ServiceJourney>
            <ServiceJourney id="OST:ServiceJourney:189_211210122070710_2" publication="public" version="271">
              <Name>Vikerkilen</Name>
              <PrivateCode>2</PrivateCode>
              <dayTypes>
                <DayTypeRef ref="OST:DayType:107" />
              </dayTypes>
              <JourneyPatternRef ref="OST:JourneyPattern:189_Inbound_211210121982887_211210121975025" version="271" />
              <LineRef ref="OST:Line:1_189" version="271" />
              <OperatorRef ref="OST:Operator:152" />
              <passingTimes>
                <TimetabledPassingTime id="OST:TimetabledPassingTime:211210122070710_1_13_15_00" version="271">
                  <DepartureTime>13:15:00</DepartureTime>
                  <StopPointInJourneyPatternRef ref="OST:StopPointInJourneyPattern:189_Inbound_211210121982887_1_211210121975025" version="271" />
                </TimetabledPassingTime>
                <TimetabledPassingTime id="OST:TimetabledPassingTime:211210122070710_2_13_17_00" version="271">
                  <DepartureTime>13:17:00</DepartureTime>
                  <StopPointInJourneyPatternRef ref="OST:StopPointInJourneyPattern:189_Inbound_211210121982887_2_211210121975025" version="271" />
                </TimetabledPassingTime>
                <TimetabledPassingTime id="OST:TimetabledPassingTime:211210122070710_3_13_18_00" version="271">
                  <DepartureTime>13:18:00</DepartureTime>
                  <StopPointInJourneyPatternRef ref="OST:StopPointInJourneyPattern:189_Inbound_211210121982887_3_211210121975025" version="271" />
                </TimetabledPassingTime>
                <TimetabledPassingTime id="OST:TimetabledPassingTime:211210122070710_4_13_19_00" version="271">
                  <DepartureTime>13:19:00</DepartureTime>
                  <StopPointInJourneyPatternRef ref="OST:StopPointInJourneyPattern:189_Inbound_211210121982887_4_211210121975025" version="271" />
                </TimetabledPassingTime>
                <TimetabledPassingTime id="OST:TimetabledPassingTime:211210122070710_5_13_19_00" version="271">
                  <DepartureTime>13:19:00</DepartureTime>
                  <StopPointInJourneyPatternRef ref="OST:StopPointInJourneyPattern:189_Inbound_211210121982887_5_211210121975025" version="271" />
                </TimetabledPassingTime>
                <TimetabledPassingTime id="OST:TimetabledPassingTime:211210122070710_6_13_22_00" version="271">
                  <DepartureTime>13:22:00</DepartureTime>
                  <StopPointInJourneyPatternRef ref="OST:StopPointInJourneyPattern:189_Inbound_211210121982887_6_211210121975025" version="271" />
                </TimetabledPassingTime>
                <TimetabledPassingTime id="OST:TimetabledPassingTime:211210122070710_8_13_27_00" version="271">
                  <DepartureTime>13:27:00</DepartureTime>
                  <StopPointInJourneyPatternRef ref="OST:StopPointInJourneyPattern:189_Inbound_211210121982887_8_211210121975025" version="271" />
                </TimetabledPassingTime>
                <TimetabledPassingTime id="OST:TimetabledPassingTime:211210122070710_7_13_27_00" version="271">
                  <DepartureTime>13:27:00</DepartureTime>
                  <StopPointInJourneyPatternRef ref="OST:StopPointInJourneyPattern:189_Inbound_211210121982887_7_211210121975025" version="271" />
                </TimetabledPassingTime>
                <TimetabledPassingTime id="OST:TimetabledPassingTime:211210122070710_9_13_28_00" version="271">
                  <DepartureTime>13:28:00</DepartureTime>
                  <StopPointInJourneyPatternRef ref="OST:StopPointInJourneyPattern:189_Inbound_211210121982887_9_211210121975025" version="271" />
                </TimetabledPassingTime>
                <TimetabledPassingTime id="OST:TimetabledPassingTime:211210122070710_10_13_28_00" version="271">
                  <DepartureTime>13:28:00</DepartureTime>
                  <StopPointInJourneyPatternRef ref="OST:StopPointInJourneyPattern:189_Inbound_211210121982887_10_211210121975025" version="271" />
                </TimetabledPassingTime>
                <TimetabledPassingTime id="OST:TimetabledPassingTime:211210122070710_11_13_30_00" version="271">
                  <ArrivalTime>13:30:00</ArrivalTime>
                  <StopPointInJourneyPatternRef ref="OST:StopPointInJourneyPattern:189_Inbound_211210121982887_11_211210121975025" version="271" />
                </TimetabledPassingTime>
              </passingTimes>
            </ServiceJourney>
            <ServiceJourney id="OST:ServiceJourney:189_211210122070712_6" publication="public" version="271">
              <Name>Oksviken</Name>
              <PrivateCode>6</PrivateCode>
              <dayTypes>
                <DayTypeRef ref="OST:DayType:111" />
              </dayTypes>
              <JourneyPatternRef ref="OST:JourneyPattern:189_Inbound_211210121982889_211210121975025" version="271" />
              <LineRef ref="OST:Line:1_189" version="271" />
              <OperatorRef ref="OST:Operator:152" />
              <passingTimes>
                <TimetabledPassingTime id="OST:TimetabledPassingTime:211210122070712_1_14_05_00" version="271">
                  <DepartureTime>14:05:00</DepartureTime>
                  <StopPointInJourneyPatternRef ref="OST:StopPointInJourneyPattern:189_Inbound_211210121982889_1_211210121975025" version="271" />
                </TimetabledPassingTime>
                <TimetabledPassingTime id="OST:TimetabledPassingTime:211210122070712_2_14_07_00" version="271">
                  <DepartureTime>14:07:00</DepartureTime>
                  <StopPointInJourneyPatternRef ref="OST:StopPointInJourneyPattern:189_Inbound_211210121982889_2_211210121975025" version="271" />
                </TimetabledPassingTime>
                <TimetabledPassingTime id="OST:TimetabledPassingTime:211210122070712_3_14_08_00" version="271">
                  <DepartureTime>14:08:00</DepartureTime>
                  <StopPointInJourneyPatternRef ref="OST:StopPointInJourneyPattern:189_Inbound_211210121982889_3_211210121975025" version="271" />
                </TimetabledPassingTime>
                <TimetabledPassingTime id="OST:TimetabledPassingTime:211210122070712_4_14_09_00" version="271">
                  <DepartureTime>14:09:00</DepartureTime>
                  <StopPointInJourneyPatternRef ref="OST:StopPointInJourneyPattern:189_Inbound_211210121982889_4_211210121975025" version="271" />
                </TimetabledPassingTime>
                <TimetabledPassingTime id="OST:TimetabledPassingTime:211210122070712_5_14_09_00" version="271">
                  <DepartureTime>14:09:00</DepartureTime>
                  <StopPointInJourneyPatternRef ref="OST:StopPointInJourneyPattern:189_Inbound_211210121982889_5_211210121975025" version="271" />
                </TimetabledPassingTime>
                <TimetabledPassingTime id="OST:TimetabledPassingTime:211210122070712_6_14_12_00" version="271">
                  <ArrivalTime>14:12:00</ArrivalTime>
                  <StopPointInJourneyPatternRef ref="OST:StopPointInJourneyPattern:189_Inbound_211210121982889_6_211210121975025" version="271" />
                </TimetabledPassingTime>
              </passingTimes>
            </ServiceJourney>
          </vehicleJourneys>
        </TimetableFrame>
      </frames>
    </CompositeFrame>
  </dataObjects>
</PublicationDelivery>
