<?xml version="1.0" encoding="UTF-8"?>
<PublicationDelivery xmlns="http://www.netex.org.uk/netex" xmlns:gis="http://www.opengis.net/gml/3.2" xmlns:siri="http://www.siri.org.uk/siri" version="1.13:NO-NeTEx-networktimetable:1.3">
  <PublicationTimestamp>2022-05-26T00:05:35.012</PublicationTimestamp>
  <ParticipantRef>RB</ParticipantRef>
  <Description>Trøgstad undomsskole-Båstad</Description>
  <dataObjects>
    <CompositeFrame created="2022-04-08T10:32:34.29" id="1404262557" version="1">
      <validityConditions>
        <AvailabilityCondition id="1466907816" version="1">
          <FromDate>2022-05-23T00:00:00</FromDate>
          <ToDate>2023-05-25T00:00:00</ToDate>
        </AvailabilityCondition>
      </validityConditions>
      <codespaces>
        <Codespace id="ost">
          <Xmlns>OST</Xmlns>
          <XmlnsUrl>http://www.rutebanken.org/ns/ost</XmlnsUrl>
        </Codespace>
        <Codespace id="nsr">
          <Xmlns>NSR</Xmlns>
          <XmlnsUrl>http://www.rutebanken.org/ns/nsr</XmlnsUrl>
        </Codespace>
      </codespaces>
      <FrameDefaults>
        <DefaultLocale>
          <TimeZone>Europe/Oslo</TimeZone>
          <DefaultLanguage>no</DefaultLanguage>
        </DefaultLocale>
      </FrameDefaults>
      <frames>
        <ServiceFrame id="715967177" version="1">
          <routes>
            <Route id="OST:Route:469_Inbound_211210121983310_211210121975025" version="271">
              <Name>2-1</Name>
              <ShortName>2-1</ShortName>
              <LineRef ref="OST:Line:1_469" version="271" />
              <DirectionType>outbound</DirectionType>
              <pointsInSequence>
                <PointOnRoute id="OST:PointOnRoute:7452873" order="26" version="271">
                  <RoutePointRef ref="OST:RoutePoint:1223360_2" />
                </PointOnRoute>
                <PointOnRoute id="OST:PointOnRoute:7452867" order="20" version="271">
                  <RoutePointRef ref="OST:RoutePoint:1223370_1" />
                </PointOnRoute>
                <PointOnRoute id="OST:PointOnRoute:7452852" order="5" version="271">
                  <RoutePointRef ref="OST:RoutePoint:1223300_1" />
                </PointOnRoute>
                <PointOnRoute id="OST:PointOnRoute:7452857" order="10" version="271">
                  <RoutePointRef ref="OST:RoutePoint:1223325_1" />
                </PointOnRoute>
                <PointOnRoute id="OST:PointOnRoute:7452871" order="24" version="271">
                  <RoutePointRef ref="OST:RoutePoint:1223370_2" />
                </PointOnRoute>
                <PointOnRoute id="OST:PointOnRoute:7452850" order="3" version="271">
                  <RoutePointRef ref="OST:RoutePoint:1223290_1" />
                </PointOnRoute>
                <PointOnRoute id="OST:PointOnRoute:7452865" order="18" version="271">
                  <RoutePointRef ref="OST:RoutePoint:1223360_1" />
                </PointOnRoute>
                <PointOnRoute id="OST:PointOnRoute:7452863" order="16" version="271">
                  <RoutePointRef ref="OST:RoutePoint:1223350_1" />
                </PointOnRoute>
                <PointOnRoute id="OST:PointOnRoute:7452878" order="31" version="271">
                  <RoutePointRef ref="OST:RoutePoint:1223335_2" />
                </PointOnRoute>
                <PointOnRoute id="OST:PointOnRoute:7452875" order="28" version="271">
                  <RoutePointRef ref="OST:RoutePoint:1223350_2" />
                </PointOnRoute>
                <PointOnRoute id="OST:PointOnRoute:7452869" order="22" version="271">
                  <RoutePointRef ref="OST:RoutePoint:1223376_1" />
                </PointOnRoute>
                <PointOnRoute id="OST:PointOnRoute:7452851" order="4" version="271">
                  <RoutePointRef ref="OST:RoutePoint:1223295_1" />
                </PointOnRoute>
                <PointOnRoute id="OST:PointOnRoute:7452866" order="19" version="271">
                  <RoutePointRef ref="OST:RoutePoint:1223365_1" />
                </PointOnRoute>
                <PointOnRoute id="OST:PointOnRoute:7452861" order="14" version="271">
                  <RoutePointRef ref="OST:RoutePoint:1223340_3" />
                </PointOnRoute>
                <PointOnRoute id="OST:PointOnRoute:7452862" order="15" version="271">
                  <RoutePointRef ref="OST:RoutePoint:1223345_1" />
                </PointOnRoute>
                <PointOnRoute id="OST:PointOnRoute:7452856" order="9" version="271">
                  <RoutePointRef ref="OST:RoutePoint:1223320_1" />
                </PointOnRoute>
                <PointOnRoute id="OST:PointOnRoute:7452877" order="30" version="271">
                  <RoutePointRef ref="OST:RoutePoint:1223340_2" />
                </PointOnRoute>
                <PointOnRoute id="OST:PointOnRoute:7452868" order="21" version="271">
                  <RoutePointRef ref="OST:RoutePoint:1223375_1" />
                </PointOnRoute>
                <PointOnRoute id="OST:PointOnRoute:7452870" order="23" version="271">
                  <RoutePointRef ref="OST:RoutePoint:1223375_2" />
                </PointOnRoute>
                <PointOnRoute id="OST:PointOnRoute:7452860" order="13" version="271">
                  <RoutePointRef ref="OST:RoutePoint:1223341_1" />
                </PointOnRoute>
                <PointOnRoute id="OST:PointOnRoute:7452854" order="7" version="271">
                  <RoutePointRef ref="OST:RoutePoint:1223310_1" />
                </PointOnRoute>
                <PointOnRoute id="OST:PointOnRoute:7452880" order="33" version="271">
                  <RoutePointRef ref="OST:RoutePoint:1223285_1" />
                </PointOnRoute>
                <PointOnRoute id="OST:PointOnRoute:7452848" order="1" version="271">
                  <RoutePointRef ref="OST:RoutePoint:1223286_2" />
                </PointOnRoute>
                <PointOnRoute id="OST:PointOnRoute:7452879" order="32" version="271">
                  <RoutePointRef ref="OST:RoutePoint:1223287_1" />
                </PointOnRoute>
                <PointOnRoute id="OST:PointOnRoute:7452874" order="27" version="271">
                  <RoutePointRef ref="OST:RoutePoint:1223355_2" />
                </PointOnRoute>
                <PointOnRoute id="OST:PointOnRoute:7452864" order="17" version="271">
                  <RoutePointRef ref="OST:RoutePoint:1223355_1" />
                </PointOnRoute>
                <PointOnRoute id="OST:PointOnRoute:7452858" order="11" version="271">
                  <RoutePointRef ref="OST:RoutePoint:1223342_1" />
                </PointOnRoute>
                <PointOnRoute id="OST:PointOnRoute:7452855" order="8" version="271">
                  <RoutePointRef ref="OST:RoutePoint:1223315_1" />
                </PointOnRoute>
                <PointOnRoute id="OST:PointOnRoute:7452849" order="2" version="271">
                  <RoutePointRef ref="OST:RoutePoint:1223285_1" />
                </PointOnRoute>
                <PointOnRoute id="OST:PointOnRoute:7452859" order="12" version="271">
                  <RoutePointRef ref="OST:RoutePoint:1223342_3" />
                </PointOnRoute>
                <PointOnRoute id="OST:PointOnRoute:7452872" order="25" version="271">
                  <RoutePointRef ref="OST:RoutePoint:1223365_2" />
                </PointOnRoute>
                <PointOnRoute id="OST:PointOnRoute:7452853" order="6" version="271">
                  <RoutePointRef ref="OST:RoutePoint:1223305_1" />
                </PointOnRoute>
                <PointOnRoute id="OST:PointOnRoute:7452876" order="29" version="271">
                  <RoutePointRef ref="OST:RoutePoint:1223345_2" />
                </PointOnRoute>
              </pointsInSequence>
            </Route>
            <Route id="OST:Route:469_Inbound_211210121983311_211210121975025" version="271">
              <Name>2-2</Name>
              <ShortName>2-2</ShortName>
              <LineRef ref="OST:Line:1_469" version="271" />
              <DirectionType>outbound</DirectionType>
              <pointsInSequence>
                <PointOnRoute id="OST:PointOnRoute:7452912" order="32" version="271">
                  <RoutePointRef ref="OST:RoutePoint:1223335_2" />
                </PointOnRoute>
                <PointOnRoute id="OST:PointOnRoute:7452908" order="28" version="271">
                  <RoutePointRef ref="OST:RoutePoint:1223355_2" />
                </PointOnRoute>
                <PointOnRoute id="OST:PointOnRoute:7452883" order="3" version="271">
                  <RoutePointRef ref="OST:RoutePoint:1223285_1" />
                </PointOnRoute>
                <PointOnRoute id="OST:PointOnRoute:7452888" order="8" version="271">
                  <RoutePointRef ref="OST:RoutePoint:1223310_1" />
                </PointOnRoute>
                <PointOnRoute id="OST:PointOnRoute:7452896" order="16" version="271">
                  <RoutePointRef ref="OST:RoutePoint:1223345_1" />
                </PointOnRoute>
                <PointOnRoute id="OST:PointOnRoute:7452914" order="34" version="271">
                  <RoutePointRef ref="OST:RoutePoint:1223285_1" />
                </PointOnRoute>
                <PointOnRoute id="OST:PointOnRoute:7452885" order="5" version="271">
                  <RoutePointRef ref="OST:RoutePoint:1223295_1" />
                </PointOnRoute>
                <PointOnRoute id="OST:PointOnRoute:7452898" order="18" version="271">
                  <RoutePointRef ref="OST:RoutePoint:1223355_1" />
                </PointOnRoute>
                <PointOnRoute id="OST:PointOnRoute:7452884" order="4" version="271">
                  <RoutePointRef ref="OST:RoutePoint:1223290_1" />
                </PointOnRoute>
                <PointOnRoute id="OST:PointOnRoute:7452909" order="29" version="271">
                  <RoutePointRef ref="OST:RoutePoint:1223350_2" />
                </PointOnRoute>
                <PointOnRoute id="OST:PointOnRoute:7452910" order="30" version="271">
                  <RoutePointRef ref="OST:RoutePoint:1223345_2" />
                </PointOnRoute>
                <PointOnRoute id="OST:PointOnRoute:7452881" order="1" version="271">
                  <RoutePointRef ref="OST:RoutePoint:1223285_1" />
                </PointOnRoute>
                <PointOnRoute id="OST:PointOnRoute:7452886" order="6" version="271">
                  <RoutePointRef ref="OST:RoutePoint:1223300_1" />
                </PointOnRoute>
                <PointOnRoute id="OST:PointOnRoute:7452894" order="14" version="271">
                  <RoutePointRef ref="OST:RoutePoint:1223341_1" />
                </PointOnRoute>
                <PointOnRoute id="OST:PointOnRoute:7452899" order="19" version="271">
                  <RoutePointRef ref="OST:RoutePoint:1223360_1" />
                </PointOnRoute>
                <PointOnRoute id="OST:PointOnRoute:7452882" order="2" version="271">
                  <RoutePointRef ref="OST:RoutePoint:1223286_2" />
                </PointOnRoute>
                <PointOnRoute id="OST:PointOnRoute:7452907" order="27" version="271">
                  <RoutePointRef ref="OST:RoutePoint:1223360_2" />
                </PointOnRoute>
                <PointOnRoute id="OST:PointOnRoute:7452895" order="15" version="271">
                  <RoutePointRef ref="OST:RoutePoint:1223340_3" />
                </PointOnRoute>
                <PointOnRoute id="OST:PointOnRoute:7452889" order="9" version="271">
                  <RoutePointRef ref="OST:RoutePoint:1223315_1" />
                </PointOnRoute>
                <PointOnRoute id="OST:PointOnRoute:7452897" order="17" version="271">
                  <RoutePointRef ref="OST:RoutePoint:1223350_1" />
                </PointOnRoute>
                <PointOnRoute id="OST:PointOnRoute:7452906" order="26" version="271">
                  <RoutePointRef ref="OST:RoutePoint:1223365_2" />
                </PointOnRoute>
                <PointOnRoute id="OST:PointOnRoute:7452893" order="13" version="271">
                  <RoutePointRef ref="OST:RoutePoint:1223342_3" />
                </PointOnRoute>
                <PointOnRoute id="OST:PointOnRoute:7452904" order="24" version="271">
                  <RoutePointRef ref="OST:RoutePoint:1223375_2" />
                </PointOnRoute>
                <PointOnRoute id="OST:PointOnRoute:7452892" order="12" version="271">
                  <RoutePointRef ref="OST:RoutePoint:1223342_1" />
                </PointOnRoute>
                <PointOnRoute id="OST:PointOnRoute:7452900" order="20" version="271">
                  <RoutePointRef ref="OST:RoutePoint:1223365_1" />
                </PointOnRoute>
                <PointOnRoute id="OST:PointOnRoute:7452905" order="25" version="271">
                  <RoutePointRef ref="OST:RoutePoint:1223370_2" />
                </PointOnRoute>
                <PointOnRoute id="OST:PointOnRoute:7452913" order="33" version="271">
                  <RoutePointRef ref="OST:RoutePoint:1223287_1" />
                </PointOnRoute>
                <PointOnRoute id="OST:PointOnRoute:7452902" order="22" version="271">
                  <RoutePointRef ref="OST:RoutePoint:1223375_1" />
                </PointOnRoute>
                <PointOnRoute id="OST:PointOnRoute:7452890" order="10" version="271">
                  <RoutePointRef ref="OST:RoutePoint:1223320_1" />
                </PointOnRoute>
                <PointOnRoute id="OST:PointOnRoute:7452901" order="21" version="271">
                  <RoutePointRef ref="OST:RoutePoint:1223370_1" />
                </PointOnRoute>
                <PointOnRoute id="OST:PointOnRoute:7452903" order="23" version="271">
                  <RoutePointRef ref="OST:RoutePoint:1223376_1" />
                </PointOnRoute>
                <PointOnRoute id="OST:PointOnRoute:7452891" order="11" version="271">
                  <RoutePointRef ref="OST:RoutePoint:1223325_1" />
                </PointOnRoute>
                <PointOnRoute id="OST:PointOnRoute:7452911" order="31" version="271">
                  <RoutePointRef ref="OST:RoutePoint:1223340_2" />
                </PointOnRoute>
                <PointOnRoute id="OST:PointOnRoute:7452887" order="7" version="271">
                  <RoutePointRef ref="OST:RoutePoint:1223305_1" />
                </PointOnRoute>
              </pointsInSequence>
            </Route>
          </routes>
          <lines>
            <Line id="OST:Line:1_469" version="271">
              <Name>Trøgstad undomsskole-Båstad</Name>
              <TransportMode>bus</TransportMode>
              <TransportSubmode>
                <BusSubmode>localBus</BusSubmode>
              </TransportSubmode>
              <PublicCode>469</PublicCode>
              <PrivateCode>469</PrivateCode>
              <OperatorRef ref="OST:Operator:152" />
              <RepresentedByGroupRef ref="OST:GroupOfLines:bus_1" />
            </Line>
          </lines>
          <journeyPatterns>
            <JourneyPattern id="OST:JourneyPattern:469_Inbound_211210121983310_211210121975025" version="271">
              <Name>2-1</Name>
              <RouteRef ref="OST:Route:469_Inbound_211210121983310_211210121975025" version="271" />
              <pointsInSequence>
                <StopPointInJourneyPattern order="12" id="OST:StopPointInJourneyPattern:469_Inbound_211210121983310_12_211210121975025" version="271">
                  <ScheduledStopPointRef ref="OST:ScheduledStopPoint:1223342_3" />
                </StopPointInJourneyPattern>
                <StopPointInJourneyPattern order="9" id="OST:StopPointInJourneyPattern:469_Inbound_211210121983310_9_211210121975025" version="271">
                  <ScheduledStopPointRef ref="OST:ScheduledStopPoint:1223320_1" />
                </StopPointInJourneyPattern>
                <StopPointInJourneyPattern order="17" id="OST:StopPointInJourneyPattern:469_Inbound_211210121983310_17_211210121975025" version="271">
                  <ScheduledStopPointRef ref="OST:ScheduledStopPoint:1223355_1" />
                </StopPointInJourneyPattern>
                <StopPointInJourneyPattern order="11" id="OST:StopPointInJourneyPattern:469_Inbound_211210121983310_11_211210121975025" version="271">
                  <ScheduledStopPointRef ref="OST:ScheduledStopPoint:1223342_1" />
                </StopPointInJourneyPattern>
                <StopPointInJourneyPattern order="3" id="OST:StopPointInJourneyPattern:469_Inbound_211210121983310_3_211210121975025" version="271">
                  <ScheduledStopPointRef ref="OST:ScheduledStopPoint:1223290_1" />
                </StopPointInJourneyPattern>
                <StopPointInJourneyPattern order="4" id="OST:StopPointInJourneyPattern:469_Inbound_211210121983310_4_211210121975025" version="271">
                  <ScheduledStopPointRef ref="OST:ScheduledStopPoint:1223295_1" />
                </StopPointInJourneyPattern>
                <StopPointInJourneyPattern order="27" id="OST:StopPointInJourneyPattern:469_Inbound_211210121983310_27_211210121975025" version="271">
                  <ScheduledStopPointRef ref="OST:ScheduledStopPoint:1223355_2" />
                </StopPointInJourneyPattern>
                <StopPointInJourneyPattern order="16" id="OST:StopPointInJourneyPattern:469_Inbound_211210121983310_16_211210121975025" version="271">
                  <ScheduledStopPointRef ref="OST:ScheduledStopPoint:1223350_1" />
                </StopPointInJourneyPattern>
                <StopPointInJourneyPattern order="32" id="OST:StopPointInJourneyPattern:469_Inbound_211210121983310_32_211210121975025" version="271">
                  <ScheduledStopPointRef ref="OST:ScheduledStopPoint:1223287_1" />
                </StopPointInJourneyPattern>
                <StopPointInJourneyPattern order="25" id="OST:StopPointInJourneyPattern:469_Inbound_211210121983310_25_211210121975025" version="271">
                  <ScheduledStopPointRef ref="OST:ScheduledStopPoint:1223365_2" />
                </StopPointInJourneyPattern>
                <StopPointInJourneyPattern order="14" id="OST:StopPointInJourneyPattern:469_Inbound_211210121983310_14_211210121975025" version="271">
                  <ScheduledStopPointRef ref="OST:ScheduledStopPoint:1223340_3" />
                </StopPointInJourneyPattern>
                <StopPointInJourneyPattern order="29" id="OST:StopPointInJourneyPattern:469_Inbound_211210121983310_29_211210121975025" version="271">
                  <ScheduledStopPointRef ref="OST:ScheduledStopPoint:1223345_2" />
                </StopPointInJourneyPattern>
                <StopPointInJourneyPattern order="5" id="OST:StopPointInJourneyPattern:469_Inbound_211210121983310_5_211210121975025" version="271">
                  <ScheduledStopPointRef ref="OST:ScheduledStopPoint:1223300_1" />
                </StopPointInJourneyPattern>
                <StopPointInJourneyPattern order="6" id="OST:StopPointInJourneyPattern:469_Inbound_211210121983310_6_211210121975025" version="271">
                  <ScheduledStopPointRef ref="OST:ScheduledStopPoint:1223305_1" />
                </StopPointInJourneyPattern>
                <StopPointInJourneyPattern order="28" id="OST:StopPointInJourneyPattern:469_Inbound_211210121983310_28_211210121975025" version="271">
                  <ScheduledStopPointRef ref="OST:ScheduledStopPoint:1223350_2" />
                </StopPointInJourneyPattern>
                <StopPointInJourneyPattern order="21" id="OST:StopPointInJourneyPattern:469_Inbound_211210121983310_21_211210121975025" version="271">
                  <ScheduledStopPointRef ref="OST:ScheduledStopPoint:1223375_1" />
                </StopPointInJourneyPattern>
                <StopPointInJourneyPattern order="7" id="OST:StopPointInJourneyPattern:469_Inbound_211210121983310_7_211210121975025" version="271">
                  <ScheduledStopPointRef ref="OST:ScheduledStopPoint:1223310_1" />
                </StopPointInJourneyPattern>
                <StopPointInJourneyPattern order="30" id="OST:StopPointInJourneyPattern:469_Inbound_211210121983310_30_211210121975025" version="271">
                  <ScheduledStopPointRef ref="OST:ScheduledStopPoint:1223340_2" />
                </StopPointInJourneyPattern>
                <StopPointInJourneyPattern order="31" id="OST:StopPointInJourneyPattern:469_Inbound_211210121983310_31_211210121975025" version="271">
                  <ScheduledStopPointRef ref="OST:ScheduledStopPoint:1223335_2" />
                </StopPointInJourneyPattern>
                <StopPointInJourneyPattern order="18" id="OST:StopPointInJourneyPattern:469_Inbound_211210121983310_18_211210121975025" version="271">
                  <ScheduledStopPointRef ref="OST:ScheduledStopPoint:1223360_1" />
                </StopPointInJourneyPattern>
                <StopPointInJourneyPattern order="13" id="OST:StopPointInJourneyPattern:469_Inbound_211210121983310_13_211210121975025" version="271">
                  <ScheduledStopPointRef ref="OST:ScheduledStopPoint:1223341_1" />
                </StopPointInJourneyPattern>
                <StopPointInJourneyPattern order="2" id="OST:StopPointInJourneyPattern:469_Inbound_211210121983310_2_211210121975025" version="271">
                  <ScheduledStopPointRef ref="OST:ScheduledStopPoint:1223285_1" />
                </StopPointInJourneyPattern>
                <StopPointInJourneyPattern order="23" id="OST:StopPointInJourneyPattern:469_Inbound_211210121983310_23_211210121975025" version="271">
                  <ScheduledStopPointRef ref="OST:ScheduledStopPoint:1223375_2" />
                </StopPointInJourneyPattern>
                <StopPointInJourneyPattern order="24" id="OST:StopPointInJourneyPattern:469_Inbound_211210121983310_24_211210121975025" version="271">
                  <ScheduledStopPointRef ref="OST:ScheduledStopPoint:1223370_2" />
                </StopPointInJourneyPattern>
                <StopPointInJourneyPattern order="22" id="OST:StopPointInJourneyPattern:469_Inbound_211210121983310_22_211210121975025" version="271">
                  <ScheduledStopPointRef ref="OST:ScheduledStopPoint:1223376_1" />
                </StopPointInJourneyPattern>
                <StopPointInJourneyPattern order="1" id="OST:StopPointInJourneyPattern:469_Inbound_211210121983310_1_211210121975025" version="271">
                  <ForAlighting>false</ForAlighting>
                  <DestinationDisplayRef ref="OST:DestinationDisplay:58" />
                  <ScheduledStopPointRef ref="OST:ScheduledStopPoint:1223286_2" />
                </StopPointInJourneyPattern>
                <StopPointInJourneyPattern order="33" id="OST:StopPointInJourneyPattern:469_Inbound_211210121983310_33_211210121975025" version="271">
                  <ForBoarding>false</ForBoarding>
                  <ScheduledStopPointRef ref="OST:ScheduledStopPoint:1223285_1" />
                </StopPointInJourneyPattern>
                <StopPointInJourneyPattern order="10" id="OST:StopPointInJourneyPattern:469_Inbound_211210121983310_10_211210121975025" version="271">
                  <ScheduledStopPointRef ref="OST:ScheduledStopPoint:1223325_1" />
                </StopPointInJourneyPattern>
                <StopPointInJourneyPattern order="20" id="OST:StopPointInJourneyPattern:469_Inbound_211210121983310_20_211210121975025" version="271">
                  <ScheduledStopPointRef ref="OST:ScheduledStopPoint:1223370_1" />
                </StopPointInJourneyPattern>
                <StopPointInJourneyPattern order="8" id="OST:StopPointInJourneyPattern:469_Inbound_211210121983310_8_211210121975025" version="271">
                  <ScheduledStopPointRef ref="OST:ScheduledStopPoint:1223315_1" />
                </StopPointInJourneyPattern>
                <StopPointInJourneyPattern order="15" id="OST:StopPointInJourneyPattern:469_Inbound_211210121983310_15_211210121975025" version="271">
                  <ScheduledStopPointRef ref="OST:ScheduledStopPoint:1223345_1" />
                </StopPointInJourneyPattern>
                <StopPointInJourneyPattern order="26" id="OST:StopPointInJourneyPattern:469_Inbound_211210121983310_26_211210121975025" version="271">
                  <ScheduledStopPointRef ref="OST:ScheduledStopPoint:1223360_2" />
                </StopPointInJourneyPattern>
                <StopPointInJourneyPattern order="19" id="OST:StopPointInJourneyPattern:469_Inbound_211210121983310_19_211210121975025" version="271">
                  <ScheduledStopPointRef ref="OST:ScheduledStopPoint:1223365_1" />
                </StopPointInJourneyPattern>
              </pointsInSequence>
              <linksInSequence>
                <ServiceLinkInJourneyPattern order="7" id="OST:ServiceLinkInJourneyPattern:7452921" version="271">
                  <ServiceLinkRef ref="OST:ServiceLink:200811072688958_1_200811072688963_1_399" />
                </ServiceLinkInJourneyPattern>
                <ServiceLinkInJourneyPattern order="29" id="OST:ServiceLinkInJourneyPattern:7452954" version="271">
                  <ServiceLinkRef ref="OST:ServiceLink:200811072689003_2_200811072688986_2_805" />
                </ServiceLinkInJourneyPattern>
                <ServiceLinkInJourneyPattern order="20" id="OST:ServiceLinkInJourneyPattern:7452938" version="271">
                  <ServiceLinkRef ref="OST:ServiceLink:200811072689026_1_200811072689031_1_1239" />
                </ServiceLinkInJourneyPattern>
                <ServiceLinkInJourneyPattern order="23" id="OST:ServiceLinkInJourneyPattern:7452942" version="271">
                  <ServiceLinkRef ref="OST:ServiceLink:200811072689033_2_200811072689028_2_1371" />
                </ServiceLinkInJourneyPattern>
                <ServiceLinkInJourneyPattern order="24" id="OST:ServiceLinkInJourneyPattern:7452944" version="271">
                  <ServiceLinkRef ref="OST:ServiceLink:200811072689028_2_200811072689023_2_588" />
                </ServiceLinkInJourneyPattern>
                <ServiceLinkInJourneyPattern order="12" id="OST:ServiceLinkInJourneyPattern:7452928" version="271">
                  <ServiceLinkRef ref="OST:ServiceLink:200811072688998_3_200811072688993_1_1180" />
                </ServiceLinkInJourneyPattern>
                <ServiceLinkInJourneyPattern order="8" id="OST:ServiceLinkInJourneyPattern:7452922" version="271">
                  <ServiceLinkRef ref="OST:ServiceLink:200811072688963_1_200811072688966_1_470" />
                </ServiceLinkInJourneyPattern>
                <ServiceLinkInJourneyPattern order="9" id="OST:ServiceLinkInJourneyPattern:7452923" version="271">
                  <ServiceLinkRef ref="OST:ServiceLink:200811072688966_1_200811072688971_1_451" />
                </ServiceLinkInJourneyPattern>
                <ServiceLinkInJourneyPattern order="13" id="OST:ServiceLinkInJourneyPattern:7452930" version="271">
                  <ServiceLinkRef ref="OST:ServiceLink:200811072688993_1_200811072688990_3_325" />
                </ServiceLinkInJourneyPattern>
                <ServiceLinkInJourneyPattern order="25" id="OST:ServiceLinkInJourneyPattern:7452946" version="271">
                  <ServiceLinkRef ref="OST:ServiceLink:200811072689023_2_200811072689018_2_588" />
                </ServiceLinkInJourneyPattern>
                <ServiceLinkInJourneyPattern order="26" id="OST:ServiceLinkInJourneyPattern:7452948" version="271">
                  <ServiceLinkRef ref="OST:ServiceLink:200811072689018_2_200811072689013_2_1633" />
                </ServiceLinkInJourneyPattern>
                <ServiceLinkInJourneyPattern order="6" id="OST:ServiceLinkInJourneyPattern:7452920" version="271">
                  <ServiceLinkRef ref="OST:ServiceLink:200811072688953_1_200811072688958_1_517" />
                </ServiceLinkInJourneyPattern>
                <ServiceLinkInJourneyPattern order="4" id="OST:ServiceLinkInJourneyPattern:7452918" version="271">
                  <ServiceLinkRef ref="OST:ServiceLink:200811072688943_1_200811072688948_1_1332" />
                </ServiceLinkInJourneyPattern>
                <ServiceLinkInJourneyPattern order="21" id="OST:ServiceLinkInJourneyPattern:7452939" version="271">
                  <ServiceLinkRef ref="OST:ServiceLink:200811072689031_1_200811072689036_1_450" />
                </ServiceLinkInJourneyPattern>
                <ServiceLinkInJourneyPattern order="30" id="OST:ServiceLinkInJourneyPattern:7452956" version="271">
                  <ServiceLinkRef ref="OST:ServiceLink:200811072688986_2_200811072688983_2_597" />
                </ServiceLinkInJourneyPattern>
                <ServiceLinkInJourneyPattern order="27" id="OST:ServiceLinkInJourneyPattern:7452950" version="271">
                  <ServiceLinkRef ref="OST:ServiceLink:200811072689013_2_200811072689008_2_376" />
                </ServiceLinkInJourneyPattern>
                <ServiceLinkInJourneyPattern order="16" id="OST:ServiceLinkInJourneyPattern:7452934" version="271">
                  <ServiceLinkRef ref="OST:ServiceLink:200811072689006_1_200811072689011_1_405" />
                </ServiceLinkInJourneyPattern>
                <ServiceLinkInJourneyPattern order="18" id="OST:ServiceLinkInJourneyPattern:7452936" version="271">
                  <ServiceLinkRef ref="OST:ServiceLink:200811072689016_1_200811072689021_1_578" />
                </ServiceLinkInJourneyPattern>
                <ServiceLinkInJourneyPattern order="1" id="OST:ServiceLinkInJourneyPattern:7452915" version="271">
                  <ServiceLinkRef ref="OST:ServiceLink:200811072688919_2_200811072688912_1_541" />
                </ServiceLinkInJourneyPattern>
                <ServiceLinkInJourneyPattern order="22" id="OST:ServiceLinkInJourneyPattern:7452940" version="271">
                  <ServiceLinkRef ref="OST:ServiceLink:200811072689036_1_200811072689033_2_300" />
                </ServiceLinkInJourneyPattern>
                <ServiceLinkInJourneyPattern order="2" id="OST:ServiceLinkInJourneyPattern:7452916" version="271">
                  <ServiceLinkRef ref="OST:ServiceLink:200811072688912_1_200811072688935_1_1159" />
                </ServiceLinkInJourneyPattern>
                <ServiceLinkInJourneyPattern order="10" id="OST:ServiceLinkInJourneyPattern:7452924" version="271">
                  <ServiceLinkRef ref="OST:ServiceLink:200811072688971_1_200811072688996_1_2190" />
                </ServiceLinkInJourneyPattern>
                <ServiceLinkInJourneyPattern order="32" id="OST:ServiceLinkInJourneyPattern:7452959" version="271">
                  <ServiceLinkRef ref="OST:ServiceLink:200811072688924_1_200811072688912_1_5665" />
                </ServiceLinkInJourneyPattern>
                <ServiceLinkInJourneyPattern order="14" id="OST:ServiceLinkInJourneyPattern:7452931" version="271">
                  <ServiceLinkRef ref="OST:ServiceLink:200811072688990_3_200811072689001_1_918" />
                </ServiceLinkInJourneyPattern>
                <ServiceLinkInJourneyPattern order="15" id="OST:ServiceLinkInJourneyPattern:7452933" version="271">
                  <ServiceLinkRef ref="OST:ServiceLink:200811072689001_1_200811072689006_1_452" />
                </ServiceLinkInJourneyPattern>
                <ServiceLinkInJourneyPattern order="5" id="OST:ServiceLinkInJourneyPattern:7452919" version="271">
                  <ServiceLinkRef ref="OST:ServiceLink:200811072688948_1_200811072688953_1_1446" />
                </ServiceLinkInJourneyPattern>
                <ServiceLinkInJourneyPattern order="11" id="OST:ServiceLinkInJourneyPattern:7452926" version="271">
                  <ServiceLinkRef ref="OST:ServiceLink:200811072688996_1_200811072688998_3_5" />
                </ServiceLinkInJourneyPattern>
                <ServiceLinkInJourneyPattern order="31" id="OST:ServiceLinkInJourneyPattern:7452957" version="271">
                  <ServiceLinkRef ref="OST:ServiceLink:200811072688983_2_200811072688924_1_4077" />
                </ServiceLinkInJourneyPattern>
                <ServiceLinkInJourneyPattern order="17" id="OST:ServiceLinkInJourneyPattern:7452935" version="271">
                  <ServiceLinkRef ref="OST:ServiceLink:200811072689011_1_200811072689016_1_1630" />
                </ServiceLinkInJourneyPattern>
                <ServiceLinkInJourneyPattern order="28" id="OST:ServiceLinkInJourneyPattern:7452952" version="271">
                  <ServiceLinkRef ref="OST:ServiceLink:200811072689008_2_200811072689003_2_540" />
                </ServiceLinkInJourneyPattern>
                <ServiceLinkInJourneyPattern order="19" id="OST:ServiceLinkInJourneyPattern:7452937" version="271">
                  <ServiceLinkRef ref="OST:ServiceLink:200811072689021_1_200811072689026_1_559" />
                </ServiceLinkInJourneyPattern>
                <ServiceLinkInJourneyPattern order="3" id="OST:ServiceLinkInJourneyPattern:7452917" version="271">
                  <ServiceLinkRef ref="OST:ServiceLink:200811072688935_1_200811072688943_1_1275" />
                </ServiceLinkInJourneyPattern>
              </linksInSequence>
            </JourneyPattern>
            <JourneyPattern id="OST:JourneyPattern:469_Inbound_211210121983311_211210121975025" version="271">
              <Name>2-2</Name>
              <RouteRef ref="OST:Route:469_Inbound_211210121983311_211210121975025" version="271" />
              <pointsInSequence>
                <StopPointInJourneyPattern order="12" id="OST:StopPointInJourneyPattern:469_Inbound_211210121983311_12_211210121975025" version="271">
                  <ScheduledStopPointRef ref="OST:ScheduledStopPoint:1223342_1" />
                </StopPointInJourneyPattern>
                <StopPointInJourneyPattern order="5" id="OST:StopPointInJourneyPattern:469_Inbound_211210121983311_5_211210121975025" version="271">
                  <ScheduledStopPointRef ref="OST:ScheduledStopPoint:1223295_1" />
                </StopPointInJourneyPattern>
                <StopPointInJourneyPattern order="23" id="OST:StopPointInJourneyPattern:469_Inbound_211210121983311_23_211210121975025" version="271">
                  <ScheduledStopPointRef ref="OST:ScheduledStopPoint:1223376_1" />
                </StopPointInJourneyPattern>
                <StopPointInJourneyPattern order="7" id="OST:StopPointInJourneyPattern:469_Inbound_211210121983311_7_211210121975025" version="271">
                  <ScheduledStopPointRef ref="OST:ScheduledStopPoint:1223305_1" />
                </StopPointInJourneyPattern>
                <StopPointInJourneyPattern order="24" id="OST:StopPointInJourneyPattern:469_Inbound_211210121983311_24_211210121975025" version="271">
                  <ScheduledStopPointRef ref="OST:ScheduledStopPoint:1223375_2" />
                </StopPointInJourneyPattern>
                <StopPointInJourneyPattern order="28" id="OST:StopPointInJourneyPattern:469_Inbound_211210121983311_28_211210121975025" version="271">
                  <ScheduledStopPointRef ref="OST:ScheduledStopPoint:1223355_2" />
                </StopPointInJourneyPattern>
                <StopPointInJourneyPattern order="30" id="OST:StopPointInJourneyPattern:469_Inbound_211210121983311_30_211210121975025" version="271">
                  <ScheduledStopPointRef ref="OST:ScheduledStopPoint:1223345_2" />
                </StopPointInJourneyPattern>
                <StopPointInJourneyPattern order="11" id="OST:StopPointInJourneyPattern:469_Inbound_211210121983311_11_211210121975025" version="271">
                  <ScheduledStopPointRef ref="OST:ScheduledStopPoint:1223325_1" />
                </StopPointInJourneyPattern>
                <StopPointInJourneyPattern order="2" id="OST:StopPointInJourneyPattern:469_Inbound_211210121983311_2_211210121975025" version="271">
                  <ScheduledStopPointRef ref="OST:ScheduledStopPoint:1223286_2" />
                </StopPointInJourneyPattern>
                <StopPointInJourneyPattern order="34" id="OST:StopPointInJourneyPattern:469_Inbound_211210121983311_34_211210121975025" version="271">
                  <ForBoarding>false</ForBoarding>
                  <ScheduledStopPointRef ref="OST:ScheduledStopPoint:1223285_1" />
                </StopPointInJourneyPattern>
                <StopPointInJourneyPattern order="18" id="OST:StopPointInJourneyPattern:469_Inbound_211210121983311_18_211210121975025" version="271">
                  <ScheduledStopPointRef ref="OST:ScheduledStopPoint:1223355_1" />
                </StopPointInJourneyPattern>
                <StopPointInJourneyPattern order="6" id="OST:StopPointInJourneyPattern:469_Inbound_211210121983311_6_211210121975025" version="271">
                  <ScheduledStopPointRef ref="OST:ScheduledStopPoint:1223300_1" />
                </StopPointInJourneyPattern>
                <StopPointInJourneyPattern order="29" id="OST:StopPointInJourneyPattern:469_Inbound_211210121983311_29_211210121975025" version="271">
                  <ScheduledStopPointRef ref="OST:ScheduledStopPoint:1223350_2" />
                </StopPointInJourneyPattern>
                <StopPointInJourneyPattern order="17" id="OST:StopPointInJourneyPattern:469_Inbound_211210121983311_17_211210121975025" version="271">
                  <ScheduledStopPointRef ref="OST:ScheduledStopPoint:1223350_1" />
                </StopPointInJourneyPattern>
                <StopPointInJourneyPattern order="14" id="OST:StopPointInJourneyPattern:469_Inbound_211210121983311_14_211210121975025" version="271">
                  <ScheduledStopPointRef ref="OST:ScheduledStopPoint:1223341_1" />
                </StopPointInJourneyPattern>
                <StopPointInJourneyPattern order="32" id="OST:StopPointInJourneyPattern:469_Inbound_211210121983311_32_211210121975025" version="271">
                  <ScheduledStopPointRef ref="OST:ScheduledStopPoint:1223335_2" />
                </StopPointInJourneyPattern>
                <StopPointInJourneyPattern order="15" id="OST:StopPointInJourneyPattern:469_Inbound_211210121983311_15_211210121975025" version="271">
                  <ScheduledStopPointRef ref="OST:ScheduledStopPoint:1223340_3" />
                </StopPointInJourneyPattern>
                <StopPointInJourneyPattern order="20" id="OST:StopPointInJourneyPattern:469_Inbound_211210121983311_20_211210121975025" version="271">
                  <ScheduledStopPointRef ref="OST:ScheduledStopPoint:1223365_1" />
                </StopPointInJourneyPattern>
                <StopPointInJourneyPattern order="26" id="OST:StopPointInJourneyPattern:469_Inbound_211210121983311_26_211210121975025" version="271">
                  <ScheduledStopPointRef ref="OST:ScheduledStopPoint:1223365_2" />
                </StopPointInJourneyPattern>
                <StopPointInJourneyPattern order="22" id="OST:StopPointInJourneyPattern:469_Inbound_211210121983311_22_211210121975025" version="271">
                  <ScheduledStopPointRef ref="OST:ScheduledStopPoint:1223375_1" />
                </StopPointInJourneyPattern>
                <StopPointInJourneyPattern order="25" id="OST:StopPointInJourneyPattern:469_Inbound_211210121983311_25_211210121975025" version="271">
                  <ScheduledStopPointRef ref="OST:ScheduledStopPoint:1223370_2" />
                </StopPointInJourneyPattern>
                <StopPointInJourneyPattern order="13" id="OST:StopPointInJourneyPattern:469_Inbound_211210121983311_13_211210121975025" version="271">
                  <ScheduledStopPointRef ref="OST:ScheduledStopPoint:1223342_3" />
                </StopPointInJourneyPattern>
                <StopPointInJourneyPattern order="33" id="OST:StopPointInJourneyPattern:469_Inbound_211210121983311_33_211210121975025" version="271">
                  <ScheduledStopPointRef ref="OST:ScheduledStopPoint:1223287_1" />
                </StopPointInJourneyPattern>
                <StopPointInJourneyPattern order="8" id="OST:StopPointInJourneyPattern:469_Inbound_211210121983311_8_211210121975025" version="271">
                  <ScheduledStopPointRef ref="OST:ScheduledStopPoint:1223310_1" />
                </StopPointInJourneyPattern>
                <StopPointInJourneyPattern order="9" id="OST:StopPointInJourneyPattern:469_Inbound_211210121983311_9_211210121975025" version="271">
                  <ScheduledStopPointRef ref="OST:ScheduledStopPoint:1223315_1" />
                </StopPointInJourneyPattern>
                <StopPointInJourneyPattern order="27" id="OST:StopPointInJourneyPattern:469_Inbound_211210121983311_27_211210121975025" version="271">
                  <ScheduledStopPointRef ref="OST:ScheduledStopPoint:1223360_2" />
                </StopPointInJourneyPattern>
                <StopPointInJourneyPattern order="19" id="OST:StopPointInJourneyPattern:469_Inbound_211210121983311_19_211210121975025" version="271">
                  <ScheduledStopPointRef ref="OST:ScheduledStopPoint:1223360_1" />
                </StopPointInJourneyPattern>
                <StopPointInJourneyPattern order="16" id="OST:StopPointInJourneyPattern:469_Inbound_211210121983311_16_211210121975025" version="271">
                  <ScheduledStopPointRef ref="OST:ScheduledStopPoint:1223345_1" />
                </StopPointInJourneyPattern>
                <StopPointInJourneyPattern order="21" id="OST:StopPointInJourneyPattern:469_Inbound_211210121983311_21_211210121975025" version="271">
                  <ScheduledStopPointRef ref="OST:ScheduledStopPoint:1223370_1" />
                </StopPointInJourneyPattern>
                <StopPointInJourneyPattern order="10" id="OST:StopPointInJourneyPattern:469_Inbound_211210121983311_10_211210121975025" version="271">
                  <ScheduledStopPointRef ref="OST:ScheduledStopPoint:1223320_1" />
                </StopPointInJourneyPattern>
                <StopPointInJourneyPattern order="31" id="OST:StopPointInJourneyPattern:469_Inbound_211210121983311_31_211210121975025" version="271">
                  <ScheduledStopPointRef ref="OST:ScheduledStopPoint:1223340_2" />
                </StopPointInJourneyPattern>
                <StopPointInJourneyPattern order="1" id="OST:StopPointInJourneyPattern:469_Inbound_211210121983311_1_211210121975025" version="271">
                  <ForAlighting>false</ForAlighting>
                  <DestinationDisplayRef ref="OST:DestinationDisplay:59" />
                  <ScheduledStopPointRef ref="OST:ScheduledStopPoint:1223285_1" />
                </StopPointInJourneyPattern>
                <StopPointInJourneyPattern order="3" id="OST:StopPointInJourneyPattern:469_Inbound_211210121983311_3_211210121975025" version="271">
                  <ScheduledStopPointRef ref="OST:ScheduledStopPoint:1223285_1" />
                </StopPointInJourneyPattern>
                <StopPointInJourneyPattern order="4" id="OST:StopPointInJourneyPattern:469_Inbound_211210121983311_4_211210121975025" version="271">
                  <ScheduledStopPointRef ref="OST:ScheduledStopPoint:1223290_1" />
                </StopPointInJourneyPattern>
              </pointsInSequence>
              <linksInSequence>
                <ServiceLinkInJourneyPattern order="29" id="OST:ServiceLinkInJourneyPattern:7452990" version="271">
                  <ServiceLinkRef ref="OST:ServiceLink:200811072689008_2_200811072689003_2_540" />
                </ServiceLinkInJourneyPattern>
                <ServiceLinkInJourneyPattern order="27" id="OST:ServiceLinkInJourneyPattern:7452988" version="271">
                  <ServiceLinkRef ref="OST:ServiceLink:200811072689018_2_200811072689013_2_1633" />
                </ServiceLinkInJourneyPattern>
                <ServiceLinkInJourneyPattern order="18" id="OST:ServiceLinkInJourneyPattern:7452979" version="271">
                  <ServiceLinkRef ref="OST:ServiceLink:200811072689011_1_200811072689016_1_1630" />
                </ServiceLinkInJourneyPattern>
                <ServiceLinkInJourneyPattern order="6" id="OST:ServiceLinkInJourneyPattern:7452967" version="271">
                  <ServiceLinkRef ref="OST:ServiceLink:200811072688948_1_200811072688953_1_1446" />
                </ServiceLinkInJourneyPattern>
                <ServiceLinkInJourneyPattern order="8" id="OST:ServiceLinkInJourneyPattern:7452969" version="271">
                  <ServiceLinkRef ref="OST:ServiceLink:200811072688958_1_200811072688963_1_399" />
                </ServiceLinkInJourneyPattern>
                <ServiceLinkInJourneyPattern order="32" id="OST:ServiceLinkInJourneyPattern:7452993" version="271">
                  <ServiceLinkRef ref="OST:ServiceLink:200811072688983_2_200811072688924_1_4077" />
                </ServiceLinkInJourneyPattern>
                <ServiceLinkInJourneyPattern order="20" id="OST:ServiceLinkInJourneyPattern:7452981" version="271">
                  <ServiceLinkRef ref="OST:ServiceLink:200811072689021_1_200811072689026_1_559" />
                </ServiceLinkInJourneyPattern>
                <ServiceLinkInJourneyPattern order="22" id="OST:ServiceLinkInJourneyPattern:7452983" version="271">
                  <ServiceLinkRef ref="OST:ServiceLink:200811072689031_1_200811072689036_1_450" />
                </ServiceLinkInJourneyPattern>
                <ServiceLinkInJourneyPattern order="13" id="OST:ServiceLinkInJourneyPattern:7452974" version="271">
                  <ServiceLinkRef ref="OST:ServiceLink:200811072688998_3_200811072688993_1_1180" />
                </ServiceLinkInJourneyPattern>
                <ServiceLinkInJourneyPattern order="25" id="OST:ServiceLinkInJourneyPattern:7452986" version="271">
                  <ServiceLinkRef ref="OST:ServiceLink:200811072689028_2_200811072689023_2_588" />
                </ServiceLinkInJourneyPattern>
                <ServiceLinkInJourneyPattern order="26" id="OST:ServiceLinkInJourneyPattern:7452987" version="271">
                  <ServiceLinkRef ref="OST:ServiceLink:200811072689023_2_200811072689018_2_588" />
                </ServiceLinkInJourneyPattern>
                <ServiceLinkInJourneyPattern order="17" id="OST:ServiceLinkInJourneyPattern:7452978" version="271">
                  <ServiceLinkRef ref="OST:ServiceLink:200811072689006_1_200811072689011_1_405" />
                </ServiceLinkInJourneyPattern>
                <ServiceLinkInJourneyPattern order="5" id="OST:ServiceLinkInJourneyPattern:7452966" version="271">
                  <ServiceLinkRef ref="OST:ServiceLink:200811072688943_1_200811072688948_1_1332" />
                </ServiceLinkInJourneyPattern>
                <ServiceLinkInJourneyPattern order="31" id="OST:ServiceLinkInJourneyPattern:7452992" version="271">
                  <ServiceLinkRef ref="OST:ServiceLink:200811072688986_2_200811072688983_2_597" />
                </ServiceLinkInJourneyPattern>
                <ServiceLinkInJourneyPattern order="33" id="OST:ServiceLinkInJourneyPattern:7452994" version="271">
                  <ServiceLinkRef ref="OST:ServiceLink:200811072688924_1_200811072688912_1_5665" />
                </ServiceLinkInJourneyPattern>
                <ServiceLinkInJourneyPattern order="19" id="OST:ServiceLinkInJourneyPattern:7452980" version="271">
                  <ServiceLinkRef ref="OST:ServiceLink:200811072689016_1_200811072689021_1_578" />
                </ServiceLinkInJourneyPattern>
                <ServiceLinkInJourneyPattern order="10" id="OST:ServiceLinkInJourneyPattern:7452971" version="271">
                  <ServiceLinkRef ref="OST:ServiceLink:200811072688966_1_200811072688971_1_451" />
                </ServiceLinkInJourneyPattern>
                <ServiceLinkInJourneyPattern order="12" id="OST:ServiceLinkInJourneyPattern:7452973" version="271">
                  <ServiceLinkRef ref="OST:ServiceLink:200811072688996_1_200811072688998_3_5" />
                </ServiceLinkInJourneyPattern>
                <ServiceLinkInJourneyPattern order="1" id="OST:ServiceLinkInJourneyPattern:7452961" version="271">
                  <ServiceLinkRef ref="OST:ServiceLink:200811072688912_1_200811072688919_2_788" />
                </ServiceLinkInJourneyPattern>
                <ServiceLinkInJourneyPattern order="24" id="OST:ServiceLinkInJourneyPattern:7452985" version="271">
                  <ServiceLinkRef ref="OST:ServiceLink:200811072689033_2_200811072689028_2_1371" />
                </ServiceLinkInJourneyPattern>
                <ServiceLinkInJourneyPattern order="3" id="OST:ServiceLinkInJourneyPattern:7452964" version="271">
                  <ServiceLinkRef ref="OST:ServiceLink:200811072688912_1_200811072688935_1_1159" />
                </ServiceLinkInJourneyPattern>
                <ServiceLinkInJourneyPattern order="16" id="OST:ServiceLinkInJourneyPattern:7452977" version="271">
                  <ServiceLinkRef ref="OST:ServiceLink:200811072689001_1_200811072689006_1_452" />
                </ServiceLinkInJourneyPattern>
                <ServiceLinkInJourneyPattern order="4" id="OST:ServiceLinkInJourneyPattern:7452965" version="271">
                  <ServiceLinkRef ref="OST:ServiceLink:200811072688935_1_200811072688943_1_1275" />
                </ServiceLinkInJourneyPattern>
                <ServiceLinkInJourneyPattern order="30" id="OST:ServiceLinkInJourneyPattern:7452991" version="271">
                  <ServiceLinkRef ref="OST:ServiceLink:200811072689003_2_200811072688986_2_805" />
                </ServiceLinkInJourneyPattern>
                <ServiceLinkInJourneyPattern order="28" id="OST:ServiceLinkInJourneyPattern:7452989" version="271">
                  <ServiceLinkRef ref="OST:ServiceLink:200811072689013_2_200811072689008_2_376" />
                </ServiceLinkInJourneyPattern>
                <ServiceLinkInJourneyPattern order="9" id="OST:ServiceLinkInJourneyPattern:7452970" version="271">
                  <ServiceLinkRef ref="OST:ServiceLink:200811072688963_1_200811072688966_1_470" />
                </ServiceLinkInJourneyPattern>
                <ServiceLinkInJourneyPattern order="11" id="OST:ServiceLinkInJourneyPattern:7452972" version="271">
                  <ServiceLinkRef ref="OST:ServiceLink:200811072688971_1_200811072688996_1_2190" />
                </ServiceLinkInJourneyPattern>
                <ServiceLinkInJourneyPattern order="7" id="OST:ServiceLinkInJourneyPattern:7452968" version="271">
                  <ServiceLinkRef ref="OST:ServiceLink:200811072688953_1_200811072688958_1_517" />
                </ServiceLinkInJourneyPattern>
                <ServiceLinkInJourneyPattern order="21" id="OST:ServiceLinkInJourneyPattern:7452982" version="271">
                  <ServiceLinkRef ref="OST:ServiceLink:200811072689026_1_200811072689031_1_1239" />
                </ServiceLinkInJourneyPattern>
                <ServiceLinkInJourneyPattern order="23" id="OST:ServiceLinkInJourneyPattern:7452984" version="271">
                  <ServiceLinkRef ref="OST:ServiceLink:200811072689036_1_200811072689033_2_300" />
                </ServiceLinkInJourneyPattern>
                <ServiceLinkInJourneyPattern order="14" id="OST:ServiceLinkInJourneyPattern:7452975" version="271">
                  <ServiceLinkRef ref="OST:ServiceLink:200811072688993_1_200811072688990_3_325" />
                </ServiceLinkInJourneyPattern>
                <ServiceLinkInJourneyPattern order="2" id="OST:ServiceLinkInJourneyPattern:7452963" version="271">
                  <ServiceLinkRef ref="OST:ServiceLink:200811072688919_2_200811072688912_1_541" />
                </ServiceLinkInJourneyPattern>
                <ServiceLinkInJourneyPattern order="15" id="OST:ServiceLinkInJourneyPattern:7452976" version="271">
                  <ServiceLinkRef ref="OST:ServiceLink:200811072688990_3_200811072689001_1_918" />
                </ServiceLinkInJourneyPattern>
              </linksInSequence>
            </JourneyPattern>
          </journeyPatterns>
        </ServiceFrame>
        <TimetableFrame id="2073416733" version="1">
          <vehicleJourneys>
            <ServiceJourney id="OST:ServiceJourney:469_211210122072355_2" publication="public" version="271">
              <Name>Båstad-Trøgstad</Name>
              <PrivateCode>2</PrivateCode>
              <dayTypes>
                <DayTypeRef ref="OST:DayType:113" />
              </dayTypes>
              <JourneyPatternRef ref="OST:JourneyPattern:469_Inbound_211210121983311_211210121975025" version="271" />
              <LineRef ref="OST:Line:1_469" version="271" />
              <OperatorRef ref="OST:Operator:152" />
              <passingTimes>
                <TimetabledPassingTime id="OST:TimetabledPassingTime:211210122072355_1_13_20_00" version="271">
                  <DepartureTime>13:20:00</DepartureTime>
                  <StopPointInJourneyPatternRef ref="OST:StopPointInJourneyPattern:469_Inbound_211210121983311_1_211210121975025" version="271" />
                </TimetabledPassingTime>
                <TimetabledPassingTime id="OST:TimetabledPassingTime:211210122072355_2_13_25_00" version="271">
                  <DepartureTime>13:25:00</DepartureTime>
                  <StopPointInJourneyPatternRef ref="OST:StopPointInJourneyPattern:469_Inbound_211210121983311_2_211210121975025" version="271" />
                </TimetabledPassingTime>
                <TimetabledPassingTime id="OST:TimetabledPassingTime:211210122072355_3_13_26_00" version="271">
                  <DepartureTime>13:26:00</DepartureTime>
                  <StopPointInJourneyPatternRef ref="OST:StopPointInJourneyPattern:469_Inbound_211210121983311_3_211210121975025" version="271" />
                </TimetabledPassingTime>
                <TimetabledPassingTime id="OST:TimetabledPassingTime:211210122072355_4_13_28_00" version="271">
                  <DepartureTime>13:28:00</DepartureTime>
                  <StopPointInJourneyPatternRef ref="OST:StopPointInJourneyPattern:469_Inbound_211210121983311_4_211210121975025" version="271" />
                </TimetabledPassingTime>
                <TimetabledPassingTime id="OST:TimetabledPassingTime:211210122072355_5_13_31_00" version="271">
                  <DepartureTime>13:31:00</DepartureTime>
                  <StopPointInJourneyPatternRef ref="OST:StopPointInJourneyPattern:469_Inbound_211210121983311_5_211210121975025" version="271" />
                </TimetabledPassingTime>
                <TimetabledPassingTime id="OST:TimetabledPassingTime:211210122072355_6_13_34_00" version="271">
                  <DepartureTime>13:34:00</DepartureTime>
                  <StopPointInJourneyPatternRef ref="OST:StopPointInJourneyPattern:469_Inbound_211210121983311_6_211210121975025" version="271" />
                </TimetabledPassingTime>
                <TimetabledPassingTime id="OST:TimetabledPassingTime:211210122072355_7_13_37_00" version="271">
                  <DepartureTime>13:37:00</DepartureTime>
                  <StopPointInJourneyPatternRef ref="OST:StopPointInJourneyPattern:469_Inbound_211210121983311_7_211210121975025" version="271" />
                </TimetabledPassingTime>
                <TimetabledPassingTime id="OST:TimetabledPassingTime:211210122072355_8_13_39_00" version="271">
                  <DepartureTime>13:39:00</DepartureTime>
                  <StopPointInJourneyPatternRef ref="OST:StopPointInJourneyPattern:469_Inbound_211210121983311_8_211210121975025" version="271" />
                </TimetabledPassingTime>
                <TimetabledPassingTime id="OST:TimetabledPassingTime:211210122072355_9_13_40_00" version="271">
                  <DepartureTime>13:40:00</DepartureTime>
                  <StopPointInJourneyPatternRef ref="OST:StopPointInJourneyPattern:469_Inbound_211210121983311_9_211210121975025" version="271" />
                </TimetabledPassingTime>
                <TimetabledPassingTime id="OST:TimetabledPassingTime:211210122072355_10_13_40_00" version="271">
                  <DepartureTime>13:40:00</DepartureTime>
                  <StopPointInJourneyPatternRef ref="OST:StopPointInJourneyPattern:469_Inbound_211210121983311_10_211210121975025" version="271" />
                </TimetabledPassingTime>
                <TimetabledPassingTime id="OST:TimetabledPassingTime:211210122072355_11_13_41_00" version="271">
                  <DepartureTime>13:41:00</DepartureTime>
                  <StopPointInJourneyPatternRef ref="OST:StopPointInJourneyPattern:469_Inbound_211210121983311_11_211210121975025" version="271" />
                </TimetabledPassingTime>
                <TimetabledPassingTime id="OST:TimetabledPassingTime:211210122072355_13_13_43_00" version="271">
                  <DepartureTime>13:43:00</DepartureTime>
                  <StopPointInJourneyPatternRef ref="OST:StopPointInJourneyPattern:469_Inbound_211210121983311_13_211210121975025" version="271" />
                </TimetabledPassingTime>
                <TimetabledPassingTime id="OST:TimetabledPassingTime:211210122072355_12_13_43_00" version="271">
                  <DepartureTime>13:43:00</DepartureTime>
                  <StopPointInJourneyPatternRef ref="OST:StopPointInJourneyPattern:469_Inbound_211210121983311_12_211210121975025" version="271" />
                </TimetabledPassingTime>
                <TimetabledPassingTime id="OST:TimetabledPassingTime:211210122072355_15_13_45_00" version="271">
                  <DepartureTime>13:45:00</DepartureTime>
                  <StopPointInJourneyPatternRef ref="OST:StopPointInJourneyPattern:469_Inbound_211210121983311_15_211210121975025" version="271" />
                </TimetabledPassingTime>
                <TimetabledPassingTime id="OST:TimetabledPassingTime:211210122072355_14_13_45_00" version="271">
                  <DepartureTime>13:45:00</DepartureTime>
                  <StopPointInJourneyPatternRef ref="OST:StopPointInJourneyPattern:469_Inbound_211210121983311_14_211210121975025" version="271" />
                </TimetabledPassingTime>
                <TimetabledPassingTime id="OST:TimetabledPassingTime:211210122072355_16_13_47_00" version="271">
                  <DepartureTime>13:47:00</DepartureTime>
                  <StopPointInJourneyPatternRef ref="OST:StopPointInJourneyPattern:469_Inbound_211210121983311_16_211210121975025" version="271" />
                </TimetabledPassingTime>
                <TimetabledPassingTime id="OST:TimetabledPassingTime:211210122072355_17_13_47_00" version="271">
                  <DepartureTime>13:47:00</DepartureTime>
                  <StopPointInJourneyPatternRef ref="OST:StopPointInJourneyPattern:469_Inbound_211210121983311_17_211210121975025" version="271" />
                </TimetabledPassingTime>
                <TimetabledPassingTime id="OST:TimetabledPassingTime:211210122072355_18_13_48_00" version="271">
                  <DepartureTime>13:48:00</DepartureTime>
                  <StopPointInJourneyPatternRef ref="OST:StopPointInJourneyPattern:469_Inbound_211210121983311_18_211210121975025" version="271" />
                </TimetabledPassingTime>
                <TimetabledPassingTime id="OST:TimetabledPassingTime:211210122072355_20_13_50_00" version="271">
                  <DepartureTime>13:50:00</DepartureTime>
                  <StopPointInJourneyPatternRef ref="OST:StopPointInJourneyPattern:469_Inbound_211210121983311_20_211210121975025" version="271" />
                </TimetabledPassingTime>
                <TimetabledPassingTime id="OST:TimetabledPassingTime:211210122072355_19_13_50_00" version="271">
                  <DepartureTime>13:50:00</DepartureTime>
                  <StopPointInJourneyPatternRef ref="OST:StopPointInJourneyPattern:469_Inbound_211210121983311_19_211210121975025" version="271" />
                </TimetabledPassingTime>
                <TimetabledPassingTime id="OST:TimetabledPassingTime:211210122072355_21_13_51_00" version="271">
                  <DepartureTime>13:51:00</DepartureTime>
                  <StopPointInJourneyPatternRef ref="OST:StopPointInJourneyPattern:469_Inbound_211210121983311_21_211210121975025" version="271" />
                </TimetabledPassingTime>
                <TimetabledPassingTime id="OST:TimetabledPassingTime:211210122072355_22_13_53_00" version="271">
                  <DepartureTime>13:53:00</DepartureTime>
                  <StopPointInJourneyPatternRef ref="OST:StopPointInJourneyPattern:469_Inbound_211210121983311_22_211210121975025" version="271" />
                </TimetabledPassingTime>
                <TimetabledPassingTime id="OST:TimetabledPassingTime:211210122072355_23_13_53_00" version="271">
                  <DepartureTime>13:53:00</DepartureTime>
                  <StopPointInJourneyPatternRef ref="OST:StopPointInJourneyPattern:469_Inbound_211210121983311_23_211210121975025" version="271" />
                </TimetabledPassingTime>
                <TimetabledPassingTime id="OST:TimetabledPassingTime:211210122072355_24_13_54_00" version="271">
                  <DepartureTime>13:54:00</DepartureTime>
                  <StopPointInJourneyPatternRef ref="OST:StopPointInJourneyPattern:469_Inbound_211210121983311_24_211210121975025" version="271" />
                </TimetabledPassingTime>
                <TimetabledPassingTime id="OST:TimetabledPassingTime:211210122072355_25_13_55_00" version="271">
                  <DepartureTime>13:55:00</DepartureTime>
                  <StopPointInJourneyPatternRef ref="OST:StopPointInJourneyPattern:469_Inbound_211210121983311_25_211210121975025" version="271" />
                </TimetabledPassingTime>
                <TimetabledPassingTime id="OST:TimetabledPassingTime:211210122072355_26_13_56_00" version="271">
                  <DepartureTime>13:56:00</DepartureTime>
                  <StopPointInJourneyPatternRef ref="OST:StopPointInJourneyPattern:469_Inbound_211210121983311_26_211210121975025" version="271" />
                </TimetabledPassingTime>
                <TimetabledPassingTime id="OST:TimetabledPassingTime:211210122072355_27_13_57_00" version="271">
                  <DepartureTime>13:57:00</DepartureTime>
                  <StopPointInJourneyPatternRef ref="OST:StopPointInJourneyPattern:469_Inbound_211210121983311_27_211210121975025" version="271" />
                </TimetabledPassingTime>
                <TimetabledPassingTime id="OST:TimetabledPassingTime:211210122072355_29_13_59_00" version="271">
                  <DepartureTime>13:59:00</DepartureTime>
                  <StopPointInJourneyPatternRef ref="OST:StopPointInJourneyPattern:469_Inbound_211210121983311_29_211210121975025" version="271" />
                </TimetabledPassingTime>
                <TimetabledPassingTime id="OST:TimetabledPassingTime:211210122072355_28_13_59_00" version="271">
                  <DepartureTime>13:59:00</DepartureTime>
                  <StopPointInJourneyPatternRef ref="OST:StopPointInJourneyPattern:469_Inbound_211210121983311_28_211210121975025" version="271" />
                </TimetabledPassingTime>
                <TimetabledPassingTime id="OST:TimetabledPassingTime:211210122072355_30_14_00_00" version="271">
                  <DepartureTime>14:00:00</DepartureTime>
                  <StopPointInJourneyPatternRef ref="OST:StopPointInJourneyPattern:469_Inbound_211210121983311_30_211210121975025" version="271" />
                </TimetabledPassingTime>
                <TimetabledPassingTime id="OST:TimetabledPassingTime:211210122072355_31_14_01_00" version="271">
                  <DepartureTime>14:01:00</DepartureTime>
                  <StopPointInJourneyPatternRef ref="OST:StopPointInJourneyPattern:469_Inbound_211210121983311_31_211210121975025" version="271" />
                </TimetabledPassingTime>
                <TimetabledPassingTime id="OST:TimetabledPassingTime:211210122072355_32_14_02_00" version="271">
                  <DepartureTime>14:02:00</DepartureTime>
                  <StopPointInJourneyPatternRef ref="OST:StopPointInJourneyPattern:469_Inbound_211210121983311_32_211210121975025" version="271" />
                </TimetabledPassingTime>
                <TimetabledPassingTime id="OST:TimetabledPassingTime:211210122072355_33_14_07_00" version="271">
                  <DepartureTime>14:07:00</DepartureTime>
                  <StopPointInJourneyPatternRef ref="OST:StopPointInJourneyPattern:469_Inbound_211210121983311_33_211210121975025" version="271" />
                </TimetabledPassingTime>
                <TimetabledPassingTime id="OST:TimetabledPassingTime:211210122072355_34_14_15_00" version="271">
                  <ArrivalTime>14:15:00</ArrivalTime>
                  <StopPointInJourneyPatternRef ref="OST:StopPointInJourneyPattern:469_Inbound_211210121983311_34_211210121975025" version="271" />
                </TimetabledPassingTime>
              </passingTimes>
            </ServiceJourney>
            <ServiceJourney id="OST:ServiceJourney:469_211210122072356_4" publication="public" version="271">
              <Name>Båstad</Name>
              <PrivateCode>4</PrivateCode>
              <dayTypes>
                <DayTypeRef ref="OST:DayType:116" />
              </dayTypes>
              <JourneyPatternRef ref="OST:JourneyPattern:469_Inbound_211210121983310_211210121975025" version="271" />
              <LineRef ref="OST:Line:1_469" version="271" />
              <OperatorRef ref="OST:Operator:152" />
              <passingTimes>
                <TimetabledPassingTime id="OST:TimetabledPassingTime:211210122072356_2_14_20_00" version="271">
                  <DepartureTime>14:20:00</DepartureTime>
                  <StopPointInJourneyPatternRef ref="OST:StopPointInJourneyPattern:469_Inbound_211210121983310_2_211210121975025" version="271" />
                </TimetabledPassingTime>
                <TimetabledPassingTime id="OST:TimetabledPassingTime:211210122072356_1_14_20_00" version="271">
                  <DepartureTime>14:20:00</DepartureTime>
                  <StopPointInJourneyPatternRef ref="OST:StopPointInJourneyPattern:469_Inbound_211210121983310_1_211210121975025" version="271" />
                </TimetabledPassingTime>
                <TimetabledPassingTime id="OST:TimetabledPassingTime:211210122072356_3_14_21_00" version="271">
                  <DepartureTime>14:21:00</DepartureTime>
                  <StopPointInJourneyPatternRef ref="OST:StopPointInJourneyPattern:469_Inbound_211210121983310_3_211210121975025" version="271" />
                </TimetabledPassingTime>
                <TimetabledPassingTime id="OST:TimetabledPassingTime:211210122072356_4_14_22_00" version="271">
                  <DepartureTime>14:22:00</DepartureTime>
                  <StopPointInJourneyPatternRef ref="OST:StopPointInJourneyPattern:469_Inbound_211210121983310_4_211210121975025" version="271" />
                </TimetabledPassingTime>
                <TimetabledPassingTime id="OST:TimetabledPassingTime:211210122072356_5_14_23_00" version="271">
                  <DepartureTime>14:23:00</DepartureTime>
                  <StopPointInJourneyPatternRef ref="OST:StopPointInJourneyPattern:469_Inbound_211210121983310_5_211210121975025" version="271" />
                </TimetabledPassingTime>
                <TimetabledPassingTime id="OST:TimetabledPassingTime:211210122072356_7_14_25_00" version="271">
                  <DepartureTime>14:25:00</DepartureTime>
                  <StopPointInJourneyPatternRef ref="OST:StopPointInJourneyPattern:469_Inbound_211210121983310_7_211210121975025" version="271" />
                </TimetabledPassingTime>
                <TimetabledPassingTime id="OST:TimetabledPassingTime:211210122072356_6_14_25_00" version="271">
                  <DepartureTime>14:25:00</DepartureTime>
                  <StopPointInJourneyPatternRef ref="OST:StopPointInJourneyPattern:469_Inbound_211210121983310_6_211210121975025" version="271" />
                </TimetabledPassingTime>
                <TimetabledPassingTime id="OST:TimetabledPassingTime:211210122072356_8_14_26_00" version="271">
                  <DepartureTime>14:26:00</DepartureTime>
                  <StopPointInJourneyPatternRef ref="OST:StopPointInJourneyPattern:469_Inbound_211210121983310_8_211210121975025" version="271" />
                </TimetabledPassingTime>
                <TimetabledPassingTime id="OST:TimetabledPassingTime:211210122072356_9_14_26_00" version="271">
                  <DepartureTime>14:26:00</DepartureTime>
                  <StopPointInJourneyPatternRef ref="OST:StopPointInJourneyPattern:469_Inbound_211210121983310_9_211210121975025" version="271" />
                </TimetabledPassingTime>
                <TimetabledPassingTime id="OST:TimetabledPassingTime:211210122072356_10_14_27_00" version="271">
                  <DepartureTime>14:27:00</DepartureTime>
                  <StopPointInJourneyPatternRef ref="OST:StopPointInJourneyPattern:469_Inbound_211210121983310_10_211210121975025" version="271" />
                </TimetabledPassingTime>
                <TimetabledPassingTime id="OST:TimetabledPassingTime:211210122072356_11_14_31_00" version="271">
                  <DepartureTime>14:31:00</DepartureTime>
                  <StopPointInJourneyPatternRef ref="OST:StopPointInJourneyPattern:469_Inbound_211210121983310_11_211210121975025" version="271" />
                </TimetabledPassingTime>
                <TimetabledPassingTime id="OST:TimetabledPassingTime:211210122072356_12_14_31_00" version="271">
                  <DepartureTime>14:31:00</DepartureTime>
                  <StopPointInJourneyPatternRef ref="OST:StopPointInJourneyPattern:469_Inbound_211210121983310_12_211210121975025" version="271" />
                </TimetabledPassingTime>
                <TimetabledPassingTime id="OST:TimetabledPassingTime:211210122072356_13_14_33_00" version="271">
                  <DepartureTime>14:33:00</DepartureTime>
                  <StopPointInJourneyPatternRef ref="OST:StopPointInJourneyPattern:469_Inbound_211210121983310_13_211210121975025" version="271" />
                </TimetabledPassingTime>
                <TimetabledPassingTime id="OST:TimetabledPassingTime:211210122072356_14_14_34_00" version="271">
                  <DepartureTime>14:34:00</DepartureTime>
                  <StopPointInJourneyPatternRef ref="OST:StopPointInJourneyPattern:469_Inbound_211210121983310_14_211210121975025" version="271" />
                </TimetabledPassingTime>
                <TimetabledPassingTime id="OST:TimetabledPassingTime:211210122072356_15_14_35_00" version="271">
                  <DepartureTime>14:35:00</DepartureTime>
                  <StopPointInJourneyPatternRef ref="OST:StopPointInJourneyPattern:469_Inbound_211210121983310_15_211210121975025" version="271" />
                </TimetabledPassingTime>
                <TimetabledPassingTime id="OST:TimetabledPassingTime:211210122072356_16_14_36_00" version="271">
                  <DepartureTime>14:36:00</DepartureTime>
                  <StopPointInJourneyPatternRef ref="OST:StopPointInJourneyPattern:469_Inbound_211210121983310_16_211210121975025" version="271" />
                </TimetabledPassingTime>
                <TimetabledPassingTime id="OST:TimetabledPassingTime:211210122072356_17_14_37_00" version="271">
                  <DepartureTime>14:37:00</DepartureTime>
                  <StopPointInJourneyPatternRef ref="OST:StopPointInJourneyPattern:469_Inbound_211210121983310_17_211210121975025" version="271" />
                </TimetabledPassingTime>
                <TimetabledPassingTime id="OST:TimetabledPassingTime:211210122072356_18_14_40_00" version="271">
                  <DepartureTime>14:40:00</DepartureTime>
                  <StopPointInJourneyPatternRef ref="OST:StopPointInJourneyPattern:469_Inbound_211210121983310_18_211210121975025" version="271" />
                </TimetabledPassingTime>
                <TimetabledPassingTime id="OST:TimetabledPassingTime:211210122072356_19_14_41_00" version="271">
                  <DepartureTime>14:41:00</DepartureTime>
                  <StopPointInJourneyPatternRef ref="OST:StopPointInJourneyPattern:469_Inbound_211210121983310_19_211210121975025" version="271" />
                </TimetabledPassingTime>
                <TimetabledPassingTime id="OST:TimetabledPassingTime:211210122072356_20_14_42_00" version="271">
                  <DepartureTime>14:42:00</DepartureTime>
                  <StopPointInJourneyPatternRef ref="OST:StopPointInJourneyPattern:469_Inbound_211210121983310_20_211210121975025" version="271" />
                </TimetabledPassingTime>
                <TimetabledPassingTime id="OST:TimetabledPassingTime:211210122072356_21_14_44_00" version="271">
                  <DepartureTime>14:44:00</DepartureTime>
                  <StopPointInJourneyPatternRef ref="OST:StopPointInJourneyPattern:469_Inbound_211210121983310_21_211210121975025" version="271" />
                </TimetabledPassingTime>
                <TimetabledPassingTime id="OST:TimetabledPassingTime:211210122072356_23_14_45_00" version="271">
                  <DepartureTime>14:45:00</DepartureTime>
                  <StopPointInJourneyPatternRef ref="OST:StopPointInJourneyPattern:469_Inbound_211210121983310_23_211210121975025" version="271" />
                </TimetabledPassingTime>
                <TimetabledPassingTime id="OST:TimetabledPassingTime:211210122072356_22_14_45_00" version="271">
                  <DepartureTime>14:45:00</DepartureTime>
                  <StopPointInJourneyPatternRef ref="OST:StopPointInJourneyPattern:469_Inbound_211210121983310_22_211210121975025" version="271" />
                </TimetabledPassingTime>
                <TimetabledPassingTime id="OST:TimetabledPassingTime:211210122072356_24_14_48_00" version="271">
                  <DepartureTime>14:48:00</DepartureTime>
                  <StopPointInJourneyPatternRef ref="OST:StopPointInJourneyPattern:469_Inbound_211210121983310_24_211210121975025" version="271" />
                </TimetabledPassingTime>
                <TimetabledPassingTime id="OST:TimetabledPassingTime:211210122072356_25_14_49_00" version="271">
                  <DepartureTime>14:49:00</DepartureTime>
                  <StopPointInJourneyPatternRef ref="OST:StopPointInJourneyPattern:469_Inbound_211210121983310_25_211210121975025" version="271" />
                </TimetabledPassingTime>
                <TimetabledPassingTime id="OST:TimetabledPassingTime:211210122072356_26_14_50_00" version="271">
                  <DepartureTime>14:50:00</DepartureTime>
                  <StopPointInJourneyPatternRef ref="OST:StopPointInJourneyPattern:469_Inbound_211210121983310_26_211210121975025" version="271" />
                </TimetabledPassingTime>
                <TimetabledPassingTime id="OST:TimetabledPassingTime:211210122072356_27_14_53_00" version="271">
                  <DepartureTime>14:53:00</DepartureTime>
                  <StopPointInJourneyPatternRef ref="OST:StopPointInJourneyPattern:469_Inbound_211210121983310_27_211210121975025" version="271" />
                </TimetabledPassingTime>
                <TimetabledPassingTime id="OST:TimetabledPassingTime:211210122072356_28_14_53_00" version="271">
                  <DepartureTime>14:53:00</DepartureTime>
                  <StopPointInJourneyPatternRef ref="OST:StopPointInJourneyPattern:469_Inbound_211210121983310_28_211210121975025" version="271" />
                </TimetabledPassingTime>
                <TimetabledPassingTime id="OST:TimetabledPassingTime:211210122072356_29_14_54_00" version="271">
                  <DepartureTime>14:54:00</DepartureTime>
                  <StopPointInJourneyPatternRef ref="OST:StopPointInJourneyPattern:469_Inbound_211210121983310_29_211210121975025" version="271" />
                </TimetabledPassingTime>
                <TimetabledPassingTime id="OST:TimetabledPassingTime:211210122072356_30_14_56_00" version="271">
                  <DepartureTime>14:56:00</DepartureTime>
                  <StopPointInJourneyPatternRef ref="OST:StopPointInJourneyPattern:469_Inbound_211210121983310_30_211210121975025" version="271" />
                </TimetabledPassingTime>
                <TimetabledPassingTime id="OST:TimetabledPassingTime:211210122072356_31_14_57_00" version="271">
                  <DepartureTime>14:57:00</DepartureTime>
                  <StopPointInJourneyPatternRef ref="OST:StopPointInJourneyPattern:469_Inbound_211210121983310_31_211210121975025" version="271" />
                </TimetabledPassingTime>
                <TimetabledPassingTime id="OST:TimetabledPassingTime:211210122072356_32_15_04_00" version="271">
                  <DepartureTime>15:04:00</DepartureTime>
                  <StopPointInJourneyPatternRef ref="OST:StopPointInJourneyPattern:469_Inbound_211210121983310_32_211210121975025" version="271" />
                </TimetabledPassingTime>
                <TimetabledPassingTime id="OST:TimetabledPassingTime:211210122072356_33_15_15_00" version="271">
                  <ArrivalTime>15:15:00</ArrivalTime>
                  <StopPointInJourneyPatternRef ref="OST:StopPointInJourneyPattern:469_Inbound_211210121983310_33_211210121975025" version="271" />
                </TimetabledPassingTime>
              </passingTimes>
            </ServiceJourney>
          </vehicleJourneys>
        </TimetableFrame>
      </frames>
    </CompositeFrame>
  </dataObjects>
</PublicationDelivery>
