<?xml version="1.0" encoding="UTF-8"?>
<PublicationDelivery xmlns="http://www.netex.org.uk/netex" xmlns:gis="http://www.opengis.net/gml/3.2" xmlns:siri="http://www.siri.org.uk/siri" version="1.13:NO-NeTEx-networktimetable:1.3">
  <PublicationTimestamp>2022-05-26T00:05:35.012</PublicationTimestamp>
  <ParticipantRef>RB</ParticipantRef>
  <Description>Askim-Ihlen</Description>
  <dataObjects>
    <CompositeFrame created="2022-04-08T10:32:34.29" id="14819914" version="1">
      <validityConditions>
        <AvailabilityCondition id="2143998469" version="1">
          <FromDate>2022-05-23T00:00:00</FromDate>
          <ToDate>2023-05-25T00:00:00</ToDate>
        </AvailabilityCondition>
      </validityConditions>
      <codespaces>
        <Codespace id="ost">
          <Xmlns>OST</Xmlns>
          <XmlnsUrl>http://www.rutebanken.org/ns/ost</XmlnsUrl>
        </Codespace>
        <Codespace id="nsr">
          <Xmlns>NSR</Xmlns>
          <XmlnsUrl>http://www.rutebanken.org/ns/nsr</XmlnsUrl>
        </Codespace>
      </codespaces>
      <FrameDefaults>
        <DefaultLocale>
          <TimeZone>Europe/Oslo</TimeZone>
          <DefaultLanguage>no</DefaultLanguage>
        </DefaultLocale>
      </FrameDefaults>
      <frames>
        <ServiceFrame id="2124447407" version="1">
          <routes>
            <Route id="OST:Route:404_Outbound_211210121983157_211210121975025" version="271">
              <Name>1-3</Name>
              <ShortName>1-3</ShortName>
              <LineRef ref="OST:Line:1_404" version="271" />
              <DirectionType>inbound</DirectionType>
              <pointsInSequence>
                <PointOnRoute id="OST:PointOnRoute:7446959" order="3" version="271">
                  <RoutePointRef ref="OST:RoutePoint:1241880_1" />
                </PointOnRoute>
                <PointOnRoute id="OST:PointOnRoute:7446957" order="1" version="271">
                  <RoutePointRef ref="OST:RoutePoint:1241890_4" />
                </PointOnRoute>
                <PointOnRoute id="OST:PointOnRoute:7446967" order="11" version="271">
                  <RoutePointRef ref="OST:RoutePoint:1243570_1" />
                </PointOnRoute>
                <PointOnRoute id="OST:PointOnRoute:7446965" order="9" version="271">
                  <RoutePointRef ref="OST:RoutePoint:1243555_1" />
                </PointOnRoute>
                <PointOnRoute id="OST:PointOnRoute:7446963" order="7" version="271">
                  <RoutePointRef ref="OST:RoutePoint:1241855_2" />
                </PointOnRoute>
                <PointOnRoute id="OST:PointOnRoute:7446961" order="5" version="271">
                  <RoutePointRef ref="OST:RoutePoint:1241865_2" />
                </PointOnRoute>
                <PointOnRoute id="OST:PointOnRoute:7446966" order="10" version="271">
                  <RoutePointRef ref="OST:RoutePoint:1243560_1" />
                </PointOnRoute>
                <PointOnRoute id="OST:PointOnRoute:7446964" order="8" version="271">
                  <RoutePointRef ref="OST:RoutePoint:1243556_1" />
                </PointOnRoute>
                <PointOnRoute id="OST:PointOnRoute:7446962" order="6" version="271">
                  <RoutePointRef ref="OST:RoutePoint:1241860_1" />
                </PointOnRoute>
                <PointOnRoute id="OST:PointOnRoute:7446960" order="4" version="271">
                  <RoutePointRef ref="OST:RoutePoint:1241870_2" />
                </PointOnRoute>
                <PointOnRoute id="OST:PointOnRoute:7446958" order="2" version="271">
                  <RoutePointRef ref="OST:RoutePoint:1241885_2" />
                </PointOnRoute>
              </pointsInSequence>
            </Route>
            <Route id="OST:Route:404_Outbound_211210121983155_211210121975025" version="271">
              <Name>1-1</Name>
              <ShortName>1-1</ShortName>
              <LineRef ref="OST:Line:1_404" version="271" />
              <DirectionType>inbound</DirectionType>
              <pointsInSequence>
                <PointOnRoute id="OST:PointOnRoute:7446939" order="8" version="271">
                  <RoutePointRef ref="OST:RoutePoint:1242295_1" />
                </PointOnRoute>
                <PointOnRoute id="OST:PointOnRoute:7446938" order="7" version="271">
                  <RoutePointRef ref="OST:RoutePoint:1242300_2" />
                </PointOnRoute>
                <PointOnRoute id="OST:PointOnRoute:7446937" order="6" version="271">
                  <RoutePointRef ref="OST:RoutePoint:1241885_1" />
                </PointOnRoute>
                <PointOnRoute id="OST:PointOnRoute:7446936" order="5" version="271">
                  <RoutePointRef ref="OST:RoutePoint:1241875_1" />
                </PointOnRoute>
                <PointOnRoute id="OST:PointOnRoute:7446935" order="4" version="271">
                  <RoutePointRef ref="OST:RoutePoint:1241870_1" />
                </PointOnRoute>
                <PointOnRoute id="OST:PointOnRoute:7446934" order="3" version="271">
                  <RoutePointRef ref="OST:RoutePoint:1243555_1" />
                </PointOnRoute>
                <PointOnRoute id="OST:PointOnRoute:7446933" order="2" version="271">
                  <RoutePointRef ref="OST:RoutePoint:1243556_1" />
                </PointOnRoute>
                <PointOnRoute id="OST:PointOnRoute:7446932" order="1" version="271">
                  <RoutePointRef ref="OST:RoutePoint:1241855_2" />
                </PointOnRoute>
              </pointsInSequence>
            </Route>
            <Route id="OST:Route:404_Outbound_211210121983156_211210121975025" version="271">
              <Name>1-2</Name>
              <ShortName>1-2</ShortName>
              <LineRef ref="OST:Line:1_404" version="271" />
              <DirectionType>inbound</DirectionType>
              <pointsInSequence>
                <PointOnRoute id="OST:PointOnRoute:7446955" order="16" version="271">
                  <RoutePointRef ref="OST:RoutePoint:1241875_1" />
                </PointOnRoute>
                <PointOnRoute id="OST:PointOnRoute:7446940" order="1" version="271">
                  <RoutePointRef ref="OST:RoutePoint:1241890_4" />
                </PointOnRoute>
                <PointOnRoute id="OST:PointOnRoute:7446952" order="13" version="271">
                  <RoutePointRef ref="OST:RoutePoint:1243560_1" />
                </PointOnRoute>
                <PointOnRoute id="OST:PointOnRoute:7446944" order="5" version="271">
                  <RoutePointRef ref="OST:RoutePoint:1243575_1" />
                </PointOnRoute>
                <PointOnRoute id="OST:PointOnRoute:7446956" order="17" version="271">
                  <RoutePointRef ref="OST:RoutePoint:1241890_4" />
                </PointOnRoute>
                <PointOnRoute id="OST:PointOnRoute:7446953" order="14" version="271">
                  <RoutePointRef ref="OST:RoutePoint:1243570_1" />
                </PointOnRoute>
                <PointOnRoute id="OST:PointOnRoute:7446948" order="9" version="271">
                  <RoutePointRef ref="OST:RoutePoint:1241860_1" />
                </PointOnRoute>
                <PointOnRoute id="OST:PointOnRoute:7446941" order="2" version="271">
                  <RoutePointRef ref="OST:RoutePoint:1241885_2" />
                </PointOnRoute>
                <PointOnRoute id="OST:PointOnRoute:7446950" order="11" version="271">
                  <RoutePointRef ref="OST:RoutePoint:1243556_1" />
                </PointOnRoute>
                <PointOnRoute id="OST:PointOnRoute:7446945" order="6" version="271">
                  <RoutePointRef ref="OST:RoutePoint:1241875_2" />
                </PointOnRoute>
                <PointOnRoute id="OST:PointOnRoute:7446942" order="3" version="271">
                  <RoutePointRef ref="OST:RoutePoint:1241880_1" />
                </PointOnRoute>
                <PointOnRoute id="OST:PointOnRoute:7446943" order="4" version="271">
                  <RoutePointRef ref="OST:RoutePoint:1243585_2" />
                </PointOnRoute>
                <PointOnRoute id="OST:PointOnRoute:7446954" order="15" version="271">
                  <RoutePointRef ref="OST:RoutePoint:1241870_1" />
                </PointOnRoute>
                <PointOnRoute id="OST:PointOnRoute:7446949" order="10" version="271">
                  <RoutePointRef ref="OST:RoutePoint:1241855_2" />
                </PointOnRoute>
                <PointOnRoute id="OST:PointOnRoute:7446946" order="7" version="271">
                  <RoutePointRef ref="OST:RoutePoint:1241870_2" />
                </PointOnRoute>
                <PointOnRoute id="OST:PointOnRoute:7446947" order="8" version="271">
                  <RoutePointRef ref="OST:RoutePoint:1241865_2" />
                </PointOnRoute>
                <PointOnRoute id="OST:PointOnRoute:7446951" order="12" version="271">
                  <RoutePointRef ref="OST:RoutePoint:1243555_1" />
                </PointOnRoute>
              </pointsInSequence>
            </Route>
          </routes>
          <lines>
            <Line id="OST:Line:1_404" version="271">
              <Name>Askim-Ihlen</Name>
              <TransportMode>bus</TransportMode>
              <TransportSubmode>
                <BusSubmode>localBus</BusSubmode>
              </TransportSubmode>
              <PublicCode>404</PublicCode>
              <PrivateCode>404</PrivateCode>
              <OperatorRef ref="OST:Operator:152" />
              <RepresentedByGroupRef ref="OST:GroupOfLines:bus_1" />
            </Line>
          </lines>
          <journeyPatterns>
            <JourneyPattern id="OST:JourneyPattern:404_Outbound_211210121983157_211210121975025" version="271">
              <Name>1-3</Name>
              <RouteRef ref="OST:Route:404_Outbound_211210121983157_211210121975025" version="271" />
              <pointsInSequence>
                <StopPointInJourneyPattern order="1" id="OST:StopPointInJourneyPattern:404_Outbound_211210121983157_1_211210121975025" version="271">
                  <ForAlighting>false</ForAlighting>
                  <DestinationDisplayRef ref="OST:DestinationDisplay:218" />
                  <ScheduledStopPointRef ref="OST:ScheduledStopPoint:1241890_4" />
                </StopPointInJourneyPattern>
                <StopPointInJourneyPattern order="7" id="OST:StopPointInJourneyPattern:404_Outbound_211210121983157_7_211210121975025" version="271">
                  <ScheduledStopPointRef ref="OST:ScheduledStopPoint:1241855_2" />
                </StopPointInJourneyPattern>
                <StopPointInJourneyPattern order="8" id="OST:StopPointInJourneyPattern:404_Outbound_211210121983157_8_211210121975025" version="271">
                  <ScheduledStopPointRef ref="OST:ScheduledStopPoint:1243556_1" />
                </StopPointInJourneyPattern>
                <StopPointInJourneyPattern order="11" id="OST:StopPointInJourneyPattern:404_Outbound_211210121983157_11_211210121975025" version="271">
                  <ForBoarding>false</ForBoarding>
                  <ScheduledStopPointRef ref="OST:ScheduledStopPoint:1243570_1" />
                </StopPointInJourneyPattern>
                <StopPointInJourneyPattern order="6" id="OST:StopPointInJourneyPattern:404_Outbound_211210121983157_6_211210121975025" version="271">
                  <ScheduledStopPointRef ref="OST:ScheduledStopPoint:1241860_1" />
                </StopPointInJourneyPattern>
                <StopPointInJourneyPattern order="9" id="OST:StopPointInJourneyPattern:404_Outbound_211210121983157_9_211210121975025" version="271">
                  <ScheduledStopPointRef ref="OST:ScheduledStopPoint:1243555_1" />
                </StopPointInJourneyPattern>
                <StopPointInJourneyPattern order="5" id="OST:StopPointInJourneyPattern:404_Outbound_211210121983157_5_211210121975025" version="271">
                  <ScheduledStopPointRef ref="OST:ScheduledStopPoint:1241865_2" />
                </StopPointInJourneyPattern>
                <StopPointInJourneyPattern order="4" id="OST:StopPointInJourneyPattern:404_Outbound_211210121983157_4_211210121975025" version="271">
                  <ScheduledStopPointRef ref="OST:ScheduledStopPoint:1241870_2" />
                </StopPointInJourneyPattern>
                <StopPointInJourneyPattern order="10" id="OST:StopPointInJourneyPattern:404_Outbound_211210121983157_10_211210121975025" version="271">
                  <ScheduledStopPointRef ref="OST:ScheduledStopPoint:1243560_1" />
                </StopPointInJourneyPattern>
                <StopPointInJourneyPattern order="2" id="OST:StopPointInJourneyPattern:404_Outbound_211210121983157_2_211210121975025" version="271">
                  <ScheduledStopPointRef ref="OST:ScheduledStopPoint:1241885_2" />
                </StopPointInJourneyPattern>
                <StopPointInJourneyPattern order="3" id="OST:StopPointInJourneyPattern:404_Outbound_211210121983157_3_211210121975025" version="271">
                  <ScheduledStopPointRef ref="OST:ScheduledStopPoint:1241880_1" />
                </StopPointInJourneyPattern>
              </pointsInSequence>
              <linksInSequence>
                <ServiceLinkInJourneyPattern order="9" id="OST:ServiceLinkInJourneyPattern:7447010" version="271">
                  <ServiceLinkRef ref="OST:ServiceLink:200811072689650_1_200811072689656_1_300" />
                </ServiceLinkInJourneyPattern>
                <ServiceLinkInJourneyPattern order="2" id="OST:ServiceLinkInJourneyPattern:7447002" version="271">
                  <ServiceLinkRef ref="OST:ServiceLink:200811072689344_2_200811072689339_1_308" />
                </ServiceLinkInJourneyPattern>
                <ServiceLinkInJourneyPattern order="7" id="OST:ServiceLinkInJourneyPattern:7447008" version="271">
                  <ServiceLinkRef ref="OST:ServiceLink:200811072689318_2_200811072689653_1_945" />
                </ServiceLinkInJourneyPattern>
                <ServiceLinkInJourneyPattern order="3" id="OST:ServiceLinkInJourneyPattern:7447003" version="271">
                  <ServiceLinkRef ref="OST:ServiceLink:200811072689339_1_200811072689331_2_693" />
                </ServiceLinkInJourneyPattern>
                <ServiceLinkInJourneyPattern order="8" id="OST:ServiceLinkInJourneyPattern:7447009" version="271">
                  <ServiceLinkRef ref="OST:ServiceLink:200811072689653_1_200811072689650_1_482" />
                </ServiceLinkInJourneyPattern>
                <ServiceLinkInJourneyPattern order="10" id="OST:ServiceLinkInJourneyPattern:7447011" version="271">
                  <ServiceLinkRef ref="OST:ServiceLink:200811072689656_1_200811072689662_1_1143" />
                </ServiceLinkInJourneyPattern>
                <ServiceLinkInJourneyPattern order="4" id="OST:ServiceLinkInJourneyPattern:7447005" version="271">
                  <ServiceLinkRef ref="OST:ServiceLink:200811072689331_2_200811072689326_2_570" />
                </ServiceLinkInJourneyPattern>
                <ServiceLinkInJourneyPattern order="5" id="OST:ServiceLinkInJourneyPattern:7447006" version="271">
                  <ServiceLinkRef ref="OST:ServiceLink:200811072689326_2_200811072689321_1_648" />
                </ServiceLinkInJourneyPattern>
                <ServiceLinkInJourneyPattern order="1" id="OST:ServiceLinkInJourneyPattern:7447001" version="271">
                  <ServiceLinkRef ref="OST:ServiceLink:201028090334180_4_200811072689344_2_444" />
                </ServiceLinkInJourneyPattern>
                <ServiceLinkInJourneyPattern order="6" id="OST:ServiceLinkInJourneyPattern:7447007" version="271">
                  <ServiceLinkRef ref="OST:ServiceLink:200811072689321_1_200811072689318_2_445" />
                </ServiceLinkInJourneyPattern>
              </linksInSequence>
            </JourneyPattern>
            <JourneyPattern id="OST:JourneyPattern:404_Outbound_211210121983155_211210121975025" version="271">
              <Name>1-1</Name>
              <RouteRef ref="OST:Route:404_Outbound_211210121983155_211210121975025" version="271" />
              <pointsInSequence>
                <StopPointInJourneyPattern order="7" id="OST:StopPointInJourneyPattern:404_Outbound_211210121983155_7_211210121975025" version="271">
                  <ScheduledStopPointRef ref="OST:ScheduledStopPoint:1242300_2" />
                </StopPointInJourneyPattern>
                <StopPointInJourneyPattern order="3" id="OST:StopPointInJourneyPattern:404_Outbound_211210121983155_3_211210121975025" version="271">
                  <ScheduledStopPointRef ref="OST:ScheduledStopPoint:1243555_1" />
                </StopPointInJourneyPattern>
                <StopPointInJourneyPattern order="4" id="OST:StopPointInJourneyPattern:404_Outbound_211210121983155_4_211210121975025" version="271">
                  <ScheduledStopPointRef ref="OST:ScheduledStopPoint:1241870_1" />
                </StopPointInJourneyPattern>
                <StopPointInJourneyPattern order="8" id="OST:StopPointInJourneyPattern:404_Outbound_211210121983155_8_211210121975025" version="271">
                  <ForBoarding>false</ForBoarding>
                  <ScheduledStopPointRef ref="OST:ScheduledStopPoint:1242295_1" />
                </StopPointInJourneyPattern>
                <StopPointInJourneyPattern order="5" id="OST:StopPointInJourneyPattern:404_Outbound_211210121983155_5_211210121975025" version="271">
                  <ScheduledStopPointRef ref="OST:ScheduledStopPoint:1241875_1" />
                </StopPointInJourneyPattern>
                <StopPointInJourneyPattern order="2" id="OST:StopPointInJourneyPattern:404_Outbound_211210121983155_2_211210121975025" version="271">
                  <ScheduledStopPointRef ref="OST:ScheduledStopPoint:1243556_1" />
                </StopPointInJourneyPattern>
                <StopPointInJourneyPattern order="1" id="OST:StopPointInJourneyPattern:404_Outbound_211210121983155_1_211210121975025" version="271">
                  <ForAlighting>false</ForAlighting>
                  <DestinationDisplayRef ref="OST:DestinationDisplay:19" />
                  <ScheduledStopPointRef ref="OST:ScheduledStopPoint:1241855_2" />
                </StopPointInJourneyPattern>
                <StopPointInJourneyPattern order="6" id="OST:StopPointInJourneyPattern:404_Outbound_211210121983155_6_211210121975025" version="271">
                  <ScheduledStopPointRef ref="OST:ScheduledStopPoint:1241885_1" />
                </StopPointInJourneyPattern>
              </pointsInSequence>
              <linksInSequence>
                <ServiceLinkInJourneyPattern order="3" id="OST:ServiceLinkInJourneyPattern:7446972" version="271">
                  <ServiceLinkRef ref="OST:ServiceLink:200811072689650_1_200811072689329_1_2335" />
                </ServiceLinkInJourneyPattern>
                <ServiceLinkInJourneyPattern order="1" id="OST:ServiceLinkInJourneyPattern:7446968" version="271">
                  <ServiceLinkRef ref="OST:ServiceLink:200811072689318_2_200811072689653_1_945" />
                </ServiceLinkInJourneyPattern>
                <ServiceLinkInJourneyPattern order="7" id="OST:ServiceLinkInJourneyPattern:7446977" version="271">
                  <ServiceLinkRef ref="OST:ServiceLink:200811072689411_2_200811072689402_1_635" />
                </ServiceLinkInJourneyPattern>
                <ServiceLinkInJourneyPattern order="4" id="OST:ServiceLinkInJourneyPattern:7446974" version="271">
                  <ServiceLinkRef ref="OST:ServiceLink:200811072689329_1_200811072689334_1_351" />
                </ServiceLinkInJourneyPattern>
                <ServiceLinkInJourneyPattern order="6" id="OST:ServiceLinkInJourneyPattern:7446976" version="271">
                  <ServiceLinkRef ref="OST:ServiceLink:200811072689342_1_200811072689411_2_129" />
                </ServiceLinkInJourneyPattern>
                <ServiceLinkInJourneyPattern order="5" id="OST:ServiceLinkInJourneyPattern:7446975" version="271">
                  <ServiceLinkRef ref="OST:ServiceLink:200811072689334_1_200811072689342_1_704" />
                </ServiceLinkInJourneyPattern>
                <ServiceLinkInJourneyPattern order="2" id="OST:ServiceLinkInJourneyPattern:7446970" version="271">
                  <ServiceLinkRef ref="OST:ServiceLink:200811072689653_1_200811072689650_1_482" />
                </ServiceLinkInJourneyPattern>
              </linksInSequence>
            </JourneyPattern>
            <JourneyPattern id="OST:JourneyPattern:404_Outbound_211210121983156_211210121975025" version="271">
              <Name>1-2</Name>
              <RouteRef ref="OST:Route:404_Outbound_211210121983156_211210121975025" version="271" />
              <pointsInSequence>
                <StopPointInJourneyPattern order="14" id="OST:StopPointInJourneyPattern:404_Outbound_211210121983156_14_211210121975025" version="271">
                  <ScheduledStopPointRef ref="OST:ScheduledStopPoint:1243570_1" />
                </StopPointInJourneyPattern>
                <StopPointInJourneyPattern order="13" id="OST:StopPointInJourneyPattern:404_Outbound_211210121983156_13_211210121975025" version="271">
                  <ScheduledStopPointRef ref="OST:ScheduledStopPoint:1243560_1" />
                </StopPointInJourneyPattern>
                <StopPointInJourneyPattern order="2" id="OST:StopPointInJourneyPattern:404_Outbound_211210121983156_2_211210121975025" version="271">
                  <ScheduledStopPointRef ref="OST:ScheduledStopPoint:1241885_2" />
                </StopPointInJourneyPattern>
                <StopPointInJourneyPattern order="10" id="OST:StopPointInJourneyPattern:404_Outbound_211210121983156_10_211210121975025" version="271">
                  <ScheduledStopPointRef ref="OST:ScheduledStopPoint:1241855_2" />
                </StopPointInJourneyPattern>
                <StopPointInJourneyPattern order="4" id="OST:StopPointInJourneyPattern:404_Outbound_211210121983156_4_211210121975025" version="271">
                  <ScheduledStopPointRef ref="OST:ScheduledStopPoint:1243585_2" />
                </StopPointInJourneyPattern>
                <StopPointInJourneyPattern order="5" id="OST:StopPointInJourneyPattern:404_Outbound_211210121983156_5_211210121975025" version="271">
                  <ScheduledStopPointRef ref="OST:ScheduledStopPoint:1243575_1" />
                </StopPointInJourneyPattern>
                <StopPointInJourneyPattern order="7" id="OST:StopPointInJourneyPattern:404_Outbound_211210121983156_7_211210121975025" version="271">
                  <ScheduledStopPointRef ref="OST:ScheduledStopPoint:1241870_2" />
                </StopPointInJourneyPattern>
                <StopPointInJourneyPattern order="3" id="OST:StopPointInJourneyPattern:404_Outbound_211210121983156_3_211210121975025" version="271">
                  <ScheduledStopPointRef ref="OST:ScheduledStopPoint:1241880_1" />
                </StopPointInJourneyPattern>
                <StopPointInJourneyPattern order="15" id="OST:StopPointInJourneyPattern:404_Outbound_211210121983156_15_211210121975025" version="271">
                  <ScheduledStopPointRef ref="OST:ScheduledStopPoint:1241870_1" />
                </StopPointInJourneyPattern>
                <StopPointInJourneyPattern order="1" id="OST:StopPointInJourneyPattern:404_Outbound_211210121983156_1_211210121975025" version="271">
                  <ForAlighting>false</ForAlighting>
                  <DestinationDisplayRef ref="OST:DestinationDisplay:456" />
                  <ScheduledStopPointRef ref="OST:ScheduledStopPoint:1241890_4" />
                </StopPointInJourneyPattern>
                <StopPointInJourneyPattern order="6" id="OST:StopPointInJourneyPattern:404_Outbound_211210121983156_6_211210121975025" version="271">
                  <ScheduledStopPointRef ref="OST:ScheduledStopPoint:1241875_2" />
                </StopPointInJourneyPattern>
                <StopPointInJourneyPattern order="9" id="OST:StopPointInJourneyPattern:404_Outbound_211210121983156_9_211210121975025" version="271">
                  <ScheduledStopPointRef ref="OST:ScheduledStopPoint:1241860_1" />
                </StopPointInJourneyPattern>
                <StopPointInJourneyPattern order="8" id="OST:StopPointInJourneyPattern:404_Outbound_211210121983156_8_211210121975025" version="271">
                  <ScheduledStopPointRef ref="OST:ScheduledStopPoint:1241865_2" />
                </StopPointInJourneyPattern>
                <StopPointInJourneyPattern order="17" id="OST:StopPointInJourneyPattern:404_Outbound_211210121983156_17_211210121975025" version="271">
                  <ForBoarding>false</ForBoarding>
                  <ScheduledStopPointRef ref="OST:ScheduledStopPoint:1241890_4" />
                </StopPointInJourneyPattern>
                <StopPointInJourneyPattern order="12" id="OST:StopPointInJourneyPattern:404_Outbound_211210121983156_12_211210121975025" version="271">
                  <ScheduledStopPointRef ref="OST:ScheduledStopPoint:1243555_1" />
                </StopPointInJourneyPattern>
                <StopPointInJourneyPattern order="16" id="OST:StopPointInJourneyPattern:404_Outbound_211210121983156_16_211210121975025" version="271">
                  <ScheduledStopPointRef ref="OST:ScheduledStopPoint:1241875_1" />
                </StopPointInJourneyPattern>
                <StopPointInJourneyPattern order="11" id="OST:StopPointInJourneyPattern:404_Outbound_211210121983156_11_211210121975025" version="271">
                  <ScheduledStopPointRef ref="OST:ScheduledStopPoint:1243556_1" />
                </StopPointInJourneyPattern>
              </pointsInSequence>
              <linksInSequence>
                <ServiceLinkInJourneyPattern order="4" id="OST:ServiceLinkInJourneyPattern:7446982" version="271">
                  <ServiceLinkRef ref="OST:ServiceLink:200811072689668_2_200811072689665_1_875" />
                </ServiceLinkInJourneyPattern>
                <ServiceLinkInJourneyPattern order="6" id="OST:ServiceLinkInJourneyPattern:7446986" version="271">
                  <ServiceLinkRef ref="OST:ServiceLink:200811072689336_2_200811072689331_2_353" />
                </ServiceLinkInJourneyPattern>
                <ServiceLinkInJourneyPattern order="10" id="OST:ServiceLinkInJourneyPattern:7446990" version="271">
                  <ServiceLinkRef ref="OST:ServiceLink:200811072689318_2_200811072689653_1_945" />
                </ServiceLinkInJourneyPattern>
                <ServiceLinkInJourneyPattern order="16" id="OST:ServiceLinkInJourneyPattern:7446999" version="271">
                  <ServiceLinkRef ref="OST:ServiceLink:200811072689334_1_201028090334180_4_1052" />
                </ServiceLinkInJourneyPattern>
                <ServiceLinkInJourneyPattern order="7" id="OST:ServiceLinkInJourneyPattern:7446987" version="271">
                  <ServiceLinkRef ref="OST:ServiceLink:200811072689331_2_200811072689326_2_570" />
                </ServiceLinkInJourneyPattern>
                <ServiceLinkInJourneyPattern order="8" id="OST:ServiceLinkInJourneyPattern:7446988" version="271">
                  <ServiceLinkRef ref="OST:ServiceLink:200811072689326_2_200811072689321_1_648" />
                </ServiceLinkInJourneyPattern>
                <ServiceLinkInJourneyPattern order="12" id="OST:ServiceLinkInJourneyPattern:7446992" version="271">
                  <ServiceLinkRef ref="OST:ServiceLink:200811072689650_1_200811072689656_1_300" />
                </ServiceLinkInJourneyPattern>
                <ServiceLinkInJourneyPattern order="14" id="OST:ServiceLinkInJourneyPattern:7446996" version="271">
                  <ServiceLinkRef ref="OST:ServiceLink:200811072689662_1_200811072689329_1_893" />
                </ServiceLinkInJourneyPattern>
                <ServiceLinkInJourneyPattern order="11" id="OST:ServiceLinkInJourneyPattern:7446991" version="271">
                  <ServiceLinkRef ref="OST:ServiceLink:200811072689653_1_200811072689650_1_482" />
                </ServiceLinkInJourneyPattern>
                <ServiceLinkInJourneyPattern order="1" id="OST:ServiceLinkInJourneyPattern:7446978" version="271">
                  <ServiceLinkRef ref="OST:ServiceLink:201028090334180_4_200811072689344_2_444" />
                </ServiceLinkInJourneyPattern>
                <ServiceLinkInJourneyPattern order="13" id="OST:ServiceLinkInJourneyPattern:7446994" version="271">
                  <ServiceLinkRef ref="OST:ServiceLink:200811072689656_1_200811072689662_1_1143" />
                </ServiceLinkInJourneyPattern>
                <ServiceLinkInJourneyPattern order="15" id="OST:ServiceLinkInJourneyPattern:7446998" version="271">
                  <ServiceLinkRef ref="OST:ServiceLink:200811072689329_1_200811072689334_1_351" />
                </ServiceLinkInJourneyPattern>
                <ServiceLinkInJourneyPattern order="3" id="OST:ServiceLinkInJourneyPattern:7446980" version="271">
                  <ServiceLinkRef ref="OST:ServiceLink:200811072689339_1_200811072689668_2_466" />
                </ServiceLinkInJourneyPattern>
                <ServiceLinkInJourneyPattern order="5" id="OST:ServiceLinkInJourneyPattern:7446984" version="271">
                  <ServiceLinkRef ref="OST:ServiceLink:200811072689665_1_200811072689336_2_1320" />
                </ServiceLinkInJourneyPattern>
                <ServiceLinkInJourneyPattern order="2" id="OST:ServiceLinkInJourneyPattern:7446979" version="271">
                  <ServiceLinkRef ref="OST:ServiceLink:200811072689344_2_200811072689339_1_308" />
                </ServiceLinkInJourneyPattern>
                <ServiceLinkInJourneyPattern order="9" id="OST:ServiceLinkInJourneyPattern:7446989" version="271">
                  <ServiceLinkRef ref="OST:ServiceLink:200811072689321_1_200811072689318_2_445" />
                </ServiceLinkInJourneyPattern>
              </linksInSequence>
            </JourneyPattern>
          </journeyPatterns>
        </ServiceFrame>
        <TimetableFrame id="1322396986" version="1">
          <vehicleJourneys>
            <ServiceJourney id="OST:ServiceJourney:404_211210122072172_1" publication="public" version="271">
              <Name>Askim vgs.</Name>
              <PrivateCode>1</PrivateCode>
              <dayTypes>
                <DayTypeRef ref="OST:DayType:121" />
              </dayTypes>
              <JourneyPatternRef ref="OST:JourneyPattern:404_Outbound_211210121983155_211210121975025" version="271" />
              <LineRef ref="OST:Line:1_404" version="271" />
              <OperatorRef ref="OST:Operator:152" />
              <passingTimes>
                <TimetabledPassingTime id="OST:TimetabledPassingTime:211210122072172_1_07_50_00" version="271">
                  <DepartureTime>07:50:00</DepartureTime>
                  <StopPointInJourneyPatternRef ref="OST:StopPointInJourneyPattern:404_Outbound_211210121983155_1_211210121975025" version="271" />
                </TimetabledPassingTime>
                <TimetabledPassingTime id="OST:TimetabledPassingTime:211210122072172_2_07_53_00" version="271">
                  <DepartureTime>07:53:00</DepartureTime>
                  <StopPointInJourneyPatternRef ref="OST:StopPointInJourneyPattern:404_Outbound_211210121983155_2_211210121975025" version="271" />
                </TimetabledPassingTime>
                <TimetabledPassingTime id="OST:TimetabledPassingTime:211210122072172_3_07_55_00" version="271">
                  <DepartureTime>07:55:00</DepartureTime>
                  <StopPointInJourneyPatternRef ref="OST:StopPointInJourneyPattern:404_Outbound_211210121983155_3_211210121975025" version="271" />
                </TimetabledPassingTime>
                <TimetabledPassingTime id="OST:TimetabledPassingTime:211210122072172_4_08_00_00" version="271">
                  <DepartureTime>08:00:00</DepartureTime>
                  <StopPointInJourneyPatternRef ref="OST:StopPointInJourneyPattern:404_Outbound_211210121983155_4_211210121975025" version="271" />
                </TimetabledPassingTime>
                <TimetabledPassingTime id="OST:TimetabledPassingTime:211210122072172_5_08_01_00" version="271">
                  <DepartureTime>08:01:00</DepartureTime>
                  <StopPointInJourneyPatternRef ref="OST:StopPointInJourneyPattern:404_Outbound_211210121983155_5_211210121975025" version="271" />
                </TimetabledPassingTime>
                <TimetabledPassingTime id="OST:TimetabledPassingTime:211210122072172_7_08_03_00" version="271">
                  <DepartureTime>08:03:00</DepartureTime>
                  <StopPointInJourneyPatternRef ref="OST:StopPointInJourneyPattern:404_Outbound_211210121983155_7_211210121975025" version="271" />
                </TimetabledPassingTime>
                <TimetabledPassingTime id="OST:TimetabledPassingTime:211210122072172_6_08_03_00" version="271">
                  <DepartureTime>08:03:00</DepartureTime>
                  <StopPointInJourneyPatternRef ref="OST:StopPointInJourneyPattern:404_Outbound_211210121983155_6_211210121975025" version="271" />
                </TimetabledPassingTime>
                <TimetabledPassingTime id="OST:TimetabledPassingTime:211210122072172_8_08_05_00" version="271">
                  <ArrivalTime>08:05:00</ArrivalTime>
                  <StopPointInJourneyPatternRef ref="OST:StopPointInJourneyPattern:404_Outbound_211210121983155_8_211210121975025" version="271" />
                </TimetabledPassingTime>
              </passingTimes>
            </ServiceJourney>
            <ServiceJourney id="OST:ServiceJourney:404_211210122072174_3" publication="public" version="271">
              <Name>Sollia-Ihlen</Name>
              <PrivateCode>3</PrivateCode>
              <dayTypes>
                <DayTypeRef ref="OST:DayType:101" />
              </dayTypes>
              <JourneyPatternRef ref="OST:JourneyPattern:404_Outbound_211210121983156_211210121975025" version="271" />
              <LineRef ref="OST:Line:1_404" version="271" />
              <OperatorRef ref="OST:Operator:152" />
              <passingTimes>
                <TimetabledPassingTime id="OST:TimetabledPassingTime:211210122072174_1_10_40_00" version="271">
                  <DepartureTime>10:40:00</DepartureTime>
                  <StopPointInJourneyPatternRef ref="OST:StopPointInJourneyPattern:404_Outbound_211210121983156_1_211210121975025" version="271" />
                </TimetabledPassingTime>
                <TimetabledPassingTime id="OST:TimetabledPassingTime:211210122072174_3_10_41_00" version="271">
                  <DepartureTime>10:41:00</DepartureTime>
                  <StopPointInJourneyPatternRef ref="OST:StopPointInJourneyPattern:404_Outbound_211210121983156_3_211210121975025" version="271" />
                </TimetabledPassingTime>
                <TimetabledPassingTime id="OST:TimetabledPassingTime:211210122072174_2_10_41_00" version="271">
                  <DepartureTime>10:41:00</DepartureTime>
                  <StopPointInJourneyPatternRef ref="OST:StopPointInJourneyPattern:404_Outbound_211210121983156_2_211210121975025" version="271" />
                </TimetabledPassingTime>
                <TimetabledPassingTime id="OST:TimetabledPassingTime:211210122072174_4_10_42_00" version="271">
                  <DepartureTime>10:42:00</DepartureTime>
                  <StopPointInJourneyPatternRef ref="OST:StopPointInJourneyPattern:404_Outbound_211210121983156_4_211210121975025" version="271" />
                </TimetabledPassingTime>
                <TimetabledPassingTime id="OST:TimetabledPassingTime:211210122072174_5_10_45_00" version="271">
                  <DepartureTime>10:45:00</DepartureTime>
                  <StopPointInJourneyPatternRef ref="OST:StopPointInJourneyPattern:404_Outbound_211210121983156_5_211210121975025" version="271" />
                </TimetabledPassingTime>
                <TimetabledPassingTime id="OST:TimetabledPassingTime:211210122072174_6_10_46_00" version="271">
                  <DepartureTime>10:46:00</DepartureTime>
                  <StopPointInJourneyPatternRef ref="OST:StopPointInJourneyPattern:404_Outbound_211210121983156_6_211210121975025" version="271" />
                </TimetabledPassingTime>
                <TimetabledPassingTime id="OST:TimetabledPassingTime:211210122072174_7_10_47_00" version="271">
                  <DepartureTime>10:47:00</DepartureTime>
                  <StopPointInJourneyPatternRef ref="OST:StopPointInJourneyPattern:404_Outbound_211210121983156_7_211210121975025" version="271" />
                </TimetabledPassingTime>
                <TimetabledPassingTime id="OST:TimetabledPassingTime:211210122072174_8_10_48_00" version="271">
                  <DepartureTime>10:48:00</DepartureTime>
                  <StopPointInJourneyPatternRef ref="OST:StopPointInJourneyPattern:404_Outbound_211210121983156_8_211210121975025" version="271" />
                </TimetabledPassingTime>
                <TimetabledPassingTime id="OST:TimetabledPassingTime:211210122072174_9_10_49_00" version="271">
                  <DepartureTime>10:49:00</DepartureTime>
                  <StopPointInJourneyPatternRef ref="OST:StopPointInJourneyPattern:404_Outbound_211210121983156_9_211210121975025" version="271" />
                </TimetabledPassingTime>
                <TimetabledPassingTime id="OST:TimetabledPassingTime:211210122072174_10_10_50_00" version="271">
                  <DepartureTime>10:50:00</DepartureTime>
                  <StopPointInJourneyPatternRef ref="OST:StopPointInJourneyPattern:404_Outbound_211210121983156_10_211210121975025" version="271" />
                </TimetabledPassingTime>
                <TimetabledPassingTime id="OST:TimetabledPassingTime:211210122072174_11_10_51_00" version="271">
                  <DepartureTime>10:51:00</DepartureTime>
                  <StopPointInJourneyPatternRef ref="OST:StopPointInJourneyPattern:404_Outbound_211210121983156_11_211210121975025" version="271" />
                </TimetabledPassingTime>
                <TimetabledPassingTime id="OST:TimetabledPassingTime:211210122072174_13_10_52_00" version="271">
                  <DepartureTime>10:52:00</DepartureTime>
                  <StopPointInJourneyPatternRef ref="OST:StopPointInJourneyPattern:404_Outbound_211210121983156_13_211210121975025" version="271" />
                </TimetabledPassingTime>
                <TimetabledPassingTime id="OST:TimetabledPassingTime:211210122072174_12_10_52_00" version="271">
                  <DepartureTime>10:52:00</DepartureTime>
                  <StopPointInJourneyPatternRef ref="OST:StopPointInJourneyPattern:404_Outbound_211210121983156_12_211210121975025" version="271" />
                </TimetabledPassingTime>
                <TimetabledPassingTime id="OST:TimetabledPassingTime:211210122072174_14_10_54_00" version="271">
                  <DepartureTime>10:54:00</DepartureTime>
                  <StopPointInJourneyPatternRef ref="OST:StopPointInJourneyPattern:404_Outbound_211210121983156_14_211210121975025" version="271" />
                </TimetabledPassingTime>
                <TimetabledPassingTime id="OST:TimetabledPassingTime:211210122072174_15_10_55_00" version="271">
                  <DepartureTime>10:55:00</DepartureTime>
                  <StopPointInJourneyPatternRef ref="OST:StopPointInJourneyPattern:404_Outbound_211210121983156_15_211210121975025" version="271" />
                </TimetabledPassingTime>
                <TimetabledPassingTime id="OST:TimetabledPassingTime:211210122072174_16_10_56_00" version="271">
                  <DepartureTime>10:56:00</DepartureTime>
                  <StopPointInJourneyPatternRef ref="OST:StopPointInJourneyPattern:404_Outbound_211210121983156_16_211210121975025" version="271" />
                </TimetabledPassingTime>
                <TimetabledPassingTime id="OST:TimetabledPassingTime:211210122072174_17_10_59_00" version="271">
                  <ArrivalTime>10:59:00</ArrivalTime>
                  <StopPointInJourneyPatternRef ref="OST:StopPointInJourneyPattern:404_Outbound_211210121983156_17_211210121975025" version="271" />
                </TimetabledPassingTime>
              </passingTimes>
            </ServiceJourney>
            <ServiceJourney id="OST:ServiceJourney:404_211210122072176_5" publication="public" version="271">
              <Name>Sollia-Ihlen</Name>
              <PrivateCode>5</PrivateCode>
              <dayTypes>
                <DayTypeRef ref="OST:DayType:101" />
              </dayTypes>
              <JourneyPatternRef ref="OST:JourneyPattern:404_Outbound_211210121983156_211210121975025" version="271" />
              <LineRef ref="OST:Line:1_404" version="271" />
              <OperatorRef ref="OST:Operator:152" />
              <passingTimes>
                <TimetabledPassingTime id="OST:TimetabledPassingTime:211210122072176_1_14_35_00" version="271">
                  <DepartureTime>14:35:00</DepartureTime>
                  <StopPointInJourneyPatternRef ref="OST:StopPointInJourneyPattern:404_Outbound_211210121983156_1_211210121975025" version="271" />
                </TimetabledPassingTime>
                <TimetabledPassingTime id="OST:TimetabledPassingTime:211210122072176_3_14_36_00" version="271">
                  <DepartureTime>14:36:00</DepartureTime>
                  <StopPointInJourneyPatternRef ref="OST:StopPointInJourneyPattern:404_Outbound_211210121983156_3_211210121975025" version="271" />
                </TimetabledPassingTime>
                <TimetabledPassingTime id="OST:TimetabledPassingTime:211210122072176_2_14_36_00" version="271">
                  <DepartureTime>14:36:00</DepartureTime>
                  <StopPointInJourneyPatternRef ref="OST:StopPointInJourneyPattern:404_Outbound_211210121983156_2_211210121975025" version="271" />
                </TimetabledPassingTime>
                <TimetabledPassingTime id="OST:TimetabledPassingTime:211210122072176_4_14_37_00" version="271">
                  <DepartureTime>14:37:00</DepartureTime>
                  <StopPointInJourneyPatternRef ref="OST:StopPointInJourneyPattern:404_Outbound_211210121983156_4_211210121975025" version="271" />
                </TimetabledPassingTime>
                <TimetabledPassingTime id="OST:TimetabledPassingTime:211210122072176_5_14_40_00" version="271">
                  <DepartureTime>14:40:00</DepartureTime>
                  <StopPointInJourneyPatternRef ref="OST:StopPointInJourneyPattern:404_Outbound_211210121983156_5_211210121975025" version="271" />
                </TimetabledPassingTime>
                <TimetabledPassingTime id="OST:TimetabledPassingTime:211210122072176_6_14_41_00" version="271">
                  <DepartureTime>14:41:00</DepartureTime>
                  <StopPointInJourneyPatternRef ref="OST:StopPointInJourneyPattern:404_Outbound_211210121983156_6_211210121975025" version="271" />
                </TimetabledPassingTime>
                <TimetabledPassingTime id="OST:TimetabledPassingTime:211210122072176_7_14_42_00" version="271">
                  <DepartureTime>14:42:00</DepartureTime>
                  <StopPointInJourneyPatternRef ref="OST:StopPointInJourneyPattern:404_Outbound_211210121983156_7_211210121975025" version="271" />
                </TimetabledPassingTime>
                <TimetabledPassingTime id="OST:TimetabledPassingTime:211210122072176_8_14_43_00" version="271">
                  <DepartureTime>14:43:00</DepartureTime>
                  <StopPointInJourneyPatternRef ref="OST:StopPointInJourneyPattern:404_Outbound_211210121983156_8_211210121975025" version="271" />
                </TimetabledPassingTime>
                <TimetabledPassingTime id="OST:TimetabledPassingTime:211210122072176_9_14_44_00" version="271">
                  <DepartureTime>14:44:00</DepartureTime>
                  <StopPointInJourneyPatternRef ref="OST:StopPointInJourneyPattern:404_Outbound_211210121983156_9_211210121975025" version="271" />
                </TimetabledPassingTime>
                <TimetabledPassingTime id="OST:TimetabledPassingTime:211210122072176_10_14_45_00" version="271">
                  <DepartureTime>14:45:00</DepartureTime>
                  <StopPointInJourneyPatternRef ref="OST:StopPointInJourneyPattern:404_Outbound_211210121983156_10_211210121975025" version="271" />
                </TimetabledPassingTime>
                <TimetabledPassingTime id="OST:TimetabledPassingTime:211210122072176_11_14_46_00" version="271">
                  <DepartureTime>14:46:00</DepartureTime>
                  <StopPointInJourneyPatternRef ref="OST:StopPointInJourneyPattern:404_Outbound_211210121983156_11_211210121975025" version="271" />
                </TimetabledPassingTime>
                <TimetabledPassingTime id="OST:TimetabledPassingTime:211210122072176_12_14_47_00" version="271">
                  <DepartureTime>14:47:00</DepartureTime>
                  <StopPointInJourneyPatternRef ref="OST:StopPointInJourneyPattern:404_Outbound_211210121983156_12_211210121975025" version="271" />
                </TimetabledPassingTime>
                <TimetabledPassingTime id="OST:TimetabledPassingTime:211210122072176_13_14_47_00" version="271">
                  <DepartureTime>14:47:00</DepartureTime>
                  <StopPointInJourneyPatternRef ref="OST:StopPointInJourneyPattern:404_Outbound_211210121983156_13_211210121975025" version="271" />
                </TimetabledPassingTime>
                <TimetabledPassingTime id="OST:TimetabledPassingTime:211210122072176_14_14_49_00" version="271">
                  <DepartureTime>14:49:00</DepartureTime>
                  <StopPointInJourneyPatternRef ref="OST:StopPointInJourneyPattern:404_Outbound_211210121983156_14_211210121975025" version="271" />
                </TimetabledPassingTime>
                <TimetabledPassingTime id="OST:TimetabledPassingTime:211210122072176_15_14_50_00" version="271">
                  <DepartureTime>14:50:00</DepartureTime>
                  <StopPointInJourneyPatternRef ref="OST:StopPointInJourneyPattern:404_Outbound_211210121983156_15_211210121975025" version="271" />
                </TimetabledPassingTime>
                <TimetabledPassingTime id="OST:TimetabledPassingTime:211210122072176_16_14_51_00" version="271">
                  <DepartureTime>14:51:00</DepartureTime>
                  <StopPointInJourneyPatternRef ref="OST:StopPointInJourneyPattern:404_Outbound_211210121983156_16_211210121975025" version="271" />
                </TimetabledPassingTime>
                <TimetabledPassingTime id="OST:TimetabledPassingTime:211210122072176_17_14_54_00" version="271">
                  <ArrivalTime>14:54:00</ArrivalTime>
                  <StopPointInJourneyPatternRef ref="OST:StopPointInJourneyPattern:404_Outbound_211210121983156_17_211210121975025" version="271" />
                </TimetabledPassingTime>
              </passingTimes>
            </ServiceJourney>
            <ServiceJourney id="OST:ServiceJourney:404_211210122072178_7" publication="public" version="271">
              <Name>Ihlen</Name>
              <PrivateCode>7</PrivateCode>
              <dayTypes>
                <DayTypeRef ref="OST:DayType:76" />
              </dayTypes>
              <JourneyPatternRef ref="OST:JourneyPattern:404_Outbound_211210121983157_211210121975025" version="271" />
              <LineRef ref="OST:Line:1_404" version="271" />
              <OperatorRef ref="OST:Operator:152" />
              <passingTimes>
                <TimetabledPassingTime id="OST:TimetabledPassingTime:211210122072178_2_15_00_00" version="271">
                  <DepartureTime>15:00:00</DepartureTime>
                  <StopPointInJourneyPatternRef ref="OST:StopPointInJourneyPattern:404_Outbound_211210121983157_2_211210121975025" version="271" />
                </TimetabledPassingTime>
                <TimetabledPassingTime id="OST:TimetabledPassingTime:211210122072178_1_15_00_00" version="271">
                  <DepartureTime>15:00:00</DepartureTime>
                  <StopPointInJourneyPatternRef ref="OST:StopPointInJourneyPattern:404_Outbound_211210121983157_1_211210121975025" version="271" />
                </TimetabledPassingTime>
                <TimetabledPassingTime id="OST:TimetabledPassingTime:211210122072178_3_15_00_00" version="271">
                  <DepartureTime>15:00:00</DepartureTime>
                  <StopPointInJourneyPatternRef ref="OST:StopPointInJourneyPattern:404_Outbound_211210121983157_3_211210121975025" version="271" />
                </TimetabledPassingTime>
                <TimetabledPassingTime id="OST:TimetabledPassingTime:211210122072178_5_15_01_00" version="271">
                  <DepartureTime>15:01:00</DepartureTime>
                  <StopPointInJourneyPatternRef ref="OST:StopPointInJourneyPattern:404_Outbound_211210121983157_5_211210121975025" version="271" />
                </TimetabledPassingTime>
                <TimetabledPassingTime id="OST:TimetabledPassingTime:211210122072178_4_15_01_00" version="271">
                  <DepartureTime>15:01:00</DepartureTime>
                  <StopPointInJourneyPatternRef ref="OST:StopPointInJourneyPattern:404_Outbound_211210121983157_4_211210121975025" version="271" />
                </TimetabledPassingTime>
                <TimetabledPassingTime id="OST:TimetabledPassingTime:211210122072178_6_15_02_00" version="271">
                  <DepartureTime>15:02:00</DepartureTime>
                  <StopPointInJourneyPatternRef ref="OST:StopPointInJourneyPattern:404_Outbound_211210121983157_6_211210121975025" version="271" />
                </TimetabledPassingTime>
                <TimetabledPassingTime id="OST:TimetabledPassingTime:211210122072178_7_15_03_00" version="271">
                  <DepartureTime>15:03:00</DepartureTime>
                  <StopPointInJourneyPatternRef ref="OST:StopPointInJourneyPattern:404_Outbound_211210121983157_7_211210121975025" version="271" />
                </TimetabledPassingTime>
                <TimetabledPassingTime id="OST:TimetabledPassingTime:211210122072178_8_15_04_00" version="271">
                  <DepartureTime>15:04:00</DepartureTime>
                  <StopPointInJourneyPatternRef ref="OST:StopPointInJourneyPattern:404_Outbound_211210121983157_8_211210121975025" version="271" />
                </TimetabledPassingTime>
                <TimetabledPassingTime id="OST:TimetabledPassingTime:211210122072178_9_15_05_00" version="271">
                  <DepartureTime>15:05:00</DepartureTime>
                  <StopPointInJourneyPatternRef ref="OST:StopPointInJourneyPattern:404_Outbound_211210121983157_9_211210121975025" version="271" />
                </TimetabledPassingTime>
                <TimetabledPassingTime id="OST:TimetabledPassingTime:211210122072178_10_15_05_00" version="271">
                  <DepartureTime>15:05:00</DepartureTime>
                  <StopPointInJourneyPatternRef ref="OST:StopPointInJourneyPattern:404_Outbound_211210121983157_10_211210121975025" version="271" />
                </TimetabledPassingTime>
                <TimetabledPassingTime id="OST:TimetabledPassingTime:211210122072178_11_15_07_00" version="271">
                  <ArrivalTime>15:07:00</ArrivalTime>
                  <StopPointInJourneyPatternRef ref="OST:StopPointInJourneyPattern:404_Outbound_211210121983157_11_211210121975025" version="271" />
                </TimetabledPassingTime>
              </passingTimes>
            </ServiceJourney>
            <ServiceJourney id="OST:ServiceJourney:404_211210122072173_2" publication="public" version="271">
              <Name>Sollia-Ihlen</Name>
              <PrivateCode>2</PrivateCode>
              <dayTypes>
                <DayTypeRef ref="OST:DayType:101" />
              </dayTypes>
              <JourneyPatternRef ref="OST:JourneyPattern:404_Outbound_211210121983156_211210121975025" version="271" />
              <LineRef ref="OST:Line:1_404" version="271" />
              <OperatorRef ref="OST:Operator:152" />
              <passingTimes>
                <TimetabledPassingTime id="OST:TimetabledPassingTime:211210122072173_1_08_35_00" version="271">
                  <DepartureTime>08:35:00</DepartureTime>
                  <StopPointInJourneyPatternRef ref="OST:StopPointInJourneyPattern:404_Outbound_211210121983156_1_211210121975025" version="271" />
                </TimetabledPassingTime>
                <TimetabledPassingTime id="OST:TimetabledPassingTime:211210122072173_3_08_36_00" version="271">
                  <DepartureTime>08:36:00</DepartureTime>
                  <StopPointInJourneyPatternRef ref="OST:StopPointInJourneyPattern:404_Outbound_211210121983156_3_211210121975025" version="271" />
                </TimetabledPassingTime>
                <TimetabledPassingTime id="OST:TimetabledPassingTime:211210122072173_2_08_36_00" version="271">
                  <DepartureTime>08:36:00</DepartureTime>
                  <StopPointInJourneyPatternRef ref="OST:StopPointInJourneyPattern:404_Outbound_211210121983156_2_211210121975025" version="271" />
                </TimetabledPassingTime>
                <TimetabledPassingTime id="OST:TimetabledPassingTime:211210122072173_4_08_37_00" version="271">
                  <DepartureTime>08:37:00</DepartureTime>
                  <StopPointInJourneyPatternRef ref="OST:StopPointInJourneyPattern:404_Outbound_211210121983156_4_211210121975025" version="271" />
                </TimetabledPassingTime>
                <TimetabledPassingTime id="OST:TimetabledPassingTime:211210122072173_5_08_40_00" version="271">
                  <DepartureTime>08:40:00</DepartureTime>
                  <StopPointInJourneyPatternRef ref="OST:StopPointInJourneyPattern:404_Outbound_211210121983156_5_211210121975025" version="271" />
                </TimetabledPassingTime>
                <TimetabledPassingTime id="OST:TimetabledPassingTime:211210122072173_6_08_41_00" version="271">
                  <DepartureTime>08:41:00</DepartureTime>
                  <StopPointInJourneyPatternRef ref="OST:StopPointInJourneyPattern:404_Outbound_211210121983156_6_211210121975025" version="271" />
                </TimetabledPassingTime>
                <TimetabledPassingTime id="OST:TimetabledPassingTime:211210122072173_7_08_42_00" version="271">
                  <DepartureTime>08:42:00</DepartureTime>
                  <StopPointInJourneyPatternRef ref="OST:StopPointInJourneyPattern:404_Outbound_211210121983156_7_211210121975025" version="271" />
                </TimetabledPassingTime>
                <TimetabledPassingTime id="OST:TimetabledPassingTime:211210122072173_8_08_43_00" version="271">
                  <DepartureTime>08:43:00</DepartureTime>
                  <StopPointInJourneyPatternRef ref="OST:StopPointInJourneyPattern:404_Outbound_211210121983156_8_211210121975025" version="271" />
                </TimetabledPassingTime>
                <TimetabledPassingTime id="OST:TimetabledPassingTime:211210122072173_9_08_44_00" version="271">
                  <DepartureTime>08:44:00</DepartureTime>
                  <StopPointInJourneyPatternRef ref="OST:StopPointInJourneyPattern:404_Outbound_211210121983156_9_211210121975025" version="271" />
                </TimetabledPassingTime>
                <TimetabledPassingTime id="OST:TimetabledPassingTime:211210122072173_10_08_45_00" version="271">
                  <DepartureTime>08:45:00</DepartureTime>
                  <StopPointInJourneyPatternRef ref="OST:StopPointInJourneyPattern:404_Outbound_211210121983156_10_211210121975025" version="271" />
                </TimetabledPassingTime>
                <TimetabledPassingTime id="OST:TimetabledPassingTime:211210122072173_11_08_46_00" version="271">
                  <DepartureTime>08:46:00</DepartureTime>
                  <StopPointInJourneyPatternRef ref="OST:StopPointInJourneyPattern:404_Outbound_211210121983156_11_211210121975025" version="271" />
                </TimetabledPassingTime>
                <TimetabledPassingTime id="OST:TimetabledPassingTime:211210122072173_12_08_47_00" version="271">
                  <DepartureTime>08:47:00</DepartureTime>
                  <StopPointInJourneyPatternRef ref="OST:StopPointInJourneyPattern:404_Outbound_211210121983156_12_211210121975025" version="271" />
                </TimetabledPassingTime>
                <TimetabledPassingTime id="OST:TimetabledPassingTime:211210122072173_13_08_47_00" version="271">
                  <DepartureTime>08:47:00</DepartureTime>
                  <StopPointInJourneyPatternRef ref="OST:StopPointInJourneyPattern:404_Outbound_211210121983156_13_211210121975025" version="271" />
                </TimetabledPassingTime>
                <TimetabledPassingTime id="OST:TimetabledPassingTime:211210122072173_14_08_49_00" version="271">
                  <DepartureTime>08:49:00</DepartureTime>
                  <StopPointInJourneyPatternRef ref="OST:StopPointInJourneyPattern:404_Outbound_211210121983156_14_211210121975025" version="271" />
                </TimetabledPassingTime>
                <TimetabledPassingTime id="OST:TimetabledPassingTime:211210122072173_15_08_50_00" version="271">
                  <DepartureTime>08:50:00</DepartureTime>
                  <StopPointInJourneyPatternRef ref="OST:StopPointInJourneyPattern:404_Outbound_211210121983156_15_211210121975025" version="271" />
                </TimetabledPassingTime>
                <TimetabledPassingTime id="OST:TimetabledPassingTime:211210122072173_16_08_51_00" version="271">
                  <DepartureTime>08:51:00</DepartureTime>
                  <StopPointInJourneyPatternRef ref="OST:StopPointInJourneyPattern:404_Outbound_211210121983156_16_211210121975025" version="271" />
                </TimetabledPassingTime>
                <TimetabledPassingTime id="OST:TimetabledPassingTime:211210122072173_17_08_54_00" version="271">
                  <ArrivalTime>08:54:00</ArrivalTime>
                  <StopPointInJourneyPatternRef ref="OST:StopPointInJourneyPattern:404_Outbound_211210121983156_17_211210121975025" version="271" />
                </TimetabledPassingTime>
              </passingTimes>
            </ServiceJourney>
            <ServiceJourney id="OST:ServiceJourney:404_211210122072175_4" publication="public" version="271">
              <Name>Sollia-Ihlen</Name>
              <PrivateCode>4</PrivateCode>
              <dayTypes>
                <DayTypeRef ref="OST:DayType:101" />
              </dayTypes>
              <JourneyPatternRef ref="OST:JourneyPattern:404_Outbound_211210121983156_211210121975025" version="271" />
              <LineRef ref="OST:Line:1_404" version="271" />
              <OperatorRef ref="OST:Operator:152" />
              <passingTimes>
                <TimetabledPassingTime id="OST:TimetabledPassingTime:211210122072175_1_12_30_00" version="271">
                  <DepartureTime>12:30:00</DepartureTime>
                  <StopPointInJourneyPatternRef ref="OST:StopPointInJourneyPattern:404_Outbound_211210121983156_1_211210121975025" version="271" />
                </TimetabledPassingTime>
                <TimetabledPassingTime id="OST:TimetabledPassingTime:211210122072175_2_12_31_00" version="271">
                  <DepartureTime>12:31:00</DepartureTime>
                  <StopPointInJourneyPatternRef ref="OST:StopPointInJourneyPattern:404_Outbound_211210121983156_2_211210121975025" version="271" />
                </TimetabledPassingTime>
                <TimetabledPassingTime id="OST:TimetabledPassingTime:211210122072175_3_12_31_00" version="271">
                  <DepartureTime>12:31:00</DepartureTime>
                  <StopPointInJourneyPatternRef ref="OST:StopPointInJourneyPattern:404_Outbound_211210121983156_3_211210121975025" version="271" />
                </TimetabledPassingTime>
                <TimetabledPassingTime id="OST:TimetabledPassingTime:211210122072175_4_12_32_00" version="271">
                  <DepartureTime>12:32:00</DepartureTime>
                  <StopPointInJourneyPatternRef ref="OST:StopPointInJourneyPattern:404_Outbound_211210121983156_4_211210121975025" version="271" />
                </TimetabledPassingTime>
                <TimetabledPassingTime id="OST:TimetabledPassingTime:211210122072175_5_12_35_00" version="271">
                  <DepartureTime>12:35:00</DepartureTime>
                  <StopPointInJourneyPatternRef ref="OST:StopPointInJourneyPattern:404_Outbound_211210121983156_5_211210121975025" version="271" />
                </TimetabledPassingTime>
                <TimetabledPassingTime id="OST:TimetabledPassingTime:211210122072175_6_12_36_00" version="271">
                  <DepartureTime>12:36:00</DepartureTime>
                  <StopPointInJourneyPatternRef ref="OST:StopPointInJourneyPattern:404_Outbound_211210121983156_6_211210121975025" version="271" />
                </TimetabledPassingTime>
                <TimetabledPassingTime id="OST:TimetabledPassingTime:211210122072175_7_12_37_00" version="271">
                  <DepartureTime>12:37:00</DepartureTime>
                  <StopPointInJourneyPatternRef ref="OST:StopPointInJourneyPattern:404_Outbound_211210121983156_7_211210121975025" version="271" />
                </TimetabledPassingTime>
                <TimetabledPassingTime id="OST:TimetabledPassingTime:211210122072175_8_12_38_00" version="271">
                  <DepartureTime>12:38:00</DepartureTime>
                  <StopPointInJourneyPatternRef ref="OST:StopPointInJourneyPattern:404_Outbound_211210121983156_8_211210121975025" version="271" />
                </TimetabledPassingTime>
                <TimetabledPassingTime id="OST:TimetabledPassingTime:211210122072175_9_12_39_00" version="271">
                  <DepartureTime>12:39:00</DepartureTime>
                  <StopPointInJourneyPatternRef ref="OST:StopPointInJourneyPattern:404_Outbound_211210121983156_9_211210121975025" version="271" />
                </TimetabledPassingTime>
                <TimetabledPassingTime id="OST:TimetabledPassingTime:211210122072175_10_12_40_00" version="271">
                  <DepartureTime>12:40:00</DepartureTime>
                  <StopPointInJourneyPatternRef ref="OST:StopPointInJourneyPattern:404_Outbound_211210121983156_10_211210121975025" version="271" />
                </TimetabledPassingTime>
                <TimetabledPassingTime id="OST:TimetabledPassingTime:211210122072175_11_12_41_00" version="271">
                  <DepartureTime>12:41:00</DepartureTime>
                  <StopPointInJourneyPatternRef ref="OST:StopPointInJourneyPattern:404_Outbound_211210121983156_11_211210121975025" version="271" />
                </TimetabledPassingTime>
                <TimetabledPassingTime id="OST:TimetabledPassingTime:211210122072175_13_12_42_00" version="271">
                  <DepartureTime>12:42:00</DepartureTime>
                  <StopPointInJourneyPatternRef ref="OST:StopPointInJourneyPattern:404_Outbound_211210121983156_13_211210121975025" version="271" />
                </TimetabledPassingTime>
                <TimetabledPassingTime id="OST:TimetabledPassingTime:211210122072175_12_12_42_00" version="271">
                  <DepartureTime>12:42:00</DepartureTime>
                  <StopPointInJourneyPatternRef ref="OST:StopPointInJourneyPattern:404_Outbound_211210121983156_12_211210121975025" version="271" />
                </TimetabledPassingTime>
                <TimetabledPassingTime id="OST:TimetabledPassingTime:211210122072175_14_12_44_00" version="271">
                  <DepartureTime>12:44:00</DepartureTime>
                  <StopPointInJourneyPatternRef ref="OST:StopPointInJourneyPattern:404_Outbound_211210121983156_14_211210121975025" version="271" />
                </TimetabledPassingTime>
                <TimetabledPassingTime id="OST:TimetabledPassingTime:211210122072175_15_12_45_00" version="271">
                  <DepartureTime>12:45:00</DepartureTime>
                  <StopPointInJourneyPatternRef ref="OST:StopPointInJourneyPattern:404_Outbound_211210121983156_15_211210121975025" version="271" />
                </TimetabledPassingTime>
                <TimetabledPassingTime id="OST:TimetabledPassingTime:211210122072175_16_12_46_00" version="271">
                  <DepartureTime>12:46:00</DepartureTime>
                  <StopPointInJourneyPatternRef ref="OST:StopPointInJourneyPattern:404_Outbound_211210121983156_16_211210121975025" version="271" />
                </TimetabledPassingTime>
                <TimetabledPassingTime id="OST:TimetabledPassingTime:211210122072175_17_12_49_00" version="271">
                  <ArrivalTime>12:49:00</ArrivalTime>
                  <StopPointInJourneyPatternRef ref="OST:StopPointInJourneyPattern:404_Outbound_211210121983156_17_211210121975025" version="271" />
                </TimetabledPassingTime>
              </passingTimes>
            </ServiceJourney>
            <ServiceJourney id="OST:ServiceJourney:404_211210122072177_6" publication="public" version="271">
              <Name>Ihlen</Name>
              <PrivateCode>6</PrivateCode>
              <dayTypes>
                <DayTypeRef ref="OST:DayType:119" />
              </dayTypes>
              <JourneyPatternRef ref="OST:JourneyPattern:404_Outbound_211210121983157_211210121975025" version="271" />
              <LineRef ref="OST:Line:1_404" version="271" />
              <OperatorRef ref="OST:Operator:152" />
              <passingTimes>
                <TimetabledPassingTime id="OST:TimetabledPassingTime:211210122072177_1_13_45_00" version="271">
                  <DepartureTime>13:45:00</DepartureTime>
                  <StopPointInJourneyPatternRef ref="OST:StopPointInJourneyPattern:404_Outbound_211210121983157_1_211210121975025" version="271" />
                </TimetabledPassingTime>
                <TimetabledPassingTime id="OST:TimetabledPassingTime:211210122072177_2_13_45_00" version="271">
                  <DepartureTime>13:45:00</DepartureTime>
                  <StopPointInJourneyPatternRef ref="OST:StopPointInJourneyPattern:404_Outbound_211210121983157_2_211210121975025" version="271" />
                </TimetabledPassingTime>
                <TimetabledPassingTime id="OST:TimetabledPassingTime:211210122072177_3_13_45_00" version="271">
                  <DepartureTime>13:45:00</DepartureTime>
                  <StopPointInJourneyPatternRef ref="OST:StopPointInJourneyPattern:404_Outbound_211210121983157_3_211210121975025" version="271" />
                </TimetabledPassingTime>
                <TimetabledPassingTime id="OST:TimetabledPassingTime:211210122072177_5_13_46_00" version="271">
                  <DepartureTime>13:46:00</DepartureTime>
                  <StopPointInJourneyPatternRef ref="OST:StopPointInJourneyPattern:404_Outbound_211210121983157_5_211210121975025" version="271" />
                </TimetabledPassingTime>
                <TimetabledPassingTime id="OST:TimetabledPassingTime:211210122072177_4_13_46_00" version="271">
                  <DepartureTime>13:46:00</DepartureTime>
                  <StopPointInJourneyPatternRef ref="OST:StopPointInJourneyPattern:404_Outbound_211210121983157_4_211210121975025" version="271" />
                </TimetabledPassingTime>
                <TimetabledPassingTime id="OST:TimetabledPassingTime:211210122072177_6_13_47_00" version="271">
                  <DepartureTime>13:47:00</DepartureTime>
                  <StopPointInJourneyPatternRef ref="OST:StopPointInJourneyPattern:404_Outbound_211210121983157_6_211210121975025" version="271" />
                </TimetabledPassingTime>
                <TimetabledPassingTime id="OST:TimetabledPassingTime:211210122072177_7_13_48_00" version="271">
                  <DepartureTime>13:48:00</DepartureTime>
                  <StopPointInJourneyPatternRef ref="OST:StopPointInJourneyPattern:404_Outbound_211210121983157_7_211210121975025" version="271" />
                </TimetabledPassingTime>
                <TimetabledPassingTime id="OST:TimetabledPassingTime:211210122072177_8_13_49_00" version="271">
                  <DepartureTime>13:49:00</DepartureTime>
                  <StopPointInJourneyPatternRef ref="OST:StopPointInJourneyPattern:404_Outbound_211210121983157_8_211210121975025" version="271" />
                </TimetabledPassingTime>
                <TimetabledPassingTime id="OST:TimetabledPassingTime:211210122072177_9_13_50_00" version="271">
                  <DepartureTime>13:50:00</DepartureTime>
                  <StopPointInJourneyPatternRef ref="OST:StopPointInJourneyPattern:404_Outbound_211210121983157_9_211210121975025" version="271" />
                </TimetabledPassingTime>
                <TimetabledPassingTime id="OST:TimetabledPassingTime:211210122072177_10_13_50_00" version="271">
                  <DepartureTime>13:50:00</DepartureTime>
                  <StopPointInJourneyPatternRef ref="OST:StopPointInJourneyPattern:404_Outbound_211210121983157_10_211210121975025" version="271" />
                </TimetabledPassingTime>
                <TimetabledPassingTime id="OST:TimetabledPassingTime:211210122072177_11_13_52_00" version="271">
                  <ArrivalTime>13:52:00</ArrivalTime>
                  <StopPointInJourneyPatternRef ref="OST:StopPointInJourneyPattern:404_Outbound_211210121983157_11_211210121975025" version="271" />
                </TimetabledPassingTime>
              </passingTimes>
            </ServiceJourney>
          </vehicleJourneys>
        </TimetableFrame>
      </frames>
    </CompositeFrame>
  </dataObjects>
</PublicationDelivery>
