<?xml version="1.0" encoding="UTF-8"?>
<PublicationDelivery xmlns="http://www.netex.org.uk/netex" xmlns:gis="http://www.opengis.net/gml/3.2" xmlns:siri="http://www.siri.org.uk/siri" version="1.13:NO-NeTEx-networktimetable:1.3">
  <PublicationTimestamp>2022-05-26T00:05:35.012</PublicationTimestamp>
  <ParticipantRef>RB</ParticipantRef>
  <Description>Ringvoll skole</Description>
  <dataObjects>
    <CompositeFrame created="2022-04-08T10:32:34.29" id="1695797543" version="1">
      <validityConditions>
        <AvailabilityCondition id="641996305" version="1">
          <FromDate>2022-05-23T00:00:00</FromDate>
          <ToDate>2023-05-25T00:00:00</ToDate>
        </AvailabilityCondition>
      </validityConditions>
      <codespaces>
        <Codespace id="ost">
          <Xmlns>OST</Xmlns>
          <XmlnsUrl>http://www.rutebanken.org/ns/ost</XmlnsUrl>
        </Codespace>
        <Codespace id="nsr">
          <Xmlns>NSR</Xmlns>
          <XmlnsUrl>http://www.rutebanken.org/ns/nsr</XmlnsUrl>
        </Codespace>
      </codespaces>
      <FrameDefaults>
        <DefaultLocale>
          <TimeZone>Europe/Oslo</TimeZone>
          <DefaultLanguage>no</DefaultLanguage>
        </DefaultLocale>
      </FrameDefaults>
      <frames>
        <ServiceFrame id="1217769697" version="1">
          <routes>
            <Route id="OST:Route:452_Outbound_211210121983258_211210121975025" version="271">
              <Name>1-1</Name>
              <ShortName>1-1</ShortName>
              <LineRef ref="OST:Line:1_452" version="271" />
              <DirectionType>inbound</DirectionType>
              <pointsInSequence>
                <PointOnRoute id="OST:PointOnRoute:7450588" order="6" version="271">
                  <RoutePointRef ref="OST:RoutePoint:1381700_1" />
                </PointOnRoute>
                <PointOnRoute id="OST:PointOnRoute:7450587" order="5" version="271">
                  <RoutePointRef ref="OST:RoutePoint:1381696_1" />
                </PointOnRoute>
                <PointOnRoute id="OST:PointOnRoute:7450586" order="4" version="271">
                  <RoutePointRef ref="OST:RoutePoint:1381695_1" />
                </PointOnRoute>
                <PointOnRoute id="OST:PointOnRoute:7450585" order="3" version="271">
                  <RoutePointRef ref="OST:RoutePoint:1381690_1" />
                </PointOnRoute>
                <PointOnRoute id="OST:PointOnRoute:7450584" order="2" version="271">
                  <RoutePointRef ref="OST:RoutePoint:1381685_1" />
                </PointOnRoute>
                <PointOnRoute id="OST:PointOnRoute:7450583" order="1" version="271">
                  <RoutePointRef ref="OST:RoutePoint:1381720_3" />
                </PointOnRoute>
              </pointsInSequence>
            </Route>
            <Route id="OST:Route:452_Inbound_211210121983259_211210121975025" version="271">
              <Name>2-2</Name>
              <ShortName>2-2</ShortName>
              <LineRef ref="OST:Line:1_452" version="271" />
              <DirectionType>outbound</DirectionType>
              <pointsInSequence>
                <PointOnRoute id="OST:PointOnRoute:7450595" order="7" version="271">
                  <RoutePointRef ref="OST:RoutePoint:1381720_4" />
                </PointOnRoute>
                <PointOnRoute id="OST:PointOnRoute:7450594" order="6" version="271">
                  <RoutePointRef ref="OST:RoutePoint:1381721_2" />
                </PointOnRoute>
                <PointOnRoute id="OST:PointOnRoute:7450593" order="5" version="271">
                  <RoutePointRef ref="OST:RoutePoint:1381685_2" />
                </PointOnRoute>
                <PointOnRoute id="OST:PointOnRoute:7450592" order="4" version="271">
                  <RoutePointRef ref="OST:RoutePoint:1381690_2" />
                </PointOnRoute>
                <PointOnRoute id="OST:PointOnRoute:7450591" order="3" version="271">
                  <RoutePointRef ref="OST:RoutePoint:1381695_2" />
                </PointOnRoute>
                <PointOnRoute id="OST:PointOnRoute:7450590" order="2" version="271">
                  <RoutePointRef ref="OST:RoutePoint:1381696_1" />
                </PointOnRoute>
                <PointOnRoute id="OST:PointOnRoute:7450589" order="1" version="271">
                  <RoutePointRef ref="OST:RoutePoint:1381700_2" />
                </PointOnRoute>
              </pointsInSequence>
            </Route>
          </routes>
          <lines>
            <Line id="OST:Line:1_452" version="271">
              <Name>Ringvoll skole</Name>
              <TransportMode>bus</TransportMode>
              <TransportSubmode>
                <BusSubmode>localBus</BusSubmode>
              </TransportSubmode>
              <PublicCode>452</PublicCode>
              <PrivateCode>452</PrivateCode>
              <OperatorRef ref="OST:Operator:152" />
              <RepresentedByGroupRef ref="OST:GroupOfLines:bus_1" />
            </Line>
          </lines>
          <journeyPatterns>
            <JourneyPattern id="OST:JourneyPattern:452_Outbound_211210121983258_211210121975025" version="271">
              <Name>1-1</Name>
              <RouteRef ref="OST:Route:452_Outbound_211210121983258_211210121975025" version="271" />
              <pointsInSequence>
                <StopPointInJourneyPattern order="1" id="OST:StopPointInJourneyPattern:452_Outbound_211210121983258_1_211210121975025" version="271">
                  <ForAlighting>false</ForAlighting>
                  <DestinationDisplayRef ref="OST:DestinationDisplay:373" />
                  <ScheduledStopPointRef ref="OST:ScheduledStopPoint:1381720_3" />
                </StopPointInJourneyPattern>
                <StopPointInJourneyPattern order="4" id="OST:StopPointInJourneyPattern:452_Outbound_211210121983258_4_211210121975025" version="271">
                  <ScheduledStopPointRef ref="OST:ScheduledStopPoint:1381695_1" />
                </StopPointInJourneyPattern>
                <StopPointInJourneyPattern order="3" id="OST:StopPointInJourneyPattern:452_Outbound_211210121983258_3_211210121975025" version="271">
                  <ScheduledStopPointRef ref="OST:ScheduledStopPoint:1381690_1" />
                </StopPointInJourneyPattern>
                <StopPointInJourneyPattern order="5" id="OST:StopPointInJourneyPattern:452_Outbound_211210121983258_5_211210121975025" version="271">
                  <ScheduledStopPointRef ref="OST:ScheduledStopPoint:1381696_1" />
                </StopPointInJourneyPattern>
                <StopPointInJourneyPattern order="2" id="OST:StopPointInJourneyPattern:452_Outbound_211210121983258_2_211210121975025" version="271">
                  <ScheduledStopPointRef ref="OST:ScheduledStopPoint:1381685_1" />
                </StopPointInJourneyPattern>
                <StopPointInJourneyPattern order="6" id="OST:StopPointInJourneyPattern:452_Outbound_211210121983258_6_211210121975025" version="271">
                  <ForBoarding>false</ForBoarding>
                  <ScheduledStopPointRef ref="OST:ScheduledStopPoint:1381700_1" />
                </StopPointInJourneyPattern>
              </pointsInSequence>
              <linksInSequence>
                <ServiceLinkInJourneyPattern order="3" id="OST:ServiceLinkInJourneyPattern:7450599" version="271">
                  <ServiceLinkRef ref="OST:ServiceLink:200811072691792_1_200811072691797_1_365" />
                </ServiceLinkInJourneyPattern>
                <ServiceLinkInJourneyPattern order="4" id="OST:ServiceLinkInJourneyPattern:7450600" version="271">
                  <ServiceLinkRef ref="OST:ServiceLink:200811072691797_1_200811072691802_1_3676" />
                </ServiceLinkInJourneyPattern>
                <ServiceLinkInJourneyPattern order="1" id="OST:ServiceLinkInJourneyPattern:7450596" version="271">
                  <ServiceLinkRef ref="OST:ServiceLink:200811072691834_3_200811072691789_1_5491" />
                </ServiceLinkInJourneyPattern>
                <ServiceLinkInJourneyPattern order="5" id="OST:ServiceLinkInJourneyPattern:7450602" version="271">
                  <ServiceLinkRef ref="OST:ServiceLink:200811072691802_1_200811072691809_1_3784" />
                </ServiceLinkInJourneyPattern>
                <ServiceLinkInJourneyPattern order="2" id="OST:ServiceLinkInJourneyPattern:7450598" version="271">
                  <ServiceLinkRef ref="OST:ServiceLink:200811072691789_1_200811072691792_1_624" />
                </ServiceLinkInJourneyPattern>
              </linksInSequence>
            </JourneyPattern>
            <JourneyPattern id="OST:JourneyPattern:452_Inbound_211210121983259_211210121975025" version="271">
              <Name>2-2</Name>
              <RouteRef ref="OST:Route:452_Inbound_211210121983259_211210121975025" version="271" />
              <pointsInSequence>
                <StopPointInJourneyPattern order="7" id="OST:StopPointInJourneyPattern:452_Inbound_211210121983259_7_211210121975025" version="271">
                  <ForBoarding>false</ForBoarding>
                  <ScheduledStopPointRef ref="OST:ScheduledStopPoint:1381720_4" />
                </StopPointInJourneyPattern>
                <StopPointInJourneyPattern order="5" id="OST:StopPointInJourneyPattern:452_Inbound_211210121983259_5_211210121975025" version="271">
                  <ScheduledStopPointRef ref="OST:ScheduledStopPoint:1381685_2" />
                </StopPointInJourneyPattern>
                <StopPointInJourneyPattern order="6" id="OST:StopPointInJourneyPattern:452_Inbound_211210121983259_6_211210121975025" version="271">
                  <ScheduledStopPointRef ref="OST:ScheduledStopPoint:1381721_2" />
                </StopPointInJourneyPattern>
                <StopPointInJourneyPattern order="4" id="OST:StopPointInJourneyPattern:452_Inbound_211210121983259_4_211210121975025" version="271">
                  <ScheduledStopPointRef ref="OST:ScheduledStopPoint:1381690_2" />
                </StopPointInJourneyPattern>
                <StopPointInJourneyPattern order="2" id="OST:StopPointInJourneyPattern:452_Inbound_211210121983259_2_211210121975025" version="271">
                  <ScheduledStopPointRef ref="OST:ScheduledStopPoint:1381696_1" />
                </StopPointInJourneyPattern>
                <StopPointInJourneyPattern order="3" id="OST:StopPointInJourneyPattern:452_Inbound_211210121983259_3_211210121975025" version="271">
                  <ScheduledStopPointRef ref="OST:ScheduledStopPoint:1381695_2" />
                </StopPointInJourneyPattern>
                <StopPointInJourneyPattern order="1" id="OST:StopPointInJourneyPattern:452_Inbound_211210121983259_1_211210121975025" version="271">
                  <ForAlighting>false</ForAlighting>
                  <DestinationDisplayRef ref="OST:DestinationDisplay:134" />
                  <ScheduledStopPointRef ref="OST:ScheduledStopPoint:1381700_2" />
                </StopPointInJourneyPattern>
              </pointsInSequence>
              <linksInSequence>
                <ServiceLinkInJourneyPattern order="1" id="OST:ServiceLinkInJourneyPattern:7450603" version="271">
                  <ServiceLinkRef ref="OST:ServiceLink:200811072691807_2_200811072691802_1_3822" />
                </ServiceLinkInJourneyPattern>
                <ServiceLinkInJourneyPattern order="5" id="OST:ServiceLinkInJourneyPattern:7450609" version="271">
                  <ServiceLinkRef ref="OST:ServiceLink:200811072691787_2_200811072691843_2_2009" />
                </ServiceLinkInJourneyPattern>
                <ServiceLinkInJourneyPattern order="2" id="OST:ServiceLinkInJourneyPattern:7450605" version="271">
                  <ServiceLinkRef ref="OST:ServiceLink:200811072691802_1_200811072691799_2_3683" />
                </ServiceLinkInJourneyPattern>
                <ServiceLinkInJourneyPattern order="4" id="OST:ServiceLinkInJourneyPattern:7450608" version="271">
                  <ServiceLinkRef ref="OST:ServiceLink:200811072691794_2_200811072691787_2_597" />
                </ServiceLinkInJourneyPattern>
                <ServiceLinkInJourneyPattern order="6" id="OST:ServiceLinkInJourneyPattern:7450610" version="271">
                  <ServiceLinkRef ref="OST:ServiceLink:200811072691843_2_200811072691838_4_3507" />
                </ServiceLinkInJourneyPattern>
                <ServiceLinkInJourneyPattern order="3" id="OST:ServiceLinkInJourneyPattern:7450607" version="271">
                  <ServiceLinkRef ref="OST:ServiceLink:200811072691799_2_200811072691794_2_371" />
                </ServiceLinkInJourneyPattern>
              </linksInSequence>
            </JourneyPattern>
          </journeyPatterns>
        </ServiceFrame>
        <TimetableFrame id="1720702937" version="1">
          <vehicleJourneys>
            <ServiceJourney id="OST:ServiceJourney:452_211210122072300_1" publication="public" version="271">
              <Name>Ringvollsenteret</Name>
              <PrivateCode>1</PrivateCode>
              <dayTypes>
                <DayTypeRef ref="OST:DayType:121" />
              </dayTypes>
              <JourneyPatternRef ref="OST:JourneyPattern:452_Outbound_211210121983258_211210121975025" version="271" />
              <LineRef ref="OST:Line:1_452" version="271" />
              <OperatorRef ref="OST:Operator:152" />
              <passingTimes>
                <TimetabledPassingTime id="OST:TimetabledPassingTime:211210122072300_1_08_00_00" version="271">
                  <DepartureTime>08:00:00</DepartureTime>
                  <StopPointInJourneyPatternRef ref="OST:StopPointInJourneyPattern:452_Outbound_211210121983258_1_211210121975025" version="271" />
                </TimetabledPassingTime>
                <TimetabledPassingTime id="OST:TimetabledPassingTime:211210122072300_2_08_10_00" version="271">
                  <DepartureTime>08:10:00</DepartureTime>
                  <StopPointInJourneyPatternRef ref="OST:StopPointInJourneyPattern:452_Outbound_211210121983258_2_211210121975025" version="271" />
                </TimetabledPassingTime>
                <TimetabledPassingTime id="OST:TimetabledPassingTime:211210122072300_3_08_11_00" version="271">
                  <DepartureTime>08:11:00</DepartureTime>
                  <StopPointInJourneyPatternRef ref="OST:StopPointInJourneyPattern:452_Outbound_211210121983258_3_211210121975025" version="271" />
                </TimetabledPassingTime>
                <TimetabledPassingTime id="OST:TimetabledPassingTime:211210122072300_4_08_11_00" version="271">
                  <DepartureTime>08:11:00</DepartureTime>
                  <StopPointInJourneyPatternRef ref="OST:StopPointInJourneyPattern:452_Outbound_211210121983258_4_211210121975025" version="271" />
                </TimetabledPassingTime>
                <TimetabledPassingTime id="OST:TimetabledPassingTime:211210122072300_5_08_20_00" version="271">
                  <DepartureTime>08:20:00</DepartureTime>
                  <StopPointInJourneyPatternRef ref="OST:StopPointInJourneyPattern:452_Outbound_211210121983258_5_211210121975025" version="271" />
                </TimetabledPassingTime>
                <TimetabledPassingTime id="OST:TimetabledPassingTime:211210122072300_6_08_25_00" version="271">
                  <ArrivalTime>08:25:00</ArrivalTime>
                  <StopPointInJourneyPatternRef ref="OST:StopPointInJourneyPattern:452_Outbound_211210121983258_6_211210121975025" version="271" />
                </TimetabledPassingTime>
              </passingTimes>
            </ServiceJourney>
            <ServiceJourney id="OST:ServiceJourney:452_211210122072301_2" publication="public" version="271">
              <Name>Gamleveien-Oddestad</Name>
              <PrivateCode>2</PrivateCode>
              <dayTypes>
                <DayTypeRef ref="OST:DayType:79" />
              </dayTypes>
              <JourneyPatternRef ref="OST:JourneyPattern:452_Inbound_211210121983259_211210121975025" version="271" />
              <LineRef ref="OST:Line:1_452" version="271" />
              <OperatorRef ref="OST:Operator:152" />
              <passingTimes>
                <TimetabledPassingTime id="OST:TimetabledPassingTime:211210122072301_1_12_50_00" version="271">
                  <DepartureTime>12:50:00</DepartureTime>
                  <StopPointInJourneyPatternRef ref="OST:StopPointInJourneyPattern:452_Inbound_211210121983259_1_211210121975025" version="271" />
                </TimetabledPassingTime>
                <TimetabledPassingTime id="OST:TimetabledPassingTime:211210122072301_2_12_55_00" version="271">
                  <DepartureTime>12:55:00</DepartureTime>
                  <StopPointInJourneyPatternRef ref="OST:StopPointInJourneyPattern:452_Inbound_211210121983259_2_211210121975025" version="271" />
                </TimetabledPassingTime>
                <TimetabledPassingTime id="OST:TimetabledPassingTime:211210122072301_3_13_03_00" version="271">
                  <DepartureTime>13:03:00</DepartureTime>
                  <StopPointInJourneyPatternRef ref="OST:StopPointInJourneyPattern:452_Inbound_211210121983259_3_211210121975025" version="271" />
                </TimetabledPassingTime>
                <TimetabledPassingTime id="OST:TimetabledPassingTime:211210122072301_4_13_04_00" version="271">
                  <DepartureTime>13:04:00</DepartureTime>
                  <StopPointInJourneyPatternRef ref="OST:StopPointInJourneyPattern:452_Inbound_211210121983259_4_211210121975025" version="271" />
                </TimetabledPassingTime>
                <TimetabledPassingTime id="OST:TimetabledPassingTime:211210122072301_5_13_05_00" version="271">
                  <DepartureTime>13:05:00</DepartureTime>
                  <StopPointInJourneyPatternRef ref="OST:StopPointInJourneyPattern:452_Inbound_211210121983259_5_211210121975025" version="271" />
                </TimetabledPassingTime>
                <TimetabledPassingTime id="OST:TimetabledPassingTime:211210122072301_6_13_10_00" version="271">
                  <DepartureTime>13:10:00</DepartureTime>
                  <StopPointInJourneyPatternRef ref="OST:StopPointInJourneyPattern:452_Inbound_211210121983259_6_211210121975025" version="271" />
                </TimetabledPassingTime>
                <TimetabledPassingTime id="OST:TimetabledPassingTime:211210122072301_7_13_15_00" version="271">
                  <ArrivalTime>13:15:00</ArrivalTime>
                  <StopPointInJourneyPatternRef ref="OST:StopPointInJourneyPattern:452_Inbound_211210121983259_7_211210121975025" version="271" />
                </TimetabledPassingTime>
              </passingTimes>
            </ServiceJourney>
          </vehicleJourneys>
        </TimetableFrame>
      </frames>
    </CompositeFrame>
  </dataObjects>
</PublicationDelivery>
